{
  "volume": [
    {
      "iteration": 133,
      "time": "133.96758127212524",
      "n_placed": 392,
      "n_discard": 259,
      "p_mean_weight": 26.439770408163263,
      "d_mean_weight": 14.77791505791506,
      "p_median_weight": 18.3,
      "d_median_weight": 9.6,
      "p_std_weight": 22.492858160616176,
      "d_std_weight": 14.981997397669131,
      "p_total_weight": 10364.39,
      "d_total_weight": 3827.4800000000005,
      "p_mean_taxability": 56.74917530612246,
      "d_mean_taxability": 36.020316332046335,
      "p_total_taxability": 22245.676720000003,
      "d_total_taxability": 9329.26193,
      "p_mean_volume": 0.1688569897959184,
      "d_mean_volume": 0.10811467181467183,
      "p_median_volume": 0.09848000000000001,
      "d_median_volume": 0.06817000000000001,
      "p_std_volume": 0.16114846028204413,
      "d_std_volume": 0.10330938931354504,
      "p_total_volume": 66.19194000000002,
      "d_total_volume": 28.001700000000003,
      "d_max_priority": 1,
      "used_volume": 0.8108378861748783,
      "used_weight": 0.4711086363636363,
      "unload_obs": 0,
      "hs_cond": 1,
      "p_cond": 0,
      "sub_cond": 0
    },
    {
      "iteration": 192,
      "time": "244.08752942085266",
      "n_placed": 393,
      "n_discard": 258,
      "p_mean_weight": 26.34302798982188,
      "d_mean_weight": 14.880077519379846,
      "p_median_weight": 18.1,
      "d_median_weight": 9.64,
      "p_std_weight": 22.525069701170338,
      "d_std_weight": 14.968289334358827,
      "p_total_weight": 10352.81,
      "d_total_weight": 3839.0600000000004,
      "p_mean_taxability": 56.59772559796439,
      "d_mean_taxability": 36.17066856589147,
      "p_total_taxability": 22242.906160000006,
      "d_total_taxability": 9332.03249,
      "p_mean_volume": 0.16840615776081427,
      "d_mean_volume": 0.10856596899224806,
      "p_median_volume": 0.09971000000000001,
      "d_median_volume": 0.06863000000000001,
      "p_std_volume": 0.1611913731193692,
      "d_std_volume": 0.10325257415333947,
      "p_total_volume": 66.18362,
      "d_total_volume": 28.01002,
      "d_max_priority": 1,
      "used_volume": 0.8107359678565305,
      "used_weight": 0.4705822727272727,
      "unload_obs": 0,
      "hs_cond": 1,
      "p_cond": 0,
      "sub_cond": 0
    },
    {
      "iteration": 77,
      "time": "289.42117142677307",
      "n_placed": 395,
      "n_discard": 256,
      "p_mean_weight": 26.24184810126582,
      "d_mean_weight": 14.946640625,
      "p_median_weight": 18.0,
      "d_median_weight": 9.64,
      "p_std_weight": 22.518901803907436,
      "d_std_weight": 14.99330003452359,
      "p_total_weight": 10365.529999999999,
      "d_total_weight": 3826.34,
      "p_mean_taxability": 56.310556278481016,
      "d_mean_taxability": 36.45417546875,
      "p_total_taxability": 22242.66973,
      "d_total_taxability": 9332.26892,
      "p_mean_volume": 0.16755167088607598,
      "d_mean_volume": 0.10941691406250001,
      "p_median_volume": 0.09656,
      "d_median_volume": 0.07004500000000001,
      "p_std_volume": 0.16119452923115551,
      "d_std_volume": 0.10328514291849795,
      "p_total_volume": 66.18291,
      "d_total_volume": 28.010730000000002,
      "d_max_priority": 1,
      "used_volume": 0.8107272705000368,
      "used_weight": 0.47116045454545447,
      "unload_obs": 1,
      "hs_cond": 1,
      "p_cond": 0,
      "sub_cond": 0
    }
  ],
  "weight": [
    {
      "iteration": 158,
      "time": "290.98445415496826",
      "n_placed": 384,
      "n_discard": 267,
      "p_mean_weight": 27.524505208333334,
      "d_mean_weight": 13.567265917602997,
      "p_median_weight": 18.05,
      "d_median_weight": 9.4,
      "p_std_weight": 23.788111491215744,
      "d_std_weight": 10.536121774427409,
      "p_total_weight": 10569.41,
      "d_total_weight": 3622.46,
      "p_mean_taxability": 57.527168359375004,
      "d_mean_taxability": 35.52249438202248,
      "p_total_taxability": 22090.432650000002,
      "d_total_taxability": 9484.506000000001,
      "p_mean_volume": 0.1711240625,
      "d_mean_volume": 0.10667415730337078,
      "p_median_volume": 0.09719,
      "d_median_volume": 0.07127,
      "p_std_volume": 0.16671757644509036,
      "d_std_volume": 0.09059622941674535,
      "p_total_volume": 65.71164,
      "d_total_volume": 28.482,
      "d_max_priority": 0,
      "used_volume": 0.8049543082539138,
      "used_weight": 0.48042772727272726,
      "unload_obs": 1,
      "hs_cond": 1,
      "p_cond": 1,
      "sub_cond": 1
    },
    {
      "iteration": 131,
      "time": "138.79629373550415",
      "n_placed": 384,
      "n_discard": 267,
      "p_mean_weight": 27.502057291666663,
      "d_mean_weight": 13.599550561797754,
      "p_median_weight": 18.0,
      "d_median_weight": 9.45,
      "p_std_weight": 23.822455303692944,
      "d_std_weight": 10.467012296438142,
      "p_total_weight": 10560.789999999999,
      "d_total_weight": 3631.0800000000004,
      "p_mean_taxability": 57.55810960937501,
      "d_mean_taxability": 35.477994606741575,
      "p_total_taxability": 22102.314090000003,
      "d_total_taxability": 9472.62456,
      "p_mean_volume": 0.17121697916666667,
      "d_mean_volume": 0.1065405243445693,
      "p_median_volume": 0.09713000000000001,
      "d_median_volume": 0.0711,
      "p_std_volume": 0.16683460559100002,
      "d_std_volume": 0.09018953029960786,
      "p_total_volume": 65.74732,
      "d_total_volume": 28.446320000000004,
      "d_max_priority": 0,
      "used_volume": 0.8053913810422129,
      "used_weight": 0.48003590909090904,
      "unload_obs": 1,
      "hs_cond": 1,
      "p_cond": 1,
      "sub_cond": 1
    },
    {
      "iteration": 109,
      "time": "297.8091788291931",
      "n_placed": 380,
      "n_discard": 271,
      "p_mean_weight": 27.777657894736837,
      "d_mean_weight": 13.418302583025831,
      "p_median_weight": 18.3,
      "d_median_weight": 9.4,
      "p_std_weight": 23.802500811802272,
      "d_std_weight": 10.469730022198952,
      "p_total_weight": 10555.509999999998,
      "d_total_weight": 3636.36,
      "p_mean_taxability": 58.11296534210528,
      "d_mean_taxability": 35.025873874538746,
      "p_total_taxability": 22082.926830000004,
      "d_total_taxability": 9492.01182,
      "p_mean_volume": 0.17286605263157895,
      "d_mean_volume": 0.1051828044280443,
      "p_median_volume": 0.09854000000000002,
      "d_median_volume": 0.07100000000000001,
      "p_std_volume": 0.16700055506108244,
      "d_std_volume": 0.09002393487225403,
      "p_total_volume": 65.6891,
      "d_total_volume": 28.504540000000006,
      "d_max_priority": 0,
      "used_volume": 0.804678197809736,
      "used_weight": 0.479795909090909,
      "unload_obs": 1,
      "hs_cond": 1,
      "p_cond": 1,
      "sub_cond": 1
    }
  ],
  "taxability": [
    {
      "iteration": 133,
      "time": "133.96758127212524",
      "n_placed": 392,
      "n_discard": 259,
      "p_mean_weight": 26.439770408163263,
      "d_mean_weight": 14.77791505791506,
      "p_median_weight": 18.3,
      "d_median_weight": 9.6,
      "p_std_weight": 22.492858160616176,
      "d_std_weight": 14.981997397669131,
      "p_total_weight": 10364.39,
      "d_total_weight": 3827.4800000000005,
      "p_mean_taxability": 56.74917530612246,
      "d_mean_taxability": 36.020316332046335,
      "p_total_taxability": 22245.676720000003,
      "d_total_taxability": 9329.26193,
      "p_mean_volume": 0.1688569897959184,
      "d_mean_volume": 0.10811467181467183,
      "p_median_volume": 0.09848000000000001,
      "d_median_volume": 0.06817000000000001,
      "p_std_volume": 0.16114846028204413,
      "d_std_volume": 0.10330938931354504,
      "p_total_volume": 66.19194000000002,
      "d_total_volume": 28.001700000000003,
      "d_max_priority": 1,
      "used_volume": 0.8108378861748783,
      "used_weight": 0.4711086363636363,
      "unload_obs": 0,
      "hs_cond": 1,
      "p_cond": 0,