{
  "volume": [
    {
      "iteration": 43,
      "time": "179.2099642753601",
      "n_placed": 324,
      "n_discard": 178,
      "p_mean_weight": 31.11598765432099,
      "d_mean_weight": 14.873033707865167,
      "p_median_weight": 22.98,
      "d_median_weight": 10.04,
      "p_std_weight": 23.295130132197333,
      "d_std_weight": 10.717274603433983,
      "p_total_weight": 10081.58,
      "d_total_weight": 2647.3999999999996,
      "p_mean_taxability": 67.27749728395062,
      "d_mean_taxability": 38.830175898876405,
      "p_total_taxability": 21797.90912,
      "d_total_taxability": 6911.77131,
      "p_mean_volume": 0.20093728395061727,
      "d_mean_volume": 0.11660713483146068,
      "p_median_volume": 0.15106,
      "d_median_volume": 0.07688500000000001,
      "p_std_volume": 0.15440316994742648,
      "d_std_volume": 0.09334805237767355,
      "p_total_volume": 65.10368,
      "d_total_volume": 20.75607,
      "d_max_priority": 0,
      "used_volume": 0.7975069211358012,
      "used_weight": 0.45825363636363636,
      "unload_obs": 1,
      "hs_cond": 1,
      "p_cond": 1,
      "sub_cond": 1
    },
    {
      "iteration": 35,
      "time": "177.61847496032715",
      "n_placed": 320,
      "n_discard": 182,
      "p_mean_weight": 31.383500000000005,
      "d_mean_weight": 14.75967032967033,
      "p_median_weight": 23.02,
      "d_median_weight": 10.04,
      "p_std_weight": 23.30622666809671,
      "d_std_weight": 10.6644143576839,
      "p_total_weight": 10042.720000000001,
      "d_total_weight": 2686.26,
      "p_mean_taxability": 67.84751846875,
      "d_mean_taxability": 38.4531567032967,
      "p_total_taxability": 21711.20591,
      "d_total_taxability": 6998.47452,
      "p_mean_volume": 0.20263534375,
      "d_mean_volume": 0.11547494505494506,
      "p_median_volume": 0.15181500000000003,
      "d_median_volume": 0.07662000000000001,
      "p_std_volume": 0.1545611579633727,
      "d_std_volume": 0.0927715354620474,
      "p_total_volume": 64.84331,
      "d_total_volume": 21.01644,
      "d_max_priority": 0,
      "used_volume": 0.7943174412622191,
      "used_weight": 0.4564872727272728,
      "unload_obs": 1,
      "hs_cond": 1,
      "p_cond": 1,
      "sub_cond": 1
    },
    {
      "iteration": 218,
      "time": "130.0057818889618",
      "n_placed": 322,
      "n_discard": 180,
      "p_mean_weight": 31.20416149068323,
      "d_mean_weight": 14.895777777777779,
      "p_median_weight": 22.96,
      "d_median_weight": 10.0,
      "p_std_weight": 23.244990578389483,
      "d_std_weight": 11.02747381412856,
      "p_total_weight": 10047.74,
      "d_total_weight": 2681.2400000000002,
      "p_mean_taxability": 67.23981145962733,
      "d_mean_taxability": 39.213673,
      "p_total_taxability": 21651.21929,
      "d_total_taxability": 7058.46114,
      "p_mean_volume": 0.20081729813664598,
      "d_mean_volume": 0.11775877777777778,
      "p_median_volume": 0.15028,
      "d_median_volume": 0.07662000000000001,
      "p_std_volume": 0.15414132305166078,
      "d_std_volume": 0.09561514426023554,
      "p_total_volume": 64.66317000000001,
      "d_total_volume": 21.19658,
      "d_max_priority": 0,
      "used_volume": 0.792110762672416,
      "used_weight": 0.45671545454545454,
      "unload_obs": 0,
      "hs_cond": 1,
      "p_cond": 1,
      "sub_cond": 1
    }
  ],
  "weight": [
    {
      "iteration": 43,
      "time": "179.2099642753601",
      "n_placed": 324,
      "n_discard": 178,
      "p_mean_weight": 31.11598765432099,
      "d_mean_weight": 14.873033707865167,
      "p_median_weight": 22.98,
      "d_median_weight": 10.04,
      "p_std_weight": 23.295130132197333,
      "d_std_weight": 10.717274603433983,
      "p_total_weight": 10081.58,
      "d_total_weight": 2647.3999999999996,
      "p_mean_taxability": 67.27749728395062,
      "d_mean_taxability": 38.830175898876405,
      "p_total_taxability": 21797.90912,
      "d_total_taxability": 6911.77131,
      "p_mean_volume": 0.20093728395061727,
      "d_mean_volume": 0.11660713483146068,
      "p_median_volume": 0.15106,
      "d_median_volume": 0.07688500000000001,
      "p_std_volume": 0.15440316994742648,
      "d_std_volume": 0.09334805237767355,
      "p_total_volume": 65.10368,
      "d_total_volume": 20.75607,
      "d_max_priority": 0,
      "used_volume": 0.7975069211358012,
      "used_weight": 0.45825363636363636,
      "unload_obs": 1,
      "hs_cond": 1,
      "p_cond": 1,
      "sub_cond": 1
    },
    {
      "iteration": 218,
      "time": "130.0057818889618",
      "n_placed": 322,
      "n_discard": 180,
      "p_mean_weight": 31.20416149068323,
      "d_mean_weight": 14.895777777777779,
      "p_median_weight": 22.96,
      "d_median_weight": 10.0,
      "p_std_weight": 23.244990578389483,
      "d_std_weight": 11.02747381412856,
      "p_total_weight": 10047.74,
      "d_total_weight": 2681.2400000000002,
      "p_mean_taxability": 67.23981145962733,
      "d_mean_taxability": 39.213673,
      "p_total_taxability": 21651.21929,
      "d_total_taxability": 7058.46114,
      "p_mean_volume": 0.20081729813664598,
      "d_mean_volume": 0.11775877777777778,
      "p_median_volume": 0.15028,
      "d_median_volume": 0.07662000000000001,
      "p_std_volume": 0.15414132305166078,
      "d_std_volume": 0.09561514426023554,
      "p_total_volume": 64.66317000000001,
      "d_total_volume": 21.19658,
      "d_max_priority": 0,
      "used_volume": 0.792110762672416,
      "used_weight": 0.45671545454545454,
      "unload_obs": 0,
      "hs_cond": 1,
      "p_cond": 1,
      "sub_cond": 1
    },
    {
      "iteration": 35,
      "time": "177.61847496032715",
      "n_placed": 320,
      "n_discard": 182,
      "p_mean_weight": 31.383500000000005,
      "d_mean_weight": 14.75967032967033,
      "p_median_weight": 23.02,
      "d_median_weight": 10.04,
      "p_std_weight": 23.30622666809671,
      "d_std_weight": 10.6644143576839,
      "p_total_weight": 10042.720000000001,
      "d_total_weight": 2686.26,
      "p_mean_taxability": 67.84751846875,
      "d_mean_taxability": 38.4531567032967,
      "p_total_taxability": 21711.20591,
      "d_total_taxability": 6998.47452,
      "p_mean_volume": 0.20263534375,
      "d_mean_volume": 0.11547494505494506,
      "p_median_volume": 0.15181500000000003,
      "d_median_volume": 0.07662000000000001,
      "p_std_volume": 0.1545611579633727,
      "d_std_volume": 0.0927715354620474,
      "p_total_volume": 64.84331,
      "d_total_volume": 21.01644,
      "d_max_priority": 0,
      "used_volume": 0.7943174412622191,
      "used_weight": 0.4564872727272728,
      "unload_obs": 1,
      "hs_cond": 1,
      "p_cond": 1,
      "sub_cond": 1
    }
  ],
  "taxability": [
    {
      "iteration": 43,
      "time": "179.2099642753601",
      "n_placed": 324,
      "n_discard": 178,
      "p_mean_weight": 31.11598765432099,
      "d_mean_weight": 14.873033707865167,
      "p_median_weight": 22.98,
      "d_median_weight": 10.04,
      "p_std_weight": 23.295130132197333,
      "d_std_weight": 10.717274603433983,
      "p_total_weight": 10081.58,
      "d_total_weight": 2647.3999999999996,
      "p_mean_taxability": 67.27749728395062,
      "d_mean_taxability": 38.830175898876405,
      "p_total_taxability": 21797.90912,
      "d_total_taxability": 6911.77131,
      "p_mean_volume": 0.20093728395061727,
      "d_mean_volume": 0.11660713483146068,
      "p_median_volume": 0.15106,
      "d_median_volume": 0.07688500000000001,
      "p_std_volume": 0.15440316994742648,
      "d_std_volume": 0.09334805237767355,
      "p_total_volume": 65.10368,
      "d_total_volume": 20.75607,
      "d_max_priority": 0,
      "used_volume": 0.7975069211358012,
      "used_weight": 0.45825363636363636,
      "unload_obs": 1,
      "hs_cond": 1,
      "p_cond": 1,
      "sub_cond": 1
    },
    {
      "iteration": 35,
      "time": "177.61847496032715",
      "n_placed": 320,
      "n_discard": 182,