{
  "volume": [
    {
      "iteration": 197,
      "time": "60.165090560913086",
      "n_placed": 292,
      "n_discard": 169,
      "p_mean_weight": 32.72719178082192,
      "d_mean_weight": 22.940650887573966,
      "p_median_weight": 24.965,
      "d_median_weight": 15.0,
      "p_std_weight": 26.38127830503608,
      "d_std_weight": 19.095651809409507,
      "p_total_weight": 9556.34,
      "d_total_weight": 3876.9700000000003,
      "p_mean_taxability": 71.52677681506849,
      "d_mean_taxability": 56.47224834319527,
      "p_total_taxability": 20885.81883,
      "d_total_taxability": 9543.80997,
      "p_mean_volume": 0.21358578767123287,
      "d_mean_volume": 0.16958633136094672,
      "p_median_volume": 0.1508,
      "d_median_volume": 0.11456000000000001,
      "p_std_volume": 0.18904285929176387,
      "d_std_volume": 0.14616511712389496,
      "p_total_volume": 62.36705,
      "d_total_volume": 28.660089999999997,
      "d_max_priority": 0,
      "used_volume": 0.7639837567680133,
      "used_weight": 0.43437909090909094,
      "unload_obs": 2,
      "hs_cond": 1,
      "p_cond": 1,
      "sub_cond": 1
    },
    {
      "iteration": 158,
      "time": "84.16356587409973",
      "n_placed": 288,
      "n_discard": 173,
      "p_mean_weight": 33.12420138888889,
      "d_mean_weight": 22.50601156069364,
      "p_median_weight": 25.37,
      "d_median_weight": 14.68,
      "p_std_weight": 26.374489615836865,
      "d_std_weight": 19.018644577309004,
      "p_total_weight": 9539.77,
      "d_total_weight": 3893.54,
      "p_mean_taxability": 72.30155739583334,
      "d_mean_taxability": 55.53052179190751,
      "p_total_taxability": 20822.848530000003,
      "d_total_taxability": 9606.78027,
      "p_mean_volume": 0.21589565972222224,
      "d_mean_volume": 0.16675832369942198,
      "p_median_volume": 0.16601500000000002,
      "d_median_volume": 0.11130000000000001,
      "p_std_volume": 0.18943319696703664,
      "d_std_volume": 0.1453949071237453,
      "p_total_volume": 62.17795000000001,
      "d_total_volume": 28.84919,
      "d_max_priority": 0,
      "used_volume": 0.7616673199892203,
      "used_weight": 0.4336259090909091,
      "unload_obs": 3,
      "hs_cond": 1,
      "p_cond": 1,
      "sub_cond": 1
    },
    {
      "iteration": 89,
      "time": "86.23038125038147",
      "n_placed": 294,
      "n_discard": 167,
      "p_mean_weight": 32.39785714285715,
      "d_mean_weight": 23.403233532934134,
      "p_median_weight": 22.25,
      "d_median_weight": 15.0,
      "p_std_weight": 26.407094645396366,
      "d_std_weight": 19.185980928273477,
      "p_total_weight": 9524.970000000001,
      "d_total_weight": 3908.34,
      "p_mean_taxability": 70.77835336734695,
      "d_mean_taxability": 57.609538383233534,
      "p_total_taxability": 20808.835890000002,
      "d_total_taxability": 9620.79291,
      "p_mean_volume": 0.2113464965986395,
      "d_mean_volume": 0.1730016167664671,
      "p_median_volume": 0.147575,
      "d_median_volume": 0.11130000000000001,
      "p_std_volume": 0.1886877217654137,
      "d_std_volume": 0.14742086274564917,
      "p_total_volume": 62.13587000000001,
      "d_total_volume": 28.891270000000006,
      "d_max_priority": 0,
      "used_volume": 0.7611518484945,
      "used_weight": 0.4329531818181819,
      "unload_obs": 6,
      "hs_cond": 1,
      "p_cond": 1,
      "sub_cond": 1
    }
  ],
  "weight": [
    {
      "iteration": 197,
      "time": "60.165090560913086",
      "n_placed": 292,
      "n_discard": 169,
      "p_mean_weight": 32.72719178082192,
      "d_mean_weight": 22.940650887573966,
      "p_median_weight": 24.965,
      "d_median_weight": 15.0,
      "p_std_weight": 26.38127830503608,
      "d_std_weight": 19.095651809409507,
      "p_total_weight": 9556.34,
      "d_total_weight": 3876.9700000000003,
      "p_mean_taxability": 71.52677681506849,
      "d_mean_taxability": 56.47224834319527,
      "p_total_taxability": 20885.81883,
      "d_total_taxability": 9543.80997,
      "p_mean_volume": 0.21358578767123287,
      "d_mean_volume": 0.16958633136094672,
      "p_median_volume": 0.1508,
      "d_median_volume": 0.11456000000000001,
      "p_std_volume": 0.18904285929176387,
      "d_std_volume": 0.14616511712389496,
      "p_total_volume": 62.36705,
      "d_total_volume": 28.660089999999997,
      "d_max_priority": 0,
      "used_volume": 0.7639837567680133,
      "used_weight": 0.43437909090909094,
      "unload_obs": 2,
      "hs_cond": 1,
      "p_cond": 1,
      "sub_cond": 1
    },
    {
      "iteration": 158,
      "time": "84.16356587409973",
      "n_placed": 288,
      "n_discard": 173,
      "p_mean_weight": 33.12420138888889,
      "d_mean_weight": 22.50601156069364,
      "p_median_weight": 25.37,
      "d_median_weight": 14.68,
      "p_std_weight": 26.374489615836865,
      "d_std_weight": 19.018644577309004,
      "p_total_weight": 9539.77,
      "d_total_weight": 3893.54,
      "p_mean_taxability": 72.30155739583334,
      "d_mean_taxability": 55.53052179190751,
      "p_total_taxability": 20822.848530000003,
      "d_total_taxability": 9606.78027,
      "p_mean_volume": 0.21589565972222224,
      "d_mean_volume": 0.16675832369942198,
      "p_median_volume": 0.16601500000000002,
      "d_median_volume": 0.11130000000000001,
      "p_std_volume": 0.18943319696703664,
      "d_std_volume": 0.1453949071237453,
      "p_total_volume": 62.17795000000001,
      "d_total_volume": 28.84919,
      "d_max_priority": 0,
      "used_volume": 0.7616673199892203,
      "used_weight": 0.4336259090909091,
      "unload_obs": 3,
      "hs_cond": 1,
      "p_cond": 1,
      "sub_cond": 1
    },
    {
      "iteration": 89,
      "time": "86.23038125038147",
      "n_placed": 294,
      "n_discard": 167,
      "p_mean_weight": 32.39785714285715,
      "d_mean_weight": 23.403233532934134,
      "p_median_weight": 22.25,
      "d_median_weight": 15.0,
      "p_std_weight": 26.407094645396366,
      "d_std_weight": 19.185980928273477,
      "p_total_weight": 9524.970000000001,
      "d_total_weight": 3908.34,
      "p_mean_taxability": 70.77835336734695,
      "d_mean_taxability": 57.609538383233534,
      "p_total_taxability": 20808.835890000002,
      "d_total_taxability": 9620.79291,
      "p_mean_volume": 0.2113464965986395,
      "d_mean_volume": 0.1730016167664671,
      "p_median_volume": 0.147575,
      "d_median_volume": 0.11130000000000001,
      "p_std_volume": 0.1886877217654137,
      "d_std_volume": 0.14742086274564917,
      "p_total_volume": 62.13587000000001,
      "d_total_volume": 28.891270000000006,
      "d_max_priority": 0,
      "used_volume": 0.7611518484945,
      "used_weight": 0.4329531818181819,
      "unload_obs": 6,
      "hs_cond": 1,
      "p_cond": 1,
      "sub_cond": 1
    }
  ],
  "taxability": [
    {
      "iteration": 197,
      "time": "60.165090560913086",
      "n_placed": 292,
      "n_discard": 169,
      "p_mean_weight": 32.72719178082192,
      "d_mean_weight": 22.940650887573966,
      "p_median_weight": 24.965,
      "d_median_weight": 15.0,
      "p_std_weight": 26.38127830503608,
      "d_std_weight": 19.095651809409507,
      "p_total_weight": 9556.34,
      "d_total_weight": 3876.9700000000003,
      "p_mean_taxability": 71.52677681506849,
      "d_mean_taxability": 56.47224834319527,
      "p_total_taxability": 20885.81883,
      "d_total_taxability": 9543.80997,
      "p_mean_volume": 0.21358578767123287,
      "d_mean_volume": 0.16958633136094672,
      "p_median_volume": 0.1508,
      "d_median_volume": 0.11456000000000001,
      "p_std_volume": 0.18904285929176387,
      "d_std_volume": 0.14616511712389496,
      "p_total_volume": 62.36705,
      "d_total_volume": 28.660089999999997,
      "d_max_priority": 0,
      "used_volume": 0.7639837567680133,
      "used_weight": 0.43437909090909094,
      "unload_obs": 2,
      "hs_cond": 1,
      "p_cond": 1,
      "sub_cond": 1
    },
    {
      "iteration": 158,