{
  "volume": [
    {
      "iteration": 137,
      "time": "175.19171118736267",
      "n_placed": 323,
      "n_discard": 178,
      "p_mean_weight": 31.727368421052635,
      "d_mean_weight": 16.812303370786516,
      "p_median_weight": 21.7,
      "d_median_weight": 9.29,
      "p_std_weight": 23.971177041763536,
      "d_std_weight": 15.196150262487588,
      "p_total_weight": 10247.94,
      "d_total_weight": 2992.59,
      "p_mean_taxability": 68.12034340557275,
      "d_mean_taxability": 43.85641803370787,
      "p_total_taxability": 22002.87092,
      "d_total_taxability": 7806.442410000001,
      "p_mean_volume": 0.2035994427244582,
      "d_mean_volume": 0.1317009550561798,
      "p_median_volume": 0.16482000000000002,
      "d_median_volume": 0.07344,
      "p_std_volume": 0.16555196601817665,
      "d_std_volume": 0.12006136030407855,
      "p_total_volume": 65.76262,
      "d_total_volume": 23.442770000000003,
      "d_max_priority": 0,
      "used_volume": 0.8055788029497513,
      "used_weight": 0.4658154545454546,
      "unload_obs": 1,
      "hs_cond": 1,
      "p_cond": 1,
      "sub_cond": 1
    },
    {
      "iteration": 92,
      "time": "172.50311660766602",
      "n_placed": 326,
      "n_discard": 175,
      "p_mean_weight": 31.23733128834356,
      "d_mean_weight": 17.469485714285714,
      "p_median_weight": 21.325000000000003,
      "d_median_weight": 9.0,
      "p_std_weight": 23.94947186045082,
      "d_std_weight": 15.798977970312002,
      "p_total_weight": 10183.37,
      "d_total_weight": 3057.16,
      "p_mean_taxability": 67.12140797546013,
      "d_mean_taxability": 45.301339028571434,
      "p_total_taxability": 21881.579,
      "d_total_taxability": 7927.734330000001,
      "p_mean_volume": 0.20060852760736197,
      "d_mean_volume": 0.13604005714285713,
      "p_median_volume": 0.15213000000000002,
      "d_median_volume": 0.07387,
      "p_std_volume": 0.16496108108365115,
      "d_std_volume": 0.12343605741713551,
      "p_total_volume": 65.39838,
      "d_total_volume": 23.80701,
      "d_max_priority": 0,
      "used_volume": 0.8011169365705466,
      "used_weight": 0.46288045454545457,
      "unload_obs": 0,
      "hs_cond": 1,
      "p_cond": 1,
      "sub_cond": 1
    },
    {
      "iteration": 44,
      "time": "174.92051672935486",
      "n_placed": 310,
      "n_discard": 191,
      "p_mean_weight": 32.872354838709676,
      "d_mean_weight": 15.969109947643977,
      "p_median_weight": 23.119999999999997,
      "d_median_weight": 9.0,
      "p_std_weight": 23.94630330572142,
      "d_std_weight": 14.595127512234148,
      "p_total_weight": 10190.43,
      "d_total_weight": 3050.0999999999995,
      "p_mean_taxability": 70.5216200967742,
      "d_mean_taxability": 41.610529319371736,
      "p_total_taxability": 21861.702230000003,
      "d_total_taxability": 7947.611100000001,
      "p_mean_volume": 0.21076996774193552,
      "d_mean_volume": 0.12495654450261781,
      "p_median_volume": 0.18,
      "d_median_volume": 0.07108,
      "p_std_volume": 0.16614292064149766,
      "d_std_volume": 0.11630425270134256,
      "p_total_volume": 65.33869000000001,
      "d_total_volume": 23.8667,
      "d_max_priority": 0,
      "used_volume": 0.800385746135189,
      "used_weight": 0.46320136363636366,
      "unload_obs": 0,
      "hs_cond": 1,
      "p_cond": 1,
      "sub_cond": 1
    }
  ],
  "weight": [
    {
      "iteration": 137,
      "time": "175.19171118736267",
      "n_placed": 323,
      "n_discard": 178,
      "p_mean_weight": 31.727368421052635,
      "d_mean_weight": 16.812303370786516,
      "p_median_weight": 21.7,
      "d_median_weight": 9.29,
      "p_std_weight": 23.971177041763536,
      "d_std_weight": 15.196150262487588,
      "p_total_weight": 10247.94,
      "d_total_weight": 2992.59,
      "p_mean_taxability": 68.12034340557275,
      "d_mean_taxability": 43.85641803370787,
      "p_total_taxability": 22002.87092,
      "d_total_taxability": 7806.442410000001,
      "p_mean_volume": 0.2035994427244582,
      "d_mean_volume": 0.1317009550561798,
      "p_median_volume": 0.16482000000000002,
      "d_median_volume": 0.07344,
      "p_std_volume": 0.16555196601817665,
      "d_std_volume": 0.12006136030407855,
      "p_total_volume": 65.76262,
      "d_total_volume": 23.442770000000003,
      "d_max_priority": 0,
      "used_volume": 0.8055788029497513,
      "used_weight": 0.4658154545454546,
      "unload_obs": 1,
      "hs_cond": 1,
      "p_cond": 1,
      "sub_cond": 1
    },
    {
      "iteration": 44,
      "time": "174.92051672935486",
      "n_placed": 310,
      "n_discard": 191,
      "p_mean_weight": 32.872354838709676,
      "d_mean_weight": 15.969109947643977,
      "p_median_weight": 23.119999999999997,
      "d_median_weight": 9.0,
      "p_std_weight": 23.94630330572142,
      "d_std_weight": 14.595127512234148,
      "p_total_weight": 10190.43,
      "d_total_weight": 3050.0999999999995,
      "p_mean_taxability": 70.5216200967742,
      "d_mean_taxability": 41.610529319371736,
      "p_total_taxability": 21861.702230000003,
      "d_total_taxability": 7947.611100000001,
      "p_mean_volume": 0.21076996774193552,
      "d_mean_volume": 0.12495654450261781,
      "p_median_volume": 0.18,
      "d_median_volume": 0.07108,
      "p_std_volume": 0.16614292064149766,
      "d_std_volume": 0.11630425270134256,
      "p_total_volume": 65.33869000000001,
      "d_total_volume": 23.8667,
      "d_max_priority": 0,
      "used_volume": 0.800385746135189,
      "used_weight": 0.46320136363636366,
      "unload_obs": 0,
      "hs_cond": 1,
      "p_cond": 1,
      "sub_cond": 1
    },
    {
      "iteration": 175,
      "time": "178.6849479675293",
      "n_placed": 308,
      "n_discard": 193,
      "p_mean_weight": 33.0699025974026,
      "d_mean_weight": 15.82901554404145,
      "p_median_weight": 23.549999999999997,
      "d_median_weight": 9.0,
      "p_std_weight": 23.90844475513567,
      "d_std_weight": 14.55505065421045,
      "p_total_weight": 10185.53,
      "d_total_weight": 3055.0,
      "p_mean_taxability": 70.90059493506494,
      "d_mean_taxability": 41.305337253886016,
      "p_total_taxability": 21837.383240000003,
      "d_total_taxability": 7971.930090000001,
      "p_mean_volume": 0.2119014935064935,
      "d_mean_volume": 0.12404005181347152,
      "p_median_volume": 0.18,
      "d_median_volume": 0.07013000000000001,
      "p_std_volume": 0.16612997892248402,
      "d_std_volume": 0.11594165894381166,
      "p_total_volume": 65.26566,
      "d_total_volume": 23.939730000000004,
      "d_max_priority": 0,
      "used_volume": 0.7994911433961339,
      "used_weight": 0.4629786363636364,
      "unload_obs": 0,
      "hs_cond": 1,
      "p_cond": 1,
      "sub_cond": 1
    }
  ],
  "taxability": [
    {
      "iteration": 137,
      "time": "175.19171118736267",
      "n_placed": 323,
      "n_discard": 178,
      "p_mean_weight": 31.727368421052635,
      "d_mean_weight": 16.812303370786516,
      "p_median_weight": 21.7,
      "d_median_weight": 9.29,
      "p_std_weight": 23.971177041763536,
      "d_std_weight": 15.196150262487588,
      "p_total_weight": 10247.94,
      "d_total_weight": 2992.59,
      "p_mean_taxability": 68.12034340557275,
      "d_mean_taxability": 43.85641803370787,
      "p_total_taxability": 22002.87092,
      "d_total_taxability": 7806.442410000001,
      "p_mean_volume": 0.2035994427244582,
      "d_mean_volume": 0.1317009550561798,
      "p_median_volume": 0.16482000000000002,
      "d_median_volume": 0.07344,
      "p_std_volume": 0.16555196601817665,
      "d_std_volume": 0.12006136030407855,
      "p_total_volume": 65.76262,
      "d_total_volume": 23.442770000000003,
      "d_max_priority": 0,
      "used_volume": 0.8055788029497513,
      "used_weight": 0.4658154545454546,
      "unload_obs": 1,
      "hs_cond": 1,
      "p_cond": 1,
      "sub_cond": 1
    },
    {
      "iteration": 92,