{
  "volume": [
    {
      "iteration": 128,
      "time": "371.6959140300751",
      "n_placed": 488,
      "n_discard": 131,
      "p_mean_weight": 19.787110655737706,
      "d_mean_weight": 31.230687022900764,
      "p_median_weight": 9.4,
      "d_median_weight": 28.7,
      "p_std_weight": 23.188821504421284,
      "d_std_weight": 13.575313521855637,
      "p_total_weight": 9656.11,
      "d_total_weight": 4091.22,
      "p_mean_taxability": 41.83874530737705,
      "d_mean_taxability": 79.69203480916033,
      "p_total_taxability": 20417.30771,
      "d_total_taxability": 10439.656560000003,
      "p_mean_volume": 0.12429092213114755,
      "d_mean_volume": 0.2393154198473282,
      "p_median_volume": 0.060225,
      "d_median_volume": 0.24602000000000002,
      "p_std_volume": 0.16503469514813754,
      "d_std_volume": 0.09889117608812024,
      "p_total_volume": 60.65397,
      "d_total_volume": 31.350319999999996,
      "d_max_priority": 0,
      "used_volume": 0.7429988730185952,
      "used_weight": 0.43891409090909095,
      "unload_obs": 0,
      "hs_cond": 1,
      "p_cond": 1,
      "sub_cond": 1
    },
    {
      "iteration": 58,
      "time": "384.8799092769623",
      "n_placed": 487,
      "n_discard": 132,
      "p_mean_weight": 19.899774127310064,
      "d_mean_weight": 30.728333333333328,
      "p_median_weight": 9.4,
      "d_median_weight": 28.55,
      "p_std_weight": 23.285771617565516,
      "d_std_weight": 13.437087002943828,
      "p_total_weight": 9691.19,
      "d_total_weight": 4056.1399999999994,
      "p_mean_taxability": 41.9190563449692,
      "d_mean_taxability": 79.10896840909093,
      "p_total_taxability": 20414.58044,
      "d_total_taxability": 10442.383830000002,
      "p_mean_volume": 0.1245293223819302,
      "d_mean_volume": 0.2375644696969697,
      "p_median_volume": 0.060140000000000006,
      "d_median_volume": 0.23797000000000001,
      "p_std_volume": 0.1652883625211734,
      "d_std_volume": 0.09951604381997524,
      "p_total_volume": 60.64578,
      "d_total_volume": 31.358510000000003,
      "d_max_priority": 0,
      "used_volume": 0.7428985471739716,
      "used_weight": 0.4405086363636364,
      "unload_obs": 0,
      "hs_cond": 1,
      "p_cond": 1,
      "sub_cond": 1
    },
    {
      "iteration": 131,
      "time": "174.8810317516327",
      "n_placed": 488,
      "n_discard": 131,
      "p_mean_weight": 19.781659836065575,
      "d_mean_weight": 31.250992366412213,
      "p_median_weight": 9.4,
      "d_median_weight": 28.7,
      "p_std_weight": 23.183214346248278,
      "d_std_weight": 13.593908978484661,
      "p_total_weight": 9653.45,
      "d_total_weight": 4093.8799999999997,
      "p_mean_taxability": 41.796144508196726,
      "d_mean_taxability": 79.85073091603056,
      "p_total_taxability": 20396.51852,
      "d_total_taxability": 10460.445750000003,
      "p_mean_volume": 0.1241629918032787,
      "d_mean_volume": 0.23979198473282445,
      "p_median_volume": 0.060225,
      "d_median_volume": 0.24602000000000002,
      "p_std_volume": 0.16500885777874325,
      "d_std_volume": 0.09849184215667382,
      "p_total_volume": 60.59154,
      "d_total_volume": 31.412750000000003,
      "d_max_priority": 0,
      "used_volume": 0.7422341181370508,
      "used_weight": 0.43879318181818183,
      "unload_obs": 0,
      "hs_cond": 1,
      "p_cond": 1,
      "sub_cond": 1
    }
  ],
  "weight": [
    {
      "iteration": 58,
      "time": "384.8799092769623",
      "n_placed": 487,
      "n_discard": 132,
      "p_mean_weight": 19.899774127310064,
      "d_mean_weight": 30.728333333333328,
      "p_median_weight": 9.4,
      "d_median_weight": 28.55,
      "p_std_weight": 23.285771617565516,
      "d_std_weight": 13.437087002943828,
      "p_total_weight": 9691.19,
      "d_total_weight": 4056.1399999999994,
      "p_mean_taxability": 41.9190563449692,
      "d_mean_taxability": 79.10896840909093,
      "p_total_taxability": 20414.58044,
      "d_total_taxability": 10442.383830000002,
      "p_mean_volume": 0.1245293223819302,
      "d_mean_volume": 0.2375644696969697,
      "p_median_volume": 0.060140000000000006,
      "d_median_volume": 0.23797000000000001,
      "p_std_volume": 0.1652883625211734,
      "d_std_volume": 0.09951604381997524,
      "p_total_volume": 60.64578,
      "d_total_volume": 31.358510000000003,
      "d_max_priority": 0,
      "used_volume": 0.7428985471739716,
      "used_weight": 0.4405086363636364,
      "unload_obs": 0,
      "hs_cond": 1,
      "p_cond": 1,
      "sub_cond": 1
    },
    {
      "iteration": 76,
      "time": "379.46102261543274",
      "n_placed": 488,
      "n_discard": 131,
      "p_mean_weight": 19.801762295081968,
      "d_mean_weight": 31.176106870229006,
      "p_median_weight": 9.425,
      "d_median_weight": 28.7,
      "p_std_weight": 23.182168839952798,
      "d_std_weight": 13.663812654797855,
      "p_total_weight": 9663.26,
      "d_total_weight": 4084.0699999999997,
      "p_mean_taxability": 41.78099573770491,
      "d_mean_taxability": 79.90716297709925,
      "p_total_taxability": 20389.12592,
      "d_total_taxability": 10467.838350000002,
      "p_mean_volume": 0.12411749999999999,
      "d_mean_volume": 0.23996145038167943,
      "p_median_volume": 0.060225,
      "d_median_volume": 0.24602000000000002,
      "p_std_volume": 0.16498329052066665,
      "d_std_volume": 0.0984516165130571,
      "p_total_volume": 60.56934,
      "d_total_volume": 31.434950000000004,
      "d_max_priority": 0,
      "used_volume": 0.7419621726241517,
      "used_weight": 0.4392390909090909,
      "unload_obs": 0,
      "hs_cond": 1,
      "p_cond": 1,
      "sub_cond": 1
    },
    {
      "iteration": 56,
      "time": "376.86520981788635",
      "n_placed": 488,
      "n_discard": 131,
      "p_mean_weight": 19.800717213114755,
      "d_mean_weight": 31.18,
      "p_median_weight": 9.4,
      "d_median_weight": 28.7,
      "p_std_weight": 23.19055466267631,
      "d_std_weight": 13.607120647208662,
      "p_total_weight": 9662.75,
      "d_total_weight": 4084.58,
      "p_mean_taxability": 41.77724266393442,
      "d_mean_taxability": 79.92114389312978,
      "p_total_taxability": 20387.29442,
      "d_total_taxability": 10469.669850000002,
      "p_mean_volume": 0.12410622950819672,
      "d_mean_volume": 0.2400034351145038,
      "p_median_volume": 0.060225,
      "d_median_volume": 0.24602000000000002,
      "p_std_volume": 0.16498582523683872,
      "d_std_volume": 0.0983858890270738,
      "p_total_volume": 60.56384,
      "d_total_volume": 31.44045,
      "d_max_priority": 0,
      "used_volume": 0.7418947987358209,
      "used_weight": 0.4392159090909091,
      "unload_obs": 0,
      "hs_cond": 1,
      "p_cond": 1,
      "sub_cond": 1
    }
  ],
  "taxability": [
    {
      "iteration": 128,
      "time": "371.6959140300751",
      "n_placed": 488,
      "n_discard": 131,
      "p_mean_weight": 19.787110655737706,
      "d_mean_weight": 31.230687022900764,
      "p_median_weight": 9.4,
      "d_median_weight": 28.7,
      "p_std_weight": 23.188821504421284,
      "d_std_weight": 13.575313521855637,
      "p_total_weight": 9656.11,
      "d_total_weight": 4091.22,
      "p_mean_taxability": 41.83874530737705,
      "d_mean_taxability": 79.69203480916033,
      "p_total_taxability": 20417.30771,
      "d_total_taxability": 10439.656560000003,
      "p_mean_volume": 0.12429092213114755,
      "d_mean_volume": 0.2393154198473282,
      "p_median_volume": 0.060225,
      "d_median_volume": 0.24602000000000002,
      "p_std_volume": 0.16503469514813754,
      "d_std_volume": 0.09889117608812024,
      "p_total_volume": 60.65397,
      "d_total_volume": 31.350319999999996,
      "d_max_priority": 0,
      "used_volume": 0.7429988730185952,
      "used_weight": 0.43891409090909095,
      "unload_obs": 0,
      "hs_cond": 1,
      "p_cond": 1,
      "sub_cond": 1
    },
    {
      "iteration": 58,