{
  "volume": [
    {
      "iteration": 148,
      "time": "103.65730500221252",
      "n_placed": 300,
      "n_discard": 162,
      "p_mean_weight": 34.46490000000001,
      "d_mean_weight": 23.221172839506174,
      "p_median_weight": 28.95,
      "d_median_weight": 17.2,
      "p_std_weight": 24.4845829382942,
      "d_std_weight": 17.110364603852638,
      "p_total_weight": 10339.470000000001,
      "d_total_weight": 3761.83,
      "p_mean_taxability": 72.6290362,
      "d_mean_taxability": 59.7188838888889,
      "p_total_taxability": 21788.71086,
      "d_total_taxability": 9674.459190000001,
      "p_mean_volume": 0.21685963333333338,
      "d_mean_volume": 0.179335987654321,
      "p_median_volume": 0.19287500000000002,
      "d_median_volume": 0.140935,
      "p_std_volume": 0.15707383594771598,
      "d_std_volume": 0.1276660736874038,
      "p_total_volume": 65.05789000000001,
      "d_total_volume": 29.05243,
      "d_max_priority": 1,
      "used_volume": 0.7969460028909525,
      "used_weight": 0.46997590909090914,
      "unload_obs": 0,
      "hs_cond": 1,
      "p_cond": 0,
      "sub_cond": 0
    },
    {
      "iteration": 204,
      "time": "86.86336755752563",
      "n_placed": 300,
      "n_discard": 162,
      "p_mean_weight": 34.46763333333334,
      "d_mean_weight": 23.21611111111111,
      "p_median_weight": 28.95,
      "d_median_weight": 17.2,
      "p_std_weight": 24.480334870738606,
      "d_std_weight": 17.11830313360273,
      "p_total_weight": 10340.29,
      "d_total_weight": 3761.0099999999998,
      "p_mean_taxability": 72.57729909999999,
      "d_mean_taxability": 59.81469333333334,
      "p_total_taxability": 21773.18973,
      "d_total_taxability": 9689.98032,
      "p_mean_volume": 0.2167042666666667,
      "d_mean_volume": 0.17962370370370373,
      "p_median_volume": 0.19287500000000002,
      "d_median_volume": 0.140935,
      "p_std_volume": 0.15717328016275314,
      "d_std_volume": 0.12752328689004552,
      "p_total_volume": 65.01128000000001,
      "d_total_volume": 29.099040000000002,
      "d_max_priority": 1,
      "used_volume": 0.7963750398118433,
      "used_weight": 0.47001318181818186,
      "unload_obs": 0,
      "hs_cond": 1,
      "p_cond": 0,
      "sub_cond": 0
    },
    {
      "iteration": 69,
      "time": "98.26051259040833",
      "n_placed": 306,
      "n_discard": 156,
      "p_mean_weight": 33.804575163398695,
      "d_mean_weight": 24.08397435897436,
      "p_median_weight": 27.2,
      "d_median_weight": 17.299999999999997,
      "p_std_weight": 24.460318000879877,
      "d_std_weight": 17.493976389289422,
      "p_total_weight": 10344.2,
      "d_total_weight": 3757.1,
      "p_mean_taxability": 71.09526509803922,
      "d_mean_taxability": 62.23089057692309,
      "p_total_taxability": 21755.151120000002,
      "d_total_taxability": 9708.018930000002,
      "p_mean_volume": 0.21227813725490197,
      "d_mean_volume": 0.1868795512820513,
      "p_median_volume": 0.18296,
      "d_median_volume": 0.14188,
      "p_std_volume": 0.15606041523736822,
      "d_std_volume": 0.1308605929857096,
      "p_total_volume": 64.95711,
      "d_total_volume": 29.15321,
      "d_max_priority": 1,
      "used_volume": 0.7957114682607737,
      "used_weight": 0.4701909090909091,
      "unload_obs": 1,
      "hs_cond": 1,
      "p_cond": 0,
      "sub_cond": 0
    }
  ],
  "weight": [
    {
      "iteration": 29,
      "time": "104.0196442604065",
      "n_placed": 284,
      "n_discard": 178,
      "p_mean_weight": 36.5469014084507,
      "d_mean_weight": 20.909999999999997,
      "p_median_weight": 33.0,
      "d_median_weight": 13.0,
      "p_std_weight": 24.29629926256198,
      "d_std_weight": 16.098318261466247,
      "p_total_weight": 10379.32,
      "d_total_weight": 3721.9799999999996,
      "p_mean_taxability": 76.23091595070423,
      "d_mean_taxability": 55.13252764044945,
      "p_total_taxability": 21649.580130000002,
      "d_total_taxability": 9813.589920000002,
      "p_mean_volume": 0.22760591549295778,
      "d_mean_volume": 0.16556314606741573,
      "p_median_volume": 0.23638,
      "d_median_volume": 0.10599000000000001,
      "p_std_volume": 0.15633620543640656,
      "d_std_volume": 0.12602538119034054,
      "p_total_volume": 64.64008000000001,
      "d_total_volume": 29.47024,
      "d_max_priority": 1,
      "used_volume": 0.7918279148394053,
      "used_weight": 0.4717872727272727,
      "unload_obs": 1,
      "hs_cond": 1,
      "p_cond": 0,
      "sub_cond": 0
    },
    {
      "iteration": 168,
      "time": "99.14827823638916",
      "n_placed": 284,
      "n_discard": 178,
      "p_mean_weight": 36.54454225352112,
      "d_mean_weight": 20.913764044943818,
      "p_median_weight": 33.0,
      "d_median_weight": 13.0,
      "p_std_weight": 24.300214691754192,
      "d_std_weight": 16.092544292221724,
      "p_total_weight": 10378.65,
      "d_total_weight": 3722.6499999999996,
      "p_mean_taxability": 76.23817394366198,
      "d_mean_taxability": 55.12094747191012,
      "p_total_taxability": 21651.6414,
      "d_total_taxability": 9811.528650000002,
      "p_mean_volume": 0.2276277112676057,
      "d_mean_volume": 0.16552837078651686,
      "p_median_volume": 0.23638,
      "d_median_volume": 0.10599000000000001,
      "p_std_volume": 0.15631694453176448,
      "d_std_volume": 0.1260463549836936,
      "p_total_volume": 64.64627000000002,
      "d_total_volume": 29.46405,
      "d_max_priority": 1,
      "used_volume": 0.7919037410882722,
      "used_weight": 0.47175681818181814,
      "unload_obs": 2,
      "hs_cond": 1,
      "p_cond": 0,
      "sub_cond": 0
    },
    {
      "iteration": 69,
      "time": "98.26051259040833",
      "n_placed": 306,
      "n_discard": 156,
      "p_mean_weight": 33.804575163398695,
      "d_mean_weight": 24.08397435897436,
      "p_median_weight": 27.2,
      "d_median_weight": 17.299999999999997,
      "p_std_weight": 24.460318000879877,
      "d_std_weight": 17.493976389289422,
      "p_total_weight": 10344.2,
      "d_total_weight": 3757.1,
      "p_mean_taxability": 71.09526509803922,
      "d_mean_taxability": 62.23089057692309,
      "p_total_taxability": 21755.151120000002,
      "d_total_taxability": 9708.018930000002,
      "p_mean_volume": 0.21227813725490197,
      "d_mean_volume": 0.1868795512820513,
      "p_median_volume": 0.18296,
      "d_median_volume": 0.14188,
      "p_std_volume": 0.15606041523736822,
      "d_std_volume": 0.1308605929857096,
      "p_total_volume": 64.95711,
      "d_total_volume": 29.15321,
      "d_max_priority": 1,
      "used_volume": 0.7957114682607737,
      "used_weight": 0.4701909090909091,
      "unload_obs": 1,
      "hs_cond": 1,
      "p_cond": 0,
      "sub_cond": 0
    }
  ],
  "taxability": [
    {
      "iteration": 148,
      "time": "103.65730500221252",
      "n_placed": 300,
      "n_discard": 162,
      "p_mean_weight": 34.46490000000001,
      "d_mean_weight": 23.221172839506174,
      "p_median_weight": 28.95,
      "d_median_weight": 17.2,
      "p_std_weight": 24.4845829382942,
      "d_std_weight": 17.110364603852638,
      "p_total_weight": 10339.470000000001,
      "d_total_weight": 3761.83,
      "p_mean_taxability": 72.6290362,
      "d_mean_taxability": 59.7188838888889,
      "p_total_taxability": 21788.71086,
      "d_total_taxability": 9674.459190000001,
      "p_mean_volume": 0.21685963333333338,
      "d_mean_volume": 0.179335987654321,
      "p_median_volume": 0.19287500000000002,
      "d_median_volume": 0.140935,
      "p_std_volume": 0.15707383594771598,
      "d_std_volume": 0.1276660736874038,
      "p_total_volume": 65.05789000000001,
      "d_total_volume": 29.05243,
      "d_max_priority": 1,
      "used_volume": 0.7969460028909525,
      "used_weight": 0.46997590909090914,
      "unload_obs": 0,
      "hs_cond": 1,
      "p_cond": 0,
      "sub_cond": 0
    },
    {
      "iteration": 204,
      "time": "86.86336755752563",