{
  "volume": [
    {
      "iteration": 24,
      "time": "49.722421169281006",
      "n_placed": 214,
      "n_discard": 99,
      "p_mean_weight": 46.22883177570093,
      "d_mean_weight": 38.202222222222225,
      "p_median_weight": 44.0,
      "d_median_weight": 38.7,
      "p_std_weight": 23.614212419776134,
      "d_std_weight": 16.40943970213086,
      "p_total_weight": 9892.97,
      "d_total_weight": 3782.02,
      "p_mean_taxability": 98.54807644859814,
      "d_mean_taxability": 100.88070181818183,
      "p_total_taxability": 21089.288360000002,
      "d_total_taxability": 9987.189480000001,
      "p_mean_volume": 0.295427476635514,
      "d_mean_volume": 0.3029450505050505,
      "p_median_volume": 0.28616,
      "d_median_volume": 0.29610000000000003,
      "p_std_volume": 0.1673113736910097,
      "d_std_volume": 0.14213617723983774,
      "p_total_volume": 63.22148,
      "d_total_volume": 29.99156,
      "d_max_priority": 0,
      "used_volume": 0.7744503515691991,
      "used_weight": 0.4496804545454545,
      "unload_obs": 1,
      "hs_cond": 1,
      "p_cond": 1,
      "sub_cond": 1
    },
    {
      "iteration": 58,
      "time": "50.01048231124878",
      "n_placed": 214,
      "n_discard": 99,
      "p_mean_weight": 46.08528037383178,
      "d_mean_weight": 38.51252525252526,
      "p_median_weight": 43.8,
      "d_median_weight": 38.7,
      "p_std_weight": 23.705355363835327,
      "d_std_weight": 16.272240124213695,
      "p_total_weight": 9862.25,
      "d_total_weight": 3812.7400000000002,
      "p_mean_taxability": 98.25092841121496,
      "d_mean_taxability": 101.52302181818183,
      "p_total_taxability": 21025.69868,
      "d_total_taxability": 10050.779160000002,
      "p_mean_volume": 0.2945351401869159,
      "d_mean_volume": 0.3048739393939394,
      "p_median_volume": 0.28403,
      "d_median_volume": 0.29662000000000005,
      "p_std_volume": 0.16782843778770615,
      "d_std_volume": 0.14068141539807047,
      "p_total_volume": 63.03052,
      "d_total_volume": 30.18252,
      "d_max_priority": 0,
      "used_volume": 0.7721111301663522,
      "used_weight": 0.4482840909090909,
      "unload_obs": 0,
      "hs_cond": 1,
      "p_cond": 1,
      "sub_cond": 1
    },
    {
      "iteration": 215,
      "time": "24.762284994125366",
      "n_placed": 215,
      "n_discard": 98,
      "p_mean_weight": 45.899674418604654,
      "d_mean_weight": 38.842448979591836,
      "p_median_weight": 43.6,
      "d_median_weight": 40.150000000000006,
      "p_std_weight": 23.863025408971144,
      "d_std_weight": 15.831264386807485,
      "p_total_weight": 9868.43,
      "d_total_weight": 3806.56,
      "p_mean_taxability": 97.67433065116279,
      "d_mean_taxability": 102.82139540816327,
      "p_total_taxability": 20999.98109,
      "d_total_taxability": 10076.49675,
      "p_mean_volume": 0.29280600000000007,
      "d_mean_volume": 0.30877295918367353,
      "p_median_volume": 0.28301000000000004,
      "d_median_volume": 0.30022000000000004,
      "p_std_volume": 0.16818989341379006,
      "d_std_volume": 0.13904901119329605,
      "p_total_volume": 62.95329000000001,
      "d_total_volume": 30.259750000000004,
      "d_max_priority": 0,
      "used_volume": 0.7711650782762085,
      "used_weight": 0.448565,
      "unload_obs": 0,
      "hs_cond": 1,
      "p_cond": 1,
      "sub_cond": 1
    }
  ],
  "weight": [
    {
      "iteration": 126,
      "time": "25.442981481552124",
      "n_placed": 210,
      "n_discard": 103,
      "p_mean_weight": 47.12233333333334,
      "d_mean_weight": 36.692233009708744,
      "p_median_weight": 46.5,
      "d_median_weight": 37.1,
      "p_std_weight": 23.36680688300171,
      "d_std_weight": 16.536144127693156,
      "p_total_weight": 9895.69,
      "d_total_weight": 3779.3000000000006,
      "p_mean_taxability": 99.79885723809525,
      "d_mean_taxability": 98.23997883495149,
      "p_total_taxability": 20957.76002,
      "d_total_taxability": 10118.717820000003,
      "p_mean_volume": 0.29917380952380956,
      "d_mean_volume": 0.2950149514563107,
      "p_median_volume": 0.28696,
      "d_median_volume": 0.29662000000000005,
      "p_std_volume": 0.16774143523443755,
      "d_std_volume": 0.1422629013817603,
      "p_total_volume": 62.82650000000001,
      "d_total_volume": 30.38654,
      "d_max_priority": 0,
      "used_volume": 0.7696119264032145,
      "used_weight": 0.44980409090909096,
      "unload_obs": 2,
      "hs_cond": 1,
      "p_cond": 1,
      "sub_cond": 1
    },
    {
      "iteration": 71,
      "time": "54.261117696762085",
      "n_placed": 212,
      "n_discard": 101,
      "p_mean_weight": 46.66896226415094,
      "d_mean_weight": 37.43732673267327,
      "p_median_weight": 45.0,
      "d_median_weight": 37.6,
      "p_std_weight": 23.518570032184332,
      "d_std_weight": 16.427313955183855,
      "p_total_weight": 9893.82,
      "d_total_weight": 3781.17,
      "p_mean_taxability": 98.85585066037736,
      "d_mean_taxability": 100.18849009900991,
      "p_total_taxability": 20957.44034,
      "d_total_taxability": 10119.0375,
      "p_mean_volume": 0.29634688679245286,
      "d_mean_volume": 0.3008663366336634,
      "p_median_volume": 0.28616,
      "d_median_volume": 0.29931,
      "p_std_volume": 0.16755772899142665,
      "d_std_volume": 0.14215735097224325,
      "p_total_volume": 62.825540000000004,
      "d_total_volume": 30.387500000000003,
      "d_max_priority": 0,
      "used_volume": 0.7696001665972512,
      "used_weight": 0.4497190909090909,
      "unload_obs": 0,
      "hs_cond": 1,
      "p_cond": 1,
      "sub_cond": 1
    },
    {
      "iteration": 24,
      "time": "49.722421169281006",
      "n_placed": 214,
      "n_discard": 99,
      "p_mean_weight": 46.22883177570093,
      "d_mean_weight": 38.202222222222225,
      "p_median_weight": 44.0,
      "d_median_weight": 38.7,
      "p_std_weight": 23.614212419776134,
      "d_std_weight": 16.40943970213086,
      "p_total_weight": 9892.97,
      "d_total_weight": 3782.02,
      "p_mean_taxability": 98.54807644859814,
      "d_mean_taxability": 100.88070181818183,
      "p_total_taxability": 21089.288360000002,
      "d_total_taxability": 9987.189480000001,
      "p_mean_volume": 0.295427476635514,
      "d_mean_volume": 0.3029450505050505,
      "p_median_volume": 0.28616,
      "d_median_volume": 0.29610000000000003,
      "p_std_volume": 0.1673113736910097,
      "d_std_volume": 0.14213617723983774,
      "p_total_volume": 63.22148,
      "d_total_volume": 29.99156,
      "d_max_priority": 0,
      "used_volume": 0.7744503515691991,
      "used_weight": 0.4496804545454545,
      "unload_obs": 1,
      "hs_cond": 1,
      "p_cond": 1,
      "sub_cond": 1
    }
  ],
  "taxability": [
    {
      "iteration": 24,
      "time": "49.722421169281006",
      "n_placed": 214,
      "n_discard": 99,
      "p_mean_weight": 46.22883177570093,
      "d_mean_weight": 38.202222222222225,
      "p_median_weight": 44.0,
      "d_median_weight": 38.7,
      "p_std_weight": 23.614212419776134,
      "d_std_weight": 16.40943970213086,
      "p_total_weight": 9892.97,
      "d_total_weight": 3782.02,
      "p_mean_taxability": 98.54807644859814,
      "d_mean_taxability": 100.88070181818183,
      "p_total_taxability": 21089.288360000002,
      "d_total_taxability": 9987.189480000001,
      "p_mean_volume": 0.295427476635514,
      "d_mean_volume": 0.3029450505050505,
      "p_median_volume": 0.28616,
      "d_median_volume": 0.29610000000000003,
      "p_std_volume": 0.1673113736910097,
      "d_std_volume": 0.14213617723983774,
      "p_total_volume": 63.22148,
      "d_total_volume": 29.99156,
      "d_max_priority": 0,
      "used_volume": 0.7744503515691991,
      "used_weight": 0.4496804545454545,
      "unload_obs": 1,
      "hs_cond": 1,
      "p_cond": 1,
      "sub_cond": 1
    },
    {
      "iteration": 58,
      "time": "50.01048231124878",
      "n_placed": 214,
      "n_discard": 99,