{
  "volume": [
    {
      "iteration": 212,
      "time": "33.342260122299194",
      "n_placed": 296,
      "n_discard": 164,
      "p_mean_weight": 32.85635135135135,
      "d_mean_weight": 28.726524390243906,
      "p_median_weight": 23.119999999999997,
      "d_median_weight": 20.0,
      "p_std_weight": 24.29840327176849,
      "d_std_weight": 25.389982556638266,
      "p_total_weight": 9725.48,
      "d_total_weight": 4711.150000000001,
      "p_mean_taxability": 70.72204496621622,
      "d_mean_taxability": 72.15242189024391,
      "p_total_taxability": 20933.72531,
      "d_total_taxability": 11832.997190000002,
      "p_mean_volume": 0.211690472972973,
      "d_mean_volume": 0.2165794512195122,
      "p_median_volume": 0.18,
      "d_median_volume": 0.15846000000000002,
      "p_std_volume": 0.15964566594820773,
      "d_std_volume": 0.20757680582587956,
      "p_total_volume": 62.66038,
      "d_total_volume": 35.51903,
      "d_max_priority": 1,
      "used_volume": 0.7675769899796654,
      "used_weight": 0.4420672727272727,
      "unload_obs": 5,
      "hs_cond": 1,
      "p_cond": 0,
      "sub_cond": 0
    },
    {
      "iteration": 136,
      "time": "59.77851486206055",
      "n_placed": 287,
      "n_discard": 173,
      "p_mean_weight": 33.453275261324045,
      "d_mean_weight": 27.951098265895947,
      "p_median_weight": 24.7,
      "d_median_weight": 20.0,
      "p_std_weight": 26.53644884318893,
      "d_std_weight": 21.073739291836358,
      "p_total_weight": 9601.09,
      "d_total_weight": 4835.539999999999,
      "p_mean_taxability": 72.41741261324043,
      "d_mean_taxability": 69.26546289017342,
      "p_total_taxability": 20783.797420000003,
      "d_total_taxability": 11982.925080000003,
      "p_mean_volume": 0.2167060975609756,
      "d_mean_volume": 0.20800439306358381,
      "p_median_volume": 0.16611,
      "d_median_volume": 0.17816,
      "p_std_volume": 0.19016529652620517,
      "d_std_volume": 0.1561478569292965,
      "p_total_volume": 62.19465,
      "d_total_volume": 35.98476,
      "d_max_priority": 1,
      "used_volume": 0.7618718916137884,
      "used_weight": 0.43641318181818184,
      "unload_obs": 2,
      "hs_cond": 1,
      "p_cond": 0,
      "sub_cond": 0
    },
    {
      "iteration": 78,
      "time": "67.74126553535461",
      "n_placed": 299,
      "n_discard": 161,
      "p_mean_weight": 32.19277591973244,
      "d_mean_weight": 29.881925465838506,
      "p_median_weight": 21.08,
      "d_median_weight": 24.5,
      "p_std_weight": 25.51781696260219,
      "d_std_weight": 23.244013571119982,
      "p_total_weight": 9625.64,
      "d_total_weight": 4810.99,
      "p_mean_taxability": 69.41003672240804,
      "d_mean_taxability": 74.61566161490684,
      "p_total_taxability": 20753.600980000003,
      "d_total_taxability": 12013.12152,
      "p_mean_volume": 0.20770558528428096,
      "d_mean_volume": 0.22407105590062112,
      "p_median_volume": 0.15106,
      "d_median_volume": 0.1872,
      "p_std_volume": 0.17380573633744253,
      "d_std_volume": 0.18564640368049987,
      "p_total_volume": 62.103970000000004,
      "d_total_volume": 36.07544,
      "d_max_priority": 1,
      "used_volume": 0.760761079942181,
      "used_weight": 0.43752909090909087,
      "unload_obs": 0,
      "hs_cond": 1,
      "p_cond": 0,
      "sub_cond": 0
    }
  ],
  "weight": [
    {
      "iteration": 212,
      "time": "33.342260122299194",
      "n_placed": 296,
      "n_discard": 164,
      "p_mean_weight": 32.85635135135135,
      "d_mean_weight": 28.726524390243906,
      "p_median_weight": 23.119999999999997,
      "d_median_weight": 20.0,
      "p_std_weight": 24.29840327176849,
      "d_std_weight": 25.389982556638266,
      "p_total_weight": 9725.48,
      "d_total_weight": 4711.150000000001,
      "p_mean_taxability": 70.72204496621622,
      "d_mean_taxability": 72.15242189024391,
      "p_total_taxability": 20933.72531,
      "d_total_taxability": 11832.997190000002,
      "p_mean_volume": 0.211690472972973,
      "d_mean_volume": 0.2165794512195122,
      "p_median_volume": 0.18,
      "d_median_volume": 0.15846000000000002,
      "p_std_volume": 0.15964566594820773,
      "d_std_volume": 0.20757680582587956,
      "p_total_volume": 62.66038,
      "d_total_volume": 35.51903,
      "d_max_priority": 1,
      "used_volume": 0.7675769899796654,
      "used_weight": 0.4420672727272727,
      "unload_obs": 5,
      "hs_cond": 1,
      "p_cond": 0,
      "sub_cond": 0
    },
    {
      "iteration": 187,
      "time": "63.05885887145996",
      "n_placed": 285,
      "n_discard": 175,
      "p_mean_weight": 34.00035087719298,
      "d_mean_weight": 27.123028571428573,
      "p_median_weight": 25.0,
      "d_median_weight": 20.0,
      "p_std_weight": 25.618118049764373,
      "d_std_weight": 22.684202145588845,
      "p_total_weight": 9690.099999999999,
      "d_total_weight": 4746.530000000001,
      "p_mean_taxability": 72.49236614035088,
      "d_mean_taxability": 69.179418,
      "p_total_taxability": 20660.324350000003,
      "d_total_taxability": 12106.39815,
      "p_mean_volume": 0.21692582456140352,
      "d_mean_volume": 0.20774599999999996,
      "p_median_volume": 0.17586000000000002,
      "d_median_volume": 0.17503000000000002,
      "p_std_volume": 0.17550444657232836,
      "d_std_volume": 0.18237930181639167,
      "p_total_volume": 61.82386,
      "d_total_volume": 36.355549999999994,
      "d_max_priority": 0,
      "used_volume": 0.7573297890584806,
      "used_weight": 0.44045909090909086,
      "unload_obs": 3,
      "hs_cond": 1,
      "p_cond": 1,
      "sub_cond": 1
    },
    {
      "iteration": 35,
      "time": "67.52066445350647",
      "n_placed": 285,
      "n_discard": 175,
      "p_mean_weight": 33.96407017543859,
      "d_mean_weight": 27.18211428571429,
      "p_median_weight": 25.0,
      "d_median_weight": 20.0,
      "p_std_weight": 25.646549947710515,
      "d_std_weight": 22.649630039062536,
      "p_total_weight": 9679.759999999998,
      "d_total_weight": 4756.870000000001,
      "p_mean_taxability": 72.34592792982457,
      "d_mean_taxability": 69.41790308571429,
      "p_total_taxability": 20618.589460000003,
      "d_total_taxability": 12148.13304,
      "p_mean_volume": 0.2164860701754386,
      "d_mean_volume": 0.20846217142857143,
      "p_median_volume": 0.17586000000000002,
      "d_median_volume": 0.17503000000000002,
      "p_std_volume": 0.17581892810180677,
      "d_std_volume": 0.18191830580252882,
      "p_total_volume": 61.698530000000005,
      "d_total_volume": 36.48088,
      "d_max_priority": 0,
      "used_volume": 0.7557945218903889,
      "used_weight": 0.43998909090909083,
      "unload_obs": 2,
      "hs_cond": 1,
      "p_cond": 1,
      "sub_cond": 1
    }
  ],
  "taxability": [
    {
      "iteration": 212,
      "time": "33.342260122299194",
      "n_placed": 296,
      "n_discard": 164,
      "p_mean_weight": 32.85635135135135,
      "d_mean_weight": 28.726524390243906,
      "p_median_weight": 23.119999999999997,
      "d_median_weight": 20.0,
      "p_std_weight": 24.29840327176849,
      "d_std_weight": 25.389982556638266,
      "p_total_weight": 9725.48,
      "d_total_weight": 4711.150000000001,
      "p_mean_taxability": 70.72204496621622,
      "d_mean_taxability": 72.15242189024391,
      "p_total_taxability": 20933.72531,
      "d_total_taxability": 11832.997190000002,
      "p_mean_volume": 0.211690472972973,
      "d_mean_volume": 0.2165794512195122,
      "p_median_volume": 0.18,
      "d_median_volume": 0.15846000000000002,
      "p_std_volume": 0.15964566594820773,
      "d_std_volume": 0.20757680582587956,
      "p_total_volume": 62.66038,
      "d_total_volume": 35.51903,
      "d_max_priority": 1,
      "used_volume": 0.7675769899796654,
      "used_weight": 0.4420672727272727,
      "unload_obs": 5,
      "hs_cond": 1,
      "p_cond": 0,
      "sub_cond": 0
    },
    {
      "iteration": 136,