{
  "volume": [
    {
      "iteration": 82,
      "time": "515.6666815280914",
      "n_placed": 418,
      "n_discard": 236,
      "p_mean_weight": 25.08526315789474,
      "d_mean_weight": 11.325042372881356,
      "p_median_weight": 18.0,
      "d_median_weight": 9.0,
      "p_std_weight": 21.18365059022319,
      "d_std_weight": 7.51472412811017,
      "p_total_weight": 10485.640000000001,
      "d_total_weight": 2672.71,
      "p_mean_taxability": 53.91379588516746,
      "d_mean_taxability": 29.408923220338984,
      "p_total_taxability": 22535.966679999998,
      "d_total_taxability": 6940.505880000001,
      "p_mean_volume": 0.16098834928229666,
      "d_mean_volume": 0.0883150847457627,
      "p_median_volume": 0.09648000000000001,
      "d_median_volume": 0.064935,
      "p_std_volume": 0.14497878644922568,
      "d_std_volume": 0.06447541873997342,
      "p_total_volume": 67.29313,
      "d_total_volume": 20.84236,
      "d_max_priority": 0,
      "used_volume": 0.8243272411005219,
      "used_weight": 0.47662000000000004,
      "unload_obs": 0,
      "hs_cond": 1,
      "p_cond": 1,
      "sub_cond": 1
    },
    {
      "iteration": 164,
      "time": "507.43084168434143",
      "n_placed": 396,
      "n_discard": 258,
      "p_mean_weight": 26.425050505050503,
      "d_mean_weight": 10.441976744186045,
      "p_median_weight": 21.39,
      "d_median_weight": 9.0,
      "p_std_weight": 21.148252158618956,
      "d_std_weight": 6.942635740042273,
      "p_total_weight": 10464.32,
      "d_total_weight": 2694.0299999999997,
      "p_mean_taxability": 56.88014676767677,
      "d_mean_taxability": 26.945482325581395,
      "p_total_taxability": 22524.53812,
      "d_total_taxability": 6951.93444,
      "p_mean_volume": 0.16984547979797981,
      "d_mean_volume": 0.08091736434108528,
      "p_median_volume": 0.10673000000000002,
      "d_median_volume": 0.061475,
      "p_std_volume": 0.14612728439993106,
      "d_std_volume": 0.05813174663268882,
      "p_total_volume": 67.25881000000001,
      "d_total_volume": 20.87668,
      "d_max_priority": 0,
      "used_volume": 0.8239068280373375,
      "used_weight": 0.47565090909090907,
      "unload_obs": 0,
      "hs_cond": 1,
      "p_cond": 1,
      "sub_cond": 1
    },
    {
      "iteration": 141,
      "time": "496.2123954296112",
      "n_placed": 400,
      "n_discard": 254,
      "p_mean_weight": 26.15905,
      "d_mean_weight": 10.609173228346457,
      "p_median_weight": 21.04,
      "d_median_weight": 9.0,
      "p_std_weight": 21.200504488665707,
      "d_std_weight": 6.904059104618887,
      "p_total_weight": 10463.62,
      "d_total_weight": 2694.73,
      "p_mean_taxability": 56.303944375,
      "d_mean_taxability": 27.381475629921265,
      "p_total_taxability": 22521.57775,
      "d_total_taxability": 6954.894810000002,
      "p_mean_volume": 0.16812480000000002,
      "d_mean_volume": 0.08222665354330709,
      "p_median_volume": 0.100625,
      "d_median_volume": 0.063655,
      "p_std_volume": 0.14630567182436896,
      "d_std_volume": 0.05801096660856231,
      "p_total_volume": 67.24992,
      "d_total_volume": 20.88557,
      "d_max_priority": 0,
      "used_volume": 0.823797927334199,
      "used_weight": 0.47561909090909094,
      "unload_obs": 0,
      "hs_cond": 1,
      "p_cond": 1,
      "sub_cond": 1
    }
  ],
  "weight": [
    {
      "iteration": 82,
      "time": "515.6666815280914",
      "n_placed": 418,
      "n_discard": 236,
      "p_mean_weight": 25.08526315789474,
      "d_mean_weight": 11.325042372881356,
      "p_median_weight": 18.0,
      "d_median_weight": 9.0,
      "p_std_weight": 21.18365059022319,
      "d_std_weight": 7.51472412811017,
      "p_total_weight": 10485.640000000001,
      "d_total_weight": 2672.71,
      "p_mean_taxability": 53.91379588516746,
      "d_mean_taxability": 29.408923220338984,
      "p_total_taxability": 22535.966679999998,
      "d_total_taxability": 6940.505880000001,
      "p_mean_volume": 0.16098834928229666,
      "d_mean_volume": 0.0883150847457627,
      "p_median_volume": 0.09648000000000001,
      "d_median_volume": 0.064935,
      "p_std_volume": 0.14497878644922568,
      "d_std_volume": 0.06447541873997342,
      "p_total_volume": 67.29313,
      "d_total_volume": 20.84236,
      "d_max_priority": 0,
      "used_volume": 0.8243272411005219,
      "used_weight": 0.47662000000000004,
      "unload_obs": 0,
      "hs_cond": 1,
      "p_cond": 1,
      "sub_cond": 1
    },
    {
      "iteration": 164,
      "time": "507.43084168434143",
      "n_placed": 396,
      "n_discard": 258,
      "p_mean_weight": 26.425050505050503,
      "d_mean_weight": 10.441976744186045,
      "p_median_weight": 21.39,
      "d_median_weight": 9.0,
      "p_std_weight": 21.148252158618956,
      "d_std_weight": 6.942635740042273,
      "p_total_weight": 10464.32,
      "d_total_weight": 2694.0299999999997,
      "p_mean_taxability": 56.88014676767677,
      "d_mean_taxability": 26.945482325581395,
      "p_total_taxability": 22524.53812,
      "d_total_taxability": 6951.93444,
      "p_mean_volume": 0.16984547979797981,
      "d_mean_volume": 0.08091736434108528,
      "p_median_volume": 0.10673000000000002,
      "d_median_volume": 0.061475,
      "p_std_volume": 0.14612728439993106,
      "d_std_volume": 0.05813174663268882,
      "p_total_volume": 67.25881000000001,
      "d_total_volume": 20.87668,
      "d_max_priority": 0,
      "used_volume": 0.8239068280373375,
      "used_weight": 0.47565090909090907,
      "unload_obs": 0,
      "hs_cond": 1,
      "p_cond": 1,
      "sub_cond": 1
    },
    {
      "iteration": 141,
      "time": "496.2123954296112",
      "n_placed": 400,
      "n_discard": 254,
      "p_mean_weight": 26.15905,
      "d_mean_weight": 10.609173228346457,
      "p_median_weight": 21.04,
      "d_median_weight": 9.0,
      "p_std_weight": 21.200504488665707,
      "d_std_weight": 6.904059104618887,
      "p_total_weight": 10463.62,
      "d_total_weight": 2694.73,
      "p_mean_taxability": 56.303944375,
      "d_mean_taxability": 27.381475629921265,
      "p_total_taxability": 22521.57775,
      "d_total_taxability": 6954.894810000002,
      "p_mean_volume": 0.16812480000000002,
      "d_mean_volume": 0.08222665354330709,
      "p_median_volume": 0.100625,
      "d_median_volume": 0.063655,
      "p_std_volume": 0.14630567182436896,
      "d_std_volume": 0.05801096660856231,
      "p_total_volume": 67.24992,
      "d_total_volume": 20.88557,
      "d_max_priority": 0,
      "used_volume": 0.823797927334199,
      "used_weight": 0.47561909090909094,
      "unload_obs": 0,
      "hs_cond": 1,
      "p_cond": 1,
      "sub_cond": 1
    }
  ],
  "taxability": [
    {
      "iteration": 82,
      "time": "515.6666815280914",
      "n_placed": 418,
      "n_discard": 236,
      "p_mean_weight": 25.08526315789474,
      "d_mean_weight": 11.325042372881356,
      "p_median_weight": 18.0,
      "d_median_weight": 9.0,
      "p_std_weight": 21.18365059022319,
      "d_std_weight": 7.51472412811017,
      "p_total_weight": 10485.640000000001,
      "d_total_weight": 2672.71,
      "p_mean_taxability": 53.91379588516746,
      "d_mean_taxability": 29.408923220338984,
      "p_total_taxability": 22535.966679999998,
      "d_total_taxability": 6940.505880000001,
      "p_mean_volume": 0.16098834928229666,
      "d_mean_volume": 0.0883150847457627,
      "p_median_volume": 0.09648000000000001,
      "d_median_volume": 0.064935,
      "p_std_volume": 0.14497878644922568,
      "d_std_volume": 0.06447541873997342,
      "p_total_volume": 67.29313,
      "d_total_volume": 20.84236,
      "d_max_priority": 0,
      "used_volume": 0.8243272411005219,
      "used_weight": 0.47662000000000004,
      "unload_obs": 0,
      "hs_cond": 1,
      "p_cond": 1,
      "sub_cond": 1
    },
    {
      "iteration": 164,
      "time": "507.43084168434143",
      "n_placed": 396,
      "n_discard": 258,