{
  "volume": [
    {
      "iteration": 153,
      "time": "499.99635219573975",
      "n_placed": 403,
      "n_discard": 251,
      "p_mean_weight": 26.032406947890824,
      "d_mean_weight": 10.626653386454183,
      "p_median_weight": 21.0,
      "d_median_weight": 8.2,
      "p_std_weight": 20.308984015808853,
      "d_std_weight": 10.28456419861233,
      "p_total_weight": 10491.060000000001,
      "d_total_weight": 2667.29,
      "p_mean_taxability": 56.20331496277915,
      "d_mean_taxability": 27.197357091633467,
      "p_total_taxability": 22649.93593,
      "d_total_taxability": 6826.5366300000005,
      "p_mean_volume": 0.16782972704714644,
      "d_mean_volume": 0.08167374501992034,
      "p_median_volume": 0.10779000000000001,
      "d_median_volume": 0.059980000000000006,
      "p_std_volume": 0.1417880256810928,
      "d_std_volume": 0.07234873185563605,
      "p_total_volume": 67.63538000000001,
      "d_total_volume": 20.500110000000003,
      "d_max_priority": 1,
      "used_volume": 0.8285197344243821,
      "used_weight": 0.4768663636363637,
      "unload_obs": 0,
      "hs_cond": 1,
      "p_cond": 0,
      "sub_cond": 0
    },
    {
      "iteration": 190,
      "time": "476.42753982543945",
      "n_placed": 401,
      "n_discard": 253,
      "p_mean_weight": 26.139625935162098,
      "d_mean_weight": 10.578498023715413,
      "p_median_weight": 21.0,
      "d_median_weight": 8.2,
      "p_std_weight": 20.301362641697864,
      "d_std_weight": 10.261756793893523,
      "p_total_weight": 10481.990000000002,
      "d_total_weight": 2676.3599999999997,
      "p_mean_taxability": 56.45961488778056,
      "d_mean_taxability": 27.020422885375496,
      "p_total_taxability": 22640.305570000004,
      "d_total_taxability": 6836.166990000001,
      "p_mean_volume": 0.16859466334164588,
      "d_mean_volume": 0.08114241106719366,
      "p_median_volume": 0.10890000000000001,
      "d_median_volume": 0.059980000000000006,
      "p_std_volume": 0.141725842355757,
      "d_std_volume": 0.07230691692936683,
      "p_total_volume": 67.60646,
      "d_total_volume": 20.52903,
      "d_max_priority": 1,
      "used_volume": 0.8281654702697405,
      "used_weight": 0.47645409090909097,
      "unload_obs": 0,
      "hs_cond": 1,
      "p_cond": 0,
      "sub_cond": 0
    },
    {
      "iteration": 12,
      "time": "358.55984354019165",
      "n_placed": 401,
      "n_discard": 253,
      "p_mean_weight": 26.108129675810474,
      "d_mean_weight": 10.628418972332016,
      "p_median_weight": 21.0,
      "d_median_weight": 8.2,
      "p_std_weight": 20.335574807296254,
      "d_std_weight": 10.2299853309467,
      "p_total_weight": 10469.36,
      "d_total_weight": 2688.99,
      "p_mean_taxability": 56.45163451371571,
      "d_mean_taxability": 27.033071620553358,
      "p_total_taxability": 22637.10544,
      "d_total_taxability": 6839.36712,
      "p_mean_volume": 0.1685706982543641,
      "d_mean_volume": 0.081180395256917,
      "p_median_volume": 0.10890000000000001,
      "d_median_volume": 0.058800000000000005,
      "p_std_volume": 0.1417704765651552,
      "d_std_volume": 0.07221407556264196,
      "p_total_volume": 67.59685,
      "d_total_volume": 20.53864,
      "d_max_priority": 1,
      "used_volume": 0.8280477497121298,
      "used_weight": 0.47588,
      "unload_obs": 0,
      "hs_cond": 1,
      "p_cond": 0,
      "sub_cond": 0
    }
  ],
  "weight": [
    {
      "iteration": 151,
      "time": "222.6675353050232",
      "n_placed": 393,
      "n_discard": 261,
      "p_mean_weight": 26.816310432569974,
      "d_mean_weight": 10.036551724137931,
      "p_median_weight": 21.47,
      "d_median_weight": 8.4,
      "p_std_weight": 21.10966594480701,
      "d_std_weight": 6.237730509553481,
      "p_total_weight": 10538.81,
      "d_total_weight": 2619.54,
      "p_mean_taxability": 57.51466323155218,
      "d_mean_taxability": 26.334137586206904,
      "p_total_taxability": 22603.262650000004,
      "d_total_taxability": 6873.209910000001,
      "p_mean_volume": 0.17174356234096694,
      "d_mean_volume": 0.07908149425287357,
      "p_median_volume": 0.11054000000000001,
      "d_median_volume": 0.0609,
      "p_std_volume": 0.1456523292006107,
      "d_std_volume": 0.05803254195566092,
      "p_total_volume": 67.49522,
      "d_total_volume": 20.64027,
      "d_max_priority": 1,
      "used_volume": 0.8268028027537546,
      "used_weight": 0.47903681818181815,
      "unload_obs": 0,
      "hs_cond": 1,
      "p_cond": 0,
      "sub_cond": 0
    },
    {
      "iteration": 216,
      "time": "356.19319343566895",
      "n_placed": 393,
      "n_discard": 261,
      "p_mean_weight": 26.807175572519082,
      "d_mean_weight": 10.050306513409963,
      "p_median_weight": 21.47,
      "d_median_weight": 8.4,
      "p_std_weight": 21.128738623703725,
      "d_std_weight": 6.177195895910814,
      "p_total_weight": 10535.22,
      "d_total_weight": 2623.13,
      "p_mean_taxability": 57.51812880407125,
      "d_mean_taxability": 26.328919310344833,
      "p_total_taxability": 22604.624620000002,
      "d_total_taxability": 6871.8479400000015,
      "p_mean_volume": 0.1717539694656489,
      "d_mean_volume": 0.07906582375478928,
      "p_median_volume": 0.11115000000000001,
      "d_median_volume": 0.06101,
      "p_std_volume": 0.14570873576797347,
      "d_std_volume": 0.05779344069608502,
      "p_total_volume": 67.49931000000001,
      "d_total_volume": 20.636180000000003,
      "d_max_priority": 1,
      "used_volume": 0.826852904427077,
      "used_weight": 0.47887363636363633,
      "unload_obs": 0,
      "hs_cond": 1,
      "p_cond": 0,
      "sub_cond": 0
    },
    {
      "iteration": 234,
      "time": "319.4257667064667",
      "n_placed": 396,
      "n_discard": 258,
      "p_mean_weight": 26.59891414141414,
      "d_mean_weight": 10.175116279069767,
      "p_median_weight": 21.04,
      "d_median_weight": 8.7,
      "p_std_weight": 21.2247344503721,
      "d_std_weight": 5.8768578142173675,
      "p_total_weight": 10533.17,
      "d_total_weight": 2625.18,
      "p_mean_taxability": 56.93612608585859,
      "d_mean_taxability": 26.859560581395353,
      "p_total_taxability": 22546.70593,
      "d_total_taxability": 6929.766630000001,
      "p_mean_volume": 0.17001358585858584,
      "d_mean_volume": 0.08065934108527133,
      "p_median_volume": 0.10311500000000001,
      "d_median_volume": 0.0613,
      "p_std_volume": 0.14658548696798301,
      "d_std_volume": 0.055919402324895076,
      "p_total_volume": 67.32538,
      "d_total_volume": 20.81011,
      "d_max_priority": 1,
      "used_volume": 0.8247222970820981,
      "used_weight": 0.47878045454545454,
      "unload_obs": 0,
      "hs_cond": 1,
      "p_cond": 0,
      "sub_cond": 0
    }
  ],
  "taxability": [
    {
      "iteration": 153,
      "time": "499.99635219573975",
      "n_placed": 403,
      "n_discard": 251,
      "p_mean_weight": 26.032406947890824,
      "d_mean_weight": 10.626653386454183,
      "p_median_weight": 21.0,
      "d_median_weight": 8.2,
      "p_std_weight": 20.308984015808853,
      "d_std_weight": 10.28456419861233,
      "p_total_weight": 10491.060000000001,
      "d_total_weight": 2667.29,
      "p_mean_taxability": 56.20331496277915,
      "d_mean_taxability": 27.197357091633467,
      "p_total_taxability": 22649.93593,
      "d_total_taxability": 6826.5366300000005,
      "p_mean_volume": 0.16782972704714644,
      "d_mean_volume": 0.08167374501992034,
      "p_median_volume": 0.10779000000000001,
      "d_median_volume": 0.059980000000000006,
      "p_std_volume": 0.1417880256810928,
      "d_std_volume": 0.07234873185563605,
      "p_total_volume": 67.63538000000001,
      "d_total_volume": 20.500110000000003,
      "d_max_priority": 1,
      "used_volume": 0.8285197344243821,
      "used_weight": 0.4768663636363637,
      "unload_obs": 0,
      "hs_cond": 1,
      "p_cond": 0,