{
  "volume": [
    {
      "iteration": 218,
      "time": "61.89168620109558",
      "n_placed": 275,
      "n_discard": 178,
      "p_mean_weight": 33.475854545454546,
      "d_mean_weight": 28.52949438202247,
      "p_median_weight": 24.53,
      "d_median_weight": 19.96,
      "p_std_weight": 27.105697509878137,
      "d_std_weight": 21.613234548593386,
      "p_total_weight": 9205.86,
      "d_total_weight": 5078.25,
      "p_mean_taxability": 72.69490970909091,
      "d_mean_taxability": 69.37909078651684,
      "p_total_taxability": 19991.10017,
      "d_total_taxability": 12349.478159999999,
      "p_mean_volume": 0.21670098181818184,
      "d_mean_volume": 0.2083456179775281,
      "p_median_volume": 0.17641,
      "d_median_volume": 0.15847,
      "p_std_volume": 0.19936837245818043,
      "d_std_volume": 0.144018614223427,
      "p_total_volume": 59.59277000000001,
      "d_total_volume": 37.08552,
      "d_max_priority": 0,
      "used_volume": 0.7299993875101062,
      "used_weight": 0.41844818181818183,
      "unload_obs": 1,
      "hs_cond": 1,
      "p_cond": 1,
      "sub_cond": 1
    },
    {
      "iteration": 9,
      "time": "58.05258584022522",
      "n_placed": 275,
      "n_discard": 178,
      "p_mean_weight": 33.45618181818182,
      "d_mean_weight": 28.55988764044944,
      "p_median_weight": 24.53,
      "d_median_weight": 19.96,
      "p_std_weight": 27.122799018706704,
      "d_std_weight": 21.58696664195466,
      "p_total_weight": 9200.45,
      "d_total_weight": 5083.66,
      "p_mean_taxability": 72.65367825454545,
      "d_mean_taxability": 69.44279106741573,
      "p_total_taxability": 19979.76152,
      "d_total_taxability": 12360.81681,
      "p_mean_volume": 0.21657716363636367,
      "d_mean_volume": 0.20853691011235956,
      "p_median_volume": 0.17816,
      "d_median_volume": 0.15756,
      "p_std_volume": 0.19946106307722442,
      "d_std_volume": 0.1438307630751601,
      "p_total_volume": 59.55872000000001,
      "d_total_volume": 37.11957,
      "d_max_priority": 0,
      "used_volume": 0.7295822818923489,
      "used_weight": 0.4182022727272728,
      "unload_obs": 1,
      "hs_cond": 1,
      "p_cond": 1,
      "sub_cond": 1
    },
    {
      "iteration": 57,
      "time": "95.9884557723999",
      "n_placed": 280,
      "n_discard": 173,
      "p_mean_weight": 32.45428571428572,
      "d_mean_weight": 30.03994219653179,
      "p_median_weight": 22.0,
      "d_median_weight": 20.18,
      "p_std_weight": 26.853024395796254,
      "d_std_weight": 22.20845882994339,
      "p_total_weight": 9087.2,
      "d_total_weight": 5196.91,
      "p_mean_taxability": 71.06986357142857,
      "d_mean_taxability": 71.91339034682082,
      "p_total_taxability": 19899.5618,
      "d_total_taxability": 12441.01653,
      "p_mean_volume": 0.21184957142857144,
      "d_mean_volume": 0.21595612716763007,
      "p_median_volume": 0.16679,
      "d_median_volume": 0.17472000000000001,
      "p_std_volume": 0.19784458139567354,
      "d_std_volume": 0.14561602993843173,
      "p_total_volume": 59.31788,
      "d_total_volume": 37.36041,
      "d_max_priority": 0,
      "used_volume": 0.7266320405713306,
      "used_weight": 0.4130545454545455,
      "unload_obs": 1,
      "hs_cond": 1,
      "p_cond": 1,
      "sub_cond": 1
    }
  ],
  "weight": [
    {
      "iteration": 218,
      "time": "61.89168620109558",
      "n_placed": 275,
      "n_discard": 178,
      "p_mean_weight": 33.475854545454546,
      "d_mean_weight": 28.52949438202247,
      "p_median_weight": 24.53,
      "d_median_weight": 19.96,
      "p_std_weight": 27.105697509878137,
      "d_std_weight": 21.613234548593386,
      "p_total_weight": 9205.86,
      "d_total_weight": 5078.25,
      "p_mean_taxability": 72.69490970909091,
      "d_mean_taxability": 69.37909078651684,
      "p_total_taxability": 19991.10017,
      "d_total_taxability": 12349.478159999999,
      "p_mean_volume": 0.21670098181818184,
      "d_mean_volume": 0.2083456179775281,
      "p_median_volume": 0.17641,
      "d_median_volume": 0.15847,
      "p_std_volume": 0.19936837245818043,
      "d_std_volume": 0.144018614223427,
      "p_total_volume": 59.59277000000001,
      "d_total_volume": 37.08552,
      "d_max_priority": 0,
      "used_volume": 0.7299993875101062,
      "used_weight": 0.41844818181818183,
      "unload_obs": 1,
      "hs_cond": 1,
      "p_cond": 1,
      "sub_cond": 1
    },
    {
      "iteration": 9,
      "time": "58.05258584022522",
      "n_placed": 275,
      "n_discard": 178,
      "p_mean_weight": 33.45618181818182,
      "d_mean_weight": 28.55988764044944,
      "p_median_weight": 24.53,
      "d_median_weight": 19.96,
      "p_std_weight": 27.122799018706704,
      "d_std_weight": 21.58696664195466,
      "p_total_weight": 9200.45,
      "d_total_weight": 5083.66,
      "p_mean_taxability": 72.65367825454545,
      "d_mean_taxability": 69.44279106741573,
      "p_total_taxability": 19979.76152,
      "d_total_taxability": 12360.81681,
      "p_mean_volume": 0.21657716363636367,
      "d_mean_volume": 0.20853691011235956,
      "p_median_volume": 0.17816,
      "d_median_volume": 0.15756,
      "p_std_volume": 0.19946106307722442,
      "d_std_volume": 0.1438307630751601,
      "p_total_volume": 59.55872000000001,
      "d_total_volume": 37.11957,
      "d_max_priority": 0,
      "used_volume": 0.7295822818923489,
      "used_weight": 0.4182022727272728,
      "unload_obs": 1,
      "hs_cond": 1,
      "p_cond": 1,
      "sub_cond": 1
    },
    {
      "iteration": 57,
      "time": "95.9884557723999",
      "n_placed": 280,
      "n_discard": 173,
      "p_mean_weight": 32.45428571428572,
      "d_mean_weight": 30.03994219653179,
      "p_median_weight": 22.0,
      "d_median_weight": 20.18,
      "p_std_weight": 26.853024395796254,
      "d_std_weight": 22.20845882994339,
      "p_total_weight": 9087.2,
      "d_total_weight": 5196.91,
      "p_mean_taxability": 71.06986357142857,
      "d_mean_taxability": 71.91339034682082,
      "p_total_taxability": 19899.5618,
      "d_total_taxability": 12441.01653,
      "p_mean_volume": 0.21184957142857144,
      "d_mean_volume": 0.21595612716763007,
      "p_median_volume": 0.16679,
      "d_median_volume": 0.17472000000000001,
      "p_std_volume": 0.19784458139567354,
      "d_std_volume": 0.14561602993843173,
      "p_total_volume": 59.31788,
      "d_total_volume": 37.36041,
      "d_max_priority": 0,
      "used_volume": 0.7266320405713306,
      "used_weight": 0.4130545454545455,
      "unload_obs": 1,
      "hs_cond": 1,
      "p_cond": 1,
      "sub_cond": 1
    }
  ],
  "taxability": [
    {
      "iteration": 218,
      "time": "61.89168620109558",
      "n_placed": 275,
      "n_discard": 178,
      "p_mean_weight": 33.475854545454546,
      "d_mean_weight": 28.52949438202247,
      "p_median_weight": 24.53,
      "d_median_weight": 19.96,
      "p_std_weight": 27.105697509878137,
      "d_std_weight": 21.613234548593386,
      "p_total_weight": 9205.86,
      "d_total_weight": 5078.25,
      "p_mean_taxability": 72.69490970909091,
      "d_mean_taxability": 69.37909078651684,
      "p_total_taxability": 19991.10017,
      "d_total_taxability": 12349.478159999999,
      "p_mean_volume": 0.21670098181818184,
      "d_mean_volume": 0.2083456179775281,
      "p_median_volume": 0.17641,
      "d_median_volume": 0.15847,
      "p_std_volume": 0.19936837245818043,
      "d_std_volume": 0.144018614223427,
      "p_total_volume": 59.59277000000001,
      "d_total_volume": 37.08552,
      "d_max_priority": 0,
      "used_volume": 0.7299993875101062,
      "used_weight": 0.41844818181818183,
      "unload_obs": 1,
      "hs_cond": 1,
      "p_cond": 1,
      "sub_cond": 1
    },
    {
      "iteration": 9,
      "time": "58.05258584022522",
      "n_placed": 275,
      "n_discard": 178,
      "p_mean_weight": 33.45618181818182,
      "d_mean_weight": 28.55988764044944,
      "p_median_weight": 24.53,