{
  "volume": [
    {
      "iteration": 46,
      "time": "192.4594464302063",
      "n_placed": 443,
      "n_discard": 209,
      "p_mean_weight": 21.5803611738149,
      "d_mean_weight": 17.465933014354068,
      "p_median_weight": 13.0,
      "d_median_weight": 10.1,
      "p_std_weight": 20.510120421105842,
      "d_std_weight": 16.001335858155446,
      "p_total_weight": 9560.1,
      "d_total_weight": 3650.38,
      "p_mean_taxability": 46.48698119638827,
      "d_mean_taxability": 43.81816349282297,
      "p_total_taxability": 20593.732670000005,
      "d_total_taxability": 9157.99617,
      "p_mean_volume": 0.13896343115124155,
      "d_mean_volume": 0.13158607655502394,
      "p_median_volume": 0.07223,
      "d_median_volume": 0.07811000000000001,
      "p_std_volume": 0.14593354127855948,
      "d_std_volume": 0.11539819745923359,
      "p_total_volume": 61.56080000000001,
      "d_total_volume": 27.501490000000004,
      "d_max_priority": 0,
      "used_volume": 0.7541073572286058,
      "used_weight": 0.43455,
      "unload_obs": 4,
      "hs_cond": 1,
      "p_cond": 1,
      "sub_cond": 1
    },
    {
      "iteration": 74,
      "time": "177.10868167877197",
      "n_placed": 424,
      "n_discard": 228,
      "p_mean_weight": 22.188278301886793,
      "d_mean_weight": 16.678289473684213,
      "p_median_weight": 14.75,
      "d_median_weight": 9.765,
      "p_std_weight": 20.384682809556836,
      "d_std_weight": 16.43594776699951,
      "p_total_weight": 9407.83,
      "d_total_weight": 3802.6500000000005,
      "p_mean_taxability": 48.248047971698114,
      "d_mean_taxability": 40.76559868421053,
      "p_total_taxability": 20457.17234,
      "d_total_taxability": 9294.5565,
      "p_mean_volume": 0.1442869575471698,
      "d_mean_volume": 0.1223009649122807,
      "p_median_volume": 0.07822500000000002,
      "d_median_volume": 0.07193,
      "p_std_volume": 0.14715892776432304,
      "d_std_volume": 0.1141653173143181,
      "p_total_volume": 61.17767,
      "d_total_volume": 27.884619999999998,
      "d_max_priority": 0,
      "used_volume": 0.7494140921674792,
      "used_weight": 0.42762863636363635,
      "unload_obs": 3,
      "hs_cond": 1,
      "p_cond": 1,
      "sub_cond": 1
    },
    {
      "iteration": 171,
      "time": "175.22815823554993",
      "n_placed": 422,
      "n_discard": 230,
      "p_mean_weight": 22.180165876777252,
      "d_mean_weight": 16.74108695652174,
      "p_median_weight": 14.75,
      "d_median_weight": 9.55,
      "p_std_weight": 20.419529593223345,
      "d_std_weight": 16.40798479975259,
      "p_total_weight": 9360.03,
      "d_total_weight": 3850.4500000000003,
      "p_mean_taxability": 47.966812227488155,
      "d_mean_taxability": 41.34666991304348,
      "p_total_taxability": 20241.99476,
      "d_total_taxability": 9509.73408,
      "p_mean_volume": 0.143375663507109,
      "d_mean_volume": 0.12416417391304349,
      "p_median_volume": 0.07822500000000002,
      "d_median_volume": 0.07245000000000001,
      "p_std_volume": 0.1474057503879036,
      "d_std_volume": 0.11422961935105769,
      "p_total_volume": 60.50453,
      "d_total_volume": 28.557760000000002,
      "d_max_priority": 0,
      "used_volume": 0.7411682632236568,
      "used_weight": 0.42545590909090913,
      "unload_obs": 7,
      "hs_cond": 1,
      "p_cond": 1,
      "sub_cond": 1
    }
  ],
  "weight": [
    {
      "iteration": 46,
      "time": "192.4594464302063",
      "n_placed": 443,
      "n_discard": 209,
      "p_mean_weight": 21.5803611738149,
      "d_mean_weight": 17.465933014354068,
      "p_median_weight": 13.0,
      "d_median_weight": 10.1,
      "p_std_weight": 20.510120421105842,
      "d_std_weight": 16.001335858155446,
      "p_total_weight": 9560.1,
      "d_total_weight": 3650.38,
      "p_mean_taxability": 46.48698119638827,
      "d_mean_taxability": 43.81816349282297,
      "p_total_taxability": 20593.732670000005,
      "d_total_taxability": 9157.99617,
      "p_mean_volume": 0.13896343115124155,
      "d_mean_volume": 0.13158607655502394,
      "p_median_volume": 0.07223,
      "d_median_volume": 0.07811000000000001,
      "p_std_volume": 0.14593354127855948,
      "d_std_volume": 0.11539819745923359,
      "p_total_volume": 61.56080000000001,
      "d_total_volume": 27.501490000000004,
      "d_max_priority": 0,
      "used_volume": 0.7541073572286058,
      "used_weight": 0.43455,
      "unload_obs": 4,
      "hs_cond": 1,
      "p_cond": 1,
      "sub_cond": 1
    },
    {
      "iteration": 74,
      "time": "177.10868167877197",
      "n_placed": 424,
      "n_discard": 228,
      "p_mean_weight": 22.188278301886793,
      "d_mean_weight": 16.678289473684213,
      "p_median_weight": 14.75,
      "d_median_weight": 9.765,
      "p_std_weight": 20.384682809556836,
      "d_std_weight": 16.43594776699951,
      "p_total_weight": 9407.83,
      "d_total_weight": 3802.6500000000005,
      "p_mean_taxability": 48.248047971698114,
      "d_mean_taxability": 40.76559868421053,
      "p_total_taxability": 20457.17234,
      "d_total_taxability": 9294.5565,
      "p_mean_volume": 0.1442869575471698,
      "d_mean_volume": 0.1223009649122807,
      "p_median_volume": 0.07822500000000002,
      "d_median_volume": 0.07193,
      "p_std_volume": 0.14715892776432304,
      "d_std_volume": 0.1141653173143181,
      "p_total_volume": 61.17767,
      "d_total_volume": 27.884619999999998,
      "d_max_priority": 0,
      "used_volume": 0.7494140921674792,
      "used_weight": 0.42762863636363635,
      "unload_obs": 3,
      "hs_cond": 1,
      "p_cond": 1,
      "sub_cond": 1
    },
    {
      "iteration": 171,
      "time": "175.22815823554993",
      "n_placed": 422,
      "n_discard": 230,
      "p_mean_weight": 22.180165876777252,
      "d_mean_weight": 16.74108695652174,
      "p_median_weight": 14.75,
      "d_median_weight": 9.55,
      "p_std_weight": 20.419529593223345,
      "d_std_weight": 16.40798479975259,
      "p_total_weight": 9360.03,
      "d_total_weight": 3850.4500000000003,
      "p_mean_taxability": 47.966812227488155,
      "d_mean_taxability": 41.34666991304348,
      "p_total_taxability": 20241.99476,
      "d_total_taxability": 9509.73408,
      "p_mean_volume": 0.143375663507109,
      "d_mean_volume": 0.12416417391304349,
      "p_median_volume": 0.07822500000000002,
      "d_median_volume": 0.07245000000000001,
      "p_std_volume": 0.1474057503879036,
      "d_std_volume": 0.11422961935105769,
      "p_total_volume": 60.50453,
      "d_total_volume": 28.557760000000002,
      "d_max_priority": 0,
      "used_volume": 0.7411682632236568,
      "used_weight": 0.42545590909090913,
      "unload_obs": 7,
      "hs_cond": 1,
      "p_cond": 1,
      "sub_cond": 1
    }
  ],
  "taxability": [
    {
      "iteration": 46,
      "time": "192.4594464302063",
      "n_placed": 443,
      "n_discard": 209,
      "p_mean_weight": 21.5803611738149,
      "d_mean_weight": 17.465933014354068,
      "p_median_weight": 13.0,
      "d_median_weight": 10.1,
      "p_std_weight": 20.510120421105842,
      "d_std_weight": 16.001335858155446,
      "p_total_weight": 9560.1,
      "d_total_weight": 3650.38,
      "p_mean_taxability": 46.48698119638827,
      "d_mean_taxability": 43.81816349282297,
      "p_total_taxability": 20593.732670000005,
      "d_total_taxability": 9157.99617,
      "p_mean_volume": 0.13896343115124155,
      "d_mean_volume": 0.13158607655502394,
      "p_median_volume": 0.07223,
      "d_median_volume": 0.07811000000000001,
      "p_std_volume": 0.14593354127855948,
      "d_std_volume": 0.11539819745923359,
      "p_total_volume": 61.56080000000001,
      "d_total_volume": 27.501490000000004,
      "d_max_priority": 0,
      "used_volume": 0.7541073572286058,
      "used_weight": 0.43455,
      "unload_obs": 4,
      "hs_cond": 1,
      "p_cond": 1,
      "sub_cond": 1
    },
    {
      "iteration": 74,
      "time": "177.10868167877197",