{
  "volume": [
    {
      "iteration": 181,
      "time": "37.59148192405701",
      "n_placed": 306,
      "n_discard": 213,
      "p_mean_weight": 28.189771241830066,
      "d_mean_weight": 20.538967136150237,
      "p_median_weight": 19.455,
      "d_median_weight": 10.56,
      "p_std_weight": 22.160860911547207,
      "d_std_weight": 19.377221403119663,
      "p_total_weight": 8626.07,
      "d_total_weight": 4374.8,
      "p_mean_taxability": 59.85857588235295,
      "d_mean_taxability": 49.45239169014085,
      "p_total_taxability": 18316.724220000004,
      "d_total_taxability": 10533.35943,
      "p_mean_volume": 0.1783469934640523,
      "d_mean_volume": 0.14850568075117374,
      "p_median_volume": 0.11047000000000001,
      "d_median_volume": 0.0795,
      "p_std_volume": 0.14230041425044812,
      "d_std_volume": 0.1315561425390189,
      "p_total_volume": 54.574180000000005,
      "d_total_volume": 31.631710000000005,
      "d_max_priority": 0,
      "used_volume": 0.6685226743758729,
      "used_weight": 0.3920940909090909,
      "unload_obs": 3,
      "hs_cond": 1,
      "p_cond": 1,
      "sub_cond": 1
    },
    {
      "iteration": 166,
      "time": "75.91034388542175",
      "n_placed": 300,
      "n_discard": 219,
      "p_mean_weight": 28.689000000000004,
      "d_mean_weight": 20.064703196347033,
      "p_median_weight": 20.0,
      "d_median_weight": 10.6,
      "p_std_weight": 22.248233968468575,
      "d_std_weight": 19.075297183552905,
      "p_total_weight": 8606.7,
      "d_total_weight": 4394.17,
      "p_mean_taxability": 61.02621030000001,
      "d_mean_taxability": 48.137993424657544,
      "p_total_taxability": 18307.863090000003,
      "d_total_taxability": 10542.220560000002,
      "p_mean_volume": 0.18182523333333336,
      "d_mean_volume": 0.1445585388127854,
      "p_median_volume": 0.12354500000000002,
      "d_median_volume": 0.07779000000000001,
      "p_std_volume": 0.14331988824129474,
      "d_std_volume": 0.12920975883651006,
      "p_total_volume": 54.54757000000001,
      "d_total_volume": 31.658320000000003,
      "d_max_priority": 0,
      "used_volume": 0.6681967072543304,
      "used_weight": 0.3912136363636364,
      "unload_obs": 4,
      "hs_cond": 1,
      "p_cond": 1,
      "sub_cond": 1
    },
    {
      "iteration": 34,
      "time": "81.78679180145264",
      "n_placed": 332,
      "n_discard": 187,
      "p_mean_weight": 24.80840361445783,
      "d_mean_weight": 25.47850267379679,
      "p_median_weight": 16.35,
      "d_median_weight": 11.0,
      "p_std_weight": 20.4194746252085,
      "d_std_weight": 23.03257758054936,
      "p_total_weight": 8236.39,
      "d_total_weight": 4764.48,
      "p_mean_taxability": 54.152447801204815,
      "d_mean_taxability": 58.13620844919787,
      "p_total_taxability": 17978.61267,
      "d_total_taxability": 10871.470980000002,
      "p_mean_volume": 0.1613217771084338,
      "d_mean_volume": 0.17458320855614975,
      "p_median_volume": 0.103345,
      "d_median_volume": 0.084,
      "p_std_volume": 0.13482472619930494,
      "d_std_volume": 0.1451571606817132,
      "p_total_volume": 53.558830000000015,
      "d_total_volume": 32.64706,
      "d_max_priority": 0,
      "used_volume": 0.6560848421001055,
      "used_weight": 0.3743813636363636,
      "unload_obs": 3,
      "hs_cond": 1,
      "p_cond": 1,
      "sub_cond": 1
    }
  ],
  "weight": [
    {
      "iteration": 181,
      "time": "37.59148192405701",
      "n_placed": 306,
      "n_discard": 213,
      "p_mean_weight": 28.189771241830066,
      "d_mean_weight": 20.538967136150237,
      "p_median_weight": 19.455,
      "d_median_weight": 10.56,
      "p_std_weight": 22.160860911547207,
      "d_std_weight": 19.377221403119663,
      "p_total_weight": 8626.07,
      "d_total_weight": 4374.8,
      "p_mean_taxability": 59.85857588235295,
      "d_mean_taxability": 49.45239169014085,
      "p_total_taxability": 18316.724220000004,
      "d_total_taxability": 10533.35943,
      "p_mean_volume": 0.1783469934640523,
      "d_mean_volume": 0.14850568075117374,
      "p_median_volume": 0.11047000000000001,
      "d_median_volume": 0.0795,
      "p_std_volume": 0.14230041425044812,
      "d_std_volume": 0.1315561425390189,
      "p_total_volume": 54.574180000000005,
      "d_total_volume": 31.631710000000005,
      "d_max_priority": 0,
      "used_volume": 0.6685226743758729,
      "used_weight": 0.3920940909090909,
      "unload_obs": 3,
      "hs_cond": 1,
      "p_cond": 1,
      "sub_cond": 1
    },
    {
      "iteration": 166,
      "time": "75.91034388542175",
      "n_placed": 300,
      "n_discard": 219,
      "p_mean_weight": 28.689000000000004,
      "d_mean_weight": 20.064703196347033,
      "p_median_weight": 20.0,
      "d_median_weight": 10.6,
      "p_std_weight": 22.248233968468575,
      "d_std_weight": 19.075297183552905,
      "p_total_weight": 8606.7,
      "d_total_weight": 4394.17,
      "p_mean_taxability": 61.02621030000001,
      "d_mean_taxability": 48.137993424657544,
      "p_total_taxability": 18307.863090000003,
      "d_total_taxability": 10542.220560000002,
      "p_mean_volume": 0.18182523333333336,
      "d_mean_volume": 0.1445585388127854,
      "p_median_volume": 0.12354500000000002,
      "d_median_volume": 0.07779000000000001,
      "p_std_volume": 0.14331988824129474,
      "d_std_volume": 0.12920975883651006,
      "p_total_volume": 54.54757000000001,
      "d_total_volume": 31.658320000000003,
      "d_max_priority": 0,
      "used_volume": 0.6681967072543304,
      "used_weight": 0.3912136363636364,
      "unload_obs": 4,
      "hs_cond": 1,
      "p_cond": 1,
      "sub_cond": 1
    },
    {
      "iteration": 211,
      "time": "60.55711531639099",
      "n_placed": 309,
      "n_discard": 210,
      "p_mean_weight": 27.300809061488675,
      "d_mean_weight": 21.737714285714286,
      "p_median_weight": 16.85,
      "d_median_weight": 11.67,
      "p_std_weight": 22.4429970058153,
      "d_std_weight": 19.285489909937525,
      "p_total_weight": 8435.95,
      "d_total_weight": 4564.92,
      "p_mean_taxability": 57.97228019417476,
      "d_mean_taxability": 52.07928128571428,
      "p_total_taxability": 17913.43458,
      "d_total_taxability": 10936.64907,
      "p_mean_volume": 0.1726961165048544,
      "d_mean_volume": 0.15639423809523814,
      "p_median_volume": 0.10494,
      "d_median_volume": 0.09020500000000001,
      "p_std_volume": 0.14333748068330118,
      "d_std_volume": 0.13116534324855944,
      "p_total_volume": 53.3631,
      "d_total_volume": 32.84279000000001,
      "d_max_priority": 0,
      "used_volume": 0.6536871891613789,
      "used_weight": 0.3834522727272728,
      "unload_obs": 8,
      "hs_cond": 1,
      "p_cond": 1,
      "sub_cond": 1
    }
  ],
  "taxability": [
    {
      "iteration": 181,
      "time": "37.59148192405701",
      "n_placed": 306,
      "n_discard": 213,
      "p_mean_weight": 28.189771241830066,
      "d_mean_weight": 20.538967136150237,
      "p_median_weight": 19.455,
      "d_median_weight": 10.56,
      "p_std_weight": 22.160860911547207,
      "d_std_weight": 19.377221403119663,
      "p_total_weight": 8626.07,
      "d_total_weight": 4374.8,
      "p_mean_taxability": 59.85857588235295,
      "d_mean_taxability": 49.45239169014085,
      "p_total_taxability": 18316.724220000004,
      "d_total_taxability": 10533.35943,
      "p_mean_volume": 0.1783469934640523,
      "d_mean_volume": 0.14850568075117374,
      "p_median_volume": 0.11047000000000001,
      "d_median_volume": 0.0795,
      "p_std_volume": 0.14230041425044812,
      "d_std_volume": 0.1315561425390189,
      "p_total_volume": 54.574180000000005,
      "d_total_volume": 31.631710000000005,
      "d_max_priority": 0,
      "used_volume": 0.6685226743758729,
      "used_weight": 0.3920940909090909,
      "unload_obs": 3,
      "hs_cond": 1,
      "p_cond": 1,
      "sub_cond": 1
    },
    {
      "iteration": 166,