{
  "volume": [
    {
      "iteration": 93,
      "time": "30.777721166610718",
      "n_placed": 219,
      "n_discard": 93,
      "p_mean_weight": 41.81365296803653,
      "d_mean_weight": 47.18827956989249,
      "p_median_weight": 38.6,
      "d_median_weight": 40.5,
      "p_std_weight": 23.196569787306164,
      "d_std_weight": 26.923118909044625,
      "p_total_weight": 9157.19,
      "d_total_weight": 4388.510000000001,
      "p_mean_taxability": 91.36170680365298,
      "d_mean_taxability": 118.51545193548387,
      "p_total_taxability": 20008.21379,
      "d_total_taxability": 11021.93703,
      "p_mean_volume": 0.27424287671232883,
      "d_mean_volume": 0.35590225806451614,
      "p_median_volume": 0.27035000000000003,
      "d_median_volume": 0.32032000000000005,
      "p_std_volume": 0.14975272804008627,
      "d_std_volume": 0.24086423780307123,
      "p_total_volume": 60.05919000000001,
      "d_total_volume": 33.098910000000004,
      "d_max_priority": 0,
      "used_volume": 0.7357129382365192,
      "used_weight": 0.41623590909090913,
      "unload_obs": 1,
      "hs_cond": 1,
      "p_cond": 1,
      "sub_cond": 1
    },
    {
      "iteration": 87,
      "time": "30.302412509918213",
      "n_placed": 202,
      "n_discard": 110,
      "p_mean_weight": 44.14143564356436,
      "d_mean_weight": 42.083,
      "p_median_weight": 38.7,
      "d_median_weight": 40.150000000000006,
      "p_std_weight": 28.04540200372539,
      "d_std_weight": 15.877018042649114,
      "p_total_weight": 8916.57,
      "d_total_weight": 4629.13,
      "p_mean_taxability": 98.47485247524753,
      "d_mean_taxability": 101.25664200000001,
      "p_total_taxability": 19891.9202,
      "d_total_taxability": 11138.230620000002,
      "p_mean_volume": 0.29559386138613863,
      "d_mean_volume": 0.304074,
      "p_median_volume": 0.27349,
      "d_median_volume": 0.3007,
      "p_std_volume": 0.22011783267069115,
      "d_std_volume": 0.09175284775922003,
      "p_total_volume": 59.70996,
      "d_total_volume": 33.44814,
      "d_max_priority": 0,
      "used_volume": 0.7314349413234682,
      "used_weight": 0.40529863636363633,
      "unload_obs": 1,
      "hs_cond": 1,
      "p_cond": 1,
      "sub_cond": 1
    },
    {
      "iteration": 152,
      "time": "30.138737440109253",
      "n_placed": 207,
      "n_discard": 105,
      "p_mean_weight": 42.47661835748792,
      "d_mean_weight": 45.26704761904762,
      "p_median_weight": 36.36,
      "d_median_weight": 43.0,
      "p_std_weight": 27.68980901812864,
      "d_std_weight": 16.22735593443093,
      "p_total_weight": 8792.66,
      "d_total_weight": 4753.04,
      "p_mean_taxability": 95.78403328502418,
      "d_mean_taxability": 106.69386600000001,
      "p_total_taxability": 19827.294890000005,
      "d_total_taxability": 11202.855930000002,
      "p_mean_volume": 0.2875163768115942,
      "d_mean_volume": 0.32040199999999996,
      "p_median_volume": 0.26561,
      "d_median_volume": 0.32032000000000005,
      "p_std_volume": 0.2170921860581085,
      "d_std_volume": 0.09186398129006569,
      "p_total_volume": 59.51589,
      "d_total_volume": 33.64221,
      "d_max_priority": 0,
      "used_volume": 0.7290576230492196,
      "used_weight": 0.39966636363636365,
      "unload_obs": 1,
      "hs_cond": 1,
      "p_cond": 1,
      "sub_cond": 1
    }
  ],
  "weight": [
    {
      "iteration": 93,
      "time": "30.777721166610718",
      "n_placed": 219,
      "n_discard": 93,
      "p_mean_weight": 41.81365296803653,
      "d_mean_weight": 47.18827956989249,
      "p_median_weight": 38.6,
      "d_median_weight": 40.5,
      "p_std_weight": 23.196569787306164,
      "d_std_weight": 26.923118909044625,
      "p_total_weight": 9157.19,
      "d_total_weight": 4388.510000000001,
      "p_mean_taxability": 91.36170680365298,
      "d_mean_taxability": 118.51545193548387,
      "p_total_taxability": 20008.21379,
      "d_total_taxability": 11021.93703,
      "p_mean_volume": 0.27424287671232883,
      "d_mean_volume": 0.35590225806451614,
      "p_median_volume": 0.27035000000000003,
      "d_median_volume": 0.32032000000000005,
      "p_std_volume": 0.14975272804008627,
      "d_std_volume": 0.24086423780307123,
      "p_total_volume": 60.05919000000001,
      "d_total_volume": 33.098910000000004,
      "d_max_priority": 0,
      "used_volume": 0.7357129382365192,
      "used_weight": 0.41623590909090913,
      "unload_obs": 1,
      "hs_cond": 1,
      "p_cond": 1,
      "sub_cond": 1
    },
    {
      "iteration": 178,
      "time": "31.65390372276306",
      "n_placed": 223,
      "n_discard": 89,
      "p_mean_weight": 40.654618834080715,
      "d_mean_weight": 50.33393258426967,
      "p_median_weight": 37.0,
      "d_median_weight": 43.5,
      "p_std_weight": 22.62669721299316,
      "d_std_weight": 27.439472837252406,
      "p_total_weight": 9065.98,
      "d_total_weight": 4479.72,
      "p_mean_taxability": 88.72115430493275,
      "d_mean_taxability": 126.35206078651687,
      "p_total_taxability": 19784.817410000003,
      "d_total_taxability": 11245.333410000001,
      "p_mean_volume": 0.26631538116591924,
      "d_mean_volume": 0.3794356179775281,
      "p_median_volume": 0.26624000000000003,
      "d_median_volume": 0.33434,
      "p_std_volume": 0.14200084982842076,
      "d_std_volume": 0.24705345798924436,
      "p_total_volume": 59.388329999999996,
      "d_total_volume": 33.76977,
      "d_max_priority": 0,
      "used_volume": 0.7274950388318592,
      "used_weight": 0.41208999999999996,
      "unload_obs": 1,
      "hs_cond": 1,
      "p_cond": 1,
      "sub_cond": 1
    },
    {
      "iteration": 89,
      "time": "30.391977787017822",
      "n_placed": 218,
      "n_discard": 94,
      "p_mean_weight": 41.564770642201836,
      "d_mean_weight": 47.708297872340424,
      "p_median_weight": 37.045,
      "d_median_weight": 41.9,
      "p_std_weight": 23.86943797624886,
      "d_std_weight": 25.34900632772005,
      "p_total_weight": 9061.12,
      "d_total_weight": 4484.58,
      "p_mean_taxability": 90.38011977064221,
      "d_mean_taxability": 120.50302882978725,
      "p_total_taxability": 19702.866110000003,
      "d_total_taxability": 11327.284710000002,
      "p_mean_volume": 0.27129463302752294,
      "d_mean_volume": 0.3618709574468085,
      "p_median_volume": 0.26618,
      "d_median_volume": 0.33434,
      "p_std_volume": 0.15997767171997176,
      "d_std_volume": 0.22165269707005206,
      "p_total_volume": 59.14223,
      "d_total_volume": 34.01587,
      "d_max_priority": 0,
      "used_volume": 0.724480363574001,
      "used_weight": 0.41186909090909096,
      "unload_obs": 0,
      "hs_cond": 1,
      "p_cond": 1,
      "sub_cond": 1
    }
  ],
  "taxability": [
    {
      "iteration": 93,
      "time": "30.777721166610718",
      "n_placed": 219,
      "n_discard": 93,
      "p_mean_weight": 41.81365296803653,
      "d_mean_weight": 47.18827956989249,
      "p_median_weight": 38.6,
      "d_median_weight": 40.5,
      "p_std_weight": 23.196569787306164,
      "d_std_weight": 26.923118909044625,
      "p_total_weight": 9157.19,
      "d_total_weight": 4388.510000000001,
      "p_mean_taxability": 91.36170680365298,
      "d_mean_taxability": 118.51545193548387,
      "p_total_taxability": 20008.21379,
      "d_total_taxability": 11021.93703,
      "p_mean_volume": 0.27424287671232883,
      "d_mean_volume": 0.35590225806451614,
      "p_median_volume": 0.27035000000000003,
      "d_median_volume": 0.32032000000000005,
      "p_std_volume": 0.14975272804008627,
      "d_std_volume": 0.24086423780307123,
      "p_total_volume": 60.05919000000001,
      "d_total_volume": 33.098910000000004,
      "d_max_priority": 0,
      "used_volume": 0.7357129382365192,
      "used_weight": 0.41623590909090913,
      "unload_obs": 1,
      "hs_cond": 1,
      "p_cond": 1,
      "sub_cond": 1
    },
    {
      "iteration": 87,
      "time": "30.302412509918213",