{
  "volume": [
    {
      "iteration": 148,
      "time": "87.53160500526428",
      "n_placed": 237,
      "n_discard": 120,
      "p_mean_weight": 41.846202531645574,
      "d_mean_weight": 31.524583333333336,
      "p_median_weight": 39.0,
      "d_median_weight": 32.25,
      "p_std_weight": 24.78536976044935,
      "d_std_weight": 16.2543777113402,
      "p_total_weight": 9917.550000000001,
      "d_total_weight": 3782.9500000000003,
      "p_mean_taxability": 87.81087966244726,
      "d_mean_taxability": 83.59077,
      "p_total_taxability": 20811.178480000002,
      "d_total_taxability": 10030.8924,
      "p_mean_volume": 0.262980253164557,
      "d_mean_volume": 0.2510233333333334,
      "p_median_volume": 0.26561,
      "d_median_volume": 0.27838,
      "p_std_volume": 0.16829197662558312,
      "d_std_volume": 0.12346913217026981,
      "p_total_volume": 62.32632000000001,
      "d_total_volume": 30.122800000000005,
      "d_max_priority": 0,
      "used_volume": 0.7634848225004288,
      "used_weight": 0.4507977272727273,
      "unload_obs": 3,
      "hs_cond": 1,
      "p_cond": 1,
      "sub_cond": 1
    },
    {
      "iteration": 17,
      "time": "89.9520800113678",
      "n_placed": 236,
      "n_discard": 121,
      "p_mean_weight": 41.92563559322034,
      "d_mean_weight": 31.45495867768595,
      "p_median_weight": 39.0,
      "d_median_weight": 31.5,
      "p_std_weight": 24.817045240880695,
      "d_std_weight": 16.176870222840126,
      "p_total_weight": 9894.45,
      "d_total_weight": 3806.05,
      "p_mean_taxability": 88.01308733050848,
      "d_mean_taxability": 83.23125842975207,
      "p_total_taxability": 20771.088610000003,
      "d_total_taxability": 10070.98227,
      "p_mean_volume": 0.2635844491525424,
      "d_mean_volume": 0.2499437190082645,
      "p_median_volume": 0.265865,
      "d_median_volume": 0.27827,
      "p_std_volume": 0.168438878041459,
      "d_std_volume": 0.12340023263843707,
      "p_total_volume": 62.20593000000001,
      "d_total_volume": 30.243190000000006,
      "d_max_priority": 0,
      "used_volume": 0.7620100693338561,
      "used_weight": 0.4497477272727273,
      "unload_obs": 3,
      "hs_cond": 1,
      "p_cond": 1,
      "sub_cond": 1
    },
    {
      "iteration": 24,
      "time": "89.97247791290283",
      "n_placed": 246,
      "n_discard": 111,
      "p_mean_weight": 40.06967479674797,
      "d_mean_weight": 34.62486486486487,
      "p_median_weight": 34.6,
      "d_median_weight": 36.2,
      "p_std_weight": 25.142008084201553,
      "d_std_weight": 15.888411778563926,
      "p_total_weight": 9857.14,
      "d_total_weight": 3843.36,
      "p_mean_taxability": 84.38300065040652,
      "d_mean_taxability": 90.84552000000001,
      "p_total_taxability": 20758.218160000004,
      "d_total_taxability": 10083.85272,
      "p_mean_volume": 0.25271252032520325,
      "d_mean_volume": 0.2728093693693694,
      "p_median_volume": 0.2516,
      "d_median_volume": 0.28301000000000004,
      "p_std_volume": 0.1692757310333863,
      "d_std_volume": 0.11514211545484508,
      "p_total_volume": 62.16728,
      "d_total_volume": 30.281840000000003,
      "d_max_priority": 0,
      "used_volume": 0.7615366146458583,
      "used_weight": 0.44805181818181816,
      "unload_obs": 1,
      "hs_cond": 1,
      "p_cond": 1,
      "sub_cond": 1
    }
  ],
  "weight": [
    {
      "iteration": 148,
      "time": "87.53160500526428",
      "n_placed": 237,
      "n_discard": 120,
      "p_mean_weight": 41.846202531645574,
      "d_mean_weight": 31.524583333333336,
      "p_median_weight": 39.0,
      "d_median_weight": 32.25,
      "p_std_weight": 24.78536976044935,
      "d_std_weight": 16.2543777113402,
      "p_total_weight": 9917.550000000001,
      "d_total_weight": 3782.9500000000003,
      "p_mean_taxability": 87.81087966244726,
      "d_mean_taxability": 83.59077,
      "p_total_taxability": 20811.178480000002,
      "d_total_taxability": 10030.8924,
      "p_mean_volume": 0.262980253164557,
      "d_mean_volume": 0.2510233333333334,
      "p_median_volume": 0.26561,
      "d_median_volume": 0.27838,
      "p_std_volume": 0.16829197662558312,
      "d_std_volume": 0.12346913217026981,
      "p_total_volume": 62.32632000000001,
      "d_total_volume": 30.122800000000005,
      "d_max_priority": 0,
      "used_volume": 0.7634848225004288,
      "used_weight": 0.4507977272727273,
      "unload_obs": 3,
      "hs_cond": 1,
      "p_cond": 1,
      "sub_cond": 1
    },
    {
      "iteration": 17,
      "time": "89.9520800113678",
      "n_placed": 236,
      "n_discard": 121,
      "p_mean_weight": 41.92563559322034,
      "d_mean_weight": 31.45495867768595,
      "p_median_weight": 39.0,
      "d_median_weight": 31.5,
      "p_std_weight": 24.817045240880695,
      "d_std_weight": 16.176870222840126,
      "p_total_weight": 9894.45,
      "d_total_weight": 3806.05,
      "p_mean_taxability": 88.01308733050848,
      "d_mean_taxability": 83.23125842975207,
      "p_total_taxability": 20771.088610000003,
      "d_total_taxability": 10070.98227,
      "p_mean_volume": 0.2635844491525424,
      "d_mean_volume": 0.2499437190082645,
      "p_median_volume": 0.265865,
      "d_median_volume": 0.27827,
      "p_std_volume": 0.168438878041459,
      "d_std_volume": 0.12340023263843707,
      "p_total_volume": 62.20593000000001,
      "d_total_volume": 30.243190000000006,
      "d_max_priority": 0,
      "used_volume": 0.7620100693338561,
      "used_weight": 0.4497477272727273,
      "unload_obs": 3,
      "hs_cond": 1,
      "p_cond": 1,
      "sub_cond": 1
    },
    {
      "iteration": 152,
      "time": "89.29681658744812",
      "n_placed": 243,
      "n_discard": 114,
      "p_mean_weight": 40.67399176954732,
      "d_mean_weight": 33.480000000000004,
      "p_median_weight": 35.6,
      "d_median_weight": 35.25,
      "p_std_weight": 24.999241908174,
      "d_std_weight": 16.198146567196797,
      "p_total_weight": 9883.779999999999,
      "d_total_weight": 3816.7200000000003,
      "p_mean_taxability": 85.34808016460906,
      "d_mean_taxability": 88.6183105263158,
      "p_total_taxability": 20739.58348,
      "d_total_taxability": 10102.4874,
      "p_mean_volume": 0.2556021399176955,
      "d_mean_volume": 0.266121052631579,
      "p_median_volume": 0.25646,
      "d_median_volume": 0.28301000000000004,
      "p_std_volume": 0.1688599726641252,
      "d_std_volume": 0.11901653398462761,
      "p_total_volume": 62.111320000000006,
      "d_total_volume": 30.337800000000005,
      "d_max_priority": 0,
      "used_volume": 0.7608511159565868,
      "used_weight": 0.4492627272727272,
      "unload_obs": 4,
      "hs_cond": 1,
      "p_cond": 1,
      "sub_cond": 1
    }
  ],
  "taxability": [
    {
      "iteration": 148,
      "time": "87.53160500526428",
      "n_placed": 237,
      "n_discard": 120,
      "p_mean_weight": 41.846202531645574,
      "d_mean_weight": 31.524583333333336,
      "p_median_weight": 39.0,
      "d_median_weight": 32.25,
      "p_std_weight": 24.78536976044935,
      "d_std_weight": 16.2543777113402,
      "p_total_weight": 9917.550000000001,
      "d_total_weight": 3782.9500000000003,
      "p_mean_taxability": 87.81087966244726,
      "d_mean_taxability": 83.59077,
      "p_total_taxability": 20811.178480000002,
      "d_total_taxability": 10030.8924,
      "p_mean_volume": 0.262980253164557,
      "d_mean_volume": 0.2510233333333334,
      "p_median_volume": 0.26561,
      "d_median_volume": 0.27838,
      "p_std_volume": 0.16829197662558312,
      "d_std_volume": 0.12346913217026981,
      "p_total_volume": 62.32632000000001,
      "d_total_volume": 30.122800000000005,
      "d_max_priority": 0,
      "used_volume": 0.7634848225004288,
      "used_weight": 0.4507977272727273,
      "unload_obs": 3,
      "hs_cond": 1,
      "p_cond": 1,
      "sub_cond": 1
    },
    {
      "iteration": 17,
      "time": "89.9520800113678",
      "n_placed": 236,