{
  "volume": [
    {
      "iteration": 187,
      "time": "63.05885887145996",
      "n_placed": 285,
      "n_discard": 175,
      "p_mean_weight": 34.00035087719298,
      "d_mean_weight": 27.123028571428573,
      "p_median_weight": 25.0,
      "d_median_weight": 20.0,
      "p_std_weight": 25.618118049764373,
      "d_std_weight": 22.684202145588845,
      "p_total_weight": 9690.099999999999,
      "d_total_weight": 4746.530000000001,
      "p_mean_taxability": 72.49236614035088,
      "d_mean_taxability": 69.179418,
      "p_total_taxability": 20660.324350000003,
      "d_total_taxability": 12106.39815,
      "p_mean_volume": 0.21692582456140352,
      "d_mean_volume": 0.20774599999999996,
      "p_median_volume": 0.17586000000000002,
      "d_median_volume": 0.17503000000000002,
      "p_std_volume": 0.17550444657232836,
      "d_std_volume": 0.18237930181639167,
      "p_total_volume": 61.82386,
      "d_total_volume": 36.355549999999994,
      "d_max_priority": 0,
      "used_volume": 0.7573297890584806,
      "used_weight": 0.44045909090909086,
      "unload_obs": 3,
      "hs_cond": 1,
      "p_cond": 1,
      "sub_cond": 1
    },
    {
      "iteration": 198,
      "time": "50.955225229263306",
      "n_placed": 300,
      "n_discard": 160,
      "p_mean_weight": 31.645999999999997,
      "d_mean_weight": 30.8926875,
      "p_median_weight": 21.325000000000003,
      "d_median_weight": 23.77,
      "p_std_weight": 26.37842849056985,
      "d_std_weight": 21.418242524952984,
      "p_total_weight": 9493.8,
      "d_total_weight": 4942.83,
      "p_mean_taxability": 68.81093803333334,
      "d_mean_taxability": 75.77150681250001,
      "p_total_taxability": 20643.281410000003,
      "d_total_taxability": 12123.44109,
      "p_mean_volume": 0.20590893333333335,
      "d_mean_volume": 0.22754206250000003,
      "p_median_volume": 0.14225500000000002,
      "d_median_volume": 0.18971500000000002,
      "p_std_volume": 0.188127980948026,
      "d_std_volume": 0.15688381593799441,
      "p_total_volume": 61.77268000000001,
      "d_total_volume": 36.40673,
      "d_max_priority": 0,
      "used_volume": 0.7567028444030675,
      "used_weight": 0.4315363636363636,
      "unload_obs": 5,
      "hs_cond": 1,
      "p_cond": 1,
      "sub_cond": 1
    },
    {
      "iteration": 216,
      "time": "46.29946970939636",
      "n_placed": 279,
      "n_discard": 181,
      "p_mean_weight": 34.096774193548384,
      "d_mean_weight": 27.202375690607735,
      "p_median_weight": 25.42,
      "d_median_weight": 20.0,
      "p_std_weight": 26.64686180834435,
      "d_std_weight": 20.874779556847095,
      "p_total_weight": 9513.0,
      "d_total_weight": 4923.63,
      "p_mean_taxability": 73.94713304659498,
      "d_mean_taxability": 67.04680872928178,
      "p_total_taxability": 20631.25012,
      "d_total_taxability": 12135.472380000003,
      "p_mean_volume": 0.22127795698924735,
      "d_mean_volume": 0.2013417679558011,
      "p_median_volume": 0.18,
      "d_median_volume": 0.16878,
      "p_std_volume": 0.19096698305286883,
      "d_std_volume": 0.15568185323198674,
      "p_total_volume": 61.73655000000001,
      "d_total_volume": 36.44286,
      "d_max_priority": 0,
      "used_volume": 0.7562602592057232,
      "used_weight": 0.4324090909090909,
      "unload_obs": 0,
      "hs_cond": 1,
      "p_cond": 1,
      "sub_cond": 1
    }
  ],
  "weight": [
    {
      "iteration": 187,
      "time": "63.05885887145996",
      "n_placed": 285,
      "n_discard": 175,
      "p_mean_weight": 34.00035087719298,
      "d_mean_weight": 27.123028571428573,
      "p_median_weight": 25.0,
      "d_median_weight": 20.0,
      "p_std_weight": 25.618118049764373,
      "d_std_weight": 22.684202145588845,
      "p_total_weight": 9690.099999999999,
      "d_total_weight": 4746.530000000001,
      "p_mean_taxability": 72.49236614035088,
      "d_mean_taxability": 69.179418,
      "p_total_taxability": 20660.324350000003,
      "d_total_taxability": 12106.39815,
      "p_mean_volume": 0.21692582456140352,
      "d_mean_volume": 0.20774599999999996,
      "p_median_volume": 0.17586000000000002,
      "d_median_volume": 0.17503000000000002,
      "p_std_volume": 0.17550444657232836,
      "d_std_volume": 0.18237930181639167,
      "p_total_volume": 61.82386,
      "d_total_volume": 36.355549999999994,
      "d_max_priority": 0,
      "used_volume": 0.7573297890584806,
      "used_weight": 0.44045909090909086,
      "unload_obs": 3,
      "hs_cond": 1,
      "p_cond": 1,
      "sub_cond": 1
    },
    {
      "iteration": 35,
      "time": "67.52066445350647",
      "n_placed": 285,
      "n_discard": 175,
      "p_mean_weight": 33.96407017543859,
      "d_mean_weight": 27.18211428571429,
      "p_median_weight": 25.0,
      "d_median_weight": 20.0,
      "p_std_weight": 25.646549947710515,
      "d_std_weight": 22.649630039062536,
      "p_total_weight": 9679.759999999998,
      "d_total_weight": 4756.870000000001,
      "p_mean_taxability": 72.34592792982457,
      "d_mean_taxability": 69.41790308571429,
      "p_total_taxability": 20618.589460000003,
      "d_total_taxability": 12148.13304,
      "p_mean_volume": 0.2164860701754386,
      "d_mean_volume": 0.20846217142857143,
      "p_median_volume": 0.17586000000000002,
      "d_median_volume": 0.17503000000000002,
      "p_std_volume": 0.17581892810180677,
      "d_std_volume": 0.18191830580252882,
      "p_total_volume": 61.698530000000005,
      "d_total_volume": 36.48088,
      "d_max_priority": 0,
      "used_volume": 0.7557945218903889,
      "used_weight": 0.43998909090909083,
      "unload_obs": 2,
      "hs_cond": 1,
      "p_cond": 1,
      "sub_cond": 1
    },
    {
      "iteration": 149,
      "time": "65.33927297592163",
      "n_placed": 299,
      "n_discard": 161,
      "p_mean_weight": 31.88782608695652,
      "d_mean_weight": 30.448260869565217,
      "p_median_weight": 20.65,
      "d_median_weight": 28.1,
      "p_std_weight": 25.747562749513254,
      "d_std_weight": 22.81413817584442,
      "p_total_weight": 9534.46,
      "d_total_weight": 4902.17,
      "p_mean_taxability": 68.66528612040135,
      "d_mean_taxability": 75.9987698757764,
      "p_total_taxability": 20530.920550000003,
      "d_total_taxability": 12235.801950000001,
      "p_mean_volume": 0.20546909698996657,
      "d_mean_volume": 0.22822453416149072,
      "p_median_volume": 0.14,
      "d_median_volume": 0.1872,
      "p_std_volume": 0.17572827820795808,
      "d_std_volume": 0.18179520180325962,
      "p_total_volume": 61.43526000000001,
      "d_total_volume": 36.744150000000005,
      "d_max_priority": 0,
      "used_volume": 0.7525695176029596,
      "used_weight": 0.4333845454545454,
      "unload_obs": 3,
      "hs_cond": 1,
      "p_cond": 1,
      "sub_cond": 1
    }
  ],
  "taxability": [
    {
      "iteration": 187,
      "time": "63.05885887145996",
      "n_placed": 285,
      "n_discard": 175,
      "p_mean_weight": 34.00035087719298,
      "d_mean_weight": 27.123028571428573,
      "p_median_weight": 25.0,
      "d_median_weight": 20.0,
      "p_std_weight": 25.618118049764373,
      "d_std_weight": 22.684202145588845,
      "p_total_weight": 9690.099999999999,
      "d_total_weight": 4746.530000000001,
      "p_mean_taxability": 72.49236614035088,
      "d_mean_taxability": 69.179418,
      "p_total_taxability": 20660.324350000003,
      "d_total_taxability": 12106.39815,
      "p_mean_volume": 0.21692582456140352,
      "d_mean_volume": 0.20774599999999996,
      "p_median_volume": 0.17586000000000002,
      "d_median_volume": 0.17503000000000002,
      "p_std_volume": 0.17550444657232836,
      "d_std_volume": 0.18237930181639167,
      "p_total_volume": 61.82386,
      "d_total_volume": 36.355549999999994,
      "d_max_priority": 0,
      "used_volume": 0.7573297890584806,
      "used_weight": 0.44045909090909086,
      "unload_obs": 3,
      "hs_cond": 1,
      "p_cond": 1,