{
  "volume": [
    {
      "iteration": 93,
      "time": "30.777721166610718",
      "n_placed": 219,
      "n_discard": 93,
      "p_mean_weight": 41.81365296803653,
      "d_mean_weight": 47.18827956989249,
      "p_median_weight": 38.6,
      "d_median_weight": 40.5,
      "p_std_weight": 23.196569787306164,
      "d_std_weight": 26.923118909044625,
      "p_total_weight": 9157.19,
      "d_total_weight": 4388.510000000001,
      "p_mean_taxability": 91.36170680365298,
      "d_mean_taxability": 118.51545193548387,
      "p_total_taxability": 20008.21379,
      "d_total_taxability": 11021.93703,
      "p_mean_volume": 0.27424287671232883,
      "d_mean_volume": 0.35590225806451614,
      "p_median_volume": 0.27035000000000003,
      "d_median_volume": 0.32032000000000005,
      "p_std_volume": 0.14975272804008627,
      "d_std_volume": 0.24086423780307123,
      "p_total_volume": 60.05919000000001,
      "d_total_volume": 33.098910000000004,
      "d_max_priority": 0,
      "used_volume": 0.7357129382365192,
      "used_weight": 0.41623590909090913,
      "unload_obs": 1,
      "hs_cond": 1,
      "p_cond": 1,
      "sub_cond": 1
    },
    {
      "iteration": 87,
      "time": "30.302412509918213",
      "n_placed": 202,
      "n_discard": 110,
      "p_mean_weight": 44.14143564356436,
      "d_mean_weight": 42.083,
      "p_median_weight": 38.7,
      "d_median_weight": 40.150000000000006,
      "p_std_weight": 28.04540200372539,
      "d_std_weight": 15.877018042649114,
      "p_total_weight": 8916.57,
      "d_total_weight": 4629.13,
      "p_mean_taxability": 98.47485247524753,
      "d_mean_taxability": 101.25664200000001,
      "p_total_taxability": 19891.9202,
      "d_total_taxability": 11138.230620000002,
      "p_mean_volume": 0.29559386138613863,
      "d_mean_volume": 0.304074,
      "p_median_volume": 0.27349,
      "d_median_volume": 0.3007,
      "p_std_volume": 0.22011783267069115,
      "d_std_volume": 0.09175284775922003,
      "p_total_volume": 59.70996,
      "d_total_volume": 33.44814,
      "d_max_priority": 0,
      "used_volume": 0.7314349413234682,
      "used_weight": 0.40529863636363633,
      "unload_obs": 1,
      "hs_cond": 1,
      "p_cond": 1,
      "sub_cond": 1
    },
    {
      "iteration": 231,
      "time": "14.808340311050415",
      "n_placed": 225,
      "n_discard": 87,
      "p_mean_weight": 40.531955555555555,
      "d_mean_weight": 50.873678160919546,
      "p_median_weight": 36.5,
      "d_median_weight": 45.0,
      "p_std_weight": 22.390367063318966,
      "d_std_weight": 27.88392781693186,
      "p_total_weight": 9119.69,
      "d_total_weight": 4426.01,
      "p_mean_taxability": 88.38575702222222,
      "d_mean_taxability": 128.08454586206895,
      "p_total_taxability": 19886.79533,
      "d_total_taxability": 11143.355489999998,
      "p_mean_volume": 0.2653092,
      "d_mean_volume": 0.3846382758620689,
      "p_median_volume": 0.27035000000000003,
      "d_median_volume": 0.34347000000000005,
      "p_std_volume": 0.13944920845150038,
      "d_std_volume": 0.25086505320871494,
      "p_total_volume": 59.694570000000006,
      "d_total_volume": 33.46352999999999,
      "d_max_priority": 1,
      "used_volume": 0.7312464169341206,
      "used_weight": 0.41453136363636367,
      "unload_obs": 1,
      "hs_cond": 1,
      "p_cond": 0,
      "sub_cond": 1
    }
  ],
  "weight": [
    {
      "iteration": 93,
      "time": "30.777721166610718",
      "n_placed": 219,
      "n_discard": 93,
      "p_mean_weight": 41.81365296803653,
      "d_mean_weight": 47.18827956989249,
      "p_median_weight": 38.6,
      "d_median_weight": 40.5,
      "p_std_weight": 23.196569787306164,
      "d_std_weight": 26.923118909044625,
      "p_total_weight": 9157.19,
      "d_total_weight": 4388.510000000001,
      "p_mean_taxability": 91.36170680365298,
      "d_mean_taxability": 118.51545193548387,
      "p_total_taxability": 20008.21379,
      "d_total_taxability": 11021.93703,
      "p_mean_volume": 0.27424287671232883,
      "d_mean_volume": 0.35590225806451614,
      "p_median_volume": 0.27035000000000003,
      "d_median_volume": 0.32032000000000005,
      "p_std_volume": 0.14975272804008627,
      "d_std_volume": 0.24086423780307123,
      "p_total_volume": 60.05919000000001,
      "d_total_volume": 33.098910000000004,
      "d_max_priority": 0,
      "used_volume": 0.7357129382365192,
      "used_weight": 0.41623590909090913,
      "unload_obs": 1,
      "hs_cond": 1,
      "p_cond": 1,
      "sub_cond": 1
    },
    {
      "iteration": 231,
      "time": "14.808340311050415",
      "n_placed": 225,
      "n_discard": 87,
      "p_mean_weight": 40.531955555555555,
      "d_mean_weight": 50.873678160919546,
      "p_median_weight": 36.5,
      "d_median_weight": 45.0,
      "p_std_weight": 22.390367063318966,
      "d_std_weight": 27.88392781693186,
      "p_total_weight": 9119.69,
      "d_total_weight": 4426.01,
      "p_mean_taxability": 88.38575702222222,
      "d_mean_taxability": 128.08454586206895,
      "p_total_taxability": 19886.79533,
      "d_total_taxability": 11143.355489999998,
      "p_mean_volume": 0.2653092,
      "d_mean_volume": 0.3846382758620689,
      "p_median_volume": 0.27035000000000003,
      "d_median_volume": 0.34347000000000005,
      "p_std_volume": 0.13944920845150038,
      "d_std_volume": 0.25086505320871494,
      "p_total_volume": 59.694570000000006,
      "d_total_volume": 33.46352999999999,
      "d_max_priority": 1,
      "used_volume": 0.7312464169341206,
      "used_weight": 0.41453136363636367,
      "unload_obs": 1,
      "hs_cond": 1,
      "p_cond": 0,
      "sub_cond": 1
    },
    {
      "iteration": 39,
      "time": "33.49352240562439",
      "n_placed": 224,
      "n_discard": 88,
      "p_mean_weight": 40.520357142857144,
      "d_mean_weight": 50.785681818181814,
      "p_median_weight": 36.75,
      "d_median_weight": 45.0,
      "p_std_weight": 22.436382226319584,
      "d_std_weight": 27.742660282131933,
      "p_total_weight": 9076.56,
      "d_total_weight": 4469.139999999999,
      "p_mean_taxability": 88.3009946875,
      "d_mean_taxability": 127.84918193181821,
      "p_total_taxability": 19779.42281,
      "d_total_taxability": 11250.728010000003,
      "p_mean_volume": 0.2650541517857143,
      "d_mean_volume": 0.38393147727272736,
      "p_median_volume": 0.27075000000000005,
      "d_median_volume": 0.33904500000000004,
      "p_std_volume": 0.1397577393356448,
      "d_std_volume": 0.24943715456884483,
      "p_total_volume": 59.37213,
      "d_total_volume": 33.785970000000006,
      "d_max_priority": 1,
      "used_volume": 0.7272965921062302,
      "used_weight": 0.41257090909090904,
      "unload_obs": 1,
      "hs_cond": 1,
      "p_cond": 0,
      "sub_cond": 1
    }
  ],
  "taxability": [
    {
      "iteration": 93,
      "time": "30.777721166610718",
      "n_placed": 219,
      "n_discard": 93,
      "p_mean_weight": 41.81365296803653,
      "d_mean_weight": 47.18827956989249,
      "p_median_weight": 38.6,
      "d_median_weight": 40.5,
      "p_std_weight": 23.196569787306164,
      "d_std_weight": 26.923118909044625,
      "p_total_weight": 9157.19,
      "d_total_weight": 4388.510000000001,
      "p_mean_taxability": 91.36170680365298,
      "d_mean_taxability": 118.51545193548387,
      "p_total_taxability": 20008.21379,
      "d_total_taxability": 11021.93703,
      "p_mean_volume": 0.27424287671232883,
      "d_mean_volume": 0.35590225806451614,
      "p_median_volume": 0.27035000000000003,
      "d_median_volume": 0.32032000000000005,
      "p_std_volume": 0.14975272804008627,
      "d_std_volume": 0.24086423780307123,
      "p_total_volume": 60.05919000000001,
      "d_total_volume": 33.098910000000004,
      "d_max_priority": 0,
      "used_volume": 0.7357129382365192,
      "used_weight": 0.41623590909090913,
      "unload_obs": 1,
      "hs_cond": 1,
      "p_cond": 1,