{
  "volume": [
    {
      "iteration": 148,
      "time": "93.56911969184875",
      "n_placed": 335,
      "n_discard": 134,
      "p_mean_weight": 15.786865671641792,
      "d_mean_weight": 15.614776119402986,
      "p_median_weight": 8.0,
      "d_median_weight": 8.239999999999998,
      "p_std_weight": 17.89673830459002,
      "d_std_weight": 18.228342168726627,
      "p_total_weight": 5288.6,
      "d_total_weight": 2092.38,
      "p_mean_taxability": 59.8804815522388,
      "d_mean_taxability": 84.44614097014926,
      "p_total_taxability": 20059.96132,
      "d_total_taxability": 11315.78289,
      "p_mean_volume": 0.17967465671641789,
      "d_mean_volume": 0.25359201492537314,
      "p_median_volume": 0.08041,
      "d_median_volume": 0.160035,
      "p_std_volume": 0.2288193832914223,
      "d_std_volume": 0.24868814133119957,
      "p_total_volume": 60.19100999999999,
      "d_total_volume": 33.98133,
      "d_max_priority": 0,
      "used_volume": 0.7373277065928411,
      "used_weight": 0.2403909090909091,
      "unload_obs": 2,
      "hs_cond": 1,
      "p_cond": 1,
      "sub_cond": 1
    },
    {
      "iteration": 3,
      "time": "90.8136682510376",
      "n_placed": 338,
      "n_discard": 131,
      "p_mean_weight": 15.683313609467456,
      "d_mean_weight": 15.878015267175572,
      "p_median_weight": 8.015,
      "d_median_weight": 8.2,
      "p_std_weight": 17.77032630536874,
      "d_std_weight": 18.55346948354103,
      "p_total_weight": 5300.96,
      "d_total_weight": 2080.02,
      "p_mean_taxability": 59.19182789940829,
      "d_mean_taxability": 86.78554488549618,
      "p_total_taxability": 20006.83783,
      "d_total_taxability": 11368.90638,
      "p_mean_volume": 0.17760792899408284,
      "d_mean_volume": 0.26061725190839696,
      "p_median_volume": 0.080875,
      "d_median_volume": 0.16835,
      "p_std_volume": 0.22560203050198394,
      "d_std_volume": 0.254702690511758,
      "p_total_volume": 60.03148,
      "d_total_volume": 34.14086,
      "d_max_priority": 0,
      "used_volume": 0.7353734963373104,
      "used_weight": 0.24095272727272726,
      "unload_obs": 2,
      "hs_cond": 1,
      "p_cond": 1,
      "sub_cond": 1
    },
    {
      "iteration": 32,
      "time": "93.4654791355133",
      "n_placed": 339,
      "n_discard": 130,
      "p_mean_weight": 15.60117994100295,
      "d_mean_weight": 16.093692307692308,
      "p_median_weight": 7.94,
      "d_median_weight": 8.34,
      "p_std_weight": 17.781171622930067,
      "d_std_weight": 18.528155701608327,
      "p_total_weight": 5288.8,
      "d_total_weight": 2092.18,
      "p_mean_taxability": 59.0044704719764,
      "d_mean_taxability": 87.48637476923076,
      "p_total_taxability": 20002.515489999998,
      "d_total_taxability": 11373.22872,
      "p_mean_volume": 0.17704572271386432,
      "d_mean_volume": 0.26272184615384614,
      "p_median_volume": 0.08041,
      "d_median_volume": 0.17060999999999998,
      "p_std_volume": 0.2254837335944089,
      "d_std_volume": 0.25459308330418706,
      "p_total_volume": 60.0185,
      "d_total_volume": 34.153839999999995,
      "d_max_priority": 0,
      "used_volume": 0.7352144939608497,
      "used_weight": 0.2404,
      "unload_obs": 3,
      "hs_cond": 1,
      "p_cond": 1,
      "sub_cond": 1
    }
  ],
  "weight": [
    {
      "iteration": 58,
      "time": "88.03330564498901",
      "n_placed": 340,
      "n_discard": 129,
      "p_mean_weight": 15.71926470588235,
      "d_mean_weight": 15.786279069767442,
      "p_median_weight": 8.11,
      "d_median_weight": 7.2,
      "p_std_weight": 17.8095475302872,
      "d_std_weight": 18.466308005635877,
      "p_total_weight": 5344.549999999999,
      "d_total_weight": 2036.43,
      "p_mean_taxability": 57.54403961764705,
      "d_mean_taxability": 91.55636232558139,
      "p_total_taxability": 19564.973469999997,
      "d_total_taxability": 11810.77074,
      "p_mean_volume": 0.1726604705882353,
      "d_mean_volume": 0.274944031007752,
      "p_median_volume": 0.07838,
      "d_median_volume": 0.1855,
      "p_std_volume": 0.22264439470241162,
      "d_std_volume": 0.25698581928447245,
      "p_total_volume": 58.70456,
      "d_total_volume": 35.467780000000005,
      "d_max_priority": 0,
      "used_volume": 0.7191189945365901,
      "used_weight": 0.24293409090909088,
      "unload_obs": 4,
      "hs_cond": 1,
      "p_cond": 1,
      "sub_cond": 1
    },
    {
      "iteration": 190,
      "time": "43.107624530792236",
      "n_placed": 339,
      "n_discard": 130,
      "p_mean_weight": 15.755722713864305,
      "d_mean_weight": 15.690692307692307,
      "p_median_weight": 8.6,
      "d_median_weight": 7.050000000000001,
      "p_std_weight": 17.831971544545723,
      "d_std_weight": 18.404508260836423,
      "p_total_weight": 5341.19,
      "d_total_weight": 2039.79,
      "p_mean_taxability": 58.050440206489675,
      "d_mean_taxability": 89.97419215384615,
      "p_total_taxability": 19679.09923,
      "d_total_taxability": 11696.64498,
      "p_mean_volume": 0.1741807669616519,
      "d_mean_volume": 0.2701927692307693,
      "p_median_volume": 0.08092,
      "d_median_volume": 0.17911,
      "p_std_volume": 0.22320220053368353,
      "d_std_volume": 0.2571613675370238,
      "p_total_volume": 59.04728,
      "d_total_volume": 35.125060000000005,
      "d_max_priority": 0,
      "used_volume": 0.7233172452654532,
      "used_weight": 0.24278136363636363,
      "unload_obs": 5,
      "hs_cond": 1,
      "p_cond": 1,
      "sub_cond": 1
    },
    {
      "iteration": 11,
      "time": "88.339102268219",
      "n_placed": 338,
      "n_discard": 131,
      "p_mean_weight": 15.79810650887574,
      "d_mean_weight": 15.581832061068702,
      "p_median_weight": 8.375,
      "d_median_weight": 7.15,
      "p_std_weight": 17.830791124654436,
      "d_std_weight": 18.402297423525336,
      "p_total_weight": 5339.76,
      "d_total_weight": 2041.22,
      "p_mean_taxability": 57.79031168639053,
      "d_mean_taxability": 90.40167068702289,
      "p_total_taxability": 19533.12535,
      "d_total_taxability": 11842.618859999999,
      "p_mean_volume": 0.17339917159763313,
      "d_mean_volume": 0.2714764885496183,
      "p_median_volume": 0.08022,
      "d_median_volume": 0.18425,
      "p_std_volume": 0.22307761182696373,
      "d_std_volume": 0.2565697998743711,
      "p_total_volume": 58.60892,
      "d_total_volume": 35.56342,
      "d_max_priority": 0,
      "used_volume": 0.7179474238675062,
      "used_weight": 0.24271636363636365,
      "unload_obs": 4,
      "hs_cond": 1,
      "p_cond": 1,
      "sub_cond": 1
    }
  ],
  "taxability": [
    {
      "iteration": 148,
      "time": "93.56911969184875",
      "n_placed": 335,
      "n_discard": 134,
      "p_mean_weight": 15.786865671641792,
      "d_mean_weight": 15.614776119402986,
      "p_median_weight": 8.0,
      "d_median_weight": 8.239999999999998,
      "p_std_weight": 17.89673830459002,
      "d_std_weight": 18.228342168726627,
      "p_total_weight": 5288.6,
      "d_total_weight": 2092.38,
      "p_mean_taxability": 59.8804815522388,
      "d_mean_taxability": 84.44614097014926,
      "p_total_taxability": 20059.96132,
      "d_total_taxability": 11315.78289,
      "p_mean_volume": 0.17967465671641789,
      "d_mean_volume": 0.25359201492537314,
      "p_median_volume": 0.08041,
      "d_median_volume": 0.160035,
      "p_std_volume": 0.2288193832914223,
      "d_std_volume": 0.24868814133119957,
      "p_total_volume": 60.19100999999999,
      "d_total_volume": 33.98133,
      "d_max_priority": 0,
      "used_volume": 0.7373277065928411,
      "used_weight": 0.2403909090909091,
      "unload_obs": 2,
      "hs_cond": 1,
      "p_cond": 1,
      "sub_cond": 1
    },
    {
      "iteration": 3,
      "time": "90.8136682510376",
      "n_placed": 338,
      "n_discard": 131,
      "p_mean_weight": 15.683313609467456,
      "d_mean_weight": 15.878015267175572,