{
  "volume": [
    {
      "iteration": 36,
      "time": "89.02894997596741",
      "n_placed": 284,
      "n_discard": 169,
      "p_mean_weight": 34.11408450704225,
      "d_mean_weight": 27.193550295857992,
      "p_median_weight": 24.765,
      "d_median_weight": 19.3,
      "p_std_weight": 27.078926772134864,
      "d_std_weight": 20.99457910047463,
      "p_total_weight": 9688.4,
      "d_total_weight": 4595.710000000001,
      "p_mean_taxability": 73.88058049295776,
      "d_mean_taxability": 67.21002053254439,
      "p_total_taxability": 20982.084860000003,
      "d_total_taxability": 11358.493470000001,
      "p_mean_volume": 0.220312323943662,
      "d_mean_volume": 0.2018318934911243,
      "p_median_volume": 0.17728500000000003,
      "d_median_volume": 0.15837,
      "p_std_volume": 0.1984450266666174,
      "d_std_volume": 0.14202617737406223,
      "p_total_volume": 62.56870000000001,
      "d_total_volume": 34.109590000000004,
      "d_max_priority": 1,
      "used_volume": 0.7664539285101797,
      "used_weight": 0.44038181818181815,
      "unload_obs": 0,
      "hs_cond": 1,
      "p_cond": 0,
      "sub_cond": 0
    },
    {
      "iteration": 193,
      "time": "92.02818489074707",
      "n_placed": 277,
      "n_discard": 176,
      "p_mean_weight": 34.66263537906137,
      "d_mean_weight": 26.60545454545455,
      "p_median_weight": 25.0,
      "d_median_weight": 16.65,
      "p_std_weight": 27.103466646565668,
      "d_std_weight": 20.963036688914592,
      "p_total_weight": 9601.55,
      "d_total_weight": 4682.56,
      "p_mean_taxability": 75.68479761732851,
      "d_mean_taxability": 64.63573517045455,
      "p_total_taxability": 20964.68894,
      "d_total_taxability": 11375.88939,
      "p_mean_volume": 0.2256911913357401,
      "d_mean_volume": 0.19410130681818183,
      "p_median_volume": 0.18,
      "d_median_volume": 0.13744,
      "p_std_volume": 0.20003443684782093,
      "d_std_volume": 0.13976406421843168,
      "p_total_volume": 62.51646,
      "d_total_volume": 34.16183,
      "d_max_priority": 1,
      "used_volume": 0.7658139990690154,
      "used_weight": 0.43643409090909085,
      "unload_obs": 0,
      "hs_cond": 1,
      "p_cond": 0,
      "sub_cond": 0
    },
    {
      "iteration": 204,
      "time": "78.07586932182312",
      "n_placed": 256,
      "n_discard": 197,
      "p_mean_weight": 37.8171875,
      "d_mean_weight": 23.36502538071066,
      "p_median_weight": 32.5,
      "d_median_weight": 14.0,
      "p_std_weight": 27.28632203317331,
      "d_std_weight": 19.36858127052743,
      "p_total_weight": 9681.2,
      "d_total_weight": 4602.91,
      "p_mean_taxability": 81.77497109375001,
      "d_mean_taxability": 57.899419949238585,
      "p_total_taxability": 20934.392600000003,
      "d_total_taxability": 11406.185730000001,
      "p_mean_volume": 0.24384953125000003,
      "d_mean_volume": 0.17387213197969545,
      "p_median_volume": 0.23026000000000002,
      "d_median_volume": 0.10599000000000001,
      "p_std_volume": 0.20196907090476096,
      "d_std_volume": 0.13595193778040754,
      "p_total_volume": 62.42548000000001,
      "d_total_volume": 34.252810000000004,
      "d_max_priority": 1,
      "used_volume": 0.7646995124580446,
      "used_weight": 0.4400545454545455,
      "unload_obs": 0,
      "hs_cond": 1,
      "p_cond": 0,
      "sub_cond": 0
    }
  ],
  "weight": [
    {
      "iteration": 59,
      "time": "88.73218965530396",
      "n_placed": 275,
      "n_discard": 178,
      "p_mean_weight": 35.32650909090909,
      "d_mean_weight": 25.670337078651684,
      "p_median_weight": 27.2,
      "d_median_weight": 19.43,
      "p_std_weight": 27.778473157838544,
      "d_std_weight": 19.18292908414453,
      "p_total_weight": 9714.79,
      "d_total_weight": 4569.32,
      "p_mean_taxability": 75.78454425454545,
      "d_mean_taxability": 64.60577898876404,
      "p_total_taxability": 20840.74967,
      "d_total_taxability": 11499.82866,
      "p_mean_volume": 0.22597916363636367,
      "d_mean_volume": 0.19401134831460676,
      "p_median_volume": 0.18448,
      "d_median_volume": 0.14656000000000002,
      "p_std_volume": 0.202412476555563,
      "d_std_volume": 0.1351545915595941,
      "p_total_volume": 62.144270000000006,
      "d_total_volume": 34.534020000000005,
      "d_max_priority": 1,
      "used_volume": 0.7612547467966779,
      "used_weight": 0.4415813636363637,
      "unload_obs": 1,
      "hs_cond": 1,
      "p_cond": 0,
      "sub_cond": 0
    },
    {
      "iteration": 36,
      "time": "89.02894997596741",
      "n_placed": 284,
      "n_discard": 169,
      "p_mean_weight": 34.11408450704225,
      "d_mean_weight": 27.193550295857992,
      "p_median_weight": 24.765,
      "d_median_weight": 19.3,
      "p_std_weight": 27.078926772134864,
      "d_std_weight": 20.99457910047463,
      "p_total_weight": 9688.4,
      "d_total_weight": 4595.710000000001,
      "p_mean_taxability": 73.88058049295776,
      "d_mean_taxability": 67.21002053254439,
      "p_total_taxability": 20982.084860000003,
      "d_total_taxability": 11358.493470000001,
      "p_mean_volume": 0.220312323943662,
      "d_mean_volume": 0.2018318934911243,
      "p_median_volume": 0.17728500000000003,
      "d_median_volume": 0.15837,
      "p_std_volume": 0.1984450266666174,
      "d_std_volume": 0.14202617737406223,
      "p_total_volume": 62.56870000000001,
      "d_total_volume": 34.109590000000004,
      "d_max_priority": 1,
      "used_volume": 0.7664539285101797,
      "used_weight": 0.44038181818181815,
      "unload_obs": 0,
      "hs_cond": 1,
      "p_cond": 0,
      "sub_cond": 0
    },
    {
      "iteration": 204,
      "time": "78.07586932182312",
      "n_placed": 256,
      "n_discard": 197,
      "p_mean_weight": 37.8171875,
      "d_mean_weight": 23.36502538071066,
      "p_median_weight": 32.5,
      "d_median_weight": 14.0,
      "p_std_weight": 27.28632203317331,
      "d_std_weight": 19.36858127052743,
      "p_total_weight": 9681.2,
      "d_total_weight": 4602.91,
      "p_mean_taxability": 81.77497109375001,
      "d_mean_taxability": 57.899419949238585,
      "p_total_taxability": 20934.392600000003,
      "d_total_taxability": 11406.185730000001,
      "p_mean_volume": 0.24384953125000003,
      "d_mean_volume": 0.17387213197969545,
      "p_median_volume": 0.23026000000000002,
      "d_median_volume": 0.10599000000000001,
      "p_std_volume": 0.20196907090476096,
      "d_std_volume": 0.13595193778040754,
      "p_total_volume": 62.42548000000001,
      "d_total_volume": 34.252810000000004,
      "d_max_priority": 1,
      "used_volume": 0.7646995124580446,
      "used_weight": 0.4400545454545455,
      "unload_obs": 0,
      "hs_cond": 1,
      "p_cond": 0,
      "sub_cond": 0
    }
  ],
  "taxability": [
    {
      "iteration": 36,
      "time": "89.02894997596741",
      "n_placed": 284,
      "n_discard": 169,
      "p_mean_weight": 34.11408450704225,
      "d_mean_weight": 27.193550295857992,
      "p_median_weight": 24.765,
      "d_median_weight": 19.3,
      "p_std_weight": 27.078926772134864,
      "d_std_weight": 20.99457910047463,
      "p_total_weight": 9688.4,
      "d_total_weight": 4595.710000000001,
      "p_mean_taxability": 73.88058049295776,
      "d_mean_taxability": 67.21002053254439,
      "p_total_taxability": 20982.084860000003,
      "d_total_taxability": 11358.493470000001,
      "p_mean_volume": 0.220312323943662,
      "d_mean_volume": 0.2018318934911243,
      "p_median_volume": 0.17728500000000003,
      "d_median_volume": 0.15837,
      "p_std_volume": 0.1984450266666174,
      "d_std_volume": 0.14202617737406223,
      "p_total_volume": 62.56870000000001,
      "d_total_volume": 34.109590000000004,
      "d_max_priority": 1,
      "used_volume": 0.7664539285101797,
      "used_weight": 0.44038181818181815,
      "unload_obs": 0,
      "hs_cond": 1,
      "p_cond": 0,
      "sub_cond": 0
    },
    {
      "iteration": 193,