{
  "volume": [
    {
      "iteration": 159,
      "time": "288.88405418395996",
      "n_placed": 326,
      "n_discard": 277,
      "p_mean_weight": 28.22782208588957,
      "d_mean_weight": 17.930216606498195,
      "p_median_weight": 20.0,
      "d_median_weight": 10.04,
      "p_std_weight": 25.20180198402677,
      "d_std_weight": 16.147023168351758,
      "p_total_weight": 9202.27,
      "d_total_weight": 4966.67,
      "p_mean_taxability": 59.24077730061351,
      "d_mean_taxability": 43.82189837545127,
      "p_total_taxability": 19312.493400000003,
      "d_total_taxability": 12138.665850000001,
      "p_mean_volume": 0.17666481595092026,
      "d_mean_volume": 0.13159729241877255,
      "p_median_volume": 0.09384,
      "d_median_volume": 0.0795,
      "p_std_volume": 0.20187928445514136,
      "d_std_volume": 0.11158515873650554,
      "p_total_volume": 57.59273,
      "d_total_volume": 36.45245,
      "d_max_priority": 1,
      "used_volume": 0.705499301761521,
      "used_weight": 0.418285,
      "unload_obs": 0,
      "hs_cond": 1,
      "p_cond": 0,
      "sub_cond": 0
    },
    {
      "iteration": 42,
      "time": "290.13644433021545",
      "n_placed": 326,
      "n_discard": 277,
      "p_mean_weight": 28.248006134969327,
      "d_mean_weight": 17.906462093862817,
      "p_median_weight": 20.0,
      "d_median_weight": 10.17,
      "p_std_weight": 25.320638733223614,
      "d_std_weight": 15.911142997781162,
      "p_total_weight": 9208.85,
      "d_total_weight": 4960.09,
      "p_mean_taxability": 59.21493404907976,
      "d_mean_taxability": 43.85231317689531,
      "p_total_taxability": 19304.0685,
      "d_total_taxability": 12147.090750000001,
      "p_mean_volume": 0.17658720858895707,
      "d_mean_volume": 0.13168862815884477,
      "p_median_volume": 0.09384,
      "d_median_volume": 0.0795,
      "p_std_volume": 0.20208178130312887,
      "d_std_volume": 0.111189797586117,
      "p_total_volume": 57.56743,
      "d_total_volume": 36.47775,
      "d_max_priority": 1,
      "used_volume": 0.7051893818751991,
      "used_weight": 0.41858409090909093,
      "unload_obs": 0,
      "hs_cond": 1,
      "p_cond": 0,
      "sub_cond": 0
    },
    {
      "iteration": 124,
      "time": "130.15044522285461",
      "n_placed": 325,
      "n_discard": 278,
      "p_mean_weight": 28.33144615384616,
      "d_mean_weight": 17.84611510791367,
      "p_median_weight": 20.0,
      "d_median_weight": 10.16,
      "p_std_weight": 25.316411710875023,
      "d_std_weight": 15.911155340688211,
      "p_total_weight": 9207.720000000001,
      "d_total_weight": 4961.22,
      "p_mean_taxability": 59.386774984615386,
      "d_mean_taxability": 43.70668122302158,
      "p_total_taxability": 19300.70187,
      "d_total_taxability": 12150.45738,
      "p_mean_volume": 0.17709944615384618,
      "d_mean_volume": 0.13125129496402876,
      "p_median_volume": 0.09384,
      "d_median_volume": 0.079095,
      "p_std_volume": 0.2021908724486448,
      "d_std_volume": 0.1112078629134122,
      "p_total_volume": 57.557320000000004,
      "d_total_volume": 36.48786,
      "d_max_priority": 1,
      "used_volume": 0.7050655364186491,
      "used_weight": 0.41853272727272733,
      "unload_obs": 0,
      "hs_cond": 1,
      "p_cond": 0,
      "sub_cond": 0
    }
  ],
  "weight": [
    {
      "iteration": 146,
      "time": "141.02473831176758",
      "n_placed": 321,
      "n_discard": 282,
      "p_mean_weight": 28.712118380062307,
      "d_mean_weight": 17.561524822695034,
      "p_median_weight": 20.0,
      "d_median_weight": 9.73,
      "p_std_weight": 25.15337611282912,
      "d_std_weight": 16.13238329897587,
      "p_total_weight": 9216.59,
      "d_total_weight": 4952.349999999999,
      "p_mean_taxability": 60.10556186915889,
      "d_mean_taxability": 43.11090031914894,
      "p_total_taxability": 19293.885360000004,
      "d_total_taxability": 12157.27389,
      "p_mean_volume": 0.179242523364486,
      "d_mean_volume": 0.12946216312056738,
      "p_median_volume": 0.09730000000000001,
      "d_median_volume": 0.07652,
      "p_std_volume": 0.2024229367597092,
      "d_std_volume": 0.11163839448124703,
      "p_total_volume": 57.53685000000001,
      "d_total_volume": 36.50833,
      "d_max_priority": 1,
      "used_volume": 0.7048147830560797,
      "used_weight": 0.4189359090909091,
      "unload_obs": 0,
      "hs_cond": 1,
      "p_cond": 0,
      "sub_cond": 0
    },
    {
      "iteration": 42,
      "time": "290.13644433021545",
      "n_placed": 326,
      "n_discard": 277,
      "p_mean_weight": 28.248006134969327,
      "d_mean_weight": 17.906462093862817,
      "p_median_weight": 20.0,
      "d_median_weight": 10.17,
      "p_std_weight": 25.320638733223614,
      "d_std_weight": 15.911142997781162,
      "p_total_weight": 9208.85,
      "d_total_weight": 4960.09,
      "p_mean_taxability": 59.21493404907976,
      "d_mean_taxability": 43.85231317689531,
      "p_total_taxability": 19304.0685,
      "d_total_taxability": 12147.090750000001,
      "p_mean_volume": 0.17658720858895707,
      "d_mean_volume": 0.13168862815884477,
      "p_median_volume": 0.09384,
      "d_median_volume": 0.0795,
      "p_std_volume": 0.20208178130312887,
      "d_std_volume": 0.111189797586117,
      "p_total_volume": 57.56743,
      "d_total_volume": 36.47775,
      "d_max_priority": 1,
      "used_volume": 0.7051893818751991,
      "used_weight": 0.41858409090909093,
      "unload_obs": 0,
      "hs_cond": 1,
      "p_cond": 0,
      "sub_cond": 0
    },
    {
      "iteration": 124,
      "time": "130.15044522285461",
      "n_placed": 325,
      "n_discard": 278,
      "p_mean_weight": 28.33144615384616,
      "d_mean_weight": 17.84611510791367,
      "p_median_weight": 20.0,
      "d_median_weight": 10.16,
      "p_std_weight": 25.316411710875023,
      "d_std_weight": 15.911155340688211,
      "p_total_weight": 9207.720000000001,
      "d_total_weight": 4961.22,
      "p_mean_taxability": 59.386774984615386,
      "d_mean_taxability": 43.70668122302158,
      "p_total_taxability": 19300.70187,
      "d_total_taxability": 12150.45738,
      "p_mean_volume": 0.17709944615384618,
      "d_mean_volume": 0.13125129496402876,
      "p_median_volume": 0.09384,
      "d_median_volume": 0.079095,
      "p_std_volume": 0.2021908724486448,
      "d_std_volume": 0.1112078629134122,
      "p_total_volume": 57.557320000000004,
      "d_total_volume": 36.48786,
      "d_max_priority": 1,
      "used_volume": 0.7050655364186491,
      "used_weight": 0.41853272727272733,
      "unload_obs": 0,
      "hs_cond": 1,
      "p_cond": 0,
      "sub_cond": 0
    }
  ],
  "taxability": [
    {
      "iteration": 159,
      "time": "288.88405418395996",
      "n_placed": 326,
      "n_discard": 277,
      "p_mean_weight": 28.22782208588957,
      "d_mean_weight": 17.930216606498195,
      "p_median_weight": 20.0,
      "d_median_weight": 10.04,
      "p_std_weight": 25.20180198402677,
      "d_std_weight": 16.147023168351758,
      "p_total_weight": 9202.27,
      "d_total_weight": 4966.67,
      "p_mean_taxability": 59.24077730061351,
      "d_mean_taxability": 43.82189837545127,
      "p_total_taxability": 19312.493400000003,
      "d_total_taxability": 12138.665850000001,
      "p_mean_volume": 0.17666481595092026,
      "d_mean_volume": 0.13159729241877255,
      "p_median_volume": 0.09384,
      "d_median_volume": 0.0795,
      "p_std_volume": 0.20187928445514136,
      "d_std_volume": 0.11158515873650554,
      "p_total_volume": 57.59273,
      "d_total_volume": 36.45245,
      "d_max_priority": 1,
      "used_volume": 0.705499301761521,
      "used_weight": 0.418285,
      "unload_obs": 0,
      "hs_cond": 1,
      "p_cond": 0,
      "sub_cond": 0
    },
    {
      "iteration": 42,
      "time": "290.13644433021545",
      "n_placed": 326,
      "n_discard": 277,
      "p_mean_weight": 28.248006134969327,
      "d_mean_weight": 17.906462093862817,