{
  "volume": [
    {
      "iteration": 87,
      "time": "135.10455513000488",
      "n_placed": 298,
      "n_discard": 153,
      "p_mean_weight": 35.03721476510067,
      "d_mean_weight": 24.644444444444446,
      "p_median_weight": 28.200000000000003,
      "d_median_weight": 19.1,
      "p_std_weight": 27.234462743061695,
      "d_std_weight": 18.218085212260085,
      "p_total_weight": 10441.09,
      "d_total_weight": 3770.6000000000004,
      "p_mean_taxability": 75.33944402684564,
      "d_mean_taxability": 62.75441588235294,
      "p_total_taxability": 22451.15432,
      "d_total_taxability": 9601.42563,
      "p_mean_volume": 0.2248391946308725,
      "d_mean_volume": 0.18845169934640527,
      "p_median_volume": 0.18675000000000003,
      "d_median_volume": 0.13214,
      "p_std_volume": 0.195975085297243,
      "d_std_volume": 0.1353252305548555,
      "p_total_volume": 67.00208,
      "d_total_volume": 28.833110000000005,
      "d_max_priority": 0,
      "used_volume": 0.8207619374280325,
      "used_weight": 0.474595,
      "unload_obs": 0,
      "hs_cond": 1,
      "p_cond": 1,
      "sub_cond": 1
    },
    {
      "iteration": 29,
      "time": "134.31600165367126",
      "n_placed": 298,
      "n_discard": 153,
      "p_mean_weight": 35.041073825503354,
      "d_mean_weight": 24.636928104575162,
      "p_median_weight": 28.200000000000003,
      "d_median_weight": 19.1,
      "p_std_weight": 27.23140834018354,
      "d_std_weight": 18.22268761162441,
      "p_total_weight": 10442.24,
      "d_total_weight": 3769.45,
      "p_mean_taxability": 75.26930171140941,
      "d_mean_taxability": 62.89103294117647,
      "p_total_taxability": 22430.251910000003,
      "d_total_taxability": 9622.32804,
      "p_mean_volume": 0.2246285570469799,
      "d_mean_volume": 0.18886196078431375,
      "p_median_volume": 0.18675000000000003,
      "d_median_volume": 0.13214,
      "p_std_volume": 0.19614047051884004,
      "d_std_volume": 0.1349666666209165,
      "p_total_volume": 66.93931,
      "d_total_volume": 28.895880000000005,
      "d_max_priority": 0,
      "used_volume": 0.8199930176152094,
      "used_weight": 0.4746472727272727,
      "unload_obs": 0,
      "hs_cond": 1,
      "p_cond": 1,
      "sub_cond": 1
    },
    {
      "iteration": 159,
      "time": "133.05789971351624",
      "n_placed": 298,
      "n_discard": 153,
      "p_mean_weight": 35.02308724832215,
      "d_mean_weight": 24.671960784313722,
      "p_median_weight": 28.200000000000003,
      "d_median_weight": 19.1,
      "p_std_weight": 27.25026640957911,
      "d_std_weight": 18.18765287723137,
      "p_total_weight": 10436.880000000001,
      "d_total_weight": 3774.8099999999995,
      "p_mean_taxability": 75.26120020134229,
      "d_mean_taxability": 62.90681235294118,
      "p_total_taxability": 22427.83766,
      "d_total_taxability": 9624.74229,
      "p_mean_volume": 0.22460422818791947,
      "d_mean_volume": 0.1889093464052288,
      "p_median_volume": 0.18675000000000003,
      "d_median_volume": 0.13214,
      "p_std_volume": 0.19617415523988485,
      "d_std_volume": 0.13488360979628056,
      "p_total_volume": 66.93206,
      "d_total_volume": 28.903130000000004,
      "d_max_priority": 0,
      "used_volume": 0.8199042065805915,
      "used_weight": 0.4744036363636364,
      "unload_obs": 0,
      "hs_cond": 1,
      "p_cond": 1,
      "sub_cond": 1
    }
  ],
  "weight": [
    {
      "iteration": 170,
      "time": "135.8066987991333",
      "n_placed": 285,
      "n_discard": 166,
      "p_mean_weight": 36.80940350877193,
      "d_mean_weight": 22.41572289156626,
      "p_median_weight": 32.0,
      "d_median_weight": 19.68,
      "p_std_weight": 28.050861865609562,
      "d_std_weight": 14.864813622098167,
      "p_total_weight": 10490.68,
      "d_total_weight": 3721.0099999999993,
      "p_mean_taxability": 77.78198091228072,
      "d_mean_taxability": 59.54647825301205,
      "p_total_taxability": 22167.864560000005,
      "d_total_taxability": 9884.71539,
      "p_mean_volume": 0.23211003508771932,
      "d_mean_volume": 0.1788182530120482,
      "p_median_volume": 0.19855,
      "d_median_volume": 0.13778500000000002,
      "p_std_volume": 0.20293348493731042,
      "d_std_volume": 0.11884454883008522,
      "p_total_volume": 66.15136000000001,
      "d_total_volume": 29.68383,
      "d_max_priority": 0,
      "used_volume": 0.8103407893769754,
      "used_weight": 0.47684909090909094,
      "unload_obs": 2,
      "hs_cond": 1,
      "p_cond": 1,
      "sub_cond": 1
    },
    {
      "iteration": 29,
      "time": "134.31600165367126",
      "n_placed": 298,
      "n_discard": 153,
      "p_mean_weight": 35.041073825503354,
      "d_mean_weight": 24.636928104575162,
      "p_median_weight": 28.200000000000003,
      "d_median_weight": 19.1,
      "p_std_weight": 27.23140834018354,
      "d_std_weight": 18.22268761162441,
      "p_total_weight": 10442.24,
      "d_total_weight": 3769.45,
      "p_mean_taxability": 75.26930171140941,
      "d_mean_taxability": 62.89103294117647,
      "p_total_taxability": 22430.251910000003,
      "d_total_taxability": 9622.32804,
      "p_mean_volume": 0.2246285570469799,
      "d_mean_volume": 0.18886196078431375,
      "p_median_volume": 0.18675000000000003,
      "d_median_volume": 0.13214,
      "p_std_volume": 0.19614047051884004,
      "d_std_volume": 0.1349666666209165,
      "p_total_volume": 66.93931,
      "d_total_volume": 28.895880000000005,
      "d_max_priority": 0,
      "used_volume": 0.8199930176152094,
      "used_weight": 0.4746472727272727,
      "unload_obs": 0,
      "hs_cond": 1,
      "p_cond": 1,
      "sub_cond": 1
    },
    {
      "iteration": 87,
      "time": "135.10455513000488",
      "n_placed": 298,
      "n_discard": 153,
      "p_mean_weight": 35.03721476510067,
      "d_mean_weight": 24.644444444444446,
      "p_median_weight": 28.200000000000003,
      "d_median_weight": 19.1,
      "p_std_weight": 27.234462743061695,
      "d_std_weight": 18.218085212260085,
      "p_total_weight": 10441.09,
      "d_total_weight": 3770.6000000000004,
      "p_mean_taxability": 75.33944402684564,
      "d_mean_taxability": 62.75441588235294,
      "p_total_taxability": 22451.15432,
      "d_total_taxability": 9601.42563,
      "p_mean_volume": 0.2248391946308725,
      "d_mean_volume": 0.18845169934640527,
      "p_median_volume": 0.18675000000000003,
      "d_median_volume": 0.13214,
      "p_std_volume": 0.195975085297243,
      "d_std_volume": 0.1353252305548555,
      "p_total_volume": 67.00208,
      "d_total_volume": 28.833110000000005,
      "d_max_priority": 0,
      "used_volume": 0.8207619374280325,
      "used_weight": 0.474595,
      "unload_obs": 0,
      "hs_cond": 1,
      "p_cond": 1,
      "sub_cond": 1
    }
  ],
  "taxability": [
    {
      "iteration": 87,
      "time": "135.10455513000488",
      "n_placed": 298,
      "n_discard": 153,
      "p_mean_weight": 35.03721476510067,
      "d_mean_weight": 24.644444444444446,
      "p_median_weight": 28.200000000000003,
      "d_median_weight": 19.1,
      "p_std_weight": 27.234462743061695,
      "d_std_weight": 18.218085212260085,
      "p_total_weight": 10441.09,
      "d_total_weight": 3770.6000000000004,
      "p_mean_taxability": 75.33944402684564,
      "d_mean_taxability": 62.75441588235294,
      "p_total_taxability": 22451.15432,
      "d_total_taxability": 9601.42563,
      "p_mean_volume": 0.2248391946308725,
      "d_mean_volume": 0.18845169934640527,
      "p_median_volume": 0.18675000000000003,
      "d_median_volume": 0.13214,
      "p_std_volume": 0.195975085297243,
      "d_std_volume": 0.1353252305548555,
      "p_total_volume": 67.00208,
      "d_total_volume": 28.833110000000005,
      "d_max_priority": 0,
      "used_volume": 0.8207619374280325,
      "used_weight": 0.474595,
      "unload_obs": 0,
      "hs_cond": 1,
      "p_cond": 1,
      "sub_cond": 1
    },
    {
      "iteration": 29,