{
  "volume": [
    {
      "iteration": 55,
      "time": "71.10912489891052",
      "n_placed": 224,
      "n_discard": 88,
      "p_mean_weight": 45.33616071428571,
      "d_mean_weight": 43.29215909090909,
      "p_median_weight": 42.400000000000006,
      "d_median_weight": 41.15,
      "p_std_weight": 23.894023203199616,
      "d_std_weight": 25.206070079406718,
      "p_total_weight": 10155.3,
      "d_total_weight": 3809.71,
      "p_mean_taxability": 98.14269102678574,
      "d_mean_taxability": 110.95321602272729,
      "p_total_taxability": 21983.962790000005,
      "d_total_taxability": 9763.883010000001,
      "p_mean_volume": 0.2942329910714286,
      "d_mean_volume": 0.33319284090909096,
      "p_median_volume": 0.279745,
      "d_median_volume": 0.30047,
      "p_std_volume": 0.1647952801837298,
      "d_std_volume": 0.2179053452892553,
      "p_total_volume": 65.90819,
      "d_total_volume": 29.320970000000003,
      "d_max_priority": 0,
      "used_volume": 0.8073620060269006,
      "used_weight": 0.46160454545454543,
      "unload_obs": 0,
      "hs_cond": 1,
      "p_cond": 1,
      "sub_cond": 1
    },
    {
      "iteration": 139,
      "time": "69.54091906547546",
      "n_placed": 225,
      "n_discard": 87,
      "p_mean_weight": 45.06471111111111,
      "d_mean_weight": 43.970689655172414,
      "p_median_weight": 42.0,
      "d_median_weight": 41.8,
      "p_std_weight": 24.05448653264514,
      "d_std_weight": 24.864654880161577,
      "p_total_weight": 10139.56,
      "d_total_weight": 3825.4500000000003,
      "p_mean_taxability": 97.63272328888891,
      "d_mean_taxability": 112.41934551724138,
      "p_total_taxability": 21967.362740000004,
      "d_total_taxability": 9780.48306,
      "p_mean_volume": 0.2927037333333333,
      "d_mean_volume": 0.3375956321839081,
      "p_median_volume": 0.27768000000000004,
      "d_median_volume": 0.3007,
      "p_std_volume": 0.16542327832800835,
      "d_std_volume": 0.21638808596626155,
      "p_total_volume": 65.85834,
      "d_total_volume": 29.370820000000002,
      "d_max_priority": 0,
      "used_volume": 0.8067513536026655,
      "used_weight": 0.46088909090909086,
      "unload_obs": 0,
      "hs_cond": 1,
      "p_cond": 1,
      "sub_cond": 1
    },
    {
      "iteration": 44,
      "time": "71.09604454040527",
      "n_placed": 224,
      "n_discard": 88,
      "p_mean_weight": 45.25736607142857,
      "d_mean_weight": 43.49272727272727,
      "p_median_weight": 42.05,
      "d_median_weight": 41.55,
      "p_std_weight": 23.941253057516548,
      "d_std_weight": 25.106327531753053,
      "p_total_weight": 10137.65,
      "d_total_weight": 3827.3599999999997,
      "p_mean_taxability": 98.04852933035716,
      "d_mean_taxability": 111.19290034090909,
      "p_total_taxability": 21962.870570000003,
      "d_total_taxability": 9784.97523,
      "p_mean_volume": 0.29395022321428577,
      "d_mean_volume": 0.33391261363636365,
      "p_median_volume": 0.27796000000000004,
      "d_median_volume": 0.30063000000000006,
      "p_std_volume": 0.16484131951979208,
      "d_std_volume": 0.21768412997395026,
      "p_total_volume": 65.84485000000001,
      "d_total_volume": 29.38431,
      "d_max_priority": 0,
      "used_volume": 0.8065861038292869,
      "used_weight": 0.4608022727272727,
      "unload_obs": 0,
      "hs_cond": 1,
      "p_cond": 1,
      "sub_cond": 1
    }
  ],
  "weight": [
    {
      "iteration": 191,
      "time": "41.6260404586792",
      "n_placed": 221,
      "n_discard": 91,
      "p_mean_weight": 46.88470588235295,
      "d_mean_weight": 39.598791208791205,
      "p_median_weight": 44.24,
      "d_median_weight": 35.5,
      "p_std_weight": 22.47076623141138,
      "d_std_weight": 27.557550481176456,
      "p_total_weight": 10361.52,
      "d_total_weight": 3603.49,
      "p_mean_taxability": 99.20761054298644,
      "d_mean_taxability": 107.9446579120879,
      "p_total_taxability": 21924.881930000003,
      "d_total_taxability": 9822.96387,
      "p_mean_volume": 0.29742429864253395,
      "d_mean_volume": 0.32415813186813186,
      "p_median_volume": 0.29458,
      "d_median_volume": 0.28577,
      "p_std_volume": 0.1437711573112615,
      "d_std_volume": 0.2514295862017484,
      "p_total_volume": 65.73077,
      "d_total_volume": 29.49839,
      "d_max_priority": 0,
      "used_volume": 0.8051886468873264,
      "used_weight": 0.47097818181818185,
      "unload_obs": 0,
      "hs_cond": 1,
      "p_cond": 1,
      "sub_cond": 1
    },
    {
      "iteration": 99,
      "time": "70.36487793922424",
      "n_placed": 219,
      "n_discard": 93,
      "p_mean_weight": 46.65557077625571,
      "d_mean_weight": 40.29505376344086,
      "p_median_weight": 44.0,
      "d_median_weight": 37.0,
      "p_std_weight": 24.13009111595858,
      "d_std_weight": 24.065421053582426,
      "p_total_weight": 10217.57,
      "d_total_weight": 3747.44,
      "p_mean_taxability": 98.81944735159819,
      "d_mean_taxability": 108.67082612903225,
      "p_total_taxability": 21641.458970000003,
      "d_total_taxability": 10106.38683,
      "p_mean_volume": 0.2962541095890411,
      "d_mean_volume": 0.32633881720430113,
      "p_median_volume": 0.28301000000000004,
      "d_median_volume": 0.30038000000000004,
      "p_std_volume": 0.16322702068346082,
      "d_std_volume": 0.21908270339744673,
      "p_total_volume": 64.87965,
      "d_total_volume": 30.349510000000006,
      "d_max_priority": 0,
      "used_volume": 0.7947625989171179,
      "used_weight": 0.464435,
      "unload_obs": 0,
      "hs_cond": 1,
      "p_cond": 1,
      "sub_cond": 1
    },
    {
      "iteration": 64,
      "time": "71.37226176261902",
      "n_placed": 218,
      "n_discard": 94,
      "p_mean_weight": 46.83655963302752,
      "d_mean_weight": 39.94297872340426,
      "p_median_weight": 44.075,
      "d_median_weight": 37.0,
      "p_std_weight": 24.056207196879406,
      "d_std_weight": 24.13133058418005,
      "p_total_weight": 10210.369999999999,
      "d_total_weight": 3754.6400000000003,
      "p_mean_taxability": 99.19883073394496,
      "d_mean_taxability": 107.68617765957445,
      "p_total_taxability": 21625.345100000002,
      "d_total_taxability": 10122.500699999999,
      "p_mean_volume": 0.2973911009174312,
      "d_mean_volume": 0.32338191489361706,
      "p_median_volume": 0.285505,
      "d_median_volume": 0.29984500000000003,
      "p_std_volume": 0.16313124612807484,
      "d_std_volume": 0.2190862322606928,
      "p_total_volume": 64.83126,
      "d_total_volume": 30.397900000000003,
      "d_max_priority": 0,
      "used_volume": 0.7941698311977853,
      "used_weight": 0.4641077272727272,
      "unload_obs": 0,
      "hs_cond": 1,
      "p_cond": 1,
      "sub_cond": 1
    }
  ],
  "taxability": [
    {
      "iteration": 55,
      "time": "71.10912489891052",
      "n_placed": 224,
      "n_discard": 88,
      "p_mean_weight": 45.33616071428571,
      "d_mean_weight": 43.29215909090909,
      "p_median_weight": 42.400000000000006,
      "d_median_weight": 41.15,
      "p_std_weight": 23.894023203199616,
      "d_std_weight": 25.206070079406718,
      "p_total_weight": 10155.3,
      "d_total_weight": 3809.71,
      "p_mean_taxability": 98.14269102678574,
      "d_mean_taxability": 110.95321602272729,
      "p_total_taxability": 21983.962790000005,
      "d_total_taxability": 9763.883010000001,
      "p_mean_volume": 0.2942329910714286,
      "d_mean_volume": 0.33319284090909096,
      "p_median_volume": 0.279745,
      "d_median_volume": 0.30047,
      "p_std_volume": 0.1647952801837298,
      "d_std_volume": 0.2179053452892553,
      "p_total_volume": 65.90819,
      "d_total_volume": 29.320970000000003,
      "d_max_priority": 0,
      "used_volume": 0.8073620060269006,
      "used_weight": 0.46160454545454543,
      "unload_obs": 0,
      "hs_cond": 1,
      "p_cond": 1,
      "sub_cond": 1
    },
    {
      "iteration": 139,