{
  "volume": [
    {
      "iteration": 169,
      "time": "75.43356919288635",
      "n_placed": 325,
      "n_discard": 176,
      "p_mean_weight": 31.987938461538462,
      "d_mean_weight": 16.161647727272726,
      "p_median_weight": 22.0,
      "d_median_weight": 9.75,
      "p_std_weight": 24.383758161837292,
      "d_std_weight": 13.135025808264187,
      "p_total_weight": 10396.08,
      "d_total_weight": 2844.45,
      "p_mean_taxability": 68.30195526153847,
      "d_mean_taxability": 43.245328806818186,
      "p_total_taxability": 22198.13546,
      "d_total_taxability": 7611.17787,
      "p_mean_volume": 0.20415076923076925,
      "d_mean_volume": 0.1298658522727273,
      "p_median_volume": 0.15216000000000002,
      "d_median_volume": 0.07761000000000001,
      "p_std_volume": 0.16946042116215765,
      "d_std_volume": 0.10785061003528802,
      "p_total_volume": 66.349,
      "d_total_volume": 22.85639,
      "d_max_priority": 1,
      "used_volume": 0.8127618394296494,
      "used_weight": 0.4725490909090909,
      "unload_obs": 0,
      "hs_cond": 1,
      "p_cond": 0,
      "sub_cond": 0
    },
    {
      "iteration": 238,
      "time": "73.09606671333313",
      "n_placed": 322,
      "n_discard": 179,
      "p_mean_weight": 32.18295031055901,
      "d_mean_weight": 16.07608938547486,
      "p_median_weight": 22.075,
      "d_median_weight": 9.77,
      "p_std_weight": 24.393903360780403,
      "d_std_weight": 13.104524362924517,
      "p_total_weight": 10362.91,
      "d_total_weight": 2877.62,
      "p_mean_taxability": 68.8803648136646,
      "d_mean_taxability": 42.62478134078213,
      "p_total_taxability": 22179.47747,
      "d_total_taxability": 7629.835860000001,
      "p_mean_volume": 0.20587878881987576,
      "d_mean_volume": 0.12800234636871508,
      "p_median_volume": 0.159285,
      "d_median_volume": 0.07678,
      "p_std_volume": 0.16941265202311978,
      "d_std_volume": 0.10755734751030444,
      "p_total_volume": 66.29297,
      "d_total_volume": 22.912419999999997,
      "d_max_priority": 1,
      "used_volume": 0.8120754832545263,
      "used_weight": 0.4710413636363636,
      "unload_obs": 0,
      "hs_cond": 1,
      "p_cond": 0,
      "sub_cond": 0
    },
    {
      "iteration": 86,
      "time": "165.6430790424347",
      "n_placed": 336,
      "n_discard": 165,
      "p_mean_weight": 30.78839285714286,
      "d_mean_weight": 17.549272727272726,
      "p_median_weight": 20.39,
      "d_median_weight": 9.95,
      "p_std_weight": 24.460514214103043,
      "d_std_weight": 13.880475784512381,
      "p_total_weight": 10344.900000000001,
      "d_total_weight": 2895.6299999999997,
      "p_mean_taxability": 65.98347175595238,
      "d_mean_taxability": 46.29616254545454,
      "p_total_taxability": 22170.44651,
      "d_total_taxability": 7638.866819999999,
      "p_mean_volume": 0.19721979166666667,
      "d_mean_volume": 0.13902751515151515,
      "p_median_volume": 0.131675,
      "d_median_volume": 0.08014,
      "p_std_volume": 0.1689811314547209,
      "d_std_volume": 0.11123783122489016,
      "p_total_volume": 66.26585,
      "d_total_volume": 22.93954,
      "d_max_priority": 1,
      "used_volume": 0.8117432687360658,
      "used_weight": 0.47022272727272735,
      "unload_obs": 0,
      "hs_cond": 1,
      "p_cond": 0,
      "sub_cond": 0
    }
  ],
  "weight": [
    {
      "iteration": 169,
      "time": "75.43356919288635",
      "n_placed": 325,
      "n_discard": 176,
      "p_mean_weight": 31.987938461538462,
      "d_mean_weight": 16.161647727272726,
      "p_median_weight": 22.0,
      "d_median_weight": 9.75,
      "p_std_weight": 24.383758161837292,
      "d_std_weight": 13.135025808264187,
      "p_total_weight": 10396.08,
      "d_total_weight": 2844.45,
      "p_mean_taxability": 68.30195526153847,
      "d_mean_taxability": 43.245328806818186,
      "p_total_taxability": 22198.13546,
      "d_total_taxability": 7611.17787,
      "p_mean_volume": 0.20415076923076925,
      "d_mean_volume": 0.1298658522727273,
      "p_median_volume": 0.15216000000000002,
      "d_median_volume": 0.07761000000000001,
      "p_std_volume": 0.16946042116215765,
      "d_std_volume": 0.10785061003528802,
      "p_total_volume": 66.349,
      "d_total_volume": 22.85639,
      "d_max_priority": 1,
      "used_volume": 0.8127618394296494,
      "used_weight": 0.4725490909090909,
      "unload_obs": 0,
      "hs_cond": 1,
      "p_cond": 0,
      "sub_cond": 0
    },
    {
      "iteration": 200,
      "time": "123.28258347511292",
      "n_placed": 322,
      "n_discard": 179,
      "p_mean_weight": 32.21453416149068,
      "d_mean_weight": 16.01927374301676,
      "p_median_weight": 22.73,
      "d_median_weight": 9.77,
      "p_std_weight": 24.423421447513842,
      "d_std_weight": 12.933844594181636,
      "p_total_weight": 10373.08,
      "d_total_weight": 2867.4500000000003,
      "p_mean_taxability": 68.82588518633541,
      "d_mean_taxability": 42.72278379888268,
      "p_total_taxability": 22161.93503,
      "d_total_taxability": 7647.3783,
      "p_mean_volume": 0.20571518633540378,
      "d_mean_volume": 0.12829664804469273,
      "p_median_volume": 0.16241,
      "d_median_volume": 0.078,
      "p_std_volume": 0.16995635742384388,
      "d_std_volume": 0.10621577659505221,
      "p_total_volume": 66.24029000000002,
      "d_total_volume": 22.9651,
      "d_max_priority": 1,
      "used_volume": 0.8114301639022958,
      "used_weight": 0.47150363636363635,
      "unload_obs": 0,
      "hs_cond": 1,
      "p_cond": 0,
      "sub_cond": 0
    },
    {
      "iteration": 206,
      "time": "114.99651026725769",
      "n_placed": 327,
      "n_discard": 174,
      "p_mean_weight": 31.705351681957186,
      "d_mean_weight": 16.51080459770115,
      "p_median_weight": 21.6,
      "d_median_weight": 10.1,
      "p_std_weight": 24.481268245155885,
      "d_std_weight": 13.130449033998403,
      "p_total_weight": 10367.65,
      "d_total_weight": 2872.88,
      "p_mean_taxability": 67.79925565749235,
      "d_mean_taxability": 43.9020501724138,
      "p_total_taxability": 22170.3566,
      "d_total_taxability": 7638.956730000002,
      "p_mean_volume": 0.20264703363914374,
      "d_mean_volume": 0.1318379885057471,
      "p_median_volume": 0.1521,
      "d_median_volume": 0.07914000000000002,
      "p_std_volume": 0.16985614753817754,
      "d_std_volume": 0.10738487531945824,
      "p_total_volume": 66.26558,
      "d_total_volume": 22.939809999999998,
      "d_max_priority": 1,
      "used_volume": 0.8117399612906387,
      "used_weight": 0.47125681818181814,
      "unload_obs": 0,
      "hs_cond": 1,
      "p_cond": 0,
      "sub_cond": 0
    }
  ],
  "taxability": [
    {
      "iteration": 169,
      "time": "75.43356919288635",
      "n_placed": 325,
      "n_discard": 176,
      "p_mean_weight": 31.987938461538462,
      "d_mean_weight": 16.161647727272726,
      "p_median_weight": 22.0,
      "d_median_weight": 9.75,
      "p_std_weight": 24.383758161837292,
      "d_std_weight": 13.135025808264187,
      "p_total_weight": 10396.08,
      "d_total_weight": 2844.45,
      "p_mean_taxability": 68.30195526153847,
      "d_mean_taxability": 43.245328806818186,
      "p_total_taxability": 22198.13546,
      "d_total_taxability": 7611.17787,
      "p_mean_volume": 0.20415076923076925,
      "d_mean_volume": 0.1298658522727273,
      "p_median_volume": 0.15216000000000002,
      "d_median_volume": 0.07761000000000001,
      "p_std_volume": 0.16946042116215765,
      "d_std_volume": 0.10785061003528802,
      "p_total_volume": 66.349,
      "d_total_volume": 22.85639,
      "d_max_priority": 1,
      "used_volume": 0.8127618394296494,
      "used_weight": 0.4725490909090909,
      "unload_obs": 0,
      "hs_cond": 1,
      "p_cond": 0,
      "sub_cond": 0
    },
    {
      "iteration": 238,
      "time": "73.09606671333313",
      "n_placed": 322,
      "n_discard": 179,