{
  "volume": [
    {
      "iteration": 25,
      "time": "82.17587041854858",
      "n_placed": 304,
      "n_discard": 157,
      "p_mean_weight": 31.744868421052633,
      "d_mean_weight": 24.09471337579618,
      "p_median_weight": 22.85,
      "d_median_weight": 16.4,
      "p_std_weight": 26.39161096552401,
      "d_std_weight": 19.104397015713076,
      "p_total_weight": 9650.44,
      "d_total_weight": 3782.87,
      "p_mean_taxability": 69.41127217105263,
      "d_mean_taxability": 59.417847515923576,
      "p_total_taxability": 21101.02674,
      "d_total_taxability": 9328.602060000001,
      "p_mean_volume": 0.20728065789473687,
      "d_mean_volume": 0.178431974522293,
      "p_median_volume": 0.139895,
      "d_median_volume": 0.12177,
      "p_std_volume": 0.18690752934089688,
      "d_std_volume": 0.15031290615996937,
      "p_total_volume": 63.01332000000001,
      "d_total_volume": 28.013820000000003,
      "d_max_priority": 1,
      "used_volume": 0.771900433642845,
      "used_weight": 0.4386563636363637,
      "unload_obs": 1,
      "hs_cond": 1,
      "p_cond": 0,
      "sub_cond": 0
    },
    {
      "iteration": 200,
      "time": "60.07559013366699",
      "n_placed": 290,
      "n_discard": 171,
      "p_mean_weight": 32.96810344827586,
      "d_mean_weight": 22.646549707602336,
      "p_median_weight": 25.16,
      "d_median_weight": 14.9,
      "p_std_weight": 26.346987527115267,
      "d_std_weight": 19.09221129526653,
      "p_total_weight": 9560.75,
      "d_total_weight": 3872.5599999999995,
      "p_mean_taxability": 72.11909224137932,
      "d_mean_taxability": 55.64381315789473,
      "p_total_taxability": 20914.536750000003,
      "d_total_taxability": 9515.09205,
      "p_mean_volume": 0.21535617241379312,
      "d_mean_volume": 0.1670985380116959,
      "p_median_volume": 0.158815,
      "d_median_volume": 0.11264,
      "p_std_volume": 0.18908128386892326,
      "d_std_volume": 0.1457877785593216,
      "p_total_volume": 62.45329000000001,
      "d_total_volume": 28.57385,
      "d_max_priority": 0,
      "used_volume": 0.765040179337041,
      "used_weight": 0.43457954545454547,
      "unload_obs": 4,
      "hs_cond": 1,
      "p_cond": 1,
      "sub_cond": 0
    },
    {
      "iteration": 197,
      "time": "60.165090560913086",
      "n_placed": 292,
      "n_discard": 169,
      "p_mean_weight": 32.72719178082192,
      "d_mean_weight": 22.940650887573966,
      "p_median_weight": 24.965,
      "d_median_weight": 15.0,
      "p_std_weight": 26.38127830503608,
      "d_std_weight": 19.095651809409507,
      "p_total_weight": 9556.34,
      "d_total_weight": 3876.9700000000003,
      "p_mean_taxability": 71.52677681506849,
      "d_mean_taxability": 56.47224834319527,
      "p_total_taxability": 20885.81883,
      "d_total_taxability": 9543.80997,
      "p_mean_volume": 0.21358578767123287,
      "d_mean_volume": 0.16958633136094672,
      "p_median_volume": 0.1508,
      "d_median_volume": 0.11456000000000001,
      "p_std_volume": 0.18904285929176387,
      "d_std_volume": 0.14616511712389496,
      "p_total_volume": 62.36705,
      "d_total_volume": 28.660089999999997,
      "d_max_priority": 0,
      "used_volume": 0.7639837567680133,
      "used_weight": 0.43437909090909094,
      "unload_obs": 2,
      "hs_cond": 1,
      "p_cond": 1,
      "sub_cond": 1
    }
  ],
  "weight": [
    {
      "iteration": 25,
      "time": "82.17587041854858",
      "n_placed": 304,
      "n_discard": 157,
      "p_mean_weight": 31.744868421052633,
      "d_mean_weight": 24.09471337579618,
      "p_median_weight": 22.85,
      "d_median_weight": 16.4,
      "p_std_weight": 26.39161096552401,
      "d_std_weight": 19.104397015713076,
      "p_total_weight": 9650.44,
      "d_total_weight": 3782.87,
      "p_mean_taxability": 69.41127217105263,
      "d_mean_taxability": 59.417847515923576,
      "p_total_taxability": 21101.02674,
      "d_total_taxability": 9328.602060000001,
      "p_mean_volume": 0.20728065789473687,
      "d_mean_volume": 0.178431974522293,
      "p_median_volume": 0.139895,
      "d_median_volume": 0.12177,
      "p_std_volume": 0.18690752934089688,
      "d_std_volume": 0.15031290615996937,
      "p_total_volume": 63.01332000000001,
      "d_total_volume": 28.013820000000003,
      "d_max_priority": 1,
      "used_volume": 0.771900433642845,
      "used_weight": 0.4386563636363637,
      "unload_obs": 1,
      "hs_cond": 1,
      "p_cond": 0,
      "sub_cond": 0
    },
    {
      "iteration": 239,
      "time": "38.634665966033936",
      "n_placed": 300,
      "n_discard": 161,
      "p_mean_weight": 32.16446666666667,
      "d_mean_weight": 23.50291925465838,
      "p_median_weight": 20.85,
      "d_median_weight": 18.42,
      "p_std_weight": 27.30794015239484,
      "d_std_weight": 16.433350451131062,
      "p_total_weight": 9649.34,
      "d_total_weight": 3783.9699999999993,
      "p_mean_taxability": 69.6154889,
      "d_mean_taxability": 59.28560329192547,
      "p_total_taxability": 20884.646670000002,
      "d_total_taxability": 9544.98213,
      "p_mean_volume": 0.20787843333333333,
      "d_mean_volume": 0.17803484472049694,
      "p_median_volume": 0.13113000000000002,
      "d_median_volume": 0.14283,
      "p_std_volume": 0.19734371551870608,
      "d_std_volume": 0.12395112978562152,
      "p_total_volume": 62.363530000000004,
      "d_total_volume": 28.663610000000006,
      "d_max_priority": 1,
      "used_volume": 0.7639406374794816,
      "used_weight": 0.4386063636363636,
      "unload_obs": 1,
      "hs_cond": 1,
      "p_cond": 0,
      "sub_cond": 0
    },
    {
      "iteration": 163,
      "time": "80.16048574447632",
      "n_placed": 297,
      "n_discard": 164,
      "p_mean_weight": 32.334612794612795,
      "d_mean_weight": 23.353231707317068,
      "p_median_weight": 21.3,
      "d_median_weight": 18.285,
      "p_std_weight": 27.381437721397717,
      "d_std_weight": 16.353755837201195,
      "p_total_weight": 9603.380000000001,
      "d_total_weight": 3829.9299999999994,
      "p_mean_taxability": 69.83909959595961,
      "d_mean_taxability": 59.06961109756097,
      "p_total_taxability": 20742.212580000003,
      "d_total_taxability": 9687.41622,
      "p_mean_volume": 0.20853804713804713,
      "d_mean_volume": 0.1773862195121951,
      "p_median_volume": 0.13139,
      "d_median_volume": 0.14058,
      "p_std_volume": 0.19782423663672552,
      "d_std_volume": 0.12408262353335718,
      "p_total_volume": 61.9358,
      "d_total_volume": 29.09134,
      "d_max_priority": 1,
      "used_volume": 0.7587010314329814,
      "used_weight": 0.43651727272727275,
      "unload_obs": 2,
      "hs_cond": 1,
      "p_cond": 0,
      "sub_cond": 0
    }
  ],
  "taxability": [
    {
      "iteration": 25,
      "time": "82.17587041854858",
      "n_placed": 304,
      "n_discard": 157,
      "p_mean_weight": 31.744868421052633,
      "d_mean_weight": 24.09471337579618,
      "p_median_weight": 22.85,
      "d_median_weight": 16.4,
      "p_std_weight": 26.39161096552401,
      "d_std_weight": 19.104397015713076,
      "p_total_weight": 9650.44,
      "d_total_weight": 3782.87,
      "p_mean_taxability": 69.41127217105263,
      "d_mean_taxability": 59.417847515923576,
      "p_total_taxability": 21101.02674,
      "d_total_taxability": 9328.602060000001,
      "p_mean_volume": 0.20728065789473687,
      "d_mean_volume": 0.178431974522293,
      "p_median_volume": 0.139895,
      "d_median_volume": 0.12177,
      "p_std_volume": 0.18690752934089688,
      "d_std_volume": 0.15031290615996937,
      "p_total_volume": 63.01332000000001,
      "d_total_volume": 28.013820000000003,
      "d_max_priority": 1,
      "used_volume": 0.771900433642845,
      "used_weight": 0.4386563636363637,
      "unload_obs": 1,
      "hs_cond": 1,
      "p_cond": 0,
      "sub_cond": 0
    },
    {
      "iteration": 200,
      "time": "60.07559013366699",
      "n_placed": 290,