{
  "volume": [
    {
      "iteration": 23,
      "time": "87.96903967857361",
      "n_placed": 447,
      "n_discard": 205,
      "p_mean_weight": 22.104004474272934,
      "d_mean_weight": 16.243853658536583,
      "p_median_weight": 13.88,
      "d_median_weight": 9.4,
      "p_std_weight": 20.84508682377128,
      "d_std_weight": 14.513922973356252,
      "p_total_weight": 9880.490000000002,
      "d_total_weight": 3329.99,
      "p_mean_taxability": 47.59384326621925,
      "d_mean_taxability": 41.35258975609757,
      "p_total_taxability": 21274.447940000005,
      "d_total_taxability": 8477.280900000002,
      "p_mean_volume": 0.14229304250559285,
      "d_mean_volume": 0.1241819512195122,
      "p_median_volume": 0.07555,
      "d_median_volume": 0.07558000000000001,
      "p_std_volume": 0.14754809668415594,
      "d_std_volume": 0.10925305862410947,
      "p_total_volume": 63.60499,
      "d_total_volume": 25.4573,
      "d_max_priority": 1,
      "used_volume": 0.7791482715535194,
      "used_weight": 0.4491131818181819,
      "unload_obs": 7,
      "hs_cond": 1,
      "p_cond": 0,
      "sub_cond": 0
    },
    {
      "iteration": 229,
      "time": "88.98520398139954",
      "n_placed": 443,
      "n_discard": 209,
      "p_mean_weight": 22.276185101580136,
      "d_mean_weight": 15.991052631578947,
      "p_median_weight": 13.9,
      "d_median_weight": 9.34,
      "p_std_weight": 20.855062356928144,
      "d_std_weight": 14.502074150130058,
      "p_total_weight": 9868.35,
      "d_total_weight": 3342.13,
      "p_mean_taxability": 47.877335124153504,
      "d_mean_taxability": 40.87114535885168,
      "p_total_taxability": 21209.659460000003,
      "d_total_taxability": 8542.06938,
      "p_mean_volume": 0.14313866817155757,
      "d_mean_volume": 0.12273617224880384,
      "p_median_volume": 0.07652,
      "d_median_volume": 0.07406,
      "p_std_volume": 0.1478188132112163,
      "d_std_volume": 0.10905448853620499,
      "p_total_volume": 63.410430000000005,
      "d_total_volume": 25.651860000000003,
      "d_max_priority": 1,
      "used_volume": 0.7767649508783105,
      "used_weight": 0.4485613636363637,
      "unload_obs": 6,
      "hs_cond": 1,
      "p_cond": 0,
      "sub_cond": 0
    },
    {
      "iteration": 177,
      "time": "146.80469608306885",
      "n_placed": 442,
      "n_discard": 210,
      "p_mean_weight": 22.30024886877828,
      "d_mean_weight": 15.970333333333333,
      "p_median_weight": 13.95,
      "d_median_weight": 9.27,
      "p_std_weight": 20.877365629540854,
      "d_std_weight": 14.455745613010427,
      "p_total_weight": 9856.71,
      "d_total_weight": 3353.77,
      "p_mean_taxability": 47.97956746606335,
      "d_mean_taxability": 40.68933342857143,
      "p_total_taxability": 21206.968820000002,
      "d_total_taxability": 8544.76002,
      "p_mean_volume": 0.14344423076923077,
      "d_mean_volume": 0.12219019047619047,
      "p_median_volume": 0.076405,
      "d_median_volume": 0.073965,
      "p_std_volume": 0.14797397680134397,
      "d_std_volume": 0.10871434006096793,
      "p_total_volume": 63.402350000000006,
      "d_total_volume": 25.65994,
      "d_max_priority": 1,
      "used_volume": 0.7766659725114536,
      "used_weight": 0.4480322727272727,
      "unload_obs": 6,
      "hs_cond": 1,
      "p_cond": 0,
      "sub_cond": 0
    }
  ],
  "weight": [
    {
      "iteration": 23,
      "time": "87.96903967857361",
      "n_placed": 447,
      "n_discard": 205,
      "p_mean_weight": 22.104004474272934,
      "d_mean_weight": 16.243853658536583,
      "p_median_weight": 13.88,
      "d_median_weight": 9.4,
      "p_std_weight": 20.84508682377128,
      "d_std_weight": 14.513922973356252,
      "p_total_weight": 9880.490000000002,
      "d_total_weight": 3329.99,
      "p_mean_taxability": 47.59384326621925,
      "d_mean_taxability": 41.35258975609757,
      "p_total_taxability": 21274.447940000005,
      "d_total_taxability": 8477.280900000002,
      "p_mean_volume": 0.14229304250559285,
      "d_mean_volume": 0.1241819512195122,
      "p_median_volume": 0.07555,
      "d_median_volume": 0.07558000000000001,
      "p_std_volume": 0.14754809668415594,
      "d_std_volume": 0.10925305862410947,
      "p_total_volume": 63.60499,
      "d_total_volume": 25.4573,
      "d_max_priority": 1,
      "used_volume": 0.7791482715535194,
      "used_weight": 0.4491131818181819,
      "unload_obs": 7,
      "hs_cond": 1,
      "p_cond": 0,
      "sub_cond": 0
    },
    {
      "iteration": 229,
      "time": "88.98520398139954",
      "n_placed": 443,
      "n_discard": 209,
      "p_mean_weight": 22.276185101580136,
      "d_mean_weight": 15.991052631578947,
      "p_median_weight": 13.9,
      "d_median_weight": 9.34,
      "p_std_weight": 20.855062356928144,
      "d_std_weight": 14.502074150130058,
      "p_total_weight": 9868.35,
      "d_total_weight": 3342.13,
      "p_mean_taxability": 47.877335124153504,
      "d_mean_taxability": 40.87114535885168,
      "p_total_taxability": 21209.659460000003,
      "d_total_taxability": 8542.06938,
      "p_mean_volume": 0.14313866817155757,
      "d_mean_volume": 0.12273617224880384,
      "p_median_volume": 0.07652,
      "d_median_volume": 0.07406,
      "p_std_volume": 0.1478188132112163,
      "d_std_volume": 0.10905448853620499,
      "p_total_volume": 63.410430000000005,
      "d_total_volume": 25.651860000000003,
      "d_max_priority": 1,
      "used_volume": 0.7767649508783105,
      "used_weight": 0.4485613636363637,
      "unload_obs": 6,
      "hs_cond": 1,
      "p_cond": 0,
      "sub_cond": 0
    },
    {
      "iteration": 177,
      "time": "146.80469608306885",
      "n_placed": 442,
      "n_discard": 210,
      "p_mean_weight": 22.30024886877828,
      "d_mean_weight": 15.970333333333333,
      "p_median_weight": 13.95,
      "d_median_weight": 9.27,
      "p_std_weight": 20.877365629540854,
      "d_std_weight": 14.455745613010427,
      "p_total_weight": 9856.71,
      "d_total_weight": 3353.77,
      "p_mean_taxability": 47.97956746606335,
      "d_mean_taxability": 40.68933342857143,
      "p_total_taxability": 21206.968820000002,
      "d_total_taxability": 8544.76002,
      "p_mean_volume": 0.14344423076923077,
      "d_mean_volume": 0.12219019047619047,
      "p_median_volume": 0.076405,
      "d_median_volume": 0.073965,
      "p_std_volume": 0.14797397680134397,
      "d_std_volume": 0.10871434006096793,
      "p_total_volume": 63.402350000000006,
      "d_total_volume": 25.65994,
      "d_max_priority": 1,
      "used_volume": 0.7766659725114536,
      "used_weight": 0.4480322727272727,
      "unload_obs": 6,
      "hs_cond": 1,
      "p_cond": 0,
      "sub_cond": 0
    }
  ],
  "taxability": [
    {
      "iteration": 23,
      "time": "87.96903967857361",
      "n_placed": 447,
      "n_discard": 205,
      "p_mean_weight": 22.104004474272934,
      "d_mean_weight": 16.243853658536583,
      "p_median_weight": 13.88,
      "d_median_weight": 9.4,
      "p_std_weight": 20.84508682377128,
      "d_std_weight": 14.513922973356252,
      "p_total_weight": 9880.490000000002,
      "d_total_weight": 3329.99,
      "p_mean_taxability": 47.59384326621925,
      "d_mean_taxability": 41.35258975609757,
      "p_total_taxability": 21274.447940000005,
      "d_total_taxability": 8477.280900000002,
      "p_mean_volume": 0.14229304250559285,
      "d_mean_volume": 0.1241819512195122,
      "p_median_volume": 0.07555,
      "d_median_volume": 0.07558000000000001,
      "p_std_volume": 0.14754809668415594,
      "d_std_volume": 0.10925305862410947,
      "p_total_volume": 63.60499,
      "d_total_volume": 25.4573,
      "d_max_priority": 1,
      "used_volume": 0.7791482715535194,
      "used_weight": 0.4491131818181819,
      "unload_obs": 7,
      "hs_cond": 1,
      "p_cond": 0,
      "sub_cond": 0
    },
    {
      "iteration": 229,
      "time": "88.98520398139954",
      "n_placed": 443,
      "n_discard": 209,