{
  "volume": [
    {
      "iteration": 201,
      "time": "105.77883291244507",
      "n_placed": 338,
      "n_discard": 181,
      "p_mean_weight": 28.38100591715976,
      "d_mean_weight": 21.893867403314918,
      "p_median_weight": 16.835,
      "d_median_weight": 11.85,
      "p_std_weight": 23.870613276864393,
      "d_std_weight": 18.959625742441006,
      "p_total_weight": 9592.779999999999,
      "d_total_weight": 3962.79,
      "p_mean_taxability": 62.62947973372782,
      "d_mean_taxability": 52.75170745856354,
      "p_total_taxability": 21168.764150000003,
      "d_total_taxability": 9548.05905,
      "p_mean_volume": 0.186793550295858,
      "d_mean_volume": 0.15841353591160223,
      "p_median_volume": 0.10842000000000002,
      "d_median_volume": 0.08764000000000001,
      "p_std_volume": 0.16982925768895052,
      "d_std_volume": 0.12758809534629217,
      "p_total_volume": 63.13622000000001,
      "d_total_volume": 28.672850000000004,
      "d_max_priority": 0,
      "used_volume": 0.7734059338020923,
      "used_weight": 0.4360354545454545,
      "unload_obs": 1,
      "hs_cond": 1,
      "p_cond": 1,
      "sub_cond": 1
    },
    {
      "iteration": 95,
      "time": "144.18480801582336",
      "n_placed": 353,
      "n_discard": 166,
      "p_mean_weight": 27.135042492917847,
      "d_mean_weight": 23.957228915662647,
      "p_median_weight": 15.55,
      "d_median_weight": 14.899999999999999,
      "p_std_weight": 23.569126800486135,
      "d_std_weight": 19.849726862528286,
      "p_total_weight": 9578.67,
      "d_total_weight": 3976.8999999999996,
      "p_mean_taxability": 59.92064478753542,
      "d_mean_taxability": 57.61949150602411,
      "p_total_taxability": 21151.987610000004,
      "d_total_taxability": 9564.835590000002,
      "p_mean_volume": 0.17871342776203966,
      "d_mean_volume": 0.1730315060240964,
      "p_median_volume": 0.1009,
      "d_median_volume": 0.10977,
      "p_std_volume": 0.1673757251015627,
      "d_std_volume": 0.13211705068138802,
      "p_total_volume": 63.085840000000005,
      "d_total_volume": 28.72323,
      "d_max_priority": 0,
      "used_volume": 0.7727887889849818,
      "used_weight": 0.4353940909090909,
      "unload_obs": 1,
      "hs_cond": 1,
      "p_cond": 1,
      "sub_cond": 1
    },
    {
      "iteration": 198,
      "time": "110.22938871383667",
      "n_placed": 354,
      "n_discard": 165,
      "p_mean_weight": 27.069435028248588,
      "d_mean_weight": 24.07872727272727,
      "p_median_weight": 15.405000000000001,
      "d_median_weight": 14.95,
      "p_std_weight": 23.567418528776066,
      "d_std_weight": 19.849801195896895,
      "p_total_weight": 9582.58,
      "d_total_weight": 3972.99,
      "p_mean_taxability": 59.734511073446335,
      "d_mean_taxability": 58.004886545454546,
      "p_total_taxability": 21146.016920000002,
      "d_total_taxability": 9570.80628,
      "p_mean_volume": 0.17815793785310735,
      "d_mean_volume": 0.1741888484848485,
      "p_median_volume": 0.1009,
      "d_median_volume": 0.10985,
      "p_std_volume": 0.1674175213414338,
      "d_std_volume": 0.1318022097847898,
      "p_total_volume": 63.067910000000005,
      "d_total_volume": 28.74116,
      "d_max_priority": 0,
      "used_volume": 0.7725691501090233,
      "used_weight": 0.43557181818181817,
      "unload_obs": 1,
      "hs_cond": 1,
      "p_cond": 1,
      "sub_cond": 1
    }
  ],
  "weight": [
    {
      "iteration": 201,
      "time": "105.77883291244507",
      "n_placed": 338,
      "n_discard": 181,
      "p_mean_weight": 28.38100591715976,
      "d_mean_weight": 21.893867403314918,
      "p_median_weight": 16.835,
      "d_median_weight": 11.85,
      "p_std_weight": 23.870613276864393,
      "d_std_weight": 18.959625742441006,
      "p_total_weight": 9592.779999999999,
      "d_total_weight": 3962.79,
      "p_mean_taxability": 62.62947973372782,
      "d_mean_taxability": 52.75170745856354,
      "p_total_taxability": 21168.764150000003,
      "d_total_taxability": 9548.05905,
      "p_mean_volume": 0.186793550295858,
      "d_mean_volume": 0.15841353591160223,
      "p_median_volume": 0.10842000000000002,
      "d_median_volume": 0.08764000000000001,
      "p_std_volume": 0.16982925768895052,
      "d_std_volume": 0.12758809534629217,
      "p_total_volume": 63.13622000000001,
      "d_total_volume": 28.672850000000004,
      "d_max_priority": 0,
      "used_volume": 0.7734059338020923,
      "used_weight": 0.4360354545454545,
      "unload_obs": 1,
      "hs_cond": 1,
      "p_cond": 1,
      "sub_cond": 1
    },
    {
      "iteration": 213,
      "time": "90.68132185935974",
      "n_placed": 335,
      "n_discard": 184,
      "p_mean_weight": 28.609373134328358,
      "d_mean_weight": 21.583858695652175,
      "p_median_weight": 17.2,
      "d_median_weight": 11.305,
      "p_std_weight": 23.867787512536374,
      "d_std_weight": 18.927115189607978,
      "p_total_weight": 9584.14,
      "d_total_weight": 3971.4300000000003,
      "p_mean_taxability": 63.046196477611936,
      "d_mean_taxability": 52.15406184782609,
      "p_total_taxability": 21120.47582,
      "d_total_taxability": 9596.347380000001,
      "p_mean_volume": 0.1880334626865672,
      "d_mean_volume": 0.1566188043478261,
      "p_median_volume": 0.10922000000000001,
      "d_median_volume": 0.082175,
      "p_std_volume": 0.17003335739288705,
      "d_std_volume": 0.12742210378926305,
      "p_total_volume": 62.99121000000001,
      "d_total_volume": 28.817860000000003,
      "d_max_priority": 0,
      "used_volume": 0.7716295906117551,
      "used_weight": 0.43564272727272724,
      "unload_obs": 0,
      "hs_cond": 1,
      "p_cond": 1,
      "sub_cond": 1
    },
    {
      "iteration": 198,
      "time": "110.22938871383667",
      "n_placed": 354,
      "n_discard": 165,
      "p_mean_weight": 27.069435028248588,
      "d_mean_weight": 24.07872727272727,
      "p_median_weight": 15.405000000000001,
      "d_median_weight": 14.95,
      "p_std_weight": 23.567418528776066,
      "d_std_weight": 19.849801195896895,
      "p_total_weight": 9582.58,
      "d_total_weight": 3972.99,
      "p_mean_taxability": 59.734511073446335,
      "d_mean_taxability": 58.004886545454546,
      "p_total_taxability": 21146.016920000002,
      "d_total_taxability": 9570.80628,
      "p_mean_volume": 0.17815793785310735,
      "d_mean_volume": 0.1741888484848485,
      "p_median_volume": 0.1009,
      "d_median_volume": 0.10985,
      "p_std_volume": 0.1674175213414338,
      "d_std_volume": 0.1318022097847898,
      "p_total_volume": 63.067910000000005,
      "d_total_volume": 28.74116,
      "d_max_priority": 0,
      "used_volume": 0.7725691501090233,
      "used_weight": 0.43557181818181817,
      "unload_obs": 1,
      "hs_cond": 1,
      "p_cond": 1,
      "sub_cond": 1
    }
  ],
  "taxability": [
    {
      "iteration": 201,
      "time": "105.77883291244507",
      "n_placed": 338,
      "n_discard": 181,
      "p_mean_weight": 28.38100591715976,
      "d_mean_weight": 21.893867403314918,
      "p_median_weight": 16.835,
      "d_median_weight": 11.85,
      "p_std_weight": 23.870613276864393,
      "d_std_weight": 18.959625742441006,
      "p_total_weight": 9592.779999999999,
      "d_total_weight": 3962.79,
      "p_mean_taxability": 62.62947973372782,
      "d_mean_taxability": 52.75170745856354,
      "p_total_taxability": 21168.764150000003,
      "d_total_taxability": 9548.05905,
      "p_mean_volume": 0.186793550295858,
      "d_mean_volume": 0.15841353591160223,
      "p_median_volume": 0.10842000000000002,
      "d_median_volume": 0.08764000000000001,
      "p_std_volume": 0.16982925768895052,
      "d_std_volume": 0.12758809534629217,
      "p_total_volume": 63.13622000000001,
      "d_total_volume": 28.672850000000004,
      "d_max_priority": 0,
      "used_volume": 0.7734059338020923,
      "used_weight": 0.4360354545454545,
      "unload_obs": 1,
      "hs_cond": 1,