{
  "volume": [
    {
      "iteration": 108,
      "time": "94.41816592216492",
      "n_placed": 284,
      "n_discard": 178,
      "p_mean_weight": 34.26052816901409,
      "d_mean_weight": 24.557921348314604,
      "p_median_weight": 27.799999999999997,
      "d_median_weight": 19.33,
      "p_std_weight": 24.75513858358482,
      "d_std_weight": 17.78002502824668,
      "p_total_weight": 9729.99,
      "d_total_weight": 4371.3099999999995,
      "p_mean_taxability": 71.89155073943664,
      "d_mean_taxability": 62.05600921348315,
      "p_total_taxability": 20417.200410000005,
      "d_total_taxability": 11045.969640000001,
      "p_mean_volume": 0.21457478873239436,
      "d_mean_volume": 0.18635438202247193,
      "p_median_volume": 0.18072,
      "d_median_volume": 0.154815,
      "p_std_volume": 0.15930008053215913,
      "d_std_volume": 0.12756931077604766,
      "p_total_volume": 60.93924,
      "d_total_volume": 33.17108,
      "d_max_priority": 0,
      "used_volume": 0.7464933728593478,
      "used_weight": 0.4422722727272727,
      "unload_obs": 0,
      "hs_cond": 1,
      "p_cond": 1,
      "sub_cond": 1
    },
    {
      "iteration": 92,
      "time": "76.71530556678772",
      "n_placed": 292,
      "n_discard": 170,
      "p_mean_weight": 33.17599315068493,
      "d_mean_weight": 25.964176470588235,
      "p_median_weight": 24.85,
      "d_median_weight": 20.0,
      "p_std_weight": 25.12270710756156,
      "d_std_weight": 17.274301865461542,
      "p_total_weight": 9687.39,
      "d_total_weight": 4413.91,
      "p_mean_taxability": 69.60706315068494,
      "d_mean_taxability": 65.5171035882353,
      "p_total_taxability": 20325.262440000002,
      "d_total_taxability": 11137.907610000002,
      "p_mean_volume": 0.20775051369863018,
      "d_mean_volume": 0.19674805882352941,
      "p_median_volume": 0.15766000000000002,
      "d_median_volume": 0.18,
      "p_std_volume": 0.16161408717458614,
      "d_std_volume": 0.12248684887889208,
      "p_total_volume": 60.66315000000001,
      "d_total_volume": 33.44717,
      "d_max_priority": 0,
      "used_volume": 0.7431113261631184,
      "used_weight": 0.4403359090909091,
      "unload_obs": 3,
      "hs_cond": 1,
      "p_cond": 1,
      "sub_cond": 1
    },
    {
      "iteration": 31,
      "time": "94.84182047843933",
      "n_placed": 294,
      "n_discard": 168,
      "p_mean_weight": 32.334863945578235,
      "d_mean_weight": 27.350297619047616,
      "p_median_weight": 23.95,
      "d_median_weight": 21.325000000000003,
      "p_std_weight": 24.514292240300545,
      "d_std_weight": 19.10390136114301,
      "p_total_weight": 9506.45,
      "d_total_weight": 4594.849999999999,
      "p_mean_taxability": 67.42499520408164,
      "d_mean_taxability": 69.28703250000001,
      "p_total_taxability": 19822.94859,
      "d_total_taxability": 11640.22146,
      "p_mean_volume": 0.20120646258503402,
      "d_mean_volume": 0.2080691666666667,
      "p_median_volume": 0.15766000000000002,
      "d_median_volume": 0.18,
      "p_std_volume": 0.1563539630742181,
      "d_std_volume": 0.1336117976316735,
      "p_total_volume": 59.154700000000005,
      "d_total_volume": 34.95562,
      "d_max_priority": 0,
      "used_volume": 0.724633118553544,
      "used_weight": 0.43211136363636365,
      "unload_obs": 2,
      "hs_cond": 1,
      "p_cond": 1,
      "sub_cond": 1
    }
  ],
  "weight": [
    {
      "iteration": 108,
      "time": "94.41816592216492",
      "n_placed": 284,
      "n_discard": 178,
      "p_mean_weight": 34.26052816901409,
      "d_mean_weight": 24.557921348314604,
      "p_median_weight": 27.799999999999997,
      "d_median_weight": 19.33,
      "p_std_weight": 24.75513858358482,
      "d_std_weight": 17.78002502824668,
      "p_total_weight": 9729.99,
      "d_total_weight": 4371.3099999999995,
      "p_mean_taxability": 71.89155073943664,
      "d_mean_taxability": 62.05600921348315,
      "p_total_taxability": 20417.200410000005,
      "d_total_taxability": 11045.969640000001,
      "p_mean_volume": 0.21457478873239436,
      "d_mean_volume": 0.18635438202247193,
      "p_median_volume": 0.18072,
      "d_median_volume": 0.154815,
      "p_std_volume": 0.15930008053215913,
      "d_std_volume": 0.12756931077604766,
      "p_total_volume": 60.93924,
      "d_total_volume": 33.17108,
      "d_max_priority": 0,
      "used_volume": 0.7464933728593478,
      "used_weight": 0.4422722727272727,
      "unload_obs": 0,
      "hs_cond": 1,
      "p_cond": 1,
      "sub_cond": 1
    },
    {
      "iteration": 92,
      "time": "76.71530556678772",
      "n_placed": 292,
      "n_discard": 170,
      "p_mean_weight": 33.17599315068493,
      "d_mean_weight": 25.964176470588235,
      "p_median_weight": 24.85,
      "d_median_weight": 20.0,
      "p_std_weight": 25.12270710756156,
      "d_std_weight": 17.274301865461542,
      "p_total_weight": 9687.39,
      "d_total_weight": 4413.91,
      "p_mean_taxability": 69.60706315068494,
      "d_mean_taxability": 65.5171035882353,
      "p_total_taxability": 20325.262440000002,
      "d_total_taxability": 11137.907610000002,
      "p_mean_volume": 0.20775051369863018,
      "d_mean_volume": 0.19674805882352941,
      "p_median_volume": 0.15766000000000002,
      "d_median_volume": 0.18,
      "p_std_volume": 0.16161408717458614,
      "d_std_volume": 0.12248684887889208,
      "p_total_volume": 60.66315000000001,
      "d_total_volume": 33.44717,
      "d_max_priority": 0,
      "used_volume": 0.7431113261631184,
      "used_weight": 0.4403359090909091,
      "unload_obs": 3,
      "hs_cond": 1,
      "p_cond": 1,
      "sub_cond": 1
    },
    {
      "iteration": 31,
      "time": "94.84182047843933",
      "n_placed": 294,
      "n_discard": 168,
      "p_mean_weight": 32.334863945578235,
      "d_mean_weight": 27.350297619047616,
      "p_median_weight": 23.95,
      "d_median_weight": 21.325000000000003,
      "p_std_weight": 24.514292240300545,
      "d_std_weight": 19.10390136114301,
      "p_total_weight": 9506.45,
      "d_total_weight": 4594.849999999999,
      "p_mean_taxability": 67.42499520408164,
      "d_mean_taxability": 69.28703250000001,
      "p_total_taxability": 19822.94859,
      "d_total_taxability": 11640.22146,
      "p_mean_volume": 0.20120646258503402,
      "d_mean_volume": 0.2080691666666667,
      "p_median_volume": 0.15766000000000002,
      "d_median_volume": 0.18,
      "p_std_volume": 0.1563539630742181,
      "d_std_volume": 0.1336117976316735,
      "p_total_volume": 59.154700000000005,
      "d_total_volume": 34.95562,
      "d_max_priority": 0,
      "used_volume": 0.724633118553544,
      "used_weight": 0.43211136363636365,
      "unload_obs": 2,
      "hs_cond": 1,
      "p_cond": 1,
      "sub_cond": 1
    }
  ],
  "taxability": [
    {
      "iteration": 108,
      "time": "94.41816592216492",
      "n_placed": 284,
      "n_discard": 178,
      "p_mean_weight": 34.26052816901409,
      "d_mean_weight": 24.557921348314604,
      "p_median_weight": 27.799999999999997,
      "d_median_weight": 19.33,
      "p_std_weight": 24.75513858358482,
      "d_std_weight": 17.78002502824668,
      "p_total_weight": 9729.99,
      "d_total_weight": 4371.3099999999995,
      "p_mean_taxability": 71.89155073943664,
      "d_mean_taxability": 62.05600921348315,
      "p_total_taxability": 20417.200410000005,
      "d_total_taxability": 11045.969640000001,
      "p_mean_volume": 0.21457478873239436,
      "d_mean_volume": 0.18635438202247193,
      "p_median_volume": 0.18072,
      "d_median_volume": 0.154815,
      "p_std_volume": 0.15930008053215913,
      "d_std_volume": 0.12756931077604766,
      "p_total_volume": 60.93924,
      "d_total_volume": 33.17108,
      "d_max_priority": 0,
      "used_volume": 0.7464933728593478,
      "used_weight": 0.4422722727272727,
      "unload_obs": 0,
      "hs_cond": 1,
      "p_cond": 1,
      "sub_cond": 1
    },
    {
      "iteration": 92,