{
  "volume": [
    {
      "iteration": 174,
      "time": "38.703389406204224",
      "n_placed": 213,
      "n_discard": 102,
      "p_mean_weight": 45.55070422535212,
      "d_mean_weight": 41.24705882352942,
      "p_median_weight": 42.0,
      "d_median_weight": 41.5,
      "p_std_weight": 22.859593027209648,
      "d_std_weight": 18.029297806144424,
      "p_total_weight": 9702.300000000001,
      "d_total_weight": 4207.200000000001,
      "p_mean_taxability": 95.27765713615024,
      "d_mean_taxability": 105.5662235294118,
      "p_total_taxability": 20294.14097,
      "d_total_taxability": 10767.754800000004,
      "p_mean_volume": 0.28560399061032865,
      "d_mean_volume": 0.3170156862745099,
      "p_median_volume": 0.28211,
      "d_median_volume": 0.32256,
      "p_std_volume": 0.14452903822787788,
      "d_std_volume": 0.14279097594354664,
      "p_total_volume": 60.833650000000006,
      "d_total_volume": 32.33560000000001,
      "d_max_priority": 0,
      "used_volume": 0.7451999167013745,
      "used_weight": 0.44101363636363644,
      "unload_obs": 2,
      "hs_cond": 1,
      "p_cond": 1,
      "sub_cond": 1
    },
    {
      "iteration": 215,
      "time": "29.18726634979248",
      "n_placed": 218,
      "n_discard": 97,
      "p_mean_weight": 43.96706422018349,
      "d_mean_weight": 44.58432989690722,
      "p_median_weight": 40.5,
      "d_median_weight": 42.0,
      "p_std_weight": 22.980392676424763,
      "d_std_weight": 17.75646835822656,
      "p_total_weight": 9584.82,
      "d_total_weight": 4324.68,
      "p_mean_taxability": 92.789008440367,
      "d_mean_taxability": 111.68960752577321,
      "p_total_taxability": 20228.003840000005,
      "d_total_taxability": 10833.891930000002,
      "p_mean_volume": 0.2781423853211009,
      "d_mean_volume": 0.33540422680412374,
      "p_median_volume": 0.27768000000000004,
      "d_median_volume": 0.33434,
      "p_std_volume": 0.1462537635761304,
      "d_std_volume": 0.13283690684628913,
      "p_total_volume": 60.635040000000004,
      "d_total_volume": 32.53421,
      "d_max_priority": 0,
      "used_volume": 0.7427669843447584,
      "used_weight": 0.4356736363636364,
      "unload_obs": 0,
      "hs_cond": 1,
      "p_cond": 1,
      "sub_cond": 1
    },
    {
      "iteration": 192,
      "time": "32.720898151397705",
      "n_placed": 215,
      "n_discard": 100,
      "p_mean_weight": 44.58111627906977,
      "d_mean_weight": 43.2456,
      "p_median_weight": 42.0,
      "d_median_weight": 41.5,
      "p_std_weight": 23.072672059047687,
      "d_std_weight": 17.651719538522777,
      "p_total_weight": 9584.94,
      "d_total_weight": 4324.56,
      "p_mean_taxability": 93.86275069767444,
      "d_mean_taxability": 108.81404370000001,
      "p_total_taxability": 20180.491400000006,
      "d_total_taxability": 10881.404370000002,
      "p_mean_volume": 0.2813598139534884,
      "d_mean_volume": 0.32676890000000003,
      "p_median_volume": 0.27768000000000004,
      "d_median_volume": 0.30839500000000003,
      "p_std_volume": 0.14765468771643564,
      "d_std_volume": 0.13293177612150597,
      "p_total_volume": 60.492360000000005,
      "d_total_volume": 32.67689,
      "d_max_priority": 0,
      "used_volume": 0.7410191831834775,
      "used_weight": 0.4356790909090909,
      "unload_obs": 0,
      "hs_cond": 1,
      "p_cond": 1,
      "sub_cond": 1
    }
  ],
  "weight": [
    {
      "iteration": 174,
      "time": "38.703389406204224",
      "n_placed": 213,
      "n_discard": 102,
      "p_mean_weight": 45.55070422535212,
      "d_mean_weight": 41.24705882352942,
      "p_median_weight": 42.0,
      "d_median_weight": 41.5,
      "p_std_weight": 22.859593027209648,
      "d_std_weight": 18.029297806144424,
      "p_total_weight": 9702.300000000001,
      "d_total_weight": 4207.200000000001,
      "p_mean_taxability": 95.27765713615024,
      "d_mean_taxability": 105.5662235294118,
      "p_total_taxability": 20294.14097,
      "d_total_taxability": 10767.754800000004,
      "p_mean_volume": 0.28560399061032865,
      "d_mean_volume": 0.3170156862745099,
      "p_median_volume": 0.28211,
      "d_median_volume": 0.32256,
      "p_std_volume": 0.14452903822787788,
      "d_std_volume": 0.14279097594354664,
      "p_total_volume": 60.833650000000006,
      "d_total_volume": 32.33560000000001,
      "d_max_priority": 0,
      "used_volume": 0.7451999167013745,
      "used_weight": 0.44101363636363644,
      "unload_obs": 2,
      "hs_cond": 1,
      "p_cond": 1,
      "sub_cond": 1
    },
    {
      "iteration": 15,
      "time": "38.031177282333374",
      "n_placed": 210,
      "n_discard": 105,
      "p_mean_weight": 45.945238095238096,
      "d_mean_weight": 40.58095238095238,
      "p_median_weight": 43.4,
      "d_median_weight": 40.5,
      "p_std_weight": 23.19800505344772,
      "d_std_weight": 17.098100744943842,
      "p_total_weight": 9648.5,
      "d_total_weight": 4261.0,
      "p_mean_taxability": 95.85153866666667,
      "d_mean_taxability": 104.12450142857145,
      "p_total_taxability": 20128.82312,
      "d_total_taxability": 10933.072650000002,
      "p_mean_volume": 0.28732,
      "d_mean_volume": 0.3126861904761905,
      "p_median_volume": 0.28168000000000004,
      "d_median_volume": 0.3094,
      "p_std_volume": 0.14787983739231333,
      "d_std_volume": 0.13658666039847936,
      "p_total_volume": 60.33720000000001,
      "d_total_volume": 32.83205,
      "d_max_priority": 0,
      "used_volume": 0.7391185045446751,
      "used_weight": 0.4385681818181818,
      "unload_obs": 1,
      "hs_cond": 1,
      "p_cond": 1,
      "sub_cond": 1
    },
    {
      "iteration": 128,
      "time": "39.60713267326355",
      "n_placed": 215,
      "n_discard": 100,
      "p_mean_weight": 44.58804651162791,
      "d_mean_weight": 43.230700000000006,
      "p_median_weight": 42.0,
      "d_median_weight": 41.5,
      "p_std_weight": 23.072196701918788,
      "d_std_weight": 17.651914610150378,
      "p_total_weight": 9586.43,
      "d_total_weight": 4323.070000000001,
      "p_mean_taxability": 93.8290634883721,
      "d_mean_taxability": 108.88647120000003,
      "p_total_taxability": 20173.24865,
      "d_total_taxability": 10888.647120000003,
      "p_mean_volume": 0.2812586511627907,
      "d_mean_volume": 0.32698640000000007,
      "p_median_volume": 0.27768000000000004,
      "d_median_volume": 0.30839500000000003,
      "p_std_volume": 0.14786420692410193,
      "d_std_volume": 0.13235178154380164,
      "p_total_volume": 60.47061,
      "d_total_volume": 32.698640000000005,
      "d_max_priority": 0,
      "used_volume": 0.7407527500796237,
      "used_weight": 0.4357468181818182,
      "unload_obs": 1,
      "hs_cond": 1,
      "p_cond": 1,
      "sub_cond": 1
    }
  ],
  "taxability": [
    {
      "iteration": 174,
      "time": "38.703389406204224",
      "n_placed": 213,
      "n_discard": 102,
      "p_mean_weight": 45.55070422535212,
      "d_mean_weight": 41.24705882352942,
      "p_median_weight": 42.0,
      "d_median_weight": 41.5,
      "p_std_weight": 22.859593027209648,
      "d_std_weight": 18.029297806144424,
      "p_total_weight": 9702.300000000001,
      "d_total_weight": 4207.200000000001,
      "p_mean_taxability": 95.27765713615024,
      "d_mean_taxability": 105.5662235294118,
      "p_total_taxability": 20294.14097,
      "d_total_taxability": 10767.754800000004,
      "p_mean_volume": 0.28560399061032865,
      "d_mean_volume": 0.3170156862745099,
      "p_median_volume": 0.28211,
      "d_median_volume": 0.32256,
      "p_std_volume": 0.14452903822787788,
      "d_std_volume": 0.14279097594354664,
      "p_total_volume": 60.833650000000006,
      "d_total_volume": 32.33560000000001,
      "d_max_priority": 0,
      "used_volume": 0.7451999167013745,
      "used_weight": 0.44101363636363644,
      "unload_obs": 2,
      "hs_cond": 1,
      "p_cond": 1,
      "sub_cond": 1
    },
    {
      "iteration": 215,