{
  "volume": [
    {
      "iteration": 34,
      "time": "296.0295796394348",
      "n_placed": 385,
      "n_discard": 266,
      "p_mean_weight": 27.292779220779224,
      "d_mean_weight": 13.850187969924812,
      "p_median_weight": 17.67,
      "d_median_weight": 9.425,
      "p_std_weight": 23.83329093051847,
      "d_std_weight": 10.708870682069549,
      "p_total_weight": 10507.720000000001,
      "d_total_weight": 3684.15,
      "p_mean_taxability": 57.457226025974045,
      "d_mean_taxability": 35.541002368421054,
      "p_total_taxability": 22121.032020000006,
      "d_total_taxability": 9453.906630000001,
      "p_mean_volume": 0.17091825974025973,
      "d_mean_volume": 0.10672973684210527,
      "p_median_volume": 0.09656,
      "d_median_volume": 0.07193,
      "p_std_volume": 0.16707934956597925,
      "d_std_volume": 0.08933967930978805,
      "p_total_volume": 65.80353,
      "d_total_volume": 28.39011,
      "d_max_priority": 0,
      "used_volume": 0.8060799421809539,
      "used_weight": 0.4776236363636364,
      "unload_obs": 1,
      "hs_cond": 1,
      "p_cond": 1,
      "sub_cond": 1
    },
    {
      "iteration": 4,
      "time": "296.4708273410797",
      "n_placed": 385,
      "n_discard": 266,
      "p_mean_weight": 27.394935064935062,
      "d_mean_weight": 13.70233082706767,
      "p_median_weight": 18.0,
      "d_median_weight": 9.6,
      "p_std_weight": 23.82929229782209,
      "d_std_weight": 10.532274558562026,
      "p_total_weight": 10547.05,
      "d_total_weight": 3644.82,
      "p_mean_taxability": 57.440610623376635,
      "d_mean_taxability": 35.56505097744361,
      "p_total_taxability": 22114.635090000003,
      "d_total_taxability": 9460.30356,
      "p_mean_volume": 0.17086836363636365,
      "d_mean_volume": 0.10680195488721805,
      "p_median_volume": 0.09725,
      "d_median_volume": 0.07145,
      "p_std_volume": 0.16659024532258263,
      "d_std_volume": 0.0907047985039143,
      "p_total_volume": 65.78432000000001,
      "d_total_volume": 28.40932,
      "d_max_priority": 0,
      "used_volume": 0.8058446235637113,
      "used_weight": 0.4794113636363636,
      "unload_obs": 1,
      "hs_cond": 1,
      "p_cond": 1,
      "sub_cond": 1
    },
    {
      "iteration": 131,
      "time": "138.79629373550415",
      "n_placed": 384,
      "n_discard": 267,
      "p_mean_weight": 27.502057291666663,
      "d_mean_weight": 13.599550561797754,
      "p_median_weight": 18.0,
      "d_median_weight": 9.45,
      "p_std_weight": 23.822455303692944,
      "d_std_weight": 10.467012296438142,
      "p_total_weight": 10560.789999999999,
      "d_total_weight": 3631.0800000000004,
      "p_mean_taxability": 57.55810960937501,
      "d_mean_taxability": 35.477994606741575,
      "p_total_taxability": 22102.314090000003,
      "d_total_taxability": 9472.62456,
      "p_mean_volume": 0.17121697916666667,
      "d_mean_volume": 0.1065405243445693,
      "p_median_volume": 0.09713000000000001,
      "d_median_volume": 0.0711,
      "p_std_volume": 0.16683460559100002,
      "d_std_volume": 0.09018953029960786,
      "p_total_volume": 65.74732,
      "d_total_volume": 28.446320000000004,
      "d_max_priority": 0,
      "used_volume": 0.8053913810422129,
      "used_weight": 0.48003590909090904,
      "unload_obs": 1,
      "hs_cond": 1,
      "p_cond": 1,
      "sub_cond": 1
    }
  ],
  "weight": [
    {
      "iteration": 158,
      "time": "290.98445415496826",
      "n_placed": 384,
      "n_discard": 267,
      "p_mean_weight": 27.524505208333334,
      "d_mean_weight": 13.567265917602997,
      "p_median_weight": 18.05,
      "d_median_weight": 9.4,
      "p_std_weight": 23.788111491215744,
      "d_std_weight": 10.536121774427409,
      "p_total_weight": 10569.41,
      "d_total_weight": 3622.46,
      "p_mean_taxability": 57.527168359375004,
      "d_mean_taxability": 35.52249438202248,
      "p_total_taxability": 22090.432650000002,
      "d_total_taxability": 9484.506000000001,
      "p_mean_volume": 0.1711240625,
      "d_mean_volume": 0.10667415730337078,
      "p_median_volume": 0.09719,
      "d_median_volume": 0.07127,
      "p_std_volume": 0.16671757644509036,
      "d_std_volume": 0.09059622941674535,
      "p_total_volume": 65.71164,
      "d_total_volume": 28.482,
      "d_max_priority": 0,
      "used_volume": 0.8049543082539138,
      "used_weight": 0.48042772727272726,
      "unload_obs": 1,
      "hs_cond": 1,
      "p_cond": 1,
      "sub_cond": 1
    },
    {
      "iteration": 131,
      "time": "138.79629373550415",
      "n_placed": 384,
      "n_discard": 267,
      "p_mean_weight": 27.502057291666663,
      "d_mean_weight": 13.599550561797754,
      "p_median_weight": 18.0,
      "d_median_weight": 9.45,
      "p_std_weight": 23.822455303692944,
      "d_std_weight": 10.467012296438142,
      "p_total_weight": 10560.789999999999,
      "d_total_weight": 3631.0800000000004,
      "p_mean_taxability": 57.55810960937501,
      "d_mean_taxability": 35.477994606741575,
      "p_total_taxability": 22102.314090000003,
      "d_total_taxability": 9472.62456,
      "p_mean_volume": 0.17121697916666667,
      "d_mean_volume": 0.1065405243445693,
      "p_median_volume": 0.09713000000000001,
      "d_median_volume": 0.0711,
      "p_std_volume": 0.16683460559100002,
      "d_std_volume": 0.09018953029960786,
      "p_total_volume": 65.74732,
      "d_total_volume": 28.446320000000004,
      "d_max_priority": 0,
      "used_volume": 0.8053913810422129,
      "used_weight": 0.48003590909090904,
      "unload_obs": 1,
      "hs_cond": 1,
      "p_cond": 1,
      "sub_cond": 1
    },
    {
      "iteration": 109,
      "time": "297.8091788291931",
      "n_placed": 380,
      "n_discard": 271,
      "p_mean_weight": 27.777657894736837,
      "d_mean_weight": 13.418302583025831,
      "p_median_weight": 18.3,
      "d_median_weight": 9.4,
      "p_std_weight": 23.802500811802272,
      "d_std_weight": 10.469730022198952,
      "p_total_weight": 10555.509999999998,
      "d_total_weight": 3636.36,
      "p_mean_taxability": 58.11296534210528,
      "d_mean_taxability": 35.025873874538746,
      "p_total_taxability": 22082.926830000004,
      "d_total_taxability": 9492.01182,
      "p_mean_volume": 0.17286605263157895,
      "d_mean_volume": 0.1051828044280443,
      "p_median_volume": 0.09854000000000002,
      "d_median_volume": 0.07100000000000001,
      "p_std_volume": 0.16700055506108244,
      "d_std_volume": 0.09002393487225403,
      "p_total_volume": 65.6891,
      "d_total_volume": 28.504540000000006,
      "d_max_priority": 0,
      "used_volume": 0.804678197809736,
      "used_weight": 0.479795909090909,
      "unload_obs": 1,
      "hs_cond": 1,
      "p_cond": 1,
      "sub_cond": 1
    }
  ],
  "taxability": [
    {
      "iteration": 34,
      "time": "296.0295796394348",
      "n_placed": 385,
      "n_discard": 266,
      "p_mean_weight": 27.292779220779224,
      "d_mean_weight": 13.850187969924812,
      "p_median_weight": 17.67,
      "d_median_weight": 9.425,
      "p_std_weight": 23.83329093051847,
      "d_std_weight": 10.708870682069549,
      "p_total_weight": 10507.720000000001,
      "d_total_weight": 3684.15,
      "p_mean_taxability": 57.457226025974045,
      "d_mean_taxability": 35.541002368421054,
      "p_total_taxability": 22121.032020000006,
      "d_total_taxability": 9453.906630000001,
      "p_mean_volume": 0.17091825974025973,
      "d_mean_volume": 0.10672973684210527,
      "p_median_volume": 0.09656,
      "d_median_volume": 0.07193,
      "p_std_volume": 0.16707934956597925,
      "d_std_volume": 0.08933967930978805,
      "p_total_volume": 65.80353,
      "d_total_volume": 28.39011,
      "d_max_priority": 0,
      "used_volume": 0.8060799421809539,
      "used_weight": 0.4776236363636364,
      "unload_obs": 1,
      "hs_cond": 1,
      "p_cond": 1,
      "sub_cond": 1
    },
    {
      "iteration": 4,
      "time": "296.4708273410797",