{
  "volume": [
    {
      "iteration": 98,
      "time": "85.9753201007843",
      "n_placed": 285,
      "n_discard": 234,
      "p_mean_weight": 29.918982456140352,
      "d_mean_weight": 22.001410256410256,
      "p_median_weight": 18.44,
      "d_median_weight": 14.15,
      "p_std_weight": 25.159818303389038,
      "d_std_weight": 18.34309148695439,
      "p_total_weight": 8526.91,
      "d_total_weight": 5148.33,
      "p_mean_taxability": 65.84416775438596,
      "d_mean_taxability": 52.84691500000001,
      "p_total_taxability": 18765.58781,
      "d_total_taxability": 12366.178110000003,
      "p_mean_volume": 0.19682796491228072,
      "d_mean_volume": 0.15869944444444448,
      "p_median_volume": 0.10985,
      "d_median_volume": 0.102205,
      "p_std_volume": 0.17839209187948782,
      "d_std_volume": 0.1273144358814436,
      "p_total_volume": 56.09597000000001,
      "d_total_volume": 37.135670000000005,
      "d_max_priority": 0,
      "used_volume": 0.6871642942891443,
      "used_weight": 0.38758681818181817,
      "unload_obs": 3,
      "hs_cond": 1,
      "p_cond": 1,
      "sub_cond": 1
    },
    {
      "iteration": 108,
      "time": "68.00014448165894",
      "n_placed": 283,
      "n_discard": 236,
      "p_mean_weight": 30.104734982332154,
      "d_mean_weight": 21.84576271186441,
      "p_median_weight": 19.2,
      "d_median_weight": 14.0,
      "p_std_weight": 25.15073271743475,
      "d_std_weight": 18.343030001299162,
      "p_total_weight": 8519.64,
      "d_total_weight": 5155.6,
      "p_mean_taxability": 66.2092680918728,
      "d_mean_taxability": 52.51925021186441,
      "p_total_taxability": 18737.22287,
      "d_total_taxability": 12394.54305,
      "p_mean_volume": 0.1979179858657244,
      "d_mean_volume": 0.1577154661016949,
      "p_median_volume": 0.11273000000000001,
      "d_median_volume": 0.10099,
      "p_std_volume": 0.17854237652963753,
      "d_std_volume": 0.12722954362596445,
      "p_total_volume": 56.01079000000001,
      "d_total_volume": 37.22085,
      "d_max_priority": 0,
      "used_volume": 0.6861208565058677,
      "used_weight": 0.3872563636363636,
      "unload_obs": 5,
      "hs_cond": 1,
      "p_cond": 1,
      "sub_cond": 1
    },
    {
      "iteration": 239,
      "time": "38.3971962928772",
      "n_placed": 280,
      "n_discard": 239,
      "p_mean_weight": 30.393250000000002,
      "d_mean_weight": 21.611422594142265,
      "p_median_weight": 20.32,
      "d_median_weight": 13.7,
      "p_std_weight": 25.14171812893682,
      "d_std_weight": 18.325679268632808,
      "p_total_weight": 8510.11,
      "d_total_weight": 5165.130000000001,
      "p_mean_taxability": 66.8166005,
      "d_mean_taxability": 51.97957230125524,
      "p_total_taxability": 18708.64814,
      "d_total_taxability": 12423.117780000002,
      "p_mean_volume": 0.19973207142857144,
      "d_mean_volume": 0.15609481171548117,
      "p_median_volume": 0.11415,
      "d_median_volume": 0.09844000000000001,
      "p_std_volume": 0.17866447948828346,
      "d_std_volume": 0.127185935410508,
      "p_total_volume": 55.924980000000005,
      "d_total_volume": 37.30666,
      "d_max_priority": 0,
      "used_volume": 0.6850697013499278,
      "used_weight": 0.38682318181818187,
      "unload_obs": 6,
      "hs_cond": 1,
      "p_cond": 1,
      "sub_cond": 1
    }
  ],
  "weight": [
    {
      "iteration": 98,
      "time": "85.9753201007843",
      "n_placed": 285,
      "n_discard": 234,
      "p_mean_weight": 29.918982456140352,
      "d_mean_weight": 22.001410256410256,
      "p_median_weight": 18.44,
      "d_median_weight": 14.15,
      "p_std_weight": 25.159818303389038,
      "d_std_weight": 18.34309148695439,
      "p_total_weight": 8526.91,
      "d_total_weight": 5148.33,
      "p_mean_taxability": 65.84416775438596,
      "d_mean_taxability": 52.84691500000001,
      "p_total_taxability": 18765.58781,
      "d_total_taxability": 12366.178110000003,
      "p_mean_volume": 0.19682796491228072,
      "d_mean_volume": 0.15869944444444448,
      "p_median_volume": 0.10985,
      "d_median_volume": 0.102205,
      "p_std_volume": 0.17839209187948782,
      "d_std_volume": 0.1273144358814436,
      "p_total_volume": 56.09597000000001,
      "d_total_volume": 37.135670000000005,
      "d_max_priority": 0,
      "used_volume": 0.6871642942891443,
      "used_weight": 0.38758681818181817,
      "unload_obs": 3,
      "hs_cond": 1,
      "p_cond": 1,
      "sub_cond": 1
    },
    {
      "iteration": 45,
      "time": "79.12705564498901",
      "n_placed": 247,
      "n_discard": 272,
      "p_mean_weight": 34.500404858299596,
      "d_mean_weight": 18.947205882352943,
      "p_median_weight": 28.1,
      "d_median_weight": 11.5,
      "p_std_weight": 26.182022687915946,
      "d_std_weight": 15.639224775342678,
      "p_total_weight": 8521.6,
      "d_total_weight": 5153.64,
      "p_mean_taxability": 73.85034906882592,
      "d_mean_taxability": 47.392388602941175,
      "p_total_taxability": 18241.03622,
      "d_total_taxability": 12890.7297,
      "p_mean_volume": 0.22073174089068828,
      "d_mean_volume": 0.14231948529411764,
      "p_median_volume": 0.18630000000000002,
      "d_median_volume": 0.082405,
      "p_std_volume": 0.18524216338110353,
      "d_std_volume": 0.1178547037971509,
      "p_total_volume": 54.52074,
      "d_total_volume": 38.710899999999995,
      "d_max_priority": 0,
      "used_volume": 0.6678680451772546,
      "used_weight": 0.38734545454545455,
      "unload_obs": 2,
      "hs_cond": 1,
      "p_cond": 1,
      "sub_cond": 1
    },
    {
      "iteration": 108,
      "time": "68.00014448165894",
      "n_placed": 283,
      "n_discard": 236,
      "p_mean_weight": 30.104734982332154,
      "d_mean_weight": 21.84576271186441,
      "p_median_weight": 19.2,
      "d_median_weight": 14.0,
      "p_std_weight": 25.15073271743475,
      "d_std_weight": 18.343030001299162,
      "p_total_weight": 8519.64,
      "d_total_weight": 5155.6,
      "p_mean_taxability": 66.2092680918728,
      "d_mean_taxability": 52.51925021186441,
      "p_total_taxability": 18737.22287,
      "d_total_taxability": 12394.54305,
      "p_mean_volume": 0.1979179858657244,
      "d_mean_volume": 0.1577154661016949,
      "p_median_volume": 0.11273000000000001,
      "d_median_volume": 0.10099,
      "p_std_volume": 0.17854237652963753,
      "d_std_volume": 0.12722954362596445,
      "p_total_volume": 56.01079000000001,
      "d_total_volume": 37.22085,
      "d_max_priority": 0,
      "used_volume": 0.6861208565058677,
      "used_weight": 0.3872563636363636,
      "unload_obs": 5,
      "hs_cond": 1,
      "p_cond": 1,
      "sub_cond": 1
    }
  ],
  "taxability": [
    {
      "iteration": 98,
      "time": "85.9753201007843",
      "n_placed": 285,
      "n_discard": 234,
      "p_mean_weight": 29.918982456140352,
      "d_mean_weight": 22.001410256410256,
      "p_median_weight": 18.44,
      "d_median_weight": 14.15,
      "p_std_weight": 25.159818303389038,
      "d_std_weight": 18.34309148695439,
      "p_total_weight": 8526.91,
      "d_total_weight": 5148.33,
      "p_mean_taxability": 65.84416775438596,
      "d_mean_taxability": 52.84691500000001,
      "p_total_taxability": 18765.58781,
      "d_total_taxability": 12366.178110000003,
      "p_mean_volume": 0.19682796491228072,
      "d_mean_volume": 0.15869944444444448,
      "p_median_volume": 0.10985,
      "d_median_volume": 0.102205,
      "p_std_volume": 0.17839209187948782,
      "d_std_volume": 0.1273144358814436,
      "p_total_volume": 56.09597000000001,
      "d_total_volume": 37.135670000000005,
      "d_max_priority": 0,
      "used_volume": 0.6871642942891443,
      "used_weight": 0.38758681818181817,
      "unload_obs": 3,
      "hs_cond": 1,
      "p_cond": 1,
      "sub_cond": 1
    },
    {
      "iteration": 108,
      "time": "68.00014448165894",
      "n_placed": 283,
      "n_discard": 236,