{
  "volume": [
    {
      "iteration": 13,
      "time": "22.44848942756653",
      "n_placed": 281,
      "n_discard": 238,
      "p_mean_weight": 28.05213523131673,
      "d_mean_weight": 23.485546218487393,
      "p_median_weight": 15.0,
      "d_median_weight": 14.73,
      "p_std_weight": 24.974596973643695,
      "d_std_weight": 18.772591372295626,
      "p_total_weight": 7882.650000000001,
      "d_total_weight": 5589.5599999999995,
      "p_mean_taxability": 59.81290615658364,
      "d_mean_taxability": 55.524643865546224,
      "p_total_taxability": 16807.42663,
      "d_total_taxability": 13214.865240000001,
      "p_mean_volume": 0.17860857651245554,
      "d_mean_volume": 0.16674067226890757,
      "p_median_volume": 0.10651000000000001,
      "d_median_volume": 0.10724,
      "p_std_volume": 0.1654605919075446,
      "d_std_volume": 0.12646803946569746,
      "p_total_volume": 50.18901000000001,
      "d_total_volume": 39.68428,
      "d_max_priority": 0,
      "used_volume": 0.6148052282137346,
      "used_weight": 0.3583022727272728,
      "unload_obs": 4,
      "hs_cond": 1,
      "p_cond": 1,
      "sub_cond": 1
    },
    {
      "iteration": 199,
      "time": "31.1470787525177",
      "n_placed": 282,
      "n_discard": 237,
      "p_mean_weight": 27.890780141843972,
      "d_mean_weight": 23.658270042194093,
      "p_median_weight": 15.0,
      "d_median_weight": 15.42,
      "p_std_weight": 24.7761378017523,
      "d_std_weight": 19.09523935598508,
      "p_total_weight": 7865.2,
      "d_total_weight": 5607.01,
      "p_mean_taxability": 59.36216546099292,
      "d_mean_taxability": 56.042874303797475,
      "p_total_taxability": 16740.130660000003,
      "d_total_taxability": 13282.161210000002,
      "p_mean_volume": 0.17725858156028368,
      "d_mean_volume": 0.16829691983122363,
      "p_median_volume": 0.10864000000000001,
      "d_median_volume": 0.10494,
      "p_std_volume": 0.16269843329691017,
      "d_std_volume": 0.13060733900154917,
      "p_total_volume": 49.98692,
      "d_total_volume": 39.88637,
      "d_max_priority": 0,
      "used_volume": 0.6123296665605017,
      "used_weight": 0.3575090909090909,
      "unload_obs": 4,
      "hs_cond": 1,
      "p_cond": 1,
      "sub_cond": 1
    },
    {
      "iteration": 133,
      "time": "47.72597098350525",
      "n_placed": 280,
      "n_discard": 239,
      "p_mean_weight": 27.806964285714287,
      "d_mean_weight": 23.791882845188287,
      "p_median_weight": 15.0,
      "d_median_weight": 15.42,
      "p_std_weight": 24.704417560910226,
      "d_std_weight": 19.2831968317871,
      "p_total_weight": 7785.95,
      "d_total_weight": 5686.26,
      "p_mean_taxability": 59.508375678571426,
      "d_mean_taxability": 55.89935849372385,
      "p_total_taxability": 16662.34519,
      "d_total_taxability": 13359.946680000001,
      "p_mean_volume": 0.1776904642857143,
      "d_mean_volume": 0.16786594142259417,
      "p_median_volume": 0.10864000000000001,
      "d_median_volume": 0.10494,
      "p_std_volume": 0.16314826412243433,
      "d_std_volume": 0.13021793056649983,
      "p_total_volume": 49.753330000000005,
      "d_total_volume": 40.119960000000006,
      "d_max_priority": 0,
      "used_volume": 0.6094682362741015,
      "used_weight": 0.3539068181818182,
      "unload_obs": 4,
      "hs_cond": 1,
      "p_cond": 1,
      "sub_cond": 1
    }
  ],
  "weight": [
    {
      "iteration": 13,
      "time": "22.44848942756653",
      "n_placed": 281,
      "n_discard": 238,
      "p_mean_weight": 28.05213523131673,
      "d_mean_weight": 23.485546218487393,
      "p_median_weight": 15.0,
      "d_median_weight": 14.73,
      "p_std_weight": 24.974596973643695,
      "d_std_weight": 18.772591372295626,
      "p_total_weight": 7882.650000000001,
      "d_total_weight": 5589.5599999999995,
      "p_mean_taxability": 59.81290615658364,
      "d_mean_taxability": 55.524643865546224,
      "p_total_taxability": 16807.42663,
      "d_total_taxability": 13214.865240000001,
      "p_mean_volume": 0.17860857651245554,
      "d_mean_volume": 0.16674067226890757,
      "p_median_volume": 0.10651000000000001,
      "d_median_volume": 0.10724,
      "p_std_volume": 0.1654605919075446,
      "d_std_volume": 0.12646803946569746,
      "p_total_volume": 50.18901000000001,
      "d_total_volume": 39.68428,
      "d_max_priority": 0,
      "used_volume": 0.6148052282137346,
      "used_weight": 0.3583022727272728,
      "unload_obs": 4,
      "hs_cond": 1,
      "p_cond": 1,
      "sub_cond": 1
    },
    {
      "iteration": 199,
      "time": "31.1470787525177",
      "n_placed": 282,
      "n_discard": 237,
      "p_mean_weight": 27.890780141843972,
      "d_mean_weight": 23.658270042194093,
      "p_median_weight": 15.0,
      "d_median_weight": 15.42,
      "p_std_weight": 24.7761378017523,
      "d_std_weight": 19.09523935598508,
      "p_total_weight": 7865.2,
      "d_total_weight": 5607.01,
      "p_mean_taxability": 59.36216546099292,
      "d_mean_taxability": 56.042874303797475,
      "p_total_taxability": 16740.130660000003,
      "d_total_taxability": 13282.161210000002,
      "p_mean_volume": 0.17725858156028368,
      "d_mean_volume": 0.16829691983122363,
      "p_median_volume": 0.10864000000000001,
      "d_median_volume": 0.10494,
      "p_std_volume": 0.16269843329691017,
      "d_std_volume": 0.13060733900154917,
      "p_total_volume": 49.98692,
      "d_total_volume": 39.88637,
      "d_max_priority": 0,
      "used_volume": 0.6123296665605017,
      "used_weight": 0.3575090909090909,
      "unload_obs": 4,
      "hs_cond": 1,
      "p_cond": 1,
      "sub_cond": 1
    },
    {
      "iteration": 123,
      "time": "48.03393816947937",
      "n_placed": 277,
      "n_discard": 242,
      "p_mean_weight": 28.125920577617332,
      "d_mean_weight": 23.476570247933886,
      "p_median_weight": 15.8,
      "d_median_weight": 14.61,
      "p_std_weight": 25.02043061486132,
      "d_std_weight": 18.81101838469461,
      "p_total_weight": 7790.880000000001,
      "d_total_weight": 5681.33,
      "p_mean_taxability": 60.05621657039711,
      "d_mean_taxability": 55.31702429752066,
      "p_total_taxability": 16635.57199,
      "d_total_taxability": 13386.71988,
      "p_mean_volume": 0.17932465703971123,
      "d_mean_volume": 0.16611719008264464,
      "p_median_volume": 0.10879000000000001,
      "d_median_volume": 0.105465,
      "p_std_volume": 0.16582596839401575,
      "d_std_volume": 0.1265950003714308,
      "p_total_volume": 49.67293000000001,
      "d_total_volume": 40.20036,
      "d_max_priority": 0,
      "used_volume": 0.6084833525246834,
      "used_weight": 0.35413090909090916,
      "unload_obs": 1,
      "hs_cond": 1,
      "p_cond": 1,
      "sub_cond": 1
    }
  ],
  "taxability": [
    {
      "iteration": 13,
      "time": "22.44848942756653",
      "n_placed": 281,
      "n_discard": 238,
      "p_mean_weight": 28.05213523131673,
      "d_mean_weight": 23.485546218487393,
      "p_median_weight": 15.0,
      "d_median_weight": 14.73,
      "p_std_weight": 24.974596973643695,
      "d_std_weight": 18.772591372295626,
      "p_total_weight": 7882.650000000001,
      "d_total_weight": 5589.5599999999995,
      "p_mean_taxability": 59.81290615658364,
      "d_mean_taxability": 55.524643865546224,
      "p_total_taxability": 16807.42663,
      "d_total_taxability": 13214.865240000001,
      "p_mean_volume": 0.17860857651245554,
      "d_mean_volume": 0.16674067226890757,
      "p_median_volume": 0.10651000000000001,
      "d_median_volume": 0.10724,
      "p_std_volume": 0.1654605919075446,
      "d_std_volume": 0.12646803946569746,
      "p_total_volume": 50.18901000000001,
      "d_total_volume": 39.68428,
      "d_max_priority": 0,
      "used_volume": 0.6148052282137346,
      "used_weight": 0.3583022727272728,
      "unload_obs": 4,
      "hs_cond": 1,
      "p_cond": 1,
      "sub_cond": 1
    },
    {
      "iteration": 199,