{
  "volume": [
    {
      "iteration": 147,
      "time": "91.38655710220337",
      "n_placed": 355,
      "n_discard": 168,
      "p_mean_weight": 28.645126760563382,
      "d_mean_weight": 19.75,
      "p_median_weight": 17.2,
      "d_median_weight": 12.0,
      "p_std_weight": 26.01351796941166,
      "d_std_weight": 15.348965753450582,
      "p_total_weight": 10169.02,
      "d_total_weight": 3318.0,
      "p_mean_taxability": 61.73692484507042,
      "d_mean_taxability": 52.76563392857143,
      "p_total_taxability": 21916.60832,
      "d_total_taxability": 8864.6265,
      "p_mean_volume": 0.18454014084507045,
      "d_mean_volume": 0.15845535714285713,
      "p_median_volume": 0.10346000000000001,
      "d_median_volume": 0.09803,
      "p_std_volume": 0.19489222912312074,
      "d_std_volume": 0.12298918367267297,
      "p_total_volume": 65.51175,
      "d_total_volume": 26.6205,
      "d_max_priority": 0,
      "used_volume": 0.8025056961560135,
      "used_weight": 0.4622281818181818,
      "unload_obs": 1,
      "hs_cond": 1,
      "p_cond": 1,
      "sub_cond": 1
    },
    {
      "iteration": 205,
      "time": "106.61300921440125",
      "n_placed": 336,
      "n_discard": 187,
      "p_mean_weight": 29.58455357142857,
      "d_mean_weight": 18.965828877005347,
      "p_median_weight": 20.0,
      "d_median_weight": 11.4,
      "p_std_weight": 25.99243997626059,
      "d_std_weight": 16.07185002273712,
      "p_total_weight": 9940.41,
      "d_total_weight": 3546.6099999999997,
      "p_mean_taxability": 64.73700434523809,
      "d_mean_taxability": 48.28663828877006,
      "p_total_taxability": 21751.63346,
      "d_total_taxability": 9029.60136,
      "p_mean_volume": 0.1935009821428572,
      "d_mean_volume": 0.14500491978609625,
      "p_median_volume": 0.11293,
      "d_median_volume": 0.08147,
      "p_std_volume": 0.1982971491683283,
      "d_std_volume": 0.11810163818193621,
      "p_total_volume": 65.01633000000001,
      "d_total_volume": 27.11592,
      "d_max_priority": 0,
      "used_volume": 0.7964369012911289,
      "used_weight": 0.4518368181818182,
      "unload_obs": 2,
      "hs_cond": 1,
      "p_cond": 1,
      "sub_cond": 1
    },
    {
      "iteration": 171,
      "time": "185.45931673049927",
      "n_placed": 326,
      "n_discard": 197,
      "p_mean_weight": 30.796165644171776,
      "d_mean_weight": 17.499847715736042,
      "p_median_weight": 20.7,
      "d_median_weight": 10.2,
      "p_std_weight": 26.66016675503594,
      "d_std_weight": 13.40339986861228,
      "p_total_weight": 10039.55,
      "d_total_weight": 3447.4700000000003,
      "p_mean_taxability": 66.716264601227,
      "d_mean_taxability": 45.846358172588836,
      "p_total_taxability": 21749.50226,
      "d_total_taxability": 9031.73256,
      "p_mean_volume": 0.19941696319018404,
      "d_mean_volume": 0.13767675126903553,
      "p_median_volume": 0.1222,
      "d_median_volume": 0.08003,
      "p_std_volume": 0.20217864747406372,
      "d_std_volume": 0.10825187528000056,
      "p_total_volume": 65.00993,
      "d_total_volume": 27.122320000000002,
      "d_max_priority": 0,
      "used_volume": 0.7963585025847073,
      "used_weight": 0.4563431818181818,
      "unload_obs": 3,
      "hs_cond": 1,
      "p_cond": 1,
      "sub_cond": 1
    }
  ],
  "weight": [
    {
      "iteration": 147,
      "time": "91.38655710220337",
      "n_placed": 355,
      "n_discard": 168,
      "p_mean_weight": 28.645126760563382,
      "d_mean_weight": 19.75,
      "p_median_weight": 17.2,
      "d_median_weight": 12.0,
      "p_std_weight": 26.01351796941166,
      "d_std_weight": 15.348965753450582,
      "p_total_weight": 10169.02,
      "d_total_weight": 3318.0,
      "p_mean_taxability": 61.73692484507042,
      "d_mean_taxability": 52.76563392857143,
      "p_total_taxability": 21916.60832,
      "d_total_taxability": 8864.6265,
      "p_mean_volume": 0.18454014084507045,
      "d_mean_volume": 0.15845535714285713,
      "p_median_volume": 0.10346000000000001,
      "d_median_volume": 0.09803,
      "p_std_volume": 0.19489222912312074,
      "d_std_volume": 0.12298918367267297,
      "p_total_volume": 65.51175,
      "d_total_volume": 26.6205,
      "d_max_priority": 0,
      "used_volume": 0.8025056961560135,
      "used_weight": 0.4622281818181818,
      "unload_obs": 1,
      "hs_cond": 1,
      "p_cond": 1,
      "sub_cond": 1
    },
    {
      "iteration": 60,
      "time": "84.98869204521179",
      "n_placed": 349,
      "n_discard": 174,
      "p_mean_weight": 28.781719197707737,
      "d_mean_weight": 19.782758620689656,
      "p_median_weight": 18.0,
      "d_median_weight": 12.0,
      "p_std_weight": 26.047512840898758,
      "d_std_weight": 15.656712401173994,
      "p_total_weight": 10044.82,
      "d_total_weight": 3442.2,
      "p_mean_taxability": 62.125110315186255,
      "d_mean_taxability": 52.29638689655174,
      "p_total_taxability": 21681.663500000002,
      "d_total_taxability": 9099.571320000003,
      "p_mean_volume": 0.18569114613180518,
      "d_mean_volume": 0.15704620689655174,
      "p_median_volume": 0.10323,
      "d_median_volume": 0.09297000000000001,
      "p_std_volume": 0.19527415352937433,
      "d_std_volume": 0.12456763881467957,
      "p_total_volume": 64.80621000000001,
      "d_total_volume": 27.326040000000003,
      "d_max_priority": 0,
      "used_volume": 0.7938629737609331,
      "used_weight": 0.45658272727272725,
      "unload_obs": 0,
      "hs_cond": 1,
      "p_cond": 1,
      "sub_cond": 1
    },
    {
      "iteration": 171,
      "time": "185.45931673049927",
      "n_placed": 326,
      "n_discard": 197,
      "p_mean_weight": 30.796165644171776,
      "d_mean_weight": 17.499847715736042,
      "p_median_weight": 20.7,
      "d_median_weight": 10.2,
      "p_std_weight": 26.66016675503594,
      "d_std_weight": 13.40339986861228,
      "p_total_weight": 10039.55,
      "d_total_weight": 3447.4700000000003,
      "p_mean_taxability": 66.716264601227,
      "d_mean_taxability": 45.846358172588836,
      "p_total_taxability": 21749.50226,
      "d_total_taxability": 9031.73256,
      "p_mean_volume": 0.19941696319018404,
      "d_mean_volume": 0.13767675126903553,
      "p_median_volume": 0.1222,
      "d_median_volume": 0.08003,
      "p_std_volume": 0.20217864747406372,
      "d_std_volume": 0.10825187528000056,
      "p_total_volume": 65.00993,
      "d_total_volume": 27.122320000000002,
      "d_max_priority": 0,
      "used_volume": 0.7963585025847073,
      "used_weight": 0.4563431818181818,
      "unload_obs": 3,
      "hs_cond": 1,
      "p_cond": 1,
      "sub_cond": 1
    }
  ],
  "taxability": [
    {
      "iteration": 147,
      "time": "91.38655710220337",
      "n_placed": 355,
      "n_discard": 168,
      "p_mean_weight": 28.645126760563382,
      "d_mean_weight": 19.75,
      "p_median_weight": 17.2,
      "d_median_weight": 12.0,
      "p_std_weight": 26.01351796941166,
      "d_std_weight": 15.348965753450582,
      "p_total_weight": 10169.02,
      "d_total_weight": 3318.0,
      "p_mean_taxability": 61.73692484507042,
      "d_mean_taxability": 52.76563392857143,
      "p_total_taxability": 21916.60832,
      "d_total_taxability": 8864.6265,
      "p_mean_volume": 0.18454014084507045,
      "d_mean_volume": 0.15845535714285713,
      "p_median_volume": 0.10346000000000001,
      "d_median_volume": 0.09803,
      "p_std_volume": 0.19489222912312074,
      "d_std_volume": 0.12298918367267297,
      "p_total_volume": 65.51175,
      "d_total_volume": 26.6205,
      "d_max_priority": 0,
      "used_volume": 0.8025056961560135,
      "used_weight": 0.4622281818181818,
      "unload_obs": 1,
      "hs_cond": 1,
      "p_cond": 1,
      "sub_cond": 1
    },
    {
      "iteration": 205,
      "time": "106.61300921440125",
      "n_placed": 336,
      "n_discard": 187,
      "p_mean_weight": 29.58455357142857,
      "d_mean_weight": 18.965828877005347,