{
  "volume": [
    {
      "iteration": 167,
      "time": "146.22115087509155",
      "n_placed": 324,
      "n_discard": 192,
      "p_mean_weight": 32.667500000000004,
      "d_mean_weight": 14.671041666666666,
      "p_median_weight": 22.3,
      "d_median_weight": 8.95,
      "p_std_weight": 25.620813851230032,
      "d_std_weight": 12.956871671687553,
      "p_total_weight": 10584.27,
      "d_total_weight": 2816.8399999999997,
      "p_mean_taxability": 70.76691083333333,
      "d_mean_taxability": 40.42800375,
      "p_total_taxability": 22928.47911,
      "d_total_taxability": 7762.17672,
      "p_mean_volume": 0.21196651234567904,
      "d_mean_volume": 0.12140541666666667,
      "p_median_volume": 0.15481,
      "d_median_volume": 0.07187500000000001,
      "p_std_volume": 0.19132020482553827,
      "d_std_volume": 0.11377660958576116,
      "p_total_volume": 68.67715000000001,
      "d_total_volume": 23.30984,
      "d_max_priority": 0,
      "used_volume": 0.8412812063600952,
      "used_weight": 0.48110318181818185,
      "unload_obs": 0,
      "hs_cond": 1,
      "p_cond": 1,
      "sub_cond": 0
    },
    {
      "iteration": 61,
      "time": "138.7019612789154",
      "n_placed": 325,
      "n_discard": 191,
      "p_mean_weight": 32.52184615384615,
      "d_mean_weight": 14.824659685863873,
      "p_median_weight": 22.0,
      "d_median_weight": 8.9,
      "p_std_weight": 25.680538140268578,
      "d_std_weight": 12.93395741793052,
      "p_total_weight": 10569.599999999999,
      "d_total_weight": 2831.5099999999998,
      "p_mean_taxability": 70.40599698461538,
      "d_mean_taxability": 40.883281727748695,
      "p_total_taxability": 22881.94902,
      "d_total_taxability": 7808.706810000001,
      "p_mean_volume": 0.21088436923076923,
      "d_mean_volume": 0.12277261780104713,
      "p_median_volume": 0.15153000000000003,
      "d_median_volume": 0.07267000000000001,
      "p_std_volume": 0.19161530245887584,
      "d_std_volume": 0.11364908909934586,
      "p_total_volume": 68.53742,
      "d_total_volume": 23.44957,
      "d_max_priority": 1,
      "used_volume": 0.8395695421025553,
      "used_weight": 0.48043636363636355,
      "unload_obs": 0,
      "hs_cond": 1,
      "p_cond": 0,
      "sub_cond": 0
    },
    {
      "iteration": 76,
      "time": "299.90135765075684",
      "n_placed": 323,
      "n_discard": 193,
      "p_mean_weight": 32.692136222910214,
      "d_mean_weight": 14.723056994818654,
      "p_median_weight": 22.6,
      "d_median_weight": 8.9,
      "p_std_weight": 25.670469779774287,
      "d_std_weight": 12.897480312782402,
      "p_total_weight": 10559.56,
      "d_total_weight": 2841.55,
      "p_mean_taxability": 70.81575074303406,
      "d_mean_taxability": 40.50346290155441,
      "p_total_taxability": 22873.48749,
      "d_total_taxability": 7817.16834,
      "p_mean_volume": 0.21211148606811148,
      "d_mean_volume": 0.12163202072538862,
      "p_median_volume": 0.15362,
      "d_median_volume": 0.07100000000000001,
      "p_std_volume": 0.1915938276707041,
      "d_std_volume": 0.1135388792237028,
      "p_total_volume": 68.51201,
      "d_total_volume": 23.474980000000002,
      "d_max_priority": 0,
      "used_volume": 0.8392582747384668,
      "used_weight": 0.47997999999999996,
      "unload_obs": 0,
      "hs_cond": 1,
      "p_cond": 1,
      "sub_cond": 1
    }
  ],
  "weight": [
    {
      "iteration": 167,
      "time": "146.22115087509155",
      "n_placed": 324,
      "n_discard": 192,
      "p_mean_weight": 32.667500000000004,
      "d_mean_weight": 14.671041666666666,
      "p_median_weight": 22.3,
      "d_median_weight": 8.95,
      "p_std_weight": 25.620813851230032,
      "d_std_weight": 12.956871671687553,
      "p_total_weight": 10584.27,
      "d_total_weight": 2816.8399999999997,
      "p_mean_taxability": 70.76691083333333,
      "d_mean_taxability": 40.42800375,
      "p_total_taxability": 22928.47911,
      "d_total_taxability": 7762.17672,
      "p_mean_volume": 0.21196651234567904,
      "d_mean_volume": 0.12140541666666667,
      "p_median_volume": 0.15481,
      "d_median_volume": 0.07187500000000001,
      "p_std_volume": 0.19132020482553827,
      "d_std_volume": 0.11377660958576116,
      "p_total_volume": 68.67715000000001,
      "d_total_volume": 23.30984,
      "d_max_priority": 0,
      "used_volume": 0.8412812063600952,
      "used_weight": 0.48110318181818185,
      "unload_obs": 0,
      "hs_cond": 1,
      "p_cond": 1,
      "sub_cond": 0
    },
    {
      "iteration": 61,
      "time": "138.7019612789154",
      "n_placed": 325,
      "n_discard": 191,
      "p_mean_weight": 32.52184615384615,
      "d_mean_weight": 14.824659685863873,
      "p_median_weight": 22.0,
      "d_median_weight": 8.9,
      "p_std_weight": 25.680538140268578,
      "d_std_weight": 12.93395741793052,
      "p_total_weight": 10569.599999999999,
      "d_total_weight": 2831.5099999999998,
      "p_mean_taxability": 70.40599698461538,
      "d_mean_taxability": 40.883281727748695,
      "p_total_taxability": 22881.94902,
      "d_total_taxability": 7808.706810000001,
      "p_mean_volume": 0.21088436923076923,
      "d_mean_volume": 0.12277261780104713,
      "p_median_volume": 0.15153000000000003,
      "d_median_volume": 0.07267000000000001,
      "p_std_volume": 0.19161530245887584,
      "d_std_volume": 0.11364908909934586,
      "p_total_volume": 68.53742,
      "d_total_volume": 23.44957,
      "d_max_priority": 1,
      "used_volume": 0.8395695421025553,
      "used_weight": 0.48043636363636355,
      "unload_obs": 0,
      "hs_cond": 1,
      "p_cond": 0,
      "sub_cond": 0
    },
    {
      "iteration": 76,
      "time": "299.90135765075684",
      "n_placed": 323,
      "n_discard": 193,
      "p_mean_weight": 32.692136222910214,
      "d_mean_weight": 14.723056994818654,
      "p_median_weight": 22.6,
      "d_median_weight": 8.9,
      "p_std_weight": 25.670469779774287,
      "d_std_weight": 12.897480312782402,
      "p_total_weight": 10559.56,
      "d_total_weight": 2841.55,
      "p_mean_taxability": 70.81575074303406,
      "d_mean_taxability": 40.50346290155441,
      "p_total_taxability": 22873.48749,
      "d_total_taxability": 7817.16834,
      "p_mean_volume": 0.21211148606811148,
      "d_mean_volume": 0.12163202072538862,
      "p_median_volume": 0.15362,
      "d_median_volume": 0.07100000000000001,
      "p_std_volume": 0.1915938276707041,
      "d_std_volume": 0.1135388792237028,
      "p_total_volume": 68.51201,
      "d_total_volume": 23.474980000000002,
      "d_max_priority": 0,
      "used_volume": 0.8392582747384668,
      "used_weight": 0.47997999999999996,
      "unload_obs": 0,
      "hs_cond": 1,
      "p_cond": 1,
      "sub_cond": 1
    }
  ],
  "taxability": [
    {
      "iteration": 167,
      "time": "146.22115087509155",
      "n_placed": 324,
      "n_discard": 192,
      "p_mean_weight": 32.667500000000004,
      "d_mean_weight": 14.671041666666666,
      "p_median_weight": 22.3,
      "d_median_weight": 8.95,
      "p_std_weight": 25.620813851230032,
      "d_std_weight": 12.956871671687553,
      "p_total_weight": 10584.27,
      "d_total_weight": 2816.8399999999997,
      "p_mean_taxability": 70.76691083333333,
      "d_mean_taxability": 40.42800375,
      "p_total_taxability": 22928.47911,
      "d_total_taxability": 7762.17672,
      "p_mean_volume": 0.21196651234567904,
      "d_mean_volume": 0.12140541666666667,
      "p_median_volume": 0.15481,
      "d_median_volume": 0.07187500000000001,
      "p_std_volume": 0.19132020482553827,
      "d_std_volume": 0.11377660958576116,
      "p_total_volume": 68.67715000000001,
      "d_total_volume": 23.30984,
      "d_max_priority": 0,
      "used_volume": 0.8412812063600952,
      "used_weight": 0.48110318181818185,
      "unload_obs": 0,
      "hs_cond": 1,
      "p_cond": 1,
      "sub_cond": 0
    },
    {
      "iteration": 61,
      "time": "138.7019612789154",