{
  "volume": [
    {
      "iteration": 81,
      "time": "59.58598208427429",
      "n_placed": 246,
      "n_discard": 111,
      "p_mean_weight": 38.57056910569106,
      "d_mean_weight": 37.41162162162163,
      "p_median_weight": 32.55,
      "d_median_weight": 37.1,
      "p_std_weight": 26.87896263489084,
      "d_std_weight": 14.768768185264259,
      "p_total_weight": 9488.36,
      "d_total_weight": 4152.6900000000005,
      "p_mean_taxability": 82.42554528455284,
      "d_mean_taxability": 95.69253,
      "p_total_taxability": 20276.684139999998,
      "d_total_taxability": 10621.87083,
      "p_mean_volume": 0.2468530081300813,
      "d_mean_volume": 0.28736495495495495,
      "p_median_volume": 0.23638,
      "d_median_volume": 0.28505,
      "p_std_volume": 0.18828710622912745,
      "d_std_volume": 0.10058686618471416,
      "p_total_volume": 60.72584,
      "d_total_volume": 31.89751,
      "d_max_priority": 0,
      "used_volume": 0.7438792659921111,
      "used_weight": 0.43128909090909096,
      "unload_obs": 3,
      "hs_cond": 1,
      "p_cond": 1,
      "sub_cond": 1
    },
    {
      "iteration": 85,
      "time": "60.476760387420654",
      "n_placed": 241,
      "n_discard": 116,
      "p_mean_weight": 38.95290456431536,
      "d_mean_weight": 36.667241379310354,
      "p_median_weight": 33.3,
      "d_median_weight": 37.09,
      "p_std_weight": 26.83725511973397,
      "d_std_weight": 15.558174565227725,
      "p_total_weight": 9387.650000000001,
      "d_total_weight": 4253.4000000000015,
      "p_mean_taxability": 83.40156800829877,
      "d_mean_taxability": 93.09290586206896,
      "p_total_taxability": 20099.77789,
      "d_total_taxability": 10798.77708,
      "p_mean_volume": 0.24977008298755188,
      "d_mean_volume": 0.279558275862069,
      "p_median_volume": 0.24321,
      "d_median_volume": 0.28301000000000004,
      "p_std_volume": 0.1886112826025874,
      "d_std_volume": 0.10701208247325333,
      "p_total_volume": 60.194590000000005,
      "d_total_volume": 32.428760000000004,
      "d_max_priority": 0,
      "used_volume": 0.7373715608692457,
      "used_weight": 0.4267113636363637,
      "unload_obs": 1,
      "hs_cond": 1,
      "p_cond": 1,
      "sub_cond": 1
    },
    {
      "iteration": 201,
      "time": "32.79014301300049",
      "n_placed": 242,
      "n_discard": 115,
      "p_mean_weight": 38.74082644628099,
      "d_mean_weight": 37.09365217391306,
      "p_median_weight": 32.55,
      "d_median_weight": 37.1,
      "p_std_weight": 26.88888757150107,
      "d_std_weight": 15.288268425721178,
      "p_total_weight": 9375.28,
      "d_total_weight": 4265.770000000001,
      "p_mean_taxability": 82.95884979338842,
      "d_mean_taxability": 94.10881147826088,
      "p_total_taxability": 20076.04165,
      "d_total_taxability": 10822.51332,
      "p_mean_volume": 0.24844342975206613,
      "d_mean_volume": 0.2826090434782609,
      "p_median_volume": 0.23638,
      "d_median_volume": 0.28301000000000004,
      "p_std_volume": 0.1887574596987426,
      "d_std_volume": 0.1045690135409945,
      "p_total_volume": 60.123310000000004,
      "d_total_volume": 32.50004,
      "d_max_priority": 0,
      "used_volume": 0.736498395276478,
      "used_weight": 0.4261490909090909,
      "unload_obs": 2,
      "hs_cond": 1,
      "p_cond": 1,
      "sub_cond": 1
    }
  ],
  "weight": [
    {
      "iteration": 81,
      "time": "59.58598208427429",
      "n_placed": 246,
      "n_discard": 111,
      "p_mean_weight": 38.57056910569106,
      "d_mean_weight": 37.41162162162163,
      "p_median_weight": 32.55,
      "d_median_weight": 37.1,
      "p_std_weight": 26.87896263489084,
      "d_std_weight": 14.768768185264259,
      "p_total_weight": 9488.36,
      "d_total_weight": 4152.6900000000005,
      "p_mean_taxability": 82.42554528455284,
      "d_mean_taxability": 95.69253,
      "p_total_taxability": 20276.684139999998,
      "d_total_taxability": 10621.87083,
      "p_mean_volume": 0.2468530081300813,
      "d_mean_volume": 0.28736495495495495,
      "p_median_volume": 0.23638,
      "d_median_volume": 0.28505,
      "p_std_volume": 0.18828710622912745,
      "d_std_volume": 0.10058686618471416,
      "p_total_volume": 60.72584,
      "d_total_volume": 31.89751,
      "d_max_priority": 0,
      "used_volume": 0.7438792659921111,
      "used_weight": 0.43128909090909096,
      "unload_obs": 3,
      "hs_cond": 1,
      "p_cond": 1,
      "sub_cond": 1
    },
    {
      "iteration": 42,
      "time": "63.726524353027344",
      "n_placed": 238,
      "n_discard": 119,
      "p_mean_weight": 39.45411764705882,
      "d_mean_weight": 35.722436974789936,
      "p_median_weight": 35.0,
      "d_median_weight": 35.5,
      "p_std_weight": 26.512537943499677,
      "d_std_weight": 16.82595054692111,
      "p_total_weight": 9390.08,
      "d_total_weight": 4250.970000000002,
      "p_mean_taxability": 84.16958840336135,
      "d_mean_taxability": 91.3125456302521,
      "p_total_taxability": 20032.36204,
      "d_total_taxability": 10866.192930000001,
      "p_mean_volume": 0.2520678151260504,
      "d_mean_volume": 0.27421184873949583,
      "p_median_volume": 0.25425,
      "d_median_volume": 0.28301000000000004,
      "p_std_volume": 0.1865867921536159,
      "d_std_volume": 0.11768460213470601,
      "p_total_volume": 59.992140000000006,
      "d_total_volume": 32.63121,
      "d_max_priority": 0,
      "used_volume": 0.7348915892887768,
      "used_weight": 0.4268218181818182,
      "unload_obs": 1,
      "hs_cond": 1,
      "p_cond": 1,
      "sub_cond": 1
    },
    {
      "iteration": 85,
      "time": "60.476760387420654",
      "n_placed": 241,
      "n_discard": 116,
      "p_mean_weight": 38.95290456431536,
      "d_mean_weight": 36.667241379310354,
      "p_median_weight": 33.3,
      "d_median_weight": 37.09,
      "p_std_weight": 26.83725511973397,
      "d_std_weight": 15.558174565227725,
      "p_total_weight": 9387.650000000001,
      "d_total_weight": 4253.4000000000015,
      "p_mean_taxability": 83.40156800829877,
      "d_mean_taxability": 93.09290586206896,
      "p_total_taxability": 20099.77789,
      "d_total_taxability": 10798.77708,
      "p_mean_volume": 0.24977008298755188,
      "d_mean_volume": 0.279558275862069,
      "p_median_volume": 0.24321,
      "d_median_volume": 0.28301000000000004,
      "p_std_volume": 0.1886112826025874,
      "d_std_volume": 0.10701208247325333,
      "p_total_volume": 60.194590000000005,
      "d_total_volume": 32.428760000000004,
      "d_max_priority": 0,
      "used_volume": 0.7373715608692457,
      "used_weight": 0.4267113636363637,
      "unload_obs": 1,
      "hs_cond": 1,
      "p_cond": 1,
      "sub_cond": 1
    }
  ],
  "taxability": [
    {
      "iteration": 81,
      "time": "59.58598208427429",
      "n_placed": 246,
      "n_discard": 111,
      "p_mean_weight": 38.57056910569106,
      "d_mean_weight": 37.41162162162163,
      "p_median_weight": 32.55,
      "d_median_weight": 37.1,
      "p_std_weight": 26.87896263489084,
      "d_std_weight": 14.768768185264259,
      "p_total_weight": 9488.36,
      "d_total_weight": 4152.6900000000005,
      "p_mean_taxability": 82.42554528455284,
      "d_mean_taxability": 95.69253,
      "p_total_taxability": 20276.684139999998,
      "d_total_taxability": 10621.87083,
      "p_mean_volume": 0.2468530081300813,
      "d_mean_volume": 0.28736495495495495,
      "p_median_volume": 0.23638,
      "d_median_volume": 0.28505,
      "p_std_volume": 0.18828710622912745,
      "d_std_volume": 0.10058686618471416,
      "p_total_volume": 60.72584,
      "d_total_volume": 31.89751,
      "d_max_priority": 0,
      "used_volume": 0.7438792659921111,
      "used_weight": 0.43128909090909096,
      "unload_obs": 3,
      "hs_cond": 1,
      "p_cond": 1,
      "sub_cond": 1
    },
    {
      "iteration": 85,
      "time": "60.476760387420654",
      "n_placed": 241,
      "n_discard": 116,