{
  "volume": [
    {
      "iteration": 195,
      "time": "31.698387384414673",
      "n_placed": 233,
      "n_discard": 125,
      "p_mean_weight": 40.65201716738198,
      "d_mean_weight": 34.334880000000005,
      "p_median_weight": 37.09,
      "d_median_weight": 35.0,
      "p_std_weight": 26.110410061619312,
      "d_std_weight": 16.52150024508631,
      "p_total_weight": 9471.92,
      "d_total_weight": 4291.860000000001,
      "p_mean_taxability": 87.91073545064378,
      "d_mean_taxability": 87.21293976000001,
      "p_total_taxability": 20483.201360000003,
      "d_total_taxability": 10901.617470000001,
      "p_mean_volume": 0.26373871244635194,
      "d_mean_volume": 0.26190072000000003,
      "p_median_volume": 0.26598,
      "d_median_volume": 0.28224000000000005,
      "p_std_volume": 0.1796159257134144,
      "d_std_volume": 0.10948569681349013,
      "p_total_volume": 61.45112,
      "d_total_volume": 32.737590000000004,
      "d_max_priority": 0,
      "used_volume": 0.75276379939731,
      "used_weight": 0.4305418181818182,
      "unload_obs": 2,
      "hs_cond": 1,
      "p_cond": 1,
      "sub_cond": 1
    },
    {
      "iteration": 193,
      "time": "34.528414249420166",
      "n_placed": 232,
      "n_discard": 126,
      "p_mean_weight": 41.03469827586206,
      "d_mean_weight": 33.680396825396826,
      "p_median_weight": 37.545,
      "d_median_weight": 33.9,
      "p_std_weight": 26.056796171985443,
      "d_std_weight": 16.49366750729715,
      "p_total_weight": 9520.05,
      "d_total_weight": 4243.7300000000005,
      "p_mean_taxability": 88.24050047413795,
      "d_mean_taxability": 86.61129142857143,
      "p_total_taxability": 20471.796110000003,
      "d_total_taxability": 10913.02272,
      "p_mean_volume": 0.2647278879310346,
      "d_mean_volume": 0.2600939682539683,
      "p_median_volume": 0.27030000000000004,
      "d_median_volume": 0.27768000000000004,
      "p_std_volume": 0.17934037275002318,
      "d_std_volume": 0.1109967389436599,
      "p_total_volume": 61.41687000000002,
      "d_total_volume": 32.771840000000005,
      "d_max_priority": 0,
      "used_volume": 0.7523442438199772,
      "used_weight": 0.4327295454545454,
      "unload_obs": 0,
      "hs_cond": 1,
      "p_cond": 1,
      "sub_cond": 1
    },
    {
      "iteration": 148,
      "time": "35.714300870895386",
      "n_placed": 232,
      "n_discard": 126,
      "p_mean_weight": 40.92448275862069,
      "d_mean_weight": 33.88333333333334,
      "p_median_weight": 37.545,
      "d_median_weight": 34.5,
      "p_std_weight": 26.135335250366545,
      "d_std_weight": 16.352694701485746,
      "p_total_weight": 9494.48,
      "d_total_weight": 4269.300000000001,
      "p_mean_taxability": 88.07051258620689,
      "d_mean_taxability": 86.924285,
      "p_total_taxability": 20432.35892,
      "d_total_taxability": 10952.45991,
      "p_mean_volume": 0.2642174137931035,
      "d_mean_volume": 0.26103388888888895,
      "p_median_volume": 0.268115,
      "d_median_volume": 0.27768000000000004,
      "p_std_volume": 0.17959794976423407,
      "d_std_volume": 0.11025800261548165,
      "p_total_volume": 61.29844000000001,
      "d_total_volume": 32.89027000000001,
      "d_max_priority": 0,
      "used_volume": 0.7508935002572459,
      "used_weight": 0.4315672727272727,
      "unload_obs": 0,
      "hs_cond": 1,
      "p_cond": 1,
      "sub_cond": 1
    }
  ],
  "weight": [
    {
      "iteration": 193,
      "time": "34.528414249420166",
      "n_placed": 232,
      "n_discard": 126,
      "p_mean_weight": 41.03469827586206,
      "d_mean_weight": 33.680396825396826,
      "p_median_weight": 37.545,
      "d_median_weight": 33.9,
      "p_std_weight": 26.056796171985443,
      "d_std_weight": 16.49366750729715,
      "p_total_weight": 9520.05,
      "d_total_weight": 4243.7300000000005,
      "p_mean_taxability": 88.24050047413795,
      "d_mean_taxability": 86.61129142857143,
      "p_total_taxability": 20471.796110000003,
      "d_total_taxability": 10913.02272,
      "p_mean_volume": 0.2647278879310346,
      "d_mean_volume": 0.2600939682539683,
      "p_median_volume": 0.27030000000000004,
      "d_median_volume": 0.27768000000000004,
      "p_std_volume": 0.17934037275002318,
      "d_std_volume": 0.1109967389436599,
      "p_total_volume": 61.41687000000002,
      "d_total_volume": 32.771840000000005,
      "d_max_priority": 0,
      "used_volume": 0.7523442438199772,
      "used_weight": 0.4327295454545454,
      "unload_obs": 0,
      "hs_cond": 1,
      "p_cond": 1,
      "sub_cond": 1
    },
    {
      "iteration": 15,
      "time": "39.08158278465271",
      "n_placed": 232,
      "n_discard": 126,
      "p_mean_weight": 40.95620689655173,
      "d_mean_weight": 33.82492063492063,
      "p_median_weight": 38.2,
      "d_median_weight": 33.57,
      "p_std_weight": 26.136851334299898,
      "d_std_weight": 16.32267437626723,
      "p_total_weight": 9501.84,
      "d_total_weight": 4261.94,
      "p_mean_taxability": 87.75211004310346,
      "d_mean_taxability": 87.51055,
      "p_total_taxability": 20358.489530000003,
      "d_total_taxability": 11026.3293,
      "p_mean_volume": 0.26326125,
      "d_mean_volume": 0.26279444444444444,
      "p_median_volume": 0.26605,
      "d_median_volume": 0.27796000000000004,
      "p_std_volume": 0.17985550222641153,
      "d_std_volume": 0.10950899869183763,
      "p_total_volume": 61.07661,
      "d_total_volume": 33.1121,
      "d_max_priority": 0,
      "used_volume": 0.7481761275938947,
      "used_weight": 0.43190181818181816,
      "unload_obs": 0,
      "hs_cond": 1,
      "p_cond": 1,
      "sub_cond": 1
    },
    {
      "iteration": 147,
      "time": "38.477015018463135",
      "n_placed": 232,
      "n_discard": 126,
      "p_mean_weight": 40.941379310344836,
      "d_mean_weight": 33.852222222222224,
      "p_median_weight": 37.545,
      "d_median_weight": 34.5,
      "p_std_weight": 26.11716900247777,
      "d_std_weight": 16.392732481872027,
      "p_total_weight": 9498.400000000001,
      "d_total_weight": 4265.38,
      "p_mean_taxability": 88.0337103448276,
      "d_mean_taxability": 86.99204785714286,
      "p_total_taxability": 20423.8208,
      "d_total_taxability": 10960.99803,
      "p_mean_volume": 0.2641068965517242,
      "d_mean_volume": 0.26123738095238097,
      "p_median_volume": 0.268115,
      "d_median_volume": 0.27768000000000004,
      "p_std_volume": 0.17972723590075618,
      "d_std_volume": 0.10987364782642704,
      "p_total_volume": 61.27280000000002,
      "d_total_volume": 32.915910000000004,
      "d_max_priority": 0,
      "used_volume": 0.7505794154396455,
      "used_weight": 0.4317454545454546,
      "unload_obs": 1,
      "hs_cond": 1,
      "p_cond": 1,
      "sub_cond": 1
    }
  ],
  "taxability": [
    {
      "iteration": 195,
      "time": "31.698387384414673",
      "n_placed": 233,
      "n_discard": 125,
      "p_mean_weight": 40.65201716738198,
      "d_mean_weight": 34.334880000000005,
      "p_median_weight": 37.09,
      "d_median_weight": 35.0,
      "p_std_weight": 26.110410061619312,
      "d_std_weight": 16.52150024508631,
      "p_total_weight": 9471.92,
      "d_total_weight": 4291.860000000001,
      "p_mean_taxability": 87.91073545064378,
      "d_mean_taxability": 87.21293976000001,
      "p_total_taxability": 20483.201360000003,
      "d_total_taxability": 10901.617470000001,
      "p_mean_volume": 0.26373871244635194,
      "d_mean_volume": 0.26190072000000003,
      "p_median_volume": 0.26598,
      "d_median_volume": 0.28224000000000005,
      "p_std_volume": 0.1796159257134144,
      "d_std_volume": 0.10948569681349013,
      "p_total_volume": 61.45112,
      "d_total_volume": 32.737590000000004,
      "d_max_priority": 0,
      "used_volume": 0.75276379939731,
      "used_weight": 0.4305418181818182,
      "unload_obs": 2,
      "hs_cond": 1,
      "p_cond": 1,