{
  "volume": [
    {
      "iteration": 189,
      "time": "17.579716682434082",
      "n_placed": 213,
      "n_discard": 102,
      "p_mean_weight": 45.765023474178406,
      "d_mean_weight": 40.79950980392157,
      "p_median_weight": 42.0,
      "d_median_weight": 40.75,
      "p_std_weight": 22.77532284683904,
      "d_std_weight": 18.1366531335316,
      "p_total_weight": 9747.95,
      "d_total_weight": 4161.55,
      "p_mean_taxability": 95.96352769953053,
      "d_mean_taxability": 104.13396441176472,
      "p_total_taxability": 20440.231400000004,
      "d_total_taxability": 10621.664370000002,
      "p_mean_volume": 0.28766366197183096,
      "d_mean_volume": 0.31271460784313726,
      "p_median_volume": 0.28301000000000004,
      "d_median_volume": 0.30739000000000005,
      "p_std_volume": 0.14430090666995823,
      "d_std_volume": 0.14412780388535373,
      "p_total_volume": 61.27236,
      "d_total_volume": 31.896890000000003,
      "d_max_priority": 1,
      "used_volume": 0.7505740255285788,
      "used_weight": 0.4430886363636364,
      "unload_obs": 2,
      "hs_cond": 1,
      "p_cond": 0,
      "sub_cond": 0
    },
    {
      "iteration": 179,
      "time": "40.628275632858276",
      "n_placed": 218,
      "n_discard": 97,
      "p_mean_weight": 44.17646788990826,
      "d_mean_weight": 44.11371134020618,
      "p_median_weight": 40.75,
      "d_median_weight": 41.8,
      "p_std_weight": 23.089163095349836,
      "d_std_weight": 17.442158417155284,
      "p_total_weight": 9630.470000000001,
      "d_total_weight": 4279.03,
      "p_mean_taxability": 93.324115,
      "d_mean_taxability": 110.48699690721651,
      "p_total_taxability": 20344.65707,
      "d_total_taxability": 10717.238700000002,
      "p_mean_volume": 0.2797493119266055,
      "d_mean_volume": 0.3317927835051547,
      "p_median_volume": 0.27796000000000004,
      "d_median_volume": 0.3094,
      "p_std_volume": 0.14817799999329473,
      "d_std_volume": 0.12947529643512334,
      "p_total_volume": 60.98535,
      "d_total_volume": 32.1839,
      "d_max_priority": 1,
      "used_volume": 0.7470582110395179,
      "used_weight": 0.4377486363636364,
      "unload_obs": 0,
      "hs_cond": 1,
      "p_cond": 0,
      "sub_cond": 0
    },
    {
      "iteration": 174,
      "time": "38.703389406204224",
      "n_placed": 213,
      "n_discard": 102,
      "p_mean_weight": 45.55070422535212,
      "d_mean_weight": 41.24705882352942,
      "p_median_weight": 42.0,
      "d_median_weight": 41.5,
      "p_std_weight": 22.859593027209648,
      "d_std_weight": 18.029297806144424,
      "p_total_weight": 9702.300000000001,
      "d_total_weight": 4207.200000000001,
      "p_mean_taxability": 95.27765713615024,
      "d_mean_taxability": 105.5662235294118,
      "p_total_taxability": 20294.14097,
      "d_total_taxability": 10767.754800000004,
      "p_mean_volume": 0.28560399061032865,
      "d_mean_volume": 0.3170156862745099,
      "p_median_volume": 0.28211,
      "d_median_volume": 0.32256,
      "p_std_volume": 0.14452903822787788,
      "d_std_volume": 0.14279097594354664,
      "p_total_volume": 60.833650000000006,
      "d_total_volume": 32.33560000000001,
      "d_max_priority": 0,
      "used_volume": 0.7451999167013745,
      "used_weight": 0.44101363636363644,
      "unload_obs": 2,
      "hs_cond": 1,
      "p_cond": 1,
      "sub_cond": 1
    }
  ],
  "weight": [
    {
      "iteration": 189,
      "time": "17.579716682434082",
      "n_placed": 213,
      "n_discard": 102,
      "p_mean_weight": 45.765023474178406,
      "d_mean_weight": 40.79950980392157,
      "p_median_weight": 42.0,
      "d_median_weight": 40.75,
      "p_std_weight": 22.77532284683904,
      "d_std_weight": 18.1366531335316,
      "p_total_weight": 9747.95,
      "d_total_weight": 4161.55,
      "p_mean_taxability": 95.96352769953053,
      "d_mean_taxability": 104.13396441176472,
      "p_total_taxability": 20440.231400000004,
      "d_total_taxability": 10621.664370000002,
      "p_mean_volume": 0.28766366197183096,
      "d_mean_volume": 0.31271460784313726,
      "p_median_volume": 0.28301000000000004,
      "d_median_volume": 0.30739000000000005,
      "p_std_volume": 0.14430090666995823,
      "d_std_volume": 0.14412780388535373,
      "p_total_volume": 61.27236,
      "d_total_volume": 31.896890000000003,
      "d_max_priority": 1,
      "used_volume": 0.7505740255285788,
      "used_weight": 0.4430886363636364,
      "unload_obs": 2,
      "hs_cond": 1,
      "p_cond": 0,
      "sub_cond": 0
    },
    {
      "iteration": 174,
      "time": "38.703389406204224",
      "n_placed": 213,
      "n_discard": 102,
      "p_mean_weight": 45.55070422535212,
      "d_mean_weight": 41.24705882352942,
      "p_median_weight": 42.0,
      "d_median_weight": 41.5,
      "p_std_weight": 22.859593027209648,
      "d_std_weight": 18.029297806144424,
      "p_total_weight": 9702.300000000001,
      "d_total_weight": 4207.200000000001,
      "p_mean_taxability": 95.27765713615024,
      "d_mean_taxability": 105.5662235294118,
      "p_total_taxability": 20294.14097,
      "d_total_taxability": 10767.754800000004,
      "p_mean_volume": 0.28560399061032865,
      "d_mean_volume": 0.3170156862745099,
      "p_median_volume": 0.28211,
      "d_median_volume": 0.32256,
      "p_std_volume": 0.14452903822787788,
      "d_std_volume": 0.14279097594354664,
      "p_total_volume": 60.833650000000006,
      "d_total_volume": 32.33560000000001,
      "d_max_priority": 0,
      "used_volume": 0.7451999167013745,
      "used_weight": 0.44101363636363644,
      "unload_obs": 2,
      "hs_cond": 1,
      "p_cond": 1,
      "sub_cond": 1
    },
    {
      "iteration": 11,
      "time": "38.61936807632446",
      "n_placed": 210,
      "n_discard": 105,
      "p_mean_weight": 45.983000000000004,
      "d_mean_weight": 40.50542857142857,
      "p_median_weight": 42.65,
      "d_median_weight": 40.5,
      "p_std_weight": 22.814065481187352,
      "d_std_weight": 18.083692400175792,
      "p_total_weight": 9656.43,
      "d_total_weight": 4253.07,
      "p_mean_taxability": 95.82237738095239,
      "d_mean_taxability": 104.18282400000002,
      "p_total_taxability": 20122.69925,
      "d_total_taxability": 10939.196520000003,
      "p_mean_volume": 0.2872324285714286,
      "d_mean_volume": 0.3128613333333334,
      "p_median_volume": 0.28403,
      "d_median_volume": 0.31078,
      "p_std_volume": 0.14655158351228756,
      "d_std_volume": 0.13940164356625914,
      "p_total_volume": 60.318810000000006,
      "d_total_volume": 32.850440000000006,
      "d_max_priority": 1,
      "used_volume": 0.7388932307616926,
      "used_weight": 0.4389286363636364,
      "unload_obs": 3,
      "hs_cond": 1,
      "p_cond": 0,
      "sub_cond": 0
    }
  ],
  "taxability": [
    {
      "iteration": 189,
      "time": "17.579716682434082",
      "n_placed": 213,
      "n_discard": 102,
      "p_mean_weight": 45.765023474178406,
      "d_mean_weight": 40.79950980392157,
      "p_median_weight": 42.0,
      "d_median_weight": 40.75,
      "p_std_weight": 22.77532284683904,
      "d_std_weight": 18.1366531335316,
      "p_total_weight": 9747.95,
      "d_total_weight": 4161.55,
      "p_mean_taxability": 95.96352769953053,
      "d_mean_taxability": 104.13396441176472,
      "p_total_taxability": 20440.231400000004,
      "d_total_taxability": 10621.664370000002,
      "p_mean_volume": 0.28766366197183096,
      "d_mean_volume": 0.31271460784313726,
      "p_median_volume": 0.28301000000000004,
      "d_median_volume": 0.30739000000000005,
      "p_std_volume": 0.14430090666995823,
      "d_std_volume": 0.14412780388535373,
      "p_total_volume": 61.27236,
      "d_total_volume": 31.896890000000003,
      "d_max_priority": 1,
      "used_volume": 0.7505740255285788,
      "used_weight": 0.4430886363636364,
      "unload_obs": 2,
      "hs_cond": 1,
      "p_cond": 0,