{
  "volume": [
    {
      "iteration": 223,
      "time": "129.56532430648804",
      "n_placed": 336,
      "n_discard": 187,
      "p_mean_weight": 29.94363095238095,
      "d_mean_weight": 18.320641711229946,
      "p_median_weight": 20.7,
      "d_median_weight": 10.15,
      "p_std_weight": 25.889406095367658,
      "d_std_weight": 15.921838779601657,
      "p_total_weight": 10061.06,
      "d_total_weight": 3425.96,
      "p_mean_taxability": 65.49914818452382,
      "d_mean_taxability": 46.91722475935829,
      "p_total_taxability": 22007.71379,
      "d_total_taxability": 8773.52103,
      "p_mean_volume": 0.1957897023809524,
      "d_mean_volume": 0.1408925668449198,
      "p_median_volume": 0.11276000000000001,
      "d_median_volume": 0.08073000000000001,
      "p_std_volume": 0.1984126633128446,
      "d_std_volume": 0.11592232878345823,
      "p_total_volume": 65.78534,
      "d_total_volume": 26.34691,
      "d_max_priority": 1,
      "used_volume": 0.8058571183575471,
      "used_weight": 0.45732090909090906,
      "unload_obs": 0,
      "hs_cond": 1,
      "p_cond": 0,
      "sub_cond": 0
    },
    {
      "iteration": 119,
      "time": "188.59238195419312",
      "n_placed": 333,
      "n_discard": 190,
      "p_mean_weight": 30.172492492492488,
      "d_mean_weight": 18.103052631578947,
      "p_median_weight": 20.7,
      "d_median_weight": 10.03,
      "p_std_weight": 25.893430356680025,
      "d_std_weight": 15.886630036372068,
      "p_total_weight": 10047.439999999999,
      "d_total_weight": 3439.58,
      "p_mean_taxability": 65.97281060060061,
      "d_mean_taxability": 46.38046784210526,
      "p_total_taxability": 21968.94593,
      "d_total_taxability": 8812.28889,
      "p_mean_volume": 0.197203963963964,
      "d_mean_volume": 0.13928068421052633,
      "p_median_volume": 0.11601000000000002,
      "d_median_volume": 0.07991500000000001,
      "p_std_volume": 0.1987450068689123,
      "d_std_volume": 0.11569711591826529,
      "p_total_volume": 65.66892000000001,
      "d_total_volume": 26.463330000000003,
      "d_max_priority": 1,
      "used_volume": 0.8044309968885515,
      "used_weight": 0.4567018181818181,
      "unload_obs": 0,
      "hs_cond": 1,
      "p_cond": 0,
      "sub_cond": 0
    },
    {
      "iteration": 230,
      "time": "101.32453227043152",
      "n_placed": 340,
      "n_discard": 183,
      "p_mean_weight": 29.94305882352941,
      "d_mean_weight": 18.067650273224043,
      "p_median_weight": 20.0,
      "d_median_weight": 11.5,
      "p_std_weight": 26.237431727483287,
      "d_std_weight": 14.406452402381165,
      "p_total_weight": 10180.64,
      "d_total_weight": 3306.38,
      "p_mean_taxability": 64.55254029411765,
      "d_mean_taxability": 48.26978754098361,
      "p_total_taxability": 21947.8637,
      "d_total_taxability": 8833.37112,
      "p_mean_volume": 0.19295767647058829,
      "d_mean_volume": 0.14495431693989072,
      "p_median_volume": 0.10884500000000001,
      "d_median_volume": 0.0843,
      "p_std_volume": 0.19833563233836038,
      "d_std_volume": 0.11579335676463515,
      "p_total_volume": 65.60561000000001,
      "d_total_volume": 26.526640000000004,
      "d_max_priority": 1,
      "used_volume": 0.8036554621848742,
      "used_weight": 0.46275636363636363,
      "unload_obs": 1,
      "hs_cond": 1,
      "p_cond": 0,
      "sub_cond": 0
    }
  ],
  "weight": [
    {
      "iteration": 160,
      "time": "190.86047530174255",
      "n_placed": 357,
      "n_discard": 166,
      "p_mean_weight": 28.52313725490196,
      "d_mean_weight": 19.90518072289157,
      "p_median_weight": 17.2,
      "d_median_weight": 12.0,
      "p_std_weight": 25.984526763849683,
      "d_std_weight": 15.40053665821684,
      "p_total_weight": 10182.76,
      "d_total_weight": 3304.26,
      "p_mean_taxability": 61.42049803921569,
      "d_mean_taxability": 53.338054337349405,
      "p_total_taxability": 21927.1178,
      "d_total_taxability": 8854.117020000002,
      "p_mean_volume": 0.18359470588235297,
      "d_mean_volume": 0.1601743373493976,
      "p_median_volume": 0.10323,
      "d_median_volume": 0.10149,
      "p_std_volume": 0.19461233723244106,
      "d_std_volume": 0.12319930551450038,
      "p_total_volume": 65.54331,
      "d_total_volume": 26.58894,
      "d_max_priority": 1,
      "used_volume": 0.8028922997770538,
      "used_weight": 0.4628527272727273,
      "unload_obs": 1,
      "hs_cond": 1,
      "p_cond": 0,
      "sub_cond": 0
    },
    {
      "iteration": 230,
      "time": "101.32453227043152",
      "n_placed": 340,
      "n_discard": 183,
      "p_mean_weight": 29.94305882352941,
      "d_mean_weight": 18.067650273224043,
      "p_median_weight": 20.0,
      "d_median_weight": 11.5,
      "p_std_weight": 26.237431727483287,
      "d_std_weight": 14.406452402381165,
      "p_total_weight": 10180.64,
      "d_total_weight": 3306.38,
      "p_mean_taxability": 64.55254029411765,
      "d_mean_taxability": 48.26978754098361,
      "p_total_taxability": 21947.8637,
      "d_total_taxability": 8833.37112,
      "p_mean_volume": 0.19295767647058829,
      "d_mean_volume": 0.14495431693989072,
      "p_median_volume": 0.10884500000000001,
      "d_median_volume": 0.0843,
      "p_std_volume": 0.19833563233836038,
      "d_std_volume": 0.11579335676463515,
      "p_total_volume": 65.60561000000001,
      "d_total_volume": 26.526640000000004,
      "d_max_priority": 1,
      "used_volume": 0.8036554621848742,
      "used_weight": 0.46275636363636363,
      "unload_obs": 1,
      "hs_cond": 1,
      "p_cond": 0,
      "sub_cond": 0
    },
    {
      "iteration": 153,
      "time": "194.6850986480713",
      "n_placed": 356,
      "n_discard": 167,
      "p_mean_weight": 28.591713483146066,
      "d_mean_weight": 19.81059880239521,
      "p_median_weight": 17.2,
      "d_median_weight": 12.0,
      "p_std_weight": 25.987937529856133,
      "d_std_weight": 15.405505184859127,
      "p_total_weight": 10178.65,
      "d_total_weight": 3308.37,
      "p_mean_taxability": 61.594617696629214,
      "d_mean_taxability": 53.01527497005988,
      "p_total_taxability": 21927.6839,
      "d_total_taxability": 8853.55092,
      "p_mean_volume": 0.1841151966292135,
      "d_mean_volume": 0.15920502994011976,
      "p_median_volume": 0.103345,
      "d_median_volume": 0.1009,
      "p_std_volume": 0.1946518327658801,
      "d_std_volume": 0.1234155803899209,
      "p_total_volume": 65.54501,
      "d_total_volume": 26.58724,
      "d_max_priority": 1,
      "used_volume": 0.8029131244334469,
      "used_weight": 0.4626659090909091,
      "unload_obs": 1,
      "hs_cond": 1,
      "p_cond": 0,
      "sub_cond": 0
    }
  ],
  "taxability": [
    {
      "iteration": 223,
      "time": "129.56532430648804",
      "n_placed": 336,
      "n_discard": 187,
      "p_mean_weight": 29.94363095238095,
      "d_mean_weight": 18.320641711229946,
      "p_median_weight": 20.7,
      "d_median_weight": 10.15,
      "p_std_weight": 25.889406095367658,
      "d_std_weight": 15.921838779601657,
      "p_total_weight": 10061.06,
      "d_total_weight": 3425.96,
      "p_mean_taxability": 65.49914818452382,
      "d_mean_taxability": 46.91722475935829,
      "p_total_taxability": 22007.71379,
      "d_total_taxability": 8773.52103,
      "p_mean_volume": 0.1957897023809524,
      "d_mean_volume": 0.1408925668449198,
      "p_median_volume": 0.11276000000000001,
      "d_median_volume": 0.08073000000000001,
      "p_std_volume": 0.1984126633128446,
      "d_std_volume": 0.11592232878345823,
      "p_total_volume": 65.78534,
      "d_total_volume": 26.34691,
      "d_max_priority": 1,
      "used_volume": 0.8058571183575471,
      "used_weight": 0.45732090909090906,
      "unload_obs": 0,
      "hs_cond": 1,
      "p_cond": 0,
      "sub_cond": 0
    },
    {
      "iteration": 119,
      "time": "188.59238195419312",
      "n_placed": 333,
      "n_discard": 190,