{
  "volume": [
    {
      "iteration": 76,
      "time": "299.90135765075684",
      "n_placed": 323,
      "n_discard": 193,
      "p_mean_weight": 32.692136222910214,
      "d_mean_weight": 14.723056994818654,
      "p_median_weight": 22.6,
      "d_median_weight": 8.9,
      "p_std_weight": 25.670469779774287,
      "d_std_weight": 12.897480312782402,
      "p_total_weight": 10559.56,
      "d_total_weight": 2841.55,
      "p_mean_taxability": 70.81575074303406,
      "d_mean_taxability": 40.50346290155441,
      "p_total_taxability": 22873.48749,
      "d_total_taxability": 7817.16834,
      "p_mean_volume": 0.21211148606811148,
      "d_mean_volume": 0.12163202072538862,
      "p_median_volume": 0.15362,
      "d_median_volume": 0.07100000000000001,
      "p_std_volume": 0.1915938276707041,
      "d_std_volume": 0.1135388792237028,
      "p_total_volume": 68.51201,
      "d_total_volume": 23.474980000000002,
      "d_max_priority": 0,
      "used_volume": 0.8392582747384668,
      "used_weight": 0.47997999999999996,
      "unload_obs": 0,
      "hs_cond": 1,
      "p_cond": 1,
      "sub_cond": 1
    },
    {
      "iteration": 21,
      "time": "291.753103017807",
      "n_placed": 300,
      "n_discard": 216,
      "p_mean_weight": 34.66203333333333,
      "d_mean_weight": 13.900462962962964,
      "p_median_weight": 31.0,
      "d_median_weight": 9.370000000000001,
      "p_std_weight": 26.112985676389826,
      "d_std_weight": 10.809299087425261,
      "p_total_weight": 10398.61,
      "d_total_weight": 3002.5,
      "p_mean_taxability": 75.8511525,
      "d_mean_taxability": 36.737546666666674,
      "p_total_taxability": 22755.34575,
      "d_total_taxability": 7935.310080000001,
      "p_mean_volume": 0.2271907666666667,
      "d_mean_volume": 0.11032296296296297,
      "p_median_volume": 0.20590000000000003,
      "d_median_volume": 0.074875,
      "p_std_volume": 0.1972435500623944,
      "d_std_volume": 0.0949015542574638,
      "p_total_volume": 68.15723000000001,
      "d_total_volume": 23.82976,
      "d_max_priority": 0,
      "used_volume": 0.8349122914471913,
      "used_weight": 0.47266409090909095,
      "unload_obs": 0,
      "hs_cond": 1,
      "p_cond": 1,
      "sub_cond": 1
    },
    {
      "iteration": 75,
      "time": "271.74458169937134",
      "n_placed": 300,
      "n_discard": 216,
      "p_mean_weight": 34.65956666666667,
      "d_mean_weight": 13.90388888888889,
      "p_median_weight": 31.0,
      "d_median_weight": 9.370000000000001,
      "p_std_weight": 26.11581921985157,
      "d_std_weight": 10.806388406289907,
      "p_total_weight": 10397.87,
      "d_total_weight": 3003.2400000000002,
      "p_mean_taxability": 75.84417060000001,
      "d_mean_taxability": 36.74724375,
      "p_total_taxability": 22753.251180000003,
      "d_total_taxability": 7937.40465,
      "p_mean_volume": 0.2271698,
      "d_mean_volume": 0.11035208333333334,
      "p_median_volume": 0.20590000000000003,
      "d_median_volume": 0.074875,
      "p_std_volume": 0.19726478759621022,
      "d_std_volume": 0.09487618173820515,
      "p_total_volume": 68.15094,
      "d_total_volume": 23.83605,
      "d_max_priority": 0,
      "used_volume": 0.8348352402185365,
      "used_weight": 0.4726304545454546,
      "unload_obs": 0,
      "hs_cond": 1,
      "p_cond": 1,
      "sub_cond": 1
    }
  ],
  "weight": [
    {
      "iteration": 76,
      "time": "299.90135765075684",
      "n_placed": 323,
      "n_discard": 193,
      "p_mean_weight": 32.692136222910214,
      "d_mean_weight": 14.723056994818654,
      "p_median_weight": 22.6,
      "d_median_weight": 8.9,
      "p_std_weight": 25.670469779774287,
      "d_std_weight": 12.897480312782402,
      "p_total_weight": 10559.56,
      "d_total_weight": 2841.55,
      "p_mean_taxability": 70.81575074303406,
      "d_mean_taxability": 40.50346290155441,
      "p_total_taxability": 22873.48749,
      "d_total_taxability": 7817.16834,
      "p_mean_volume": 0.21211148606811148,
      "d_mean_volume": 0.12163202072538862,
      "p_median_volume": 0.15362,
      "d_median_volume": 0.07100000000000001,
      "p_std_volume": 0.1915938276707041,
      "d_std_volume": 0.1135388792237028,
      "p_total_volume": 68.51201,
      "d_total_volume": 23.474980000000002,
      "d_max_priority": 0,
      "used_volume": 0.8392582747384668,
      "used_weight": 0.47997999999999996,
      "unload_obs": 0,
      "hs_cond": 1,
      "p_cond": 1,
      "sub_cond": 1
    },
    {
      "iteration": 171,
      "time": "287.20135974884033",
      "n_placed": 320,
      "n_discard": 196,
      "p_mean_weight": 32.72365625,
      "d_mean_weight": 14.946632653061227,
      "p_median_weight": 26.35,
      "d_median_weight": 9.15,
      "p_std_weight": 25.583289744990505,
      "d_std_weight": 13.575356476889311,
      "p_total_weight": 10471.57,
      "d_total_weight": 2929.5400000000004,
      "p_mean_taxability": 71.043408,
      "d_mean_taxability": 40.595741173469385,
      "p_total_taxability": 22733.89056,
      "d_total_taxability": 7956.76527,
      "p_mean_volume": 0.21279000000000003,
      "d_mean_volume": 0.12190913265306123,
      "p_median_volume": 0.18,
      "d_median_volume": 0.07334,
      "p_std_volume": 0.18984030016178663,
      "d_std_volume": 0.11947927242515269,
      "p_total_volume": 68.09280000000001,
      "d_total_volume": 23.894190000000002,
      "d_max_priority": 0,
      "used_volume": 0.8341230369698901,
      "used_weight": 0.4759804545454545,
      "unload_obs": 0,
      "hs_cond": 1,
      "p_cond": 1,
      "sub_cond": 1
    },
    {
      "iteration": 224,
      "time": "199.66527605056763",
      "n_placed": 308,
      "n_discard": 208,
      "p_mean_weight": 33.853733766233766,
      "d_mean_weight": 14.298846153846155,
      "p_median_weight": 28.5,
      "d_median_weight": 9.0,
      "p_std_weight": 25.534306832715473,
      "d_std_weight": 13.094957786688516,
      "p_total_weight": 10426.95,
      "d_total_weight": 2974.1600000000003,
      "p_mean_taxability": 73.65767727272728,
      "d_mean_taxability": 38.481207836538466,
      "p_total_taxability": 22686.5646,
      "d_total_taxability": 8004.091230000001,
      "p_mean_volume": 0.22061909090909093,
      "d_mean_volume": 0.1155591826923077,
      "p_median_volume": 0.18744500000000003,
      "d_median_volume": 0.07197,
      "p_std_volume": 0.1907869686816027,
      "d_std_volume": 0.11503176525292125,
      "p_total_volume": 67.95068,
      "d_total_volume": 24.03631,
      "d_max_priority": 0,
      "used_volume": 0.8323820956954211,
      "used_weight": 0.47395227272727275,
      "unload_obs": 0,
      "hs_cond": 1,
      "p_cond": 1,
      "sub_cond": 1
    }
  ],
  "taxability": [
    {
      "iteration": 76,
      "time": "299.90135765075684",
      "n_placed": 323,
      "n_discard": 193,
      "p_mean_weight": 32.692136222910214,
      "d_mean_weight": 14.723056994818654,
      "p_median_weight": 22.6,
      "d_median_weight": 8.9,
      "p_std_weight": 25.670469779774287,
      "d_std_weight": 12.897480312782402,
      "p_total_weight": 10559.56,
      "d_total_weight": 2841.55,
      "p_mean_taxability": 70.81575074303406,
      "d_mean_taxability": 40.50346290155441,
      "p_total_taxability": 22873.48749,
      "d_total_taxability": 7817.16834,
      "p_mean_volume": 0.21211148606811148,
      "d_mean_volume": 0.12163202072538862,
      "p_median_volume": 0.15362,
      "d_median_volume": 0.07100000000000001,
      "p_std_volume": 0.1915938276707041,
      "d_std_volume": 0.1135388792237028,
      "p_total_volume": 68.51201,
      "d_total_volume": 23.474980000000002,
      "d_max_priority": 0,
      "used_volume": 0.8392582747384668,
      "used_weight": 0.47997999999999996,
      "unload_obs": 0,
      "hs_cond": 1,
      "p_cond": 1,
      "sub_cond": 1
    },
    {
      "iteration": 21,
      "time": "291.753103017807",
      "n_placed": 300,
      "n_discard": 216,