{
  "volume": [
    {
      "iteration": 46,
      "time": "183.69073915481567",
      "n_placed": 338,
      "n_discard": 184,
      "p_mean_weight": 30.329023668639056,
      "d_mean_weight": 18.649728260869566,
      "p_median_weight": 19.2,
      "d_median_weight": 10.12,
      "p_std_weight": 25.401208783230963,
      "d_std_weight": 17.889119794712638,
      "p_total_weight": 10251.210000000001,
      "d_total_weight": 3431.55,
      "p_mean_taxability": 65.65427038461537,
      "d_mean_taxability": 48.32260728260869,
      "p_total_taxability": 22191.143389999997,
      "d_total_taxability": 8891.35974,
      "p_mean_volume": 0.19594677514792902,
      "d_mean_volume": 0.14511293478260867,
      "p_median_volume": 0.122475,
      "d_median_volume": 0.077665,
      "p_std_volume": 0.17057535209690156,
      "d_std_volume": 0.14776011572104755,
      "p_total_volume": 66.23001000000001,
      "d_total_volume": 26.700779999999995,
      "d_max_priority": 0,
      "used_volume": 0.8113042359801064,
      "used_weight": 0.46596409090909097,
      "unload_obs": 1,
      "hs_cond": 1,
      "p_cond": 1,
      "sub_cond": 1
    },
    {
      "iteration": 8,
      "time": "182.3003695011139",
      "n_placed": 307,
      "n_discard": 215,
      "p_mean_weight": 33.60042345276874,
      "d_mean_weight": 15.662465116279067,
      "p_median_weight": 25.0,
      "d_median_weight": 9.92,
      "p_std_weight": 25.759626136824867,
      "d_std_weight": 15.057442751429026,
      "p_total_weight": 10315.330000000002,
      "d_total_weight": 3367.4299999999994,
      "p_mean_taxability": 71.99519684039088,
      "d_mean_taxability": 41.76733813953488,
      "p_total_taxability": 22102.525429999998,
      "d_total_taxability": 8979.9777,
      "p_mean_volume": 0.21486609120521175,
      "d_mean_volume": 0.12542744186046512,
      "p_median_volume": 0.18,
      "d_median_volume": 0.07662,
      "p_std_volume": 0.17560734708815023,
      "d_std_volume": 0.1307913918202053,
      "p_total_volume": 65.96389,
      "d_total_volume": 26.9669,
      "d_max_priority": 0,
      "used_volume": 0.8080443197687239,
      "used_weight": 0.46887863636363647,
      "unload_obs": 2,
      "hs_cond": 1,
      "p_cond": 1,
      "sub_cond": 1
    },
    {
      "iteration": 11,
      "time": "186.0335955619812",
      "n_placed": 307,
      "n_discard": 215,
      "p_mean_weight": 33.52276872964169,
      "d_mean_weight": 15.773348837209305,
      "p_median_weight": 25.0,
      "d_median_weight": 9.6,
      "p_std_weight": 25.732956511170965,
      "d_std_weight": 15.253389662941142,
      "p_total_weight": 10291.49,
      "d_total_weight": 3391.2700000000004,
      "p_mean_taxability": 71.87472026058633,
      "d_mean_taxability": 41.93936748837209,
      "p_total_taxability": 22065.53912,
      "d_total_taxability": 9016.96401,
      "p_mean_volume": 0.21450429967426712,
      "d_mean_volume": 0.1259440465116279,
      "p_median_volume": 0.17427,
      "d_median_volume": 0.07426,
      "p_std_volume": 0.17436852717083692,
      "d_std_volume": 0.13348677478297408,
      "p_total_volume": 65.85282000000001,
      "d_total_volume": 27.07797,
      "d_max_priority": 0,
      "used_volume": 0.8066837347183773,
      "used_weight": 0.467795,
      "unload_obs": 3,
      "hs_cond": 1,
      "p_cond": 1,
      "sub_cond": 1
    }
  ],
  "weight": [
    {
      "iteration": 8,
      "time": "182.3003695011139",
      "n_placed": 307,
      "n_discard": 215,
      "p_mean_weight": 33.60042345276874,
      "d_mean_weight": 15.662465116279067,
      "p_median_weight": 25.0,
      "d_median_weight": 9.92,
      "p_std_weight": 25.759626136824867,
      "d_std_weight": 15.057442751429026,
      "p_total_weight": 10315.330000000002,
      "d_total_weight": 3367.4299999999994,
      "p_mean_taxability": 71.99519684039088,
      "d_mean_taxability": 41.76733813953488,
      "p_total_taxability": 22102.525429999998,
      "d_total_taxability": 8979.9777,
      "p_mean_volume": 0.21486609120521175,
      "d_mean_volume": 0.12542744186046512,
      "p_median_volume": 0.18,
      "d_median_volume": 0.07662,
      "p_std_volume": 0.17560734708815023,
      "d_std_volume": 0.1307913918202053,
      "p_total_volume": 65.96389,
      "d_total_volume": 26.9669,
      "d_max_priority": 0,
      "used_volume": 0.8080443197687239,
      "used_weight": 0.46887863636363647,
      "unload_obs": 2,
      "hs_cond": 1,
      "p_cond": 1,
      "sub_cond": 1
    },
    {
      "iteration": 11,
      "time": "186.0335955619812",
      "n_placed": 307,
      "n_discard": 215,
      "p_mean_weight": 33.52276872964169,
      "d_mean_weight": 15.773348837209305,
      "p_median_weight": 25.0,
      "d_median_weight": 9.6,
      "p_std_weight": 25.732956511170965,
      "d_std_weight": 15.253389662941142,
      "p_total_weight": 10291.49,
      "d_total_weight": 3391.2700000000004,
      "p_mean_taxability": 71.87472026058633,
      "d_mean_taxability": 41.93936748837209,
      "p_total_taxability": 22065.53912,
      "d_total_taxability": 9016.96401,
      "p_mean_volume": 0.21450429967426712,
      "d_mean_volume": 0.1259440465116279,
      "p_median_volume": 0.17427,
      "d_median_volume": 0.07426,
      "p_std_volume": 0.17436852717083692,
      "d_std_volume": 0.13348677478297408,
      "p_total_volume": 65.85282000000001,
      "d_total_volume": 27.07797,
      "d_max_priority": 0,
      "used_volume": 0.8066837347183773,
      "used_weight": 0.467795,
      "unload_obs": 3,
      "hs_cond": 1,
      "p_cond": 1,
      "sub_cond": 1
    },
    {
      "iteration": 46,
      "time": "183.69073915481567",
      "n_placed": 338,
      "n_discard": 184,
      "p_mean_weight": 30.329023668639056,
      "d_mean_weight": 18.649728260869566,
      "p_median_weight": 19.2,
      "d_median_weight": 10.12,
      "p_std_weight": 25.401208783230963,
      "d_std_weight": 17.889119794712638,
      "p_total_weight": 10251.210000000001,
      "d_total_weight": 3431.55,
      "p_mean_taxability": 65.65427038461537,
      "d_mean_taxability": 48.32260728260869,
      "p_total_taxability": 22191.143389999997,
      "d_total_taxability": 8891.35974,
      "p_mean_volume": 0.19594677514792902,
      "d_mean_volume": 0.14511293478260867,
      "p_median_volume": 0.122475,
      "d_median_volume": 0.077665,
      "p_std_volume": 0.17057535209690156,
      "d_std_volume": 0.14776011572104755,
      "p_total_volume": 66.23001000000001,
      "d_total_volume": 26.700779999999995,
      "d_max_priority": 0,
      "used_volume": 0.8113042359801064,
      "used_weight": 0.46596409090909097,
      "unload_obs": 1,
      "hs_cond": 1,
      "p_cond": 1,
      "sub_cond": 1
    }
  ],
  "taxability": [
    {
      "iteration": 46,
      "time": "183.69073915481567",
      "n_placed": 338,
      "n_discard": 184,
      "p_mean_weight": 30.329023668639056,
      "d_mean_weight": 18.649728260869566,
      "p_median_weight": 19.2,
      "d_median_weight": 10.12,
      "p_std_weight": 25.401208783230963,
      "d_std_weight": 17.889119794712638,
      "p_total_weight": 10251.210000000001,
      "d_total_weight": 3431.55,
      "p_mean_taxability": 65.65427038461537,
      "d_mean_taxability": 48.32260728260869,
      "p_total_taxability": 22191.143389999997,
      "d_total_taxability": 8891.35974,
      "p_mean_volume": 0.19594677514792902,
      "d_mean_volume": 0.14511293478260867,
      "p_median_volume": 0.122475,
      "d_median_volume": 0.077665,
      "p_std_volume": 0.17057535209690156,
      "d_std_volume": 0.14776011572104755,
      "p_total_volume": 66.23001000000001,
      "d_total_volume": 26.700779999999995,
      "d_max_priority": 0,
      "used_volume": 0.8113042359801064,
      "used_weight": 0.46596409090909097,
      "unload_obs": 1,
      "hs_cond": 1,
      "p_cond": 1,
      "sub_cond": 1
    },
    {
      "iteration": 8,
      "time": "182.3003695011139",
      "n_placed": 307,
      "n_discard": 215,