{
  "volume": [
    {
      "iteration": 109,
      "time": "149.47826647758484",
      "n_placed": 434,
      "n_discard": 179,
      "p_mean_weight": 14.041013824884793,
      "d_mean_weight": 14.540558659217876,
      "p_median_weight": 9.29,
      "d_median_weight": 6.4,
      "p_std_weight": 14.391182984715936,
      "d_std_weight": 18.698273840918223,
      "p_total_weight": 6093.8,
      "d_total_weight": 2602.7599999999998,
      "p_mean_taxability": 43.516583110599086,
      "d_mean_taxability": 74.4035666480447,
      "p_total_taxability": 18886.197070000002,
      "d_total_taxability": 13318.238430000001,
      "p_mean_volume": 0.12993566820276498,
      "d_mean_volume": 0.22343413407821228,
      "p_median_volume": 0.06209,
      "d_median_volume": 0.11092,
      "p_std_volume": 0.18106843083085428,
      "d_std_volume": 0.2537385192370507,
      "p_total_volume": 56.39208,
      "d_total_volume": 39.99471,
      "d_max_priority": 1,
      "used_volume": 0.690791581938898,
      "used_weight": 0.2769909090909091,
      "unload_obs": 2,
      "hs_cond": 1,
      "p_cond": 0,
      "sub_cond": 0
    },
    {
      "iteration": 118,
      "time": "152.80559301376343",
      "n_placed": 437,
      "n_discard": 176,
      "p_mean_weight": 13.984233409610983,
      "d_mean_weight": 14.690056818181818,
      "p_median_weight": 9.24,
      "d_median_weight": 5.955,
      "p_std_weight": 14.36074739533895,
      "d_std_weight": 18.816810857685105,
      "p_total_weight": 6111.11,
      "d_total_weight": 2585.45,
      "p_mean_taxability": 43.20807324942792,
      "d_mean_taxability": 75.6960652840909,
      "p_total_taxability": 18881.92801,
      "d_total_taxability": 13322.50749,
      "p_mean_volume": 0.12901432494279177,
      "d_mean_volume": 0.22731551136363637,
      "p_median_volume": 0.06188,
      "d_median_volume": 0.11322499999999999,
      "p_std_volume": 0.18025180605875946,
      "d_std_volume": 0.25507385909579744,
      "p_total_volume": 56.37926,
      "d_total_volume": 40.00753,
      "d_max_priority": 1,
      "used_volume": 0.6906345395300978,
      "used_weight": 0.27777772727272726,
      "unload_obs": 1,
      "hs_cond": 1,
      "p_cond": 0,
      "sub_cond": 0
    },
    {
      "iteration": 137,
      "time": "148.5021789073944",
      "n_placed": 434,
      "n_discard": 179,
      "p_mean_weight": 14.054677419354837,
      "d_mean_weight": 14.507430167597763,
      "p_median_weight": 9.29,
      "d_median_weight": 6.38,
      "p_std_weight": 14.381790835373108,
      "d_std_weight": 18.71669179598324,
      "p_total_weight": 6099.73,
      "d_total_weight": 2596.8299999999995,
      "p_mean_taxability": 43.49651103686636,
      "d_mean_taxability": 74.45223301675978,
      "p_total_taxability": 18877.48579,
      "d_total_taxability": 13326.94971,
      "p_mean_volume": 0.12987539170506912,
      "d_mean_volume": 0.22358027932960894,
      "p_median_volume": 0.061564999999999995,
      "d_median_volume": 0.11092,
      "p_std_volume": 0.18107684059653673,
      "d_std_volume": 0.2536696966295418,
      "p_total_volume": 56.36592,
      "d_total_volume": 40.02087,
      "d_max_priority": 1,
      "used_volume": 0.6904711272264008,
      "used_weight": 0.2772604545454545,
      "unload_obs": 2,
      "hs_cond": 1,
      "p_cond": 0,
      "sub_cond": 0
    }
  ],
  "weight": [
    {
      "iteration": 223,
      "time": "83.88849401473999",
      "n_placed": 439,
      "n_discard": 174,
      "p_mean_weight": 14.002460136674259,
      "d_mean_weight": 14.652183908045975,
      "p_median_weight": 9.27,
      "d_median_weight": 5.54,
      "p_std_weight": 14.131453061288754,
      "d_std_weight": 19.297129705118213,
      "p_total_weight": 6147.08,
      "d_total_weight": 2549.4799999999996,
      "p_mean_taxability": 42.45365154897494,
      "d_mean_taxability": 77.97288775862069,
      "p_total_taxability": 18637.153029999998,
      "d_total_taxability": 13567.28247,
      "p_mean_volume": 0.1267521640091116,
      "d_mean_volume": 0.23415281609195407,
      "p_median_volume": 0.0623,
      "d_median_volume": 0.11171,
      "p_std_volume": 0.1699282295508148,
      "d_std_volume": 0.2707242925345348,
      "p_total_volume": 55.6442,
      "d_total_volume": 40.74259000000001,
      "d_max_priority": 1,
      "used_volume": 0.6816302031016488,
      "used_weight": 0.27941272727272726,
      "unload_obs": 8,
      "hs_cond": 1,
      "p_cond": 0,
      "sub_cond": 0
    },
    {
      "iteration": 105,
      "time": "161.827002286911",
      "n_placed": 437,
      "n_discard": 176,
      "p_mean_weight": 14.054187643020596,
      "d_mean_weight": 14.516363636363637,
      "p_median_weight": 9.31,
      "d_median_weight": 5.54,
      "p_std_weight": 14.139162205807688,
      "d_std_weight": 19.235648375232493,
      "p_total_weight": 6141.68,
      "d_total_weight": 2554.88,
      "p_mean_taxability": 42.635450411899306,
      "d_mean_taxability": 77.11786176136364,
      "p_total_taxability": 18631.691829999996,
      "d_total_taxability": 13572.74367,
      "p_mean_volume": 0.12729473684210524,
      "d_mean_volume": 0.2315851704545455,
      "p_median_volume": 0.0624,
      "d_median_volume": 0.1073,
      "p_std_volume": 0.17014907209720065,
      "d_std_volume": 0.2702080824380128,
      "p_total_volume": 55.62779999999999,
      "d_total_volume": 40.758990000000004,
      "d_max_priority": 1,
      "used_volume": 0.6814293064164441,
      "used_weight": 0.27916727272727276,
      "unload_obs": 7,
      "hs_cond": 1,
      "p_cond": 0,
      "sub_cond": 0
    },
    {
      "iteration": 54,
      "time": "161.42659449577332",
      "n_placed": 434,
      "n_discard": 179,
      "p_mean_weight": 14.14258064516129,
      "d_mean_weight": 14.294301675977653,
      "p_median_weight": 9.355,
      "d_median_weight": 5.4,
      "p_std_weight": 14.147462899363349,
      "d_std_weight": 19.14958018545751,
      "p_total_weight": 6137.88,
      "d_total_weight": 2558.68,
      "p_mean_taxability": 42.818411013824885,
      "d_mean_taxability": 76.09634145251397,
      "p_total_taxability": 18583.19038,
      "d_total_taxability": 13621.24512,
      "p_mean_volume": 0.12783905529953915,
      "d_mean_volume": 0.22851754189944135,
      "p_median_volume": 0.06263,
      "d_median_volume": 0.10331,
      "p_std_volume": 0.17060577064980276,
      "d_std_volume": 0.268963151042374,
      "p_total_volume": 55.48215,
      "d_total_volume": 40.90464,
      "d_max_priority": 1,
      "used_volume": 0.6796451233554646,
      "used_weight": 0.27899454545454544,
      "unload_obs": 9,
      "hs_cond": 1,
      "p_cond": 0,
      "sub_cond": 0
    }
  ],
  "taxability": [
    {
      "iteration": 109,
      "time": "149.47826647758484",
      "n_placed": 434,
      "n_discard": 179,
      "p_mean_weight": 14.041013824884793,
      "d_mean_weight": 14.540558659217876,
      "p_median_weight": 9.29,
      "d_median_weight": 6.4,
      "p_std_weight": 14.391182984715936,
      "d_std_weight": 18.698273840918223,
      "p_total_weight": 6093.8,
      "d_total_weight": 2602.7599999999998,
      "p_mean_taxability": 43.516583110599086,
      "d_mean_taxability": 74.4035666480447,
      "p_total_taxability": 18886.197070000002,
      "d_total_taxability": 13318.238430000001,
      "p_mean_volume": 0.12993566820276498,
      "d_mean_volume": 0.22343413407821228,
      "p_median_volume": 0.06209,
      "d_median_volume": 0.11092,
      "p_std_volume": 0.18106843083085428,
      "d_std_volume": 0.2537385192370507,
      "p_total_volume": 56.39208,
      "d_total_volume": 39.99471,
      "d_max_priority": 1,
      "used_volume": 0.690791581938898,
      "used_weight": 0.2769909090909091,
      "unload_obs": 2,
      "hs_cond": 1,
      "p_cond": 0,
      "sub_cond": 0
    },
    {
      "iteration": 118,
      "time": "152.80559301376343",
      "n_placed": 437,
      "n_discard": 176,
      "p_mean_weight": 13.984233409610983,