{
  "volume": [
    {
      "iteration": 74,
      "time": "123.23146772384644",
      "n_placed": 325,
      "n_discard": 120,
      "p_mean_weight": 17.360584615384617,
      "d_mean_weight": 14.599166666666665,
      "p_median_weight": 11.24,
      "d_median_weight": 5.59,
      "p_std_weight": 18.478128845876803,
      "d_std_weight": 16.93428582121224,
      "p_total_weight": 5642.1900000000005,
      "d_total_weight": 1751.8999999999999,
      "p_mean_taxability": 62.821766676923076,
      "d_mean_taxability": 91.25124075000001,
      "p_total_taxability": 20417.07417,
      "d_total_taxability": 10950.14889,
      "p_mean_volume": 0.1886046153846154,
      "d_mean_volume": 0.27402775,
      "p_median_volume": 0.09702,
      "d_median_volume": 0.193625,
      "p_std_volume": 0.2237863373506196,
      "d_std_volume": 0.26601619135489135,
      "p_total_volume": 61.2965,
      "d_total_volume": 32.88333,
      "d_max_priority": 0,
      "used_volume": 0.7508697356493618,
      "used_weight": 0.25646318181818184,
      "unload_obs": 0,
      "hs_cond": 1,
      "p_cond": 1,
      "sub_cond": 1
    },
    {
      "iteration": 101,
      "time": "126.66477036476135",
      "n_placed": 325,
      "n_discard": 120,
      "p_mean_weight": 17.356338461538463,
      "d_mean_weight": 14.610666666666665,
      "p_median_weight": 11.24,
      "d_median_weight": 5.725,
      "p_std_weight": 18.48046185011977,
      "d_std_weight": 16.92923912545826,
      "p_total_weight": 5640.81,
      "d_total_weight": 1753.2799999999997,
      "p_mean_taxability": 62.794306984615396,
      "d_mean_taxability": 91.32561075,
      "p_total_taxability": 20408.149770000004,
      "d_total_taxability": 10959.07329,
      "p_mean_volume": 0.18852215384615384,
      "d_mean_volume": 0.27425108333333337,
      "p_median_volume": 0.09702,
      "d_median_volume": 0.193625,
      "p_std_volume": 0.2238320091525619,
      "d_std_volume": 0.265839063154414,
      "p_total_volume": 61.2697,
      "d_total_volume": 32.91013,
      "d_max_priority": 0,
      "used_volume": 0.7505414410662224,
      "used_weight": 0.25640045454545457,
      "unload_obs": 0,
      "hs_cond": 1,
      "p_cond": 1,
      "sub_cond": 1
    },
    {
      "iteration": 229,
      "time": "64.83098006248474",
      "n_placed": 324,
      "n_discard": 121,
      "p_mean_weight": 17.40996913580247,
      "d_mean_weight": 14.4897520661157,
      "p_median_weight": 11.27,
      "d_median_weight": 5.63,
      "p_std_weight": 18.484280552762232,
      "d_std_weight": 16.90923053950169,
      "p_total_weight": 5640.83,
      "d_total_weight": 1753.2599999999998,
      "p_mean_taxability": 62.96171296296296,
      "d_mean_taxability": 90.64155421487602,
      "p_total_taxability": 20399.595,
      "d_total_taxability": 10967.62806,
      "p_mean_volume": 0.18902472222222222,
      "d_mean_volume": 0.27219685950413225,
      "p_median_volume": 0.09776,
      "d_median_volume": 0.18819,
      "p_std_volume": 0.22400262276684205,
      "d_std_volume": 0.26567329198357226,
      "p_total_volume": 61.24401,
      "d_total_volume": 32.93582,
      "d_max_priority": 0,
      "used_volume": 0.750226743758728,
      "used_weight": 0.2564013636363636,
      "unload_obs": 0,
      "hs_cond": 1,
      "p_cond": 1,
      "sub_cond": 1
    }
  ],
  "weight": [
    {
      "iteration": 74,
      "time": "123.23146772384644",
      "n_placed": 325,
      "n_discard": 120,
      "p_mean_weight": 17.360584615384617,
      "d_mean_weight": 14.599166666666665,
      "p_median_weight": 11.24,
      "d_median_weight": 5.59,
      "p_std_weight": 18.478128845876803,
      "d_std_weight": 16.93428582121224,
      "p_total_weight": 5642.1900000000005,
      "d_total_weight": 1751.8999999999999,
      "p_mean_taxability": 62.821766676923076,
      "d_mean_taxability": 91.25124075000001,
      "p_total_taxability": 20417.07417,
      "d_total_taxability": 10950.14889,
      "p_mean_volume": 0.1886046153846154,
      "d_mean_volume": 0.27402775,
      "p_median_volume": 0.09702,
      "d_median_volume": 0.193625,
      "p_std_volume": 0.2237863373506196,
      "d_std_volume": 0.26601619135489135,
      "p_total_volume": 61.2965,
      "d_total_volume": 32.88333,
      "d_max_priority": 0,
      "used_volume": 0.7508697356493618,
      "used_weight": 0.25646318181818184,
      "unload_obs": 0,
      "hs_cond": 1,
      "p_cond": 1,
      "sub_cond": 1
    },
    {
      "iteration": 229,
      "time": "64.83098006248474",
      "n_placed": 324,
      "n_discard": 121,
      "p_mean_weight": 17.40996913580247,
      "d_mean_weight": 14.4897520661157,
      "p_median_weight": 11.27,
      "d_median_weight": 5.63,
      "p_std_weight": 18.484280552762232,
      "d_std_weight": 16.90923053950169,
      "p_total_weight": 5640.83,
      "d_total_weight": 1753.2599999999998,
      "p_mean_taxability": 62.96171296296296,
      "d_mean_taxability": 90.64155421487602,
      "p_total_taxability": 20399.595,
      "d_total_taxability": 10967.62806,
      "p_mean_volume": 0.18902472222222222,
      "d_mean_volume": 0.27219685950413225,
      "p_median_volume": 0.09776,
      "d_median_volume": 0.18819,
      "p_std_volume": 0.22400262276684205,
      "d_std_volume": 0.26567329198357226,
      "p_total_volume": 61.24401,
      "d_total_volume": 32.93582,
      "d_max_priority": 0,
      "used_volume": 0.750226743758728,
      "used_weight": 0.2564013636363636,
      "unload_obs": 0,
      "hs_cond": 1,
      "p_cond": 1,
      "sub_cond": 1
    },
    {
      "iteration": 101,
      "time": "126.66477036476135",
      "n_placed": 325,
      "n_discard": 120,
      "p_mean_weight": 17.356338461538463,
      "d_mean_weight": 14.610666666666665,
      "p_median_weight": 11.24,
      "d_median_weight": 5.725,
      "p_std_weight": 18.48046185011977,
      "d_std_weight": 16.92923912545826,
      "p_total_weight": 5640.81,
      "d_total_weight": 1753.2799999999997,
      "p_mean_taxability": 62.794306984615396,
      "d_mean_taxability": 91.32561075,
      "p_total_taxability": 20408.149770000004,
      "d_total_taxability": 10959.07329,
      "p_mean_volume": 0.18852215384615384,
      "d_mean_volume": 0.27425108333333337,
      "p_median_volume": 0.09702,
      "d_median_volume": 0.193625,
      "p_std_volume": 0.2238320091525619,
      "d_std_volume": 0.265839063154414,
      "p_total_volume": 61.2697,
      "d_total_volume": 32.91013,
      "d_max_priority": 0,
      "used_volume": 0.7505414410662224,
      "used_weight": 0.25640045454545457,
      "unload_obs": 0,
      "hs_cond": 1,
      "p_cond": 1,
      "sub_cond": 1
    }
  ],
  "taxability": [
    {
      "iteration": 74,
      "time": "123.23146772384644",
      "n_placed": 325,
      "n_discard": 120,
      "p_mean_weight": 17.360584615384617,
      "d_mean_weight": 14.599166666666665,
      "p_median_weight": 11.24,
      "d_median_weight": 5.59,
      "p_std_weight": 18.478128845876803,
      "d_std_weight": 16.93428582121224,
      "p_total_weight": 5642.1900000000005,
      "d_total_weight": 1751.8999999999999,
      "p_mean_taxability": 62.821766676923076,
      "d_mean_taxability": 91.25124075000001,
      "p_total_taxability": 20417.07417,
      "d_total_taxability": 10950.14889,
      "p_mean_volume": 0.1886046153846154,
      "d_mean_volume": 0.27402775,
      "p_median_volume": 0.09702,
      "d_median_volume": 0.193625,
      "p_std_volume": 0.2237863373506196,
      "d_std_volume": 0.26601619135489135,
      "p_total_volume": 61.2965,
      "d_total_volume": 32.88333,
      "d_max_priority": 0,
      "used_volume": 0.7508697356493618,
      "used_weight": 0.25646318181818184,
      "unload_obs": 0,
      "hs_cond": 1,
      "p_cond": 1,
      "sub_cond": 1
    },
    {
      "iteration": 101,
      "time": "126.66477036476135",
      "n_placed": 325,
      "n_discard": 120,
      "p_mean_weight": 17.356338461538463,
      "d_mean_weight": 14.610666666666665,