{
  "volume": [
    {
      "iteration": 249,
      "time": "299.1637804508209",
      "n_placed": 386,
      "n_discard": 265,
      "p_mean_weight": 27.318264248704665,
      "d_mean_weight": 13.762339622641507,
      "p_median_weight": 17.835,
      "d_median_weight": 9.6,
      "p_std_weight": 23.83582773877024,
      "d_std_weight": 10.539988634458892,
      "p_total_weight": 10544.85,
      "d_total_weight": 3647.0199999999995,
      "p_mean_taxability": 57.31014163212436,
      "d_mean_taxability": 35.67254332075472,
      "p_total_taxability": 22121.714670000005,
      "d_total_taxability": 9453.22398,
      "p_mean_volume": 0.17048077720207255,
      "d_mean_volume": 0.10712475471698114,
      "p_median_volume": 0.09719,
      "d_median_volume": 0.07127,
      "p_std_volume": 0.16653980290177847,
      "d_std_volume": 0.09074496706573638,
      "p_total_volume": 65.80558,
      "d_total_volume": 28.388060000000003,
      "d_max_priority": 0,
      "used_volume": 0.8061050542666047,
      "used_weight": 0.4793113636363637,
      "unload_obs": 0,
      "hs_cond": 1,
      "p_cond": 1,
      "sub_cond": 1
    },
    {
      "iteration": 125,
      "time": "132.30161380767822",
      "n_placed": 382,
      "n_discard": 269,
      "p_mean_weight": 27.599136125654447,
      "d_mean_weight": 13.565055762081784,
      "p_median_weight": 18.05,
      "d_median_weight": 9.4,
      "p_std_weight": 23.812944009537514,
      "d_std_weight": 10.54515435231003,
      "p_total_weight": 10542.869999999999,
      "d_total_weight": 3649.0,
      "p_mean_taxability": 57.89096520942409,
      "d_mean_taxability": 35.169479330855026,
      "p_total_taxability": 22114.348710000002,
      "d_total_taxability": 9460.589940000002,
      "p_mean_volume": 0.1722080104712042,
      "d_mean_volume": 0.10561405204460966,
      "p_median_volume": 0.10003000000000001,
      "d_median_volume": 0.06989000000000001,
      "p_std_volume": 0.16663249144278658,
      "d_std_volume": 0.09068193150679606,
      "p_total_volume": 65.78346,
      "d_total_volume": 28.41018,
      "d_max_priority": 0,
      "used_volume": 0.8058340887375359,
      "used_weight": 0.4792213636363636,
      "unload_obs": 1,
      "hs_cond": 1,
      "p_cond": 1,
      "sub_cond": 1
    },
    {
      "iteration": 343,
      "time": "154.04241967201233",
      "n_placed": 385,
      "n_discard": 266,
      "p_mean_weight": 27.376493506493507,
      "d_mean_weight": 13.729022556390978,
      "p_median_weight": 18.0,
      "d_median_weight": 9.6,
      "p_std_weight": 23.83922741983404,
      "d_std_weight": 10.534469736341947,
      "p_total_weight": 10539.95,
      "d_total_weight": 3651.92,
      "p_mean_taxability": 57.419930025974026,
      "d_mean_taxability": 35.59498342105263,
      "p_total_taxability": 22106.67306,
      "d_total_taxability": 9468.26559,
      "p_mean_volume": 0.17080625974025976,
      "d_mean_volume": 0.10689184210526317,
      "p_median_volume": 0.09725,
      "d_median_volume": 0.07145,
      "p_std_volume": 0.16662731273724762,
      "d_std_volume": 0.09066978372503591,
      "p_total_volume": 65.76041000000001,
      "d_total_volume": 28.433230000000005,
      "d_max_priority": 0,
      "used_volume": 0.8055517308964403,
      "used_weight": 0.4790886363636364,
      "unload_obs": 0,
      "hs_cond": 1,
      "p_cond": 1,
      "sub_cond": 1
    }
  ],
  "weight": [
    {
      "iteration": 260,
      "time": "135.14270544052124",
      "n_placed": 383,
      "n_discard": 268,
      "p_mean_weight": 27.586736292428196,
      "d_mean_weight": 13.530410447761195,
      "p_median_weight": 18.0,
      "d_median_weight": 9.4,
      "p_std_weight": 23.802082953659625,
      "d_std_weight": 10.487755202816166,
      "p_total_weight": 10565.72,
      "d_total_weight": 3626.15,
      "p_mean_taxability": 57.6552249086162,
      "d_mean_taxability": 35.42159518656717,
      "p_total_taxability": 22081.951140000005,
      "d_total_taxability": 9492.98751,
      "p_mean_volume": 0.17150436031331595,
      "d_mean_volume": 0.1063711567164179,
      "p_median_volume": 0.09713000000000001,
      "d_median_volume": 0.071185,
      "p_std_volume": 0.16694509941877042,
      "d_std_volume": 0.0900964091271584,
      "p_total_volume": 65.68617,
      "d_total_volume": 28.507469999999998,
      "d_max_priority": 0,
      "used_volume": 0.8046423059019526,
      "used_weight": 0.48025999999999996,
      "unload_obs": 1,
      "hs_cond": 1,
      "p_cond": 1,
      "sub_cond": 1
    },
    {
      "iteration": 159,
      "time": "290.3302526473999",
      "n_placed": 385,
      "n_discard": 266,
      "p_mean_weight": 27.4332987012987,
      "d_mean_weight": 13.646804511278198,
      "p_median_weight": 18.1,
      "d_median_weight": 9.524999999999999,
      "p_std_weight": 23.81679495992585,
      "d_std_weight": 10.500479806438063,
      "p_total_weight": 10561.82,
      "d_total_weight": 3630.0500000000006,
      "p_mean_taxability": 57.262511844155846,
      "d_mean_taxability": 35.82282552631579,
      "p_total_taxability": 22046.06706,
      "d_total_taxability": 9528.87159,
      "p_mean_volume": 0.1703335324675325,
      "d_mean_volume": 0.10757605263157896,
      "p_median_volume": 0.09656,
      "d_median_volume": 0.07193,
      "p_std_volume": 0.16681872195524353,
      "d_std_volume": 0.09063951379483044,
      "p_total_volume": 65.57841,
      "d_total_volume": 28.615230000000004,
      "d_max_priority": 0,
      "used_volume": 0.8033222676825833,
      "used_weight": 0.48008272727272727,
      "unload_obs": 1,
      "hs_cond": 1,
      "p_cond": 1,
      "sub_cond": 1
    },
    {
      "iteration": 267,
      "time": "287.2853627204895",
      "n_placed": 382,
      "n_discard": 269,
      "p_mean_weight": 27.643481675392668,
      "d_mean_weight": 13.502081784386617,
      "p_median_weight": 18.35,
      "d_median_weight": 9.4,
      "p_std_weight": 23.794979690047953,
      "d_std_weight": 10.518326301618343,
      "p_total_weight": 10559.81,
      "d_total_weight": 3632.06,
      "p_mean_taxability": 57.85984452879582,
      "d_mean_taxability": 35.213673011152416,
      "p_total_taxability": 22102.460610000002,
      "d_total_taxability": 9472.47804,
      "p_mean_volume": 0.172114554973822,
      "d_mean_volume": 0.10574676579925651,
      "p_median_volume": 0.09854000000000002,
      "d_median_volume": 0.06989000000000001,
      "p_std_volume": 0.16670184256204537,
      "d_std_volume": 0.09059834517710175,
      "p_total_volume": 65.74776,
      "d_total_volume": 28.445880000000002,
      "d_max_priority": 0,
      "used_volume": 0.8053967709532792,
      "used_weight": 0.47999136363636363,
      "unload_obs": 0,
      "hs_cond": 1,
      "p_cond": 1,
      "sub_cond": 1
    }
  ],
  "taxability": [
    {
      "iteration": 249,
      "time": "299.1637804508209",
      "n_placed": 386,
      "n_discard": 265,
      "p_mean_weight": 27.318264248704665,
      "d_mean_weight": 13.762339622641507,
      "p_median_weight": 17.835,
      "d_median_weight": 9.6,
      "p_std_weight": 23.83582773877024,
      "d_std_weight": 10.539988634458892,
      "p_total_weight": 10544.85,
      "d_total_weight": 3647.0199999999995,
      "p_mean_taxability": 57.31014163212436,
      "d_mean_taxability": 35.67254332075472,
      "p_total_taxability": 22121.714670000005,
      "d_total_taxability": 9453.22398,
      "p_mean_volume": 0.17048077720207255,
      "d_mean_volume": 0.10712475471698114,
      "p_median_volume": 0.09719,
      "d_median_volume": 0.07127,
      "p_std_volume": 0.16653980290177847,
      "d_std_volume": 0.09074496706573638,
      "p_total_volume": 65.80558,
      "d_total_volume": 28.388060000000003,
      "d_max_priority": 0,
      "used_volume": 0.8061050542666047,
      "used_weight": 0.4793113636363637,
      "unload_obs": 0,
      "hs_cond": 1,
      "p_cond": 1,
      "sub_cond": 1
    },
    {
      "iteration": 125,
      "time": "132.30161380767822",