{
  "volume": [
    {
      "iteration": 199,
      "time": "87.99249482154846",
      "n_placed": 249,
      "n_discard": 108,
      "p_mean_weight": 39.62281124497992,
      "d_mean_weight": 35.50388888888889,
      "p_median_weight": 33.8,
      "d_median_weight": 36.85,
      "p_std_weight": 25.27067250468867,
      "d_std_weight": 15.362649865938716,
      "p_total_weight": 9866.08,
      "d_total_weight": 3834.42,
      "p_mean_taxability": 83.50954136546186,
      "d_mean_taxability": 93.03884333333336,
      "p_total_taxability": 20793.8758,
      "d_total_taxability": 10048.195080000003,
      "p_mean_volume": 0.2500978313253012,
      "d_mean_volume": 0.27939592592592594,
      "p_median_volume": 0.24948,
      "d_median_volume": 0.285185,
      "p_std_volume": 0.16969259013786442,
      "d_std_volume": 0.11037634477572873,
      "p_total_volume": 62.27436,
      "d_total_volume": 30.174760000000003,
      "d_max_priority": 0,
      "used_volume": 0.7628483230026705,
      "used_weight": 0.4484581818181818,
      "unload_obs": 2,
      "hs_cond": 1,
      "p_cond": 1,
      "sub_cond": 1
    },
    {
      "iteration": 108,
      "time": "89.53789901733398",
      "n_placed": 244,
      "n_discard": 113,
      "p_mean_weight": 40.54754098360656,
      "d_mean_weight": 33.68938053097345,
      "p_median_weight": 35.3,
      "d_median_weight": 35.5,
      "p_std_weight": 25.027879641720617,
      "d_std_weight": 16.107660404912153,
      "p_total_weight": 9893.6,
      "d_total_weight": 3806.9,
      "p_mean_taxability": 85.10120905737706,
      "d_mean_taxability": 89.18031743362833,
      "p_total_taxability": 20764.695010000003,
      "d_total_taxability": 10077.375870000002,
      "p_mean_volume": 0.2548636475409837,
      "d_mean_volume": 0.26780876106194695,
      "p_median_volume": 0.25574,
      "d_median_volume": 0.28301000000000004,
      "p_std_volume": 0.1689201918219347,
      "d_std_volume": 0.11812617152202695,
      "p_total_volume": 62.18673000000001,
      "d_total_volume": 30.262390000000007,
      "d_max_priority": 0,
      "used_volume": 0.7617748732145921,
      "used_weight": 0.44970909090909095,
      "unload_obs": 2,
      "hs_cond": 1,
      "p_cond": 1,
      "sub_cond": 1
    },
    {
      "iteration": 202,
      "time": "87.87908577919006",
      "n_placed": 234,
      "n_discard": 123,
      "p_mean_weight": 42.23371794871795,
      "d_mean_weight": 31.039105691056914,
      "p_median_weight": 39.0,
      "d_median_weight": 30.5,
      "p_std_weight": 24.699117867984402,
      "d_std_weight": 16.362032971612898,
      "p_total_weight": 9882.69,
      "d_total_weight": 3817.8100000000004,
      "p_mean_taxability": 88.66217709401711,
      "d_mean_taxability": 82.07415804878049,
      "p_total_taxability": 20746.949440000004,
      "d_total_taxability": 10095.12144,
      "p_mean_volume": 0.2655275213675214,
      "d_mean_volume": 0.24646894308943093,
      "p_median_volume": 0.26618,
      "d_median_volume": 0.27768000000000004,
      "p_std_volume": 0.16783050721162573,
      "d_std_volume": 0.12536252259022734,
      "p_total_volume": 62.13344000000001,
      "d_total_volume": 30.315680000000004,
      "d_max_priority": 0,
      "used_volume": 0.7611220814856555,
      "used_weight": 0.4492131818181818,
      "unload_obs": 2,
      "hs_cond": 1,
      "p_cond": 1,
      "sub_cond": 1
    }
  ],
  "weight": [
    {
      "iteration": 24,
      "time": "89.72031044960022",
      "n_placed": 237,
      "n_discard": 120,
      "p_mean_weight": 41.79476793248946,
      "d_mean_weight": 31.62616666666667,
      "p_median_weight": 39.0,
      "d_median_weight": 32.3,
      "p_std_weight": 24.741861075081403,
      "d_std_weight": 16.44923293572285,
      "p_total_weight": 9905.36,
      "d_total_weight": 3795.1400000000003,
      "p_mean_taxability": 87.31924801687765,
      "d_mean_taxability": 84.56174250000001,
      "p_total_taxability": 20694.661780000002,
      "d_total_taxability": 10147.4091,
      "p_mean_volume": 0.2615038818565401,
      "d_mean_volume": 0.2539391666666667,
      "p_median_volume": 0.26612,
      "d_median_volume": 0.27838,
      "p_std_volume": 0.16829714660195183,
      "d_std_volume": 0.12368741123679235,
      "p_total_volume": 61.976420000000005,
      "d_total_volume": 30.472700000000003,
      "d_max_priority": 0,
      "used_volume": 0.7591986182227993,
      "used_weight": 0.4502436363636364,
      "unload_obs": 1,
      "hs_cond": 1,
      "p_cond": 1,
      "sub_cond": 1
    },
    {
      "iteration": 269,
      "time": "87.48291563987732",
      "n_placed": 247,
      "n_discard": 110,
      "p_mean_weight": 40.077408906882596,
      "d_mean_weight": 34.558,
      "p_median_weight": 35.0,
      "d_median_weight": 36.1,
      "p_std_weight": 25.134298978266,
      "d_std_weight": 15.791313766077716,
      "p_total_weight": 9899.12,
      "d_total_weight": 3801.38,
      "p_mean_taxability": 83.89815210526318,
      "d_mean_taxability": 91.99297554545457,
      "p_total_taxability": 20722.843570000005,
      "d_total_taxability": 10119.227310000002,
      "p_mean_volume": 0.2512593117408907,
      "d_mean_volume": 0.2762551818181818,
      "p_median_volume": 0.2535,
      "d_median_volume": 0.284165,
      "p_std_volume": 0.16925667825307283,
      "d_std_volume": 0.11392180393740244,
      "p_total_volume": 62.06105000000001,
      "d_total_volume": 30.388070000000003,
      "d_max_priority": 0,
      "used_volume": 0.7602353186172429,
      "used_weight": 0.44996,
      "unload_obs": 1,
      "hs_cond": 1,
      "p_cond": 1,
      "sub_cond": 1
    },
    {
      "iteration": 275,
      "time": "87.66424322128296",
      "n_placed": 248,
      "n_discard": 109,
      "p_mean_weight": 39.90491935483871,
      "d_mean_weight": 34.899816513761465,
      "p_median_weight": 35.0,
      "d_median_weight": 36.2,
      "p_std_weight": 25.205828192944892,
      "d_std_weight": 15.540078231704708,
      "p_total_weight": 9896.42,
      "d_total_weight": 3804.08,
      "p_mean_taxability": 83.5806118951613,
      "d_mean_taxability": 92.78971678899084,
      "p_total_taxability": 20727.99175,
      "d_total_taxability": 10114.079130000002,
      "p_mean_volume": 0.2503085080645161,
      "d_mean_volume": 0.27864779816513763,
      "p_median_volume": 0.2516,
      "d_median_volume": 0.28532,
      "p_std_volume": 0.16946793131421345,
      "d_std_volume": 0.11201182307270068,
      "p_total_volume": 62.07651,
      "d_total_volume": 30.37261,
      "d_max_priority": 0,
      "used_volume": 0.7604247004924418,
      "used_weight": 0.44983727272727275,
      "unload_obs": 1,
      "hs_cond": 1,
      "p_cond": 1,
      "sub_cond": 1
    }
  ],
  "taxability": [
    {
      "iteration": 199,
      "time": "87.99249482154846",
      "n_placed": 249,
      "n_discard": 108,
      "p_mean_weight": 39.62281124497992,
      "d_mean_weight": 35.50388888888889,
      "p_median_weight": 33.8,
      "d_median_weight": 36.85,
      "p_std_weight": 25.27067250468867,
      "d_std_weight": 15.362649865938716,
      "p_total_weight": 9866.08,
      "d_total_weight": 3834.42,
      "p_mean_taxability": 83.50954136546186,
      "d_mean_taxability": 93.03884333333336,
      "p_total_taxability": 20793.8758,
      "d_total_taxability": 10048.195080000003,
      "p_mean_volume": 0.2500978313253012,
      "d_mean_volume": 0.27939592592592594,
      "p_median_volume": 0.24948,
      "d_median_volume": 0.285185,
      "p_std_volume": 0.16969259013786442,
      "d_std_volume": 0.11037634477572873,
      "p_total_volume": 62.27436,
      "d_total_volume": 30.174760000000003,
      "d_max_priority": 0,
      "used_volume": 0.7628483230026705,
      "used_weight": 0.4484581818181818,
      "unload_obs": 2,
      "hs_cond": 1,
      "p_cond": 1,
      "sub_cond": 1
    },
    {
      "iteration": 108,
      "time": "89.53789901733398",
      "n_placed": 244,
      "n_discard": 113,