{
  "volume": [
    {
      "iteration": 202,
      "time": "185.2760636806488",
      "n_placed": 336,
      "n_discard": 187,
      "p_mean_weight": 29.98770833333333,
      "d_mean_weight": 18.241443850267377,
      "p_median_weight": 20.7,
      "d_median_weight": 10.1,
      "p_std_weight": 25.86000899997631,
      "d_std_weight": 15.949424722520783,
      "p_total_weight": 10075.869999999999,
      "d_total_weight": 3411.1499999999996,
      "p_mean_taxability": 65.61120863095238,
      "d_mean_taxability": 46.71587550802139,
      "p_total_taxability": 22045.3661,
      "d_total_taxability": 8735.86872,
      "p_mean_volume": 0.19612622023809528,
      "d_mean_volume": 0.14028791443850266,
      "p_median_volume": 0.11572500000000002,
      "d_median_volume": 0.08003,
      "p_std_volume": 0.19825084364729648,
      "d_std_volume": 0.11613043192352869,
      "p_total_volume": 65.89841000000001,
      "d_total_volume": 26.23384,
      "d_max_priority": 1,
      "used_volume": 0.8072422030036506,
      "used_weight": 0.4579940909090909,
      "unload_obs": 0,
      "hs_cond": 1,
      "p_cond": 0,
      "sub_cond": 0
    },
    {
      "iteration": 170,
      "time": "87.36741495132446",
      "n_placed": 345,
      "n_discard": 178,
      "p_mean_weight": 29.633652173913045,
      "d_mean_weight": 18.33376404494382,
      "p_median_weight": 18.9,
      "d_median_weight": 11.774999999999999,
      "p_std_weight": 26.16585565810004,
      "d_std_weight": 14.537336535573854,
      "p_total_weight": 10223.61,
      "d_total_weight": 3263.41,
      "p_mean_taxability": 63.81404536231885,
      "d_mean_taxability": 49.243759382022475,
      "p_total_taxability": 22015.845650000003,
      "d_total_taxability": 8765.38917,
      "p_mean_volume": 0.1907529275362319,
      "d_mean_volume": 0.14787915730337078,
      "p_median_volume": 0.10599000000000001,
      "d_median_volume": 0.0843,
      "p_std_volume": 0.19721275619993345,
      "d_std_volume": 0.11776359107989029,
      "p_total_volume": 65.80976000000001,
      "d_total_volume": 26.322490000000002,
      "d_max_priority": 1,
      "used_volume": 0.8061562584217362,
      "used_weight": 0.46470954545454546,
      "unload_obs": 1,
      "hs_cond": 1,
      "p_cond": 0,
      "sub_cond": 0
    },
    {
      "iteration": 121,
      "time": "189.09523129463196",
      "n_placed": 319,
      "n_discard": 204,
      "p_mean_weight": 31.56078369905956,
      "d_mean_weight": 16.76044117647059,
      "p_median_weight": 22.15,
      "d_median_weight": 11.2,
      "p_std_weight": 26.601967150985722,
      "d_std_weight": 13.247537006938964,
      "p_total_weight": 10067.89,
      "d_total_weight": 3419.13,
      "p_mean_taxability": 68.95077184952979,
      "d_mean_taxability": 43.06832647058824,
      "p_total_taxability": 21995.296220000004,
      "d_total_taxability": 8785.938600000001,
      "p_mean_volume": 0.20610673981191224,
      "d_mean_volume": 0.1293343137254902,
      "p_median_volume": 0.14283,
      "d_median_volume": 0.07953,
      "p_std_volume": 0.20277200465325276,
      "d_std_volume": 0.10507424521689933,
      "p_total_volume": 65.74805,
      "d_total_volume": 26.3842,
      "d_max_priority": 0,
      "used_volume": 0.805400323394664,
      "used_weight": 0.4576313636363636,
      "unload_obs": 2,
      "hs_cond": 1,
      "p_cond": 1,
      "sub_cond": 1
    }
  ],
  "weight": [
    {
      "iteration": 170,
      "time": "87.36741495132446",
      "n_placed": 345,
      "n_discard": 178,
      "p_mean_weight": 29.633652173913045,
      "d_mean_weight": 18.33376404494382,
      "p_median_weight": 18.9,
      "d_median_weight": 11.774999999999999,
      "p_std_weight": 26.16585565810004,
      "d_std_weight": 14.537336535573854,
      "p_total_weight": 10223.61,
      "d_total_weight": 3263.41,
      "p_mean_taxability": 63.81404536231885,
      "d_mean_taxability": 49.243759382022475,
      "p_total_taxability": 22015.845650000003,
      "d_total_taxability": 8765.38917,
      "p_mean_volume": 0.1907529275362319,
      "d_mean_volume": 0.14787915730337078,
      "p_median_volume": 0.10599000000000001,
      "d_median_volume": 0.0843,
      "p_std_volume": 0.19721275619993345,
      "d_std_volume": 0.11776359107989029,
      "p_total_volume": 65.80976000000001,
      "d_total_volume": 26.322490000000002,
      "d_max_priority": 1,
      "used_volume": 0.8061562584217362,
      "used_weight": 0.46470954545454546,
      "unload_obs": 1,
      "hs_cond": 1,
      "p_cond": 0,
      "sub_cond": 0
    },
    {
      "iteration": 129,
      "time": "186.13234615325928",
      "n_placed": 345,
      "n_discard": 178,
      "p_mean_weight": 29.568608695652173,
      "d_mean_weight": 18.459831460674156,
      "p_median_weight": 19.35,
      "d_median_weight": 11.925,
      "p_std_weight": 26.23038492678829,
      "d_std_weight": 14.408468220758554,
      "p_total_weight": 10201.17,
      "d_total_weight": 3285.85,
      "p_mean_taxability": 63.72894214492754,
      "d_mean_taxability": 49.40870662921348,
      "p_total_taxability": 21986.48504,
      "d_total_taxability": 8794.74978,
      "p_mean_volume": 0.19049736231884057,
      "d_mean_volume": 0.14837449438202246,
      "p_median_volume": 0.10599000000000001,
      "d_median_volume": 0.08597,
      "p_std_volume": 0.1975012880094865,
      "d_std_volume": 0.11700112155540704,
      "p_total_volume": 65.72158999999999,
      "d_total_volume": 26.41066,
      "d_max_priority": 0,
      "used_volume": 0.8050761937428031,
      "used_weight": 0.46368954545454544,
      "unload_obs": 2,
      "hs_cond": 1,
      "p_cond": 1,
      "sub_cond": 1
    },
    {
      "iteration": 211,
      "time": "192.49394607543945",
      "n_placed": 339,
      "n_discard": 184,
      "p_mean_weight": 30.074926253687316,
      "d_mean_weight": 17.88923913043478,
      "p_median_weight": 20.0,
      "d_median_weight": 11.2,
      "p_std_weight": 26.196033851817173,
      "d_std_weight": 14.459849271274186,
      "p_total_weight": 10195.4,
      "d_total_weight": 3291.62,
      "p_mean_taxability": 64.81930519174041,
      "d_mean_taxability": 47.86679543478261,
      "p_total_taxability": 21973.74446,
      "d_total_taxability": 8807.49036,
      "p_mean_volume": 0.19375613569321537,
      "d_mean_volume": 0.14374413043478262,
      "p_median_volume": 0.11008000000000001,
      "d_median_volume": 0.07991500000000001,
      "p_std_volume": 0.19824503592759696,
      "d_std_volume": 0.11612098609792496,
      "p_total_volume": 65.68333000000001,
      "d_total_volume": 26.44892,
      "d_max_priority": 1,
      "used_volume": 0.8046075164759783,
      "used_weight": 0.4634272727272727,
      "unload_obs": 1,
      "hs_cond": 1,
      "p_cond": 0,
      "sub_cond": 0
    }
  ],
  "taxability": [
    {
      "iteration": 202,
      "time": "185.2760636806488",
      "n_placed": 336,
      "n_discard": 187,
      "p_mean_weight": 29.98770833333333,
      "d_mean_weight": 18.241443850267377,
      "p_median_weight": 20.7,
      "d_median_weight": 10.1,
      "p_std_weight": 25.86000899997631,
      "d_std_weight": 15.949424722520783,
      "p_total_weight": 10075.869999999999,
      "d_total_weight": 3411.1499999999996,
      "p_mean_taxability": 65.61120863095238,
      "d_mean_taxability": 46.71587550802139,
      "p_total_taxability": 22045.3661,
      "d_total_taxability": 8735.86872,
      "p_mean_volume": 0.19612622023809528,
      "d_mean_volume": 0.14028791443850266,
      "p_median_volume": 0.11572500000000002,
      "d_median_volume": 0.08003,
      "p_std_volume": 0.19825084364729648,
      "d_std_volume": 0.11613043192352869,
      "p_total_volume": 65.89841000000001,
      "d_total_volume": 26.23384,
      "d_max_priority": 1,
      "used_volume": 0.8072422030036506,
      "used_weight": 0.4579940909090909,
      "unload_obs": 0,
      "hs_cond": 1,
      "p_cond": 0,
      "sub_cond": 0
    },
    {
      "iteration": 170,