{
  "volume": [
    {
      "iteration": 328,
      "time": "182.01605892181396",
      "n_placed": 318,
      "n_discard": 198,
      "p_mean_weight": 33.18943396226415,
      "d_mean_weight": 14.378131313131314,
      "p_median_weight": 25.884999999999998,
      "d_median_weight": 9.0,
      "p_std_weight": 25.735411027437383,
      "d_std_weight": 12.341132250375086,
      "p_total_weight": 10554.239999999998,
      "d_total_weight": 2846.8700000000003,
      "p_mean_taxability": 72.03933679245283,
      "d_mean_taxability": 39.303771363636365,
      "p_total_taxability": 22908.5091,
      "d_total_taxability": 7782.14673,
      "p_mean_volume": 0.2157772955974843,
      "d_mean_volume": 0.11802934343434346,
      "p_median_volume": 0.18,
      "d_median_volume": 0.07441,
      "p_std_volume": 0.19285381238721883,
      "d_std_volume": 0.10871221751313224,
      "p_total_volume": 68.61718,
      "d_total_volume": 23.369810000000005,
      "d_max_priority": 0,
      "used_volume": 0.8405465859813314,
      "used_weight": 0.47973818181818173,
      "unload_obs": 0,
      "hs_cond": 1,
      "p_cond": 1,
      "sub_cond": 1
    },
    {
      "iteration": 170,
      "time": "293.5097086429596",
      "n_placed": 323,
      "n_discard": 193,
      "p_mean_weight": 32.623405572755416,
      "d_mean_weight": 14.838082901554404,
      "p_median_weight": 26.0,
      "d_median_weight": 9.3,
      "p_std_weight": 25.565229641584004,
      "d_std_weight": 13.398582829031765,
      "p_total_weight": 10537.36,
      "d_total_weight": 2863.75,
      "p_mean_taxability": 70.78129606811146,
      "d_mean_taxability": 40.56112538860104,
      "p_total_taxability": 22862.358630000002,
      "d_total_taxability": 7828.297200000001,
      "p_mean_volume": 0.21200801857585141,
      "d_mean_volume": 0.12180518134715027,
      "p_median_volume": 0.18,
      "d_median_volume": 0.07551000000000001,
      "p_std_volume": 0.19000582812352493,
      "d_std_volume": 0.11806272147541105,
      "p_total_volume": 68.47859000000001,
      "d_total_volume": 23.5084,
      "d_max_priority": 0,
      "used_volume": 0.838848886493373,
      "used_weight": 0.4789709090909091,
      "unload_obs": 0,
      "hs_cond": 1,
      "p_cond": 1,
      "sub_cond": 1
    },
    {
      "iteration": 159,
      "time": "292.443603515625",
      "n_placed": 322,
      "n_discard": 194,
      "p_mean_weight": 32.595962732919254,
      "d_mean_weight": 14.975309278350515,
      "p_median_weight": 24.965,
      "d_median_weight": 9.0,
      "p_std_weight": 25.526895495115433,
      "d_std_weight": 13.728918163690176,
      "p_total_weight": 10495.9,
      "d_total_weight": 2905.21,
      "p_mean_taxability": 70.78541869565217,
      "d_mean_taxability": 40.71005675257733,
      "p_total_taxability": 22792.90482,
      "d_total_taxability": 7897.751010000002,
      "p_mean_volume": 0.21201869565217393,
      "d_mean_volume": 0.12225242268041239,
      "p_median_volume": 0.18,
      "d_median_volume": 0.07273,
      "p_std_volume": 0.18910629116727198,
      "d_std_volume": 0.12107676704444337,
      "p_total_volume": 68.27002,
      "d_total_volume": 23.716970000000003,
      "d_max_priority": 0,
      "used_volume": 0.8362939461498885,
      "used_weight": 0.47708636363636364,
      "unload_obs": 0,
      "hs_cond": 1,
      "p_cond": 1,
      "sub_cond": 1
    }
  ],
  "weight": [
    {
      "iteration": 328,
      "time": "182.01605892181396",
      "n_placed": 318,
      "n_discard": 198,
      "p_mean_weight": 33.18943396226415,
      "d_mean_weight": 14.378131313131314,
      "p_median_weight": 25.884999999999998,
      "d_median_weight": 9.0,
      "p_std_weight": 25.735411027437383,
      "d_std_weight": 12.341132250375086,
      "p_total_weight": 10554.239999999998,
      "d_total_weight": 2846.8700000000003,
      "p_mean_taxability": 72.03933679245283,
      "d_mean_taxability": 39.303771363636365,
      "p_total_taxability": 22908.5091,
      "d_total_taxability": 7782.14673,
      "p_mean_volume": 0.2157772955974843,
      "d_mean_volume": 0.11802934343434346,
      "p_median_volume": 0.18,
      "d_median_volume": 0.07441,
      "p_std_volume": 0.19285381238721883,
      "d_std_volume": 0.10871221751313224,
      "p_total_volume": 68.61718,
      "d_total_volume": 23.369810000000005,
      "d_max_priority": 0,
      "used_volume": 0.8405465859813314,
      "used_weight": 0.47973818181818173,
      "unload_obs": 0,
      "hs_cond": 1,
      "p_cond": 1,
      "sub_cond": 1
    },
    {
      "iteration": 170,
      "time": "293.5097086429596",
      "n_placed": 323,
      "n_discard": 193,
      "p_mean_weight": 32.623405572755416,
      "d_mean_weight": 14.838082901554404,
      "p_median_weight": 26.0,
      "d_median_weight": 9.3,
      "p_std_weight": 25.565229641584004,
      "d_std_weight": 13.398582829031765,
      "p_total_weight": 10537.36,
      "d_total_weight": 2863.75,
      "p_mean_taxability": 70.78129606811146,
      "d_mean_taxability": 40.56112538860104,
      "p_total_taxability": 22862.358630000002,
      "d_total_taxability": 7828.297200000001,
      "p_mean_volume": 0.21200801857585141,
      "d_mean_volume": 0.12180518134715027,
      "p_median_volume": 0.18,
      "d_median_volume": 0.07551000000000001,
      "p_std_volume": 0.19000582812352493,
      "d_std_volume": 0.11806272147541105,
      "p_total_volume": 68.47859000000001,
      "d_total_volume": 23.5084,
      "d_max_priority": 0,
      "used_volume": 0.838848886493373,
      "used_weight": 0.4789709090909091,
      "unload_obs": 0,
      "hs_cond": 1,
      "p_cond": 1,
      "sub_cond": 1
    },
    {
      "iteration": 159,
      "time": "292.443603515625",
      "n_placed": 322,
      "n_discard": 194,
      "p_mean_weight": 32.595962732919254,
      "d_mean_weight": 14.975309278350515,
      "p_median_weight": 24.965,
      "d_median_weight": 9.0,
      "p_std_weight": 25.526895495115433,
      "d_std_weight": 13.728918163690176,
      "p_total_weight": 10495.9,
      "d_total_weight": 2905.21,
      "p_mean_taxability": 70.78541869565217,
      "d_mean_taxability": 40.71005675257733,
      "p_total_taxability": 22792.90482,
      "d_total_taxability": 7897.751010000002,
      "p_mean_volume": 0.21201869565217393,
      "d_mean_volume": 0.12225242268041239,
      "p_median_volume": 0.18,
      "d_median_volume": 0.07273,
      "p_std_volume": 0.18910629116727198,
      "d_std_volume": 0.12107676704444337,
      "p_total_volume": 68.27002,
      "d_total_volume": 23.716970000000003,
      "d_max_priority": 0,
      "used_volume": 0.8362939461498885,
      "used_weight": 0.47708636363636364,
      "unload_obs": 0,
      "hs_cond": 1,
      "p_cond": 1,
      "sub_cond": 1
    }
  ],
  "taxability": [
    {
      "iteration": 328,
      "time": "182.01605892181396",
      "n_placed": 318,
      "n_discard": 198,
      "p_mean_weight": 33.18943396226415,
      "d_mean_weight": 14.378131313131314,
      "p_median_weight": 25.884999999999998,
      "d_median_weight": 9.0,
      "p_std_weight": 25.735411027437383,
      "d_std_weight": 12.341132250375086,
      "p_total_weight": 10554.239999999998,
      "d_total_weight": 2846.8700000000003,
      "p_mean_taxability": 72.03933679245283,
      "d_mean_taxability": 39.303771363636365,
      "p_total_taxability": 22908.5091,
      "d_total_taxability": 7782.14673,
      "p_mean_volume": 0.2157772955974843,
      "d_mean_volume": 0.11802934343434346,
      "p_median_volume": 0.18,
      "d_median_volume": 0.07441,
      "p_std_volume": 0.19285381238721883,
      "d_std_volume": 0.10871221751313224,
      "p_total_volume": 68.61718,
      "d_total_volume": 23.369810000000005,
      "d_max_priority": 0,
      "used_volume": 0.8405465859813314,
      "used_weight": 0.47973818181818173,
      "unload_obs": 0,
      "hs_cond": 1,
      "p_cond": 1,
      "sub_cond": 1
    },
    {
      "iteration": 170,
      "time": "293.5097086429596",
      "n_placed": 323,