{
  "volume": [
    {
      "iteration": 36,
      "time": "31.575177669525146",
      "n_placed": 222,
      "n_discard": 93,
      "p_mean_weight": 44.32117117117117,
      "d_mean_weight": 43.76559139784946,
      "p_median_weight": 41.5,
      "d_median_weight": 41.7,
      "p_std_weight": 22.910548924367063,
      "d_std_weight": 17.714324003985762,
      "p_total_weight": 9839.300000000001,
      "d_total_weight": 4070.2000000000003,
      "p_mean_taxability": 93.3761044144144,
      "d_mean_taxability": 111.10108161290326,
      "p_total_taxability": 20729.495179999998,
      "d_total_taxability": 10332.400590000003,
      "p_mean_volume": 0.2799145045045045,
      "d_mean_volume": 0.3336368817204301,
      "p_median_volume": 0.27768000000000004,
      "d_median_volume": 0.33434,
      "p_std_volume": 0.145632723957598,
      "d_std_volume": 0.1351100190422806,
      "p_total_volume": 62.14102,
      "d_total_volume": 31.02823,
      "d_max_priority": 1,
      "used_volume": 0.7612149349535733,
      "used_weight": 0.44724090909090913,
      "unload_obs": 1,
      "hs_cond": 1,
      "p_cond": 0,
      "sub_cond": 0
    },
    {
      "iteration": 2,
      "time": "39.66052198410034",
      "n_placed": 221,
      "n_discard": 94,
      "p_mean_weight": 43.91009049773756,
      "d_mean_weight": 44.73797872340426,
      "p_median_weight": 40.5,
      "d_median_weight": 42.85,
      "p_std_weight": 23.009781042594398,
      "d_std_weight": 17.46479787136726,
      "p_total_weight": 9704.130000000001,
      "d_total_weight": 4205.370000000001,
      "p_mean_taxability": 93.13784927601812,
      "d_mean_taxability": 111.47267106382981,
      "p_total_taxability": 20583.464690000004,
      "d_total_taxability": 10478.431080000002,
      "p_mean_volume": 0.2791967873303167,
      "d_mean_volume": 0.3347527659574468,
      "p_median_volume": 0.27824000000000004,
      "d_median_volume": 0.30839500000000003,
      "p_std_volume": 0.14567550500745588,
      "d_std_volume": 0.13454478945173354,
      "p_total_volume": 61.70249,
      "d_total_volume": 31.46676,
      "d_max_priority": 1,
      "used_volume": 0.755843031089987,
      "used_weight": 0.44109681818181823,
      "unload_obs": 0,
      "hs_cond": 1,
      "p_cond": 0,
      "sub_cond": 0
    },
    {
      "iteration": 187,
      "time": "41.171889305114746",
      "n_placed": 221,
      "n_discard": 94,
      "p_mean_weight": 43.894751131221724,
      "d_mean_weight": 44.77404255319149,
      "p_median_weight": 40.5,
      "d_median_weight": 42.85,
      "p_std_weight": 23.025875337355128,
      "d_std_weight": 17.41276088236891,
      "p_total_weight": 9700.740000000002,
      "d_total_weight": 4208.76,
      "p_mean_taxability": 93.05280619909504,
      "d_mean_taxability": 111.67261276595748,
      "p_total_taxability": 20564.670170000005,
      "d_total_taxability": 10497.225600000003,
      "p_mean_volume": 0.2789414027149321,
      "d_mean_volume": 0.3353531914893617,
      "p_median_volume": 0.27824000000000004,
      "d_median_volume": 0.30839500000000003,
      "p_std_volume": 0.1459104358823833,
      "d_std_volume": 0.13368732235124917,
      "p_total_volume": 61.646049999999995,
      "d_total_volume": 31.5232,
      "d_max_priority": 1,
      "used_volume": 0.7551516524977337,
      "used_weight": 0.4409427272727273,
      "unload_obs": 1,
      "hs_cond": 1,
      "p_cond": 0,
      "sub_cond": 0
    }
  ],
  "weight": [
    {
      "iteration": 36,
      "time": "31.575177669525146",
      "n_placed": 222,
      "n_discard": 93,
      "p_mean_weight": 44.32117117117117,
      "d_mean_weight": 43.76559139784946,
      "p_median_weight": 41.5,
      "d_median_weight": 41.7,
      "p_std_weight": 22.910548924367063,
      "d_std_weight": 17.714324003985762,
      "p_total_weight": 9839.300000000001,
      "d_total_weight": 4070.2000000000003,
      "p_mean_taxability": 93.3761044144144,
      "d_mean_taxability": 111.10108161290326,
      "p_total_taxability": 20729.495179999998,
      "d_total_taxability": 10332.400590000003,
      "p_mean_volume": 0.2799145045045045,
      "d_mean_volume": 0.3336368817204301,
      "p_median_volume": 0.27768000000000004,
      "d_median_volume": 0.33434,
      "p_std_volume": 0.145632723957598,
      "d_std_volume": 0.1351100190422806,
      "p_total_volume": 62.14102,
      "d_total_volume": 31.02823,
      "d_max_priority": 1,
      "used_volume": 0.7612149349535733,
      "used_weight": 0.44724090909090913,
      "unload_obs": 1,
      "hs_cond": 1,
      "p_cond": 0,
      "sub_cond": 0
    },
    {
      "iteration": 0,
      "time": "39.42331099510193",
      "n_placed": 214,
      "n_discard": 101,
      "p_mean_weight": 45.62317757009346,
      "d_mean_weight": 41.050891089108916,
      "p_median_weight": 42.0,
      "d_median_weight": 41.3,
      "p_std_weight": 22.788768323159346,
      "d_std_weight": 18.121717142644616,
      "p_total_weight": 9763.36,
      "d_total_weight": 4146.14,
      "p_mean_taxability": 95.39640261682244,
      "d_mean_taxability": 105.41649118811884,
      "p_total_taxability": 20414.83016,
      "d_total_taxability": 10647.065610000003,
      "p_mean_volume": 0.28596299065420566,
      "d_mean_volume": 0.3165660396039604,
      "p_median_volume": 0.28168000000000004,
      "d_median_volume": 0.33434,
      "p_std_volume": 0.14377151689033638,
      "d_std_volume": 0.14452461935655952,
      "p_total_volume": 61.19608000000001,
      "d_total_volume": 31.97317,
      "d_max_priority": 0,
      "used_volume": 0.7496396109464195,
      "used_weight": 0.4437890909090909,
      "unload_obs": 3,
      "hs_cond": 1,
      "p_cond": 1,
      "sub_cond": 1
    },
    {
      "iteration": 251,
      "time": "17.62860679626465",
      "n_placed": 213,
      "n_discard": 102,
      "p_mean_weight": 45.76455399061033,
      "d_mean_weight": 40.80049019607843,
      "p_median_weight": 42.0,
      "d_median_weight": 40.75,
      "p_std_weight": 22.87020267074782,
      "d_std_weight": 17.88456159154272,
      "p_total_weight": 9747.85,
      "d_total_weight": 4161.65,
      "p_mean_taxability": 95.65585446009389,
      "d_mean_taxability": 104.77645852941177,
      "p_total_taxability": 20374.697,
      "d_total_taxability": 10687.19877,
      "p_mean_volume": 0.2867397183098592,
      "d_mean_volume": 0.31464401960784316,
      "p_median_volume": 0.28125,
      "d_median_volume": 0.31009,
      "p_std_volume": 0.1460719384281139,
      "d_std_volume": 0.13996500963207392,
      "p_total_volume": 61.07556000000001,
      "d_total_volume": 32.09369,
      "d_max_priority": 0,
      "used_volume": 0.7481632653061225,
      "used_weight": 0.4430840909090909,
      "unload_obs": 1,
      "hs_cond": 1,
      "p_cond": 1,
      "sub_cond": 1
    }
  ],
  "taxability": [
    {
      "iteration": 36,
      "time": "31.575177669525146",
      "n_placed": 222,
      "n_discard": 93,
      "p_mean_weight": 44.32117117117117,
      "d_mean_weight": 43.76559139784946,
      "p_median_weight": 41.5,
      "d_median_weight": 41.7,
      "p_std_weight": 22.910548924367063,
      "d_std_weight": 17.714324003985762,
      "p_total_weight": 9839.300000000001,
      "d_total_weight": 4070.2000000000003,
      "p_mean_taxability": 93.3761044144144,
      "d_mean_taxability": 111.10108161290326,
      "p_total_taxability": 20729.495179999998,
      "d_total_taxability": 10332.400590000003,
      "p_mean_volume": 0.2799145045045045,
      "d_mean_volume": 0.3336368817204301,
      "p_median_volume": 0.27768000000000004,
      "d_median_volume": 0.33434,
      "p_std_volume": 0.145632723957598,
      "d_std_volume": 0.1351100190422806,
      "p_total_volume": 62.14102,
      "d_total_volume": 31.02823,
      "d_max_priority": 1,
      "used_volume": 0.7612149349535733,
      "used_weight": 0.44724090909090913,
      "unload_obs": 1,
      "hs_cond": 1,
      "p_cond": 0,
      "sub_cond": 0
    },
    {
      "iteration": 2,