{
  "volume": [
    {
      "iteration": 0,
      "time": "39.42331099510193",
      "n_placed": 214,
      "n_discard": 101,
      "p_mean_weight": 45.62317757009346,
      "d_mean_weight": 41.050891089108916,
      "p_median_weight": 42.0,
      "d_median_weight": 41.3,
      "p_std_weight": 22.788768323159346,
      "d_std_weight": 18.121717142644616,
      "p_total_weight": 9763.36,
      "d_total_weight": 4146.14,
      "p_mean_taxability": 95.39640261682244,
      "d_mean_taxability": 105.41649118811884,
      "p_total_taxability": 20414.83016,
      "d_total_taxability": 10647.065610000003,
      "p_mean_volume": 0.28596299065420566,
      "d_mean_volume": 0.3165660396039604,
      "p_median_volume": 0.28168000000000004,
      "d_median_volume": 0.33434,
      "p_std_volume": 0.14377151689033638,
      "d_std_volume": 0.14452461935655952,
      "p_total_volume": 61.19608000000001,
      "d_total_volume": 31.97317,
      "d_max_priority": 0,
      "used_volume": 0.7496396109464195,
      "used_weight": 0.4437890909090909,
      "unload_obs": 3,
      "hs_cond": 1,
      "p_cond": 1,
      "sub_cond": 1
    },
    {
      "iteration": 258,
      "time": "40.73487091064453",
      "n_placed": 220,
      "n_discard": 95,
      "p_mean_weight": 43.95968181818182,
      "d_mean_weight": 44.614421052631585,
      "p_median_weight": 40.5,
      "d_median_weight": 42.0,
      "p_std_weight": 22.94063552619645,
      "d_std_weight": 17.7478833449255,
      "p_total_weight": 9671.130000000001,
      "d_total_weight": 4238.370000000001,
      "p_mean_taxability": 92.79182177272729,
      "d_mean_taxability": 112.08099978947371,
      "p_total_taxability": 20414.200790000003,
      "d_total_taxability": 10647.694980000002,
      "p_mean_volume": 0.27815540909090913,
      "d_mean_volume": 0.3365795789473684,
      "p_median_volume": 0.27768000000000004,
      "d_median_volume": 0.33818000000000004,
      "p_std_volume": 0.14556220731829833,
      "d_std_volume": 0.1340465254489172,
      "p_total_volume": 61.194190000000006,
      "d_total_volume": 31.97506,
      "d_max_priority": 0,
      "used_volume": 0.7496164588284294,
      "used_weight": 0.4395968181818182,
      "unload_obs": 2,
      "hs_cond": 1,
      "p_cond": 1,
      "sub_cond": 1
    },
    {
      "iteration": 276,
      "time": "39.17777943611145",
      "n_placed": 220,
      "n_discard": 95,
      "p_mean_weight": 43.876000000000005,
      "d_mean_weight": 44.8082105263158,
      "p_median_weight": 40.5,
      "d_median_weight": 42.7,
      "p_std_weight": 22.864671047282894,
      "d_std_weight": 17.966169033559748,
      "p_total_weight": 9652.720000000001,
      "d_total_weight": 4256.780000000001,
      "p_mean_taxability": 92.73224504545456,
      "d_mean_taxability": 112.21896694736841,
      "p_total_taxability": 20401.093910000003,
      "d_total_taxability": 10660.80186,
      "p_mean_volume": 0.27797649999999996,
      "d_mean_volume": 0.3369938947368421,
      "p_median_volume": 0.27768000000000004,
      "d_median_volume": 0.33818000000000004,
      "p_std_volume": 0.1453314289924615,
      "d_std_volume": 0.13444589471189675,
      "p_total_volume": 61.15483,
      "d_total_volume": 32.01442,
      "d_max_priority": 0,
      "used_volume": 0.749134306783938,
      "used_weight": 0.43876000000000004,
      "unload_obs": 1,
      "hs_cond": 1,
      "p_cond": 1,
      "sub_cond": 1
    }
  ],
  "weight": [
    {
      "iteration": 0,
      "time": "39.42331099510193",
      "n_placed": 214,
      "n_discard": 101,
      "p_mean_weight": 45.62317757009346,
      "d_mean_weight": 41.050891089108916,
      "p_median_weight": 42.0,
      "d_median_weight": 41.3,
      "p_std_weight": 22.788768323159346,
      "d_std_weight": 18.121717142644616,
      "p_total_weight": 9763.36,
      "d_total_weight": 4146.14,
      "p_mean_taxability": 95.39640261682244,
      "d_mean_taxability": 105.41649118811884,
      "p_total_taxability": 20414.83016,
      "d_total_taxability": 10647.065610000003,
      "p_mean_volume": 0.28596299065420566,
      "d_mean_volume": 0.3165660396039604,
      "p_median_volume": 0.28168000000000004,
      "d_median_volume": 0.33434,
      "p_std_volume": 0.14377151689033638,
      "d_std_volume": 0.14452461935655952,
      "p_total_volume": 61.19608000000001,
      "d_total_volume": 31.97317,
      "d_max_priority": 0,
      "used_volume": 0.7496396109464195,
      "used_weight": 0.4437890909090909,
      "unload_obs": 3,
      "hs_cond": 1,
      "p_cond": 1,
      "sub_cond": 1
    },
    {
      "iteration": 251,
      "time": "17.62860679626465",
      "n_placed": 213,
      "n_discard": 102,
      "p_mean_weight": 45.76455399061033,
      "d_mean_weight": 40.80049019607843,
      "p_median_weight": 42.0,
      "d_median_weight": 40.75,
      "p_std_weight": 22.87020267074782,
      "d_std_weight": 17.88456159154272,
      "p_total_weight": 9747.85,
      "d_total_weight": 4161.65,
      "p_mean_taxability": 95.65585446009389,
      "d_mean_taxability": 104.77645852941177,
      "p_total_taxability": 20374.697,
      "d_total_taxability": 10687.19877,
      "p_mean_volume": 0.2867397183098592,
      "d_mean_volume": 0.31464401960784316,
      "p_median_volume": 0.28125,
      "d_median_volume": 0.31009,
      "p_std_volume": 0.1460719384281139,
      "d_std_volume": 0.13996500963207392,
      "p_total_volume": 61.07556000000001,
      "d_total_volume": 32.09369,
      "d_max_priority": 0,
      "used_volume": 0.7481632653061225,
      "used_weight": 0.4430840909090909,
      "unload_obs": 1,
      "hs_cond": 1,
      "p_cond": 1,
      "sub_cond": 1
    },
    {
      "iteration": 258,
      "time": "40.73487091064453",
      "n_placed": 220,
      "n_discard": 95,
      "p_mean_weight": 43.95968181818182,
      "d_mean_weight": 44.614421052631585,
      "p_median_weight": 40.5,
      "d_median_weight": 42.0,
      "p_std_weight": 22.94063552619645,
      "d_std_weight": 17.7478833449255,
      "p_total_weight": 9671.130000000001,
      "d_total_weight": 4238.370000000001,
      "p_mean_taxability": 92.79182177272729,
      "d_mean_taxability": 112.08099978947371,
      "p_total_taxability": 20414.200790000003,
      "d_total_taxability": 10647.694980000002,
      "p_mean_volume": 0.27815540909090913,
      "d_mean_volume": 0.3365795789473684,
      "p_median_volume": 0.27768000000000004,
      "d_median_volume": 0.33818000000000004,
      "p_std_volume": 0.14556220731829833,
      "d_std_volume": 0.1340465254489172,
      "p_total_volume": 61.194190000000006,
      "d_total_volume": 31.97506,
      "d_max_priority": 0,
      "used_volume": 0.7496164588284294,
      "used_weight": 0.4395968181818182,
      "unload_obs": 2,
      "hs_cond": 1,
      "p_cond": 1,
      "sub_cond": 1
    }
  ],
  "taxability": [
    {
      "iteration": 0,
      "time": "39.42331099510193",
      "n_placed": 214,
      "n_discard": 101,
      "p_mean_weight": 45.62317757009346,
      "d_mean_weight": 41.050891089108916,
      "p_median_weight": 42.0,
      "d_median_weight": 41.3,
      "p_std_weight": 22.788768323159346,
      "d_std_weight": 18.121717142644616,
      "p_total_weight": 9763.36,
      "d_total_weight": 4146.14,
      "p_mean_taxability": 95.39640261682244,
      "d_mean_taxability": 105.41649118811884,
      "p_total_taxability": 20414.83016,
      "d_total_taxability": 10647.065610000003,
      "p_mean_volume": 0.28596299065420566,
      "d_mean_volume": 0.3165660396039604,
      "p_median_volume": 0.28168000000000004,
      "d_median_volume": 0.33434,
      "p_std_volume": 0.14377151689033638,
      "d_std_volume": 0.14452461935655952,
      "p_total_volume": 61.19608000000001,
      "d_total_volume": 31.97317,
      "d_max_priority": 0,
      "used_volume": 0.7496396109464195,
      "used_weight": 0.4437890909090909,
      "unload_obs": 3,
      "hs_cond": 1,
      "p_cond": 1,
      "sub_cond": 1
    },
    {
      "iteration": 258,