{
  "volume": [
    {
      "iteration": 97,
      "time": "178.35285472869873",
      "n_placed": 320,
      "n_discard": 182,
      "p_mean_weight": 31.44034375,
      "d_mean_weight": 14.659725274725275,
      "p_median_weight": 23.02,
      "d_median_weight": 10.02,
      "p_std_weight": 23.254114117558583,
      "d_std_weight": 10.707427454180577,
      "p_total_weight": 10060.91,
      "d_total_weight": 2668.07,
      "p_mean_taxability": 67.97551534375,
      "d_mean_taxability": 38.22810725274725,
      "p_total_taxability": 21752.16491,
      "d_total_taxability": 6957.51552,
      "p_mean_volume": 0.20301971875000002,
      "d_mean_volume": 0.11479912087912086,
      "p_median_volume": 0.15181500000000003,
      "d_median_volume": 0.07662000000000001,
      "p_std_volume": 0.1542178655458753,
      "d_std_volume": 0.0931353668028377,
      "p_total_volume": 64.96631000000001,
      "d_total_volume": 20.89344,
      "d_max_priority": 0,
      "used_volume": 0.7958241664012544,
      "used_weight": 0.4573140909090909,
      "unload_obs": 1,
      "hs_cond": 1,
      "p_cond": 1,
      "sub_cond": 1
    },
    {
      "iteration": 85,
      "time": "177.5655996799469",
      "n_placed": 323,
      "n_discard": 179,
      "p_mean_weight": 31.079907120743034,
      "d_mean_weight": 15.028882681564246,
      "p_median_weight": 22.96,
      "d_median_weight": 10.04,
      "p_std_weight": 23.322112444487836,
      "d_std_weight": 10.888998255773988,
      "p_total_weight": 10038.81,
      "d_total_weight": 2690.17,
      "p_mean_taxability": 67.17670501547988,
      "d_mean_taxability": 39.17097603351955,
      "p_total_taxability": 21698.07572,
      "d_total_taxability": 7011.60471,
      "p_mean_volume": 0.20063120743034057,
      "d_mean_volume": 0.11763055865921788,
      "p_median_volume": 0.15106,
      "d_median_volume": 0.07715000000000001,
      "p_std_volume": 0.15442262270332952,
      "d_std_volume": 0.09444774394151087,
      "p_total_volume": 64.80388,
      "d_total_volume": 21.055870000000002,
      "d_max_priority": 0,
      "used_volume": 0.7938344317318765,
      "used_weight": 0.45630954545454544,
      "unload_obs": 1,
      "hs_cond": 1,
      "p_cond": 1,
      "sub_cond": 1
    },
    {
      "iteration": 0,
      "time": "176.53265643119812",
      "n_placed": 318,
      "n_discard": 184,
      "p_mean_weight": 31.553522012578618,
      "d_mean_weight": 14.646521739130435,
      "p_median_weight": 23.119999999999997,
      "d_median_weight": 10.04,
      "p_std_weight": 23.285201678518764,
      "d_std_weight": 10.6420971406691,
      "p_total_weight": 10034.02,
      "d_total_weight": 2694.96,
      "p_mean_taxability": 68.20303534591196,
      "d_mean_taxability": 38.15823472826087,
      "p_total_taxability": 21688.565240000004,
      "d_total_taxability": 7021.11519,
      "p_mean_volume": 0.20369597484276733,
      "d_mean_volume": 0.1145892934782609,
      "p_median_volume": 0.15405000000000002,
      "d_median_volume": 0.07658500000000001,
      "p_std_volume": 0.15449001956113337,
      "d_std_volume": 0.09257787781189326,
      "p_total_volume": 64.77532000000001,
      "d_total_volume": 21.084430000000005,
      "d_max_priority": 0,
      "used_volume": 0.7934845775044713,
      "used_weight": 0.4560918181818182,
      "unload_obs": 0,
      "hs_cond": 1,
      "p_cond": 1,
      "sub_cond": 1
    }
  ],
  "weight": [
    {
      "iteration": 97,
      "time": "178.35285472869873",
      "n_placed": 320,
      "n_discard": 182,
      "p_mean_weight": 31.44034375,
      "d_mean_weight": 14.659725274725275,
      "p_median_weight": 23.02,
      "d_median_weight": 10.02,
      "p_std_weight": 23.254114117558583,
      "d_std_weight": 10.707427454180577,
      "p_total_weight": 10060.91,
      "d_total_weight": 2668.07,
      "p_mean_taxability": 67.97551534375,
      "d_mean_taxability": 38.22810725274725,
      "p_total_taxability": 21752.16491,
      "d_total_taxability": 6957.51552,
      "p_mean_volume": 0.20301971875000002,
      "d_mean_volume": 0.11479912087912086,
      "p_median_volume": 0.15181500000000003,
      "d_median_volume": 0.07662000000000001,
      "p_std_volume": 0.1542178655458753,
      "d_std_volume": 0.0931353668028377,
      "p_total_volume": 64.96631000000001,
      "d_total_volume": 20.89344,
      "d_max_priority": 0,
      "used_volume": 0.7958241664012544,
      "used_weight": 0.4573140909090909,
      "unload_obs": 1,
      "hs_cond": 1,
      "p_cond": 1,
      "sub_cond": 1
    },
    {
      "iteration": 118,
      "time": "176.38146591186523",
      "n_placed": 321,
      "n_discard": 181,
      "p_mean_weight": 31.31862928348909,
      "d_mean_weight": 14.782872928176795,
      "p_median_weight": 23.0,
      "d_median_weight": 10.04,
      "p_std_weight": 23.27543579055535,
      "d_std_weight": 10.779457599753067,
      "p_total_weight": 10053.279999999999,
      "d_total_weight": 2675.7,
      "p_mean_taxability": 67.55891193146418,
      "d_mean_taxability": 38.80259502762431,
      "p_total_taxability": 21686.410730000003,
      "d_total_taxability": 7023.2697,
      "p_mean_volume": 0.20177211838006232,
      "d_mean_volume": 0.11652430939226519,
      "p_median_volume": 0.15106,
      "d_median_volume": 0.07662000000000001,
      "p_std_volume": 0.1543728463772805,
      "d_std_volume": 0.09406800498217217,
      "p_total_volume": 64.76885,
      "d_total_volume": 21.090899999999998,
      "d_max_priority": 0,
      "used_volume": 0.7934053213121983,
      "used_weight": 0.45696727272727267,
      "unload_obs": 1,
      "hs_cond": 1,
      "p_cond": 1,
      "sub_cond": 1
    },
    {
      "iteration": 3,
      "time": "173.7613968849182",
      "n_placed": 322,
      "n_discard": 180,
      "p_mean_weight": 31.21329192546584,
      "d_mean_weight": 14.879444444444445,
      "p_median_weight": 22.98,
      "d_median_weight": 10.04,
      "p_std_weight": 23.30504284808921,
      "d_std_weight": 10.772929072770888,
      "p_total_weight": 10050.68,
      "d_total_weight": 2678.3,
      "p_mean_taxability": 67.27654487577641,
      "d_mean_taxability": 39.147961,
      "p_total_taxability": 21663.047450000002,
      "d_total_taxability": 7046.63298,
      "p_mean_volume": 0.20092760869565218,
      "d_mean_volume": 0.11756144444444444,
      "p_median_volume": 0.15106,
      "d_median_volume": 0.077895,
      "p_std_volume": 0.15467097188986106,
      "d_std_volume": 0.09389310932006775,
      "p_total_volume": 64.69869,
      "d_total_volume": 21.16106,
      "d_max_priority": 0,
      "used_volume": 0.7925458754930543,
      "used_weight": 0.4568490909090909,
      "unload_obs": 0,
      "hs_cond": 1,
      "p_cond": 1,
      "sub_cond": 1
    }
  ],
  "taxability": [
    {
      "iteration": 97,
      "time": "178.35285472869873",
      "n_placed": 320,
      "n_discard": 182,
      "p_mean_weight": 31.44034375,
      "d_mean_weight": 14.659725274725275,
      "p_median_weight": 23.02,
      "d_median_weight": 10.02,
      "p_std_weight": 23.254114117558583,
      "d_std_weight": 10.707427454180577,
      "p_total_weight": 10060.91,
      "d_total_weight": 2668.07,
      "p_mean_taxability": 67.97551534375,
      "d_mean_taxability": 38.22810725274725,
      "p_total_taxability": 21752.16491,
      "d_total_taxability": 6957.51552,
      "p_mean_volume": 0.20301971875000002,
      "d_mean_volume": 0.11479912087912086,
      "p_median_volume": 0.15181500000000003,
      "d_median_volume": 0.07662000000000001,
      "p_std_volume": 0.1542178655458753,
      "d_std_volume": 0.0931353668028377,
      "p_total_volume": 64.96631000000001,
      "d_total_volume": 20.89344,
      "d_max_priority": 0,
      "used_volume": 0.7958241664012544,
      "used_weight": 0.4573140909090909,
      "unload_obs": 1,
      "hs_cond": 1,
      "p_cond": 1,
      "sub_cond": 1
    },
    {
      "iteration": 85,
      "time": "177.5655996799469",
      "n_placed": 323,
      "n_discard": 179,