{
  "volume": [
    {
      "iteration": 292,
      "time": "44.5737829208374",
      "n_placed": 292,
      "n_discard": 170,
      "p_mean_weight": 32.82544520547945,
      "d_mean_weight": 26.56629411764706,
      "p_median_weight": 25.0,
      "d_median_weight": 20.0,
      "p_std_weight": 24.432926775105646,
      "d_std_weight": 19.11594188404449,
      "p_total_weight": 9585.029999999999,
      "d_total_weight": 4516.27,
      "p_mean_taxability": 68.47933356164384,
      "d_mean_taxability": 67.454145,
      "p_total_taxability": 19995.9654,
      "d_total_taxability": 11467.20465,
      "p_mean_volume": 0.2043639383561644,
      "d_mean_volume": 0.20256500000000005,
      "p_median_volume": 0.17325000000000002,
      "d_median_volume": 0.17544500000000002,
      "p_std_volume": 0.15626584929618292,
      "d_std_volume": 0.13418390577683537,
      "p_total_volume": 59.67427000000001,
      "d_total_volume": 34.43605000000001,
      "d_max_priority": 0,
      "used_volume": 0.7309977460371905,
      "used_weight": 0.4356831818181818,
      "unload_obs": 1,
      "hs_cond": 1,
      "p_cond": 1,
      "sub_cond": 1
    },
    {
      "iteration": 230,
      "time": "99.57247233390808",
      "n_placed": 294,
      "n_discard": 168,
      "p_mean_weight": 32.59357142857142,
      "d_mean_weight": 26.89755952380952,
      "p_median_weight": 25.0,
      "d_median_weight": 20.0,
      "p_std_weight": 24.4668622556063,
      "d_std_weight": 19.083253858835164,
      "p_total_weight": 9582.509999999998,
      "d_total_weight": 4518.789999999999,
      "p_mean_taxability": 67.91064285714286,
      "d_mean_taxability": 68.43714910714286,
      "p_total_taxability": 19965.729,
      "d_total_taxability": 11497.441050000001,
      "p_mean_volume": 0.20266486394557826,
      "d_mean_volume": 0.2055169642857143,
      "p_median_volume": 0.16582000000000002,
      "d_median_volume": 0.17908000000000002,
      "p_std_volume": 0.15652031847890902,
      "d_std_volume": 0.13336317616866783,
      "p_total_volume": 59.583470000000005,
      "d_total_volume": 34.52685,
      "d_max_priority": 0,
      "used_volume": 0.7298854643898376,
      "used_weight": 0.4355686363636363,
      "unload_obs": 2,
      "hs_cond": 1,
      "p_cond": 1,
      "sub_cond": 1
    },
    {
      "iteration": 94,
      "time": "99.72101378440857",
      "n_placed": 300,
      "n_discard": 162,
      "p_mean_weight": 31.84603333333333,
      "d_mean_weight": 28.070925925925923,
      "p_median_weight": 23.1,
      "d_median_weight": 21.85,
      "p_std_weight": 24.17207555675129,
      "d_std_weight": 19.856825783423613,
      "p_total_weight": 9553.81,
      "d_total_weight": 4547.49,
      "p_mean_taxability": 66.406576,
      "d_mean_taxability": 71.24195833333334,
      "p_total_taxability": 19921.9728,
      "d_total_taxability": 11541.197250000001,
      "p_mean_volume": 0.19817356666666672,
      "d_mean_volume": 0.21393981481481483,
      "p_median_volume": 0.15158,
      "d_median_volume": 0.18,
      "p_std_volume": 0.1550141451273963,
      "d_std_volume": 0.1350924578742265,
      "p_total_volume": 59.45207000000001,
      "d_total_volume": 34.65825,
      "d_max_priority": 0,
      "used_volume": 0.7282758409486245,
      "used_weight": 0.4342640909090909,
      "unload_obs": 1,
      "hs_cond": 1,
      "p_cond": 1,
      "sub_cond": 1
    }
  ],
  "weight": [
    {
      "iteration": 292,
      "time": "44.5737829208374",
      "n_placed": 292,
      "n_discard": 170,
      "p_mean_weight": 32.82544520547945,
      "d_mean_weight": 26.56629411764706,
      "p_median_weight": 25.0,
      "d_median_weight": 20.0,
      "p_std_weight": 24.432926775105646,
      "d_std_weight": 19.11594188404449,
      "p_total_weight": 9585.029999999999,
      "d_total_weight": 4516.27,
      "p_mean_taxability": 68.47933356164384,
      "d_mean_taxability": 67.454145,
      "p_total_taxability": 19995.9654,
      "d_total_taxability": 11467.20465,
      "p_mean_volume": 0.2043639383561644,
      "d_mean_volume": 0.20256500000000005,
      "p_median_volume": 0.17325000000000002,
      "d_median_volume": 0.17544500000000002,
      "p_std_volume": 0.15626584929618292,
      "d_std_volume": 0.13418390577683537,
      "p_total_volume": 59.67427000000001,
      "d_total_volume": 34.43605000000001,
      "d_max_priority": 0,
      "used_volume": 0.7309977460371905,
      "used_weight": 0.4356831818181818,
      "unload_obs": 1,
      "hs_cond": 1,
      "p_cond": 1,
      "sub_cond": 1
    },
    {
      "iteration": 230,
      "time": "99.57247233390808",
      "n_placed": 294,
      "n_discard": 168,
      "p_mean_weight": 32.59357142857142,
      "d_mean_weight": 26.89755952380952,
      "p_median_weight": 25.0,
      "d_median_weight": 20.0,
      "p_std_weight": 24.4668622556063,
      "d_std_weight": 19.083253858835164,
      "p_total_weight": 9582.509999999998,
      "d_total_weight": 4518.789999999999,
      "p_mean_taxability": 67.91064285714286,
      "d_mean_taxability": 68.43714910714286,
      "p_total_taxability": 19965.729,
      "d_total_taxability": 11497.441050000001,
      "p_mean_volume": 0.20266486394557826,
      "d_mean_volume": 0.2055169642857143,
      "p_median_volume": 0.16582000000000002,
      "d_median_volume": 0.17908000000000002,
      "p_std_volume": 0.15652031847890902,
      "d_std_volume": 0.13336317616866783,
      "p_total_volume": 59.583470000000005,
      "d_total_volume": 34.52685,
      "d_max_priority": 0,
      "used_volume": 0.7298854643898376,
      "used_weight": 0.4355686363636363,
      "unload_obs": 2,
      "hs_cond": 1,
      "p_cond": 1,
      "sub_cond": 1
    },
    {
      "iteration": 184,
      "time": "99.83209013938904",
      "n_placed": 291,
      "n_discard": 171,
      "p_mean_weight": 32.91024054982818,
      "d_mean_weight": 26.45859649122807,
      "p_median_weight": 22.0,
      "d_median_weight": 22.5,
      "p_std_weight": 25.232355889512966,
      "d_std_weight": 17.246466281387804,
      "p_total_weight": 9576.880000000001,
      "d_total_weight": 4524.42,
      "p_mean_taxability": 68.1615344329897,
      "d_mean_taxability": 68.00095631578948,
      "p_total_taxability": 19835.006520000003,
      "d_total_taxability": 11628.163530000002,
      "p_mean_volume": 0.20340518900343646,
      "d_mean_volume": 0.20420707602339186,
      "p_median_volume": 0.156,
      "d_median_volume": 0.18,
      "p_std_volume": 0.16016009850991458,
      "d_std_volume": 0.1262641165768386,
      "p_total_volume": 59.19091000000001,
      "d_total_volume": 34.919410000000006,
      "d_max_priority": 0,
      "used_volume": 0.7250766837347185,
      "used_weight": 0.4353127272727273,
      "unload_obs": 1,
      "hs_cond": 1,
      "p_cond": 1,
      "sub_cond": 1
    }
  ],
  "taxability": [
    {
      "iteration": 292,
      "time": "44.5737829208374",
      "n_placed": 292,
      "n_discard": 170,
      "p_mean_weight": 32.82544520547945,
      "d_mean_weight": 26.56629411764706,
      "p_median_weight": 25.0,
      "d_median_weight": 20.0,
      "p_std_weight": 24.432926775105646,
      "d_std_weight": 19.11594188404449,
      "p_total_weight": 9585.029999999999,
      "d_total_weight": 4516.27,
      "p_mean_taxability": 68.47933356164384,
      "d_mean_taxability": 67.454145,
      "p_total_taxability": 19995.9654,
      "d_total_taxability": 11467.20465,
      "p_mean_volume": 0.2043639383561644,
      "d_mean_volume": 0.20256500000000005,
      "p_median_volume": 0.17325000000000002,
      "d_median_volume": 0.17544500000000002,
      "p_std_volume": 0.15626584929618292,
      "d_std_volume": 0.13418390577683537,
      "p_total_volume": 59.67427000000001,
      "d_total_volume": 34.43605000000001,
      "d_max_priority": 0,
      "used_volume": 0.7309977460371905,
      "used_weight": 0.4356831818181818,
      "unload_obs": 1,
      "hs_cond": 1,
      "p_cond": 1,
      "sub_cond": 1
    },
    {
      "iteration": 230,