{
  "volume": [
    {
      "iteration": 34,
      "time": "84.99893498420715",
      "n_placed": 310,
      "n_discard": 209,
      "p_mean_weight": 28.196096774193553,
      "d_mean_weight": 20.383157894736843,
      "p_median_weight": 19.9,
      "d_median_weight": 10.56,
      "p_std_weight": 22.10118260224527,
      "d_std_weight": 19.38769873128685,
      "p_total_weight": 8740.79,
      "d_total_weight": 4260.08,
      "p_mean_taxability": 60.35314325806453,
      "d_mean_taxability": 48.5196614354067,
      "p_total_taxability": 18709.474410000003,
      "d_total_taxability": 10140.60924,
      "p_mean_volume": 0.17985035483870968,
      "d_mean_volume": 0.14570468899521533,
      "p_median_volume": 0.11528500000000001,
      "d_median_volume": 0.07779000000000001,
      "p_std_volume": 0.14209379582233894,
      "d_std_volume": 0.13105581820949985,
      "p_total_volume": 55.75361,
      "d_total_volume": 30.452280000000002,
      "d_max_priority": 0,
      "used_volume": 0.6829704534875175,
      "used_weight": 0.3973086363636364,
      "unload_obs": 2,
      "hs_cond": 1,
      "p_cond": 1,
      "sub_cond": 1
    },
    {
      "iteration": 117,
      "time": "83.15529346466064",
      "n_placed": 319,
      "n_discard": 200,
      "p_mean_weight": 26.97448275862069,
      "d_mean_weight": 21.980050000000002,
      "p_median_weight": 18.42,
      "d_median_weight": 10.125,
      "p_std_weight": 21.026471716875154,
      "d_std_weight": 21.627334172629155,
      "p_total_weight": 8604.86,
      "d_total_weight": 4396.01,
      "p_mean_taxability": 58.504141410658306,
      "d_mean_taxability": 50.93631270000001,
      "p_total_taxability": 18662.82111,
      "d_total_taxability": 10187.262540000002,
      "p_mean_volume": 0.17433702194357367,
      "d_mean_volume": 0.15296190000000004,
      "p_median_volume": 0.11456000000000001,
      "d_median_volume": 0.07662000000000001,
      "p_std_volume": 0.13788937621122557,
      "d_std_volume": 0.13917448583677128,
      "p_total_volume": 55.613510000000005,
      "d_total_volume": 30.592380000000006,
      "d_max_priority": 0,
      "used_volume": 0.6812542568047628,
      "used_weight": 0.39113000000000003,
      "unload_obs": 1,
      "hs_cond": 1,
      "p_cond": 1,
      "sub_cond": 1
    },
    {
      "iteration": 176,
      "time": "38.33083152770996",
      "n_placed": 305,
      "n_discard": 214,
      "p_mean_weight": 28.17583606557377,
      "d_mean_weight": 20.594579439252335,
      "p_median_weight": 19.56,
      "d_median_weight": 11.105,
      "p_std_weight": 22.238334183919186,
      "d_std_weight": 19.279185656753153,
      "p_total_weight": 8593.63,
      "d_total_weight": 4407.24,
      "p_mean_taxability": 59.91257154098361,
      "d_mean_taxability": 49.42406228971963,
      "p_total_taxability": 18273.33432,
      "d_total_taxability": 10576.74933,
      "p_mean_volume": 0.17850452459016394,
      "d_mean_volume": 0.14842060747663552,
      "p_median_volume": 0.11086000000000001,
      "d_median_volume": 0.07869000000000001,
      "p_std_volume": 0.14257306712787735,
      "d_std_volume": 0.13115125870251362,
      "p_total_volume": 54.44388,
      "d_total_volume": 31.762010000000004,
      "d_max_priority": 0,
      "used_volume": 0.6669265257123257,
      "used_weight": 0.3906195454545454,
      "unload_obs": 4,
      "hs_cond": 1,
      "p_cond": 1,
      "sub_cond": 1
    }
  ],
  "weight": [
    {
      "iteration": 34,
      "time": "84.99893498420715",
      "n_placed": 310,
      "n_discard": 209,
      "p_mean_weight": 28.196096774193553,
      "d_mean_weight": 20.383157894736843,
      "p_median_weight": 19.9,
      "d_median_weight": 10.56,
      "p_std_weight": 22.10118260224527,
      "d_std_weight": 19.38769873128685,
      "p_total_weight": 8740.79,
      "d_total_weight": 4260.08,
      "p_mean_taxability": 60.35314325806453,
      "d_mean_taxability": 48.5196614354067,
      "p_total_taxability": 18709.474410000003,
      "d_total_taxability": 10140.60924,
      "p_mean_volume": 0.17985035483870968,
      "d_mean_volume": 0.14570468899521533,
      "p_median_volume": 0.11528500000000001,
      "d_median_volume": 0.07779000000000001,
      "p_std_volume": 0.14209379582233894,
      "d_std_volume": 0.13105581820949985,
      "p_total_volume": 55.75361,
      "d_total_volume": 30.452280000000002,
      "d_max_priority": 0,
      "used_volume": 0.6829704534875175,
      "used_weight": 0.3973086363636364,
      "unload_obs": 2,
      "hs_cond": 1,
      "p_cond": 1,
      "sub_cond": 1
    },
    {
      "iteration": 117,
      "time": "83.15529346466064",
      "n_placed": 319,
      "n_discard": 200,
      "p_mean_weight": 26.97448275862069,
      "d_mean_weight": 21.980050000000002,
      "p_median_weight": 18.42,
      "d_median_weight": 10.125,
      "p_std_weight": 21.026471716875154,
      "d_std_weight": 21.627334172629155,
      "p_total_weight": 8604.86,
      "d_total_weight": 4396.01,
      "p_mean_taxability": 58.504141410658306,
      "d_mean_taxability": 50.93631270000001,
      "p_total_taxability": 18662.82111,
      "d_total_taxability": 10187.262540000002,
      "p_mean_volume": 0.17433702194357367,
      "d_mean_volume": 0.15296190000000004,
      "p_median_volume": 0.11456000000000001,
      "d_median_volume": 0.07662000000000001,
      "p_std_volume": 0.13788937621122557,
      "d_std_volume": 0.13917448583677128,
      "p_total_volume": 55.613510000000005,
      "d_total_volume": 30.592380000000006,
      "d_max_priority": 0,
      "used_volume": 0.6812542568047628,
      "used_weight": 0.39113000000000003,
      "unload_obs": 1,
      "hs_cond": 1,
      "p_cond": 1,
      "sub_cond": 1
    },
    {
      "iteration": 176,
      "time": "38.33083152770996",
      "n_placed": 305,
      "n_discard": 214,
      "p_mean_weight": 28.17583606557377,
      "d_mean_weight": 20.594579439252335,
      "p_median_weight": 19.56,
      "d_median_weight": 11.105,
      "p_std_weight": 22.238334183919186,
      "d_std_weight": 19.279185656753153,
      "p_total_weight": 8593.63,
      "d_total_weight": 4407.24,
      "p_mean_taxability": 59.91257154098361,
      "d_mean_taxability": 49.42406228971963,
      "p_total_taxability": 18273.33432,
      "d_total_taxability": 10576.74933,
      "p_mean_volume": 0.17850452459016394,
      "d_mean_volume": 0.14842060747663552,
      "p_median_volume": 0.11086000000000001,
      "d_median_volume": 0.07869000000000001,
      "p_std_volume": 0.14257306712787735,
      "d_std_volume": 0.13115125870251362,
      "p_total_volume": 54.44388,
      "d_total_volume": 31.762010000000004,
      "d_max_priority": 0,
      "used_volume": 0.6669265257123257,
      "used_weight": 0.3906195454545454,
      "unload_obs": 4,
      "hs_cond": 1,
      "p_cond": 1,
      "sub_cond": 1
    }
  ],
  "taxability": [
    {
      "iteration": 34,
      "time": "84.99893498420715",
      "n_placed": 310,
      "n_discard": 209,
      "p_mean_weight": 28.196096774193553,
      "d_mean_weight": 20.383157894736843,
      "p_median_weight": 19.9,
      "d_median_weight": 10.56,
      "p_std_weight": 22.10118260224527,
      "d_std_weight": 19.38769873128685,
      "p_total_weight": 8740.79,
      "d_total_weight": 4260.08,
      "p_mean_taxability": 60.35314325806453,
      "d_mean_taxability": 48.5196614354067,
      "p_total_taxability": 18709.474410000003,
      "d_total_taxability": 10140.60924,
      "p_mean_volume": 0.17985035483870968,
      "d_mean_volume": 0.14570468899521533,
      "p_median_volume": 0.11528500000000001,
      "d_median_volume": 0.07779000000000001,
      "p_std_volume": 0.14209379582233894,
      "d_std_volume": 0.13105581820949985,
      "p_total_volume": 55.75361,
      "d_total_volume": 30.452280000000002,
      "d_max_priority": 0,
      "used_volume": 0.6829704534875175,
      "used_weight": 0.3973086363636364,
      "unload_obs": 2,
      "hs_cond": 1,
      "p_cond": 1,