{
  "volume": [
    {
      "iteration": 67,
      "time": "23.91636061668396",
      "n_placed": 236,
      "n_discard": 123,
      "p_mean_weight": 42.04398305084745,
      "d_mean_weight": 33.58943089430894,
      "p_median_weight": 38.150000000000006,
      "d_median_weight": 32.7,
      "p_std_weight": 26.06685256779577,
      "d_std_weight": 18.319929186849194,
      "p_total_weight": 9922.38,
      "d_total_weight": 4131.5,
      "p_mean_taxability": 88.63283033898304,
      "d_mean_taxability": 86.94944048780489,
      "p_total_taxability": 20917.34796,
      "d_total_taxability": 10694.781180000002,
      "p_mean_volume": 0.26485415254237293,
      "d_mean_volume": 0.261109430894309,
      "p_median_volume": 0.263965,
      "d_median_volume": 0.27824000000000004,
      "p_std_volume": 0.18332095285208921,
      "d_std_volume": 0.13154480388826212,
      "p_total_volume": 62.50558000000001,
      "d_total_volume": 32.116460000000004,
      "d_max_priority": 0,
      "used_volume": 0.7656807212680992,
      "used_weight": 0.4510172727272727,
      "unload_obs": 0,
      "hs_cond": 1,
      "p_cond": 1,
      "sub_cond": 1
    },
    {
      "iteration": 184,
      "time": "51.74632239341736",
      "n_placed": 237,
      "n_discard": 122,
      "p_mean_weight": 41.91244725738397,
      "d_mean_weight": 33.77565573770491,
      "p_median_weight": 37.6,
      "d_median_weight": 32.85,
      "p_std_weight": 26.086609379158652,
      "d_std_weight": 18.288387138069584,
      "p_total_weight": 9933.25,
      "d_total_weight": 4120.629999999999,
      "p_mean_taxability": 88.2385911392405,
      "d_mean_taxability": 87.70150032786886,
      "p_total_taxability": 20912.5461,
      "d_total_taxability": 10699.583040000001,
      "p_mean_volume": 0.26367578059071733,
      "d_mean_volume": 0.263367868852459,
      "p_median_volume": 0.25795,
      "d_median_volume": 0.27824000000000004,
      "p_std_volume": 0.18346987873574122,
      "d_std_volume": 0.13066013460092973,
      "p_total_volume": 62.49116000000001,
      "d_total_volume": 32.13088,
      "d_max_priority": 0,
      "used_volume": 0.7655040791826936,
      "used_weight": 0.4515113636363636,
      "unload_obs": 1,
      "hs_cond": 1,
      "p_cond": 1,
      "sub_cond": 1
    },
    {
      "iteration": 224,
      "time": "50.22647833824158",
      "n_placed": 237,
      "n_discard": 122,
      "p_mean_weight": 41.851392405063294,
      "d_mean_weight": 33.894262295081965,
      "p_median_weight": 37.6,
      "d_median_weight": 32.85,
      "p_std_weight": 26.159531046607405,
      "d_std_weight": 18.137223944873718,
      "p_total_weight": 9918.78,
      "d_total_weight": 4135.099999999999,
      "p_mean_taxability": 88.20175037974683,
      "d_mean_taxability": 87.7730680327869,
      "p_total_taxability": 20903.81484,
      "d_total_taxability": 10708.314300000002,
      "p_mean_volume": 0.26356514767932493,
      "d_mean_volume": 0.2635827868852459,
      "p_median_volume": 0.26598,
      "d_median_volume": 0.27824000000000004,
      "p_std_volume": 0.1837955824486171,
      "d_std_volume": 0.1297645012407158,
      "p_total_volume": 62.46494000000001,
      "d_total_volume": 32.1571,
      "d_max_priority": 0,
      "used_volume": 0.7651828894823237,
      "used_weight": 0.4508536363636364,
      "unload_obs": 2,
      "hs_cond": 1,
      "p_cond": 1,
      "sub_cond": 1
    }
  ],
  "weight": [
    {
      "iteration": 184,
      "time": "51.74632239341736",
      "n_placed": 237,
      "n_discard": 122,
      "p_mean_weight": 41.91244725738397,
      "d_mean_weight": 33.77565573770491,
      "p_median_weight": 37.6,
      "d_median_weight": 32.85,
      "p_std_weight": 26.086609379158652,
      "d_std_weight": 18.288387138069584,
      "p_total_weight": 9933.25,
      "d_total_weight": 4120.629999999999,
      "p_mean_taxability": 88.2385911392405,
      "d_mean_taxability": 87.70150032786886,
      "p_total_taxability": 20912.5461,
      "d_total_taxability": 10699.583040000001,
      "p_mean_volume": 0.26367578059071733,
      "d_mean_volume": 0.263367868852459,
      "p_median_volume": 0.25795,
      "d_median_volume": 0.27824000000000004,
      "p_std_volume": 0.18346987873574122,
      "d_std_volume": 0.13066013460092973,
      "p_total_volume": 62.49116000000001,
      "d_total_volume": 32.13088,
      "d_max_priority": 0,
      "used_volume": 0.7655040791826936,
      "used_weight": 0.4515113636363636,
      "unload_obs": 1,
      "hs_cond": 1,
      "p_cond": 1,
      "sub_cond": 1
    },
    {
      "iteration": 67,
      "time": "23.91636061668396",
      "n_placed": 236,
      "n_discard": 123,
      "p_mean_weight": 42.04398305084745,
      "d_mean_weight": 33.58943089430894,
      "p_median_weight": 38.150000000000006,
      "d_median_weight": 32.7,
      "p_std_weight": 26.06685256779577,
      "d_std_weight": 18.319929186849194,
      "p_total_weight": 9922.38,
      "d_total_weight": 4131.5,
      "p_mean_taxability": 88.63283033898304,
      "d_mean_taxability": 86.94944048780489,
      "p_total_taxability": 20917.34796,
      "d_total_taxability": 10694.781180000002,
      "p_mean_volume": 0.26485415254237293,
      "d_mean_volume": 0.261109430894309,
      "p_median_volume": 0.263965,
      "d_median_volume": 0.27824000000000004,
      "p_std_volume": 0.18332095285208921,
      "d_std_volume": 0.13154480388826212,
      "p_total_volume": 62.50558000000001,
      "d_total_volume": 32.116460000000004,
      "d_max_priority": 0,
      "used_volume": 0.7656807212680992,
      "used_weight": 0.4510172727272727,
      "unload_obs": 0,
      "hs_cond": 1,
      "p_cond": 1,
      "sub_cond": 1
    },
    {
      "iteration": 83,
      "time": "51.34135580062866",
      "n_placed": 236,
      "n_discard": 123,
      "p_mean_weight": 42.04237288135593,
      "d_mean_weight": 33.592520325203246,
      "p_median_weight": 38.150000000000006,
      "d_median_weight": 32.7,
      "p_std_weight": 26.066541778742362,
      "d_std_weight": 18.322217883926033,
      "p_total_weight": 9922.0,
      "d_total_weight": 4131.879999999999,
      "p_mean_taxability": 88.5366836440678,
      "d_mean_taxability": 87.13391707317074,
      "p_total_taxability": 20894.657339999998,
      "d_total_taxability": 10717.471800000001,
      "p_mean_volume": 0.2645654237288136,
      "d_mean_volume": 0.2616634146341464,
      "p_median_volume": 0.26605,
      "d_median_volume": 0.27824000000000004,
      "p_std_volume": 0.18343692089047162,
      "d_std_volume": 0.1312471753252909,
      "p_total_volume": 62.43744,
      "d_total_volume": 32.1846,
      "d_max_priority": 0,
      "used_volume": 0.7648460200406694,
      "used_weight": 0.451,
      "unload_obs": 0,
      "hs_cond": 1,
      "p_cond": 1,
      "sub_cond": 1
    }
  ],
  "taxability": [
    {
      "iteration": 67,
      "time": "23.91636061668396",
      "n_placed": 236,
      "n_discard": 123,
      "p_mean_weight": 42.04398305084745,
      "d_mean_weight": 33.58943089430894,
      "p_median_weight": 38.150000000000006,
      "d_median_weight": 32.7,
      "p_std_weight": 26.06685256779577,
      "d_std_weight": 18.319929186849194,
      "p_total_weight": 9922.38,
      "d_total_weight": 4131.5,
      "p_mean_taxability": 88.63283033898304,
      "d_mean_taxability": 86.94944048780489,
      "p_total_taxability": 20917.34796,
      "d_total_taxability": 10694.781180000002,
      "p_mean_volume": 0.26485415254237293,
      "d_mean_volume": 0.261109430894309,
      "p_median_volume": 0.263965,
      "d_median_volume": 0.27824000000000004,
      "p_std_volume": 0.18332095285208921,
      "d_std_volume": 0.13154480388826212,
      "p_total_volume": 62.50558000000001,
      "d_total_volume": 32.116460000000004,
      "d_max_priority": 0,
      "used_volume": 0.7656807212680992,
      "used_weight": 0.4510172727272727,
      "unload_obs": 0,
      "hs_cond": 1,
      "p_cond": 1,
      "sub_cond": 1
    },
    {
      "iteration": 184,