{
  "volume": [
    {
      "iteration": 121,
      "time": "189.09523129463196",
      "n_placed": 319,
      "n_discard": 204,
      "p_mean_weight": 31.56078369905956,
      "d_mean_weight": 16.76044117647059,
      "p_median_weight": 22.15,
      "d_median_weight": 11.2,
      "p_std_weight": 26.601967150985722,
      "d_std_weight": 13.247537006938964,
      "p_total_weight": 10067.89,
      "d_total_weight": 3419.13,
      "p_mean_taxability": 68.95077184952979,
      "d_mean_taxability": 43.06832647058824,
      "p_total_taxability": 21995.296220000004,
      "d_total_taxability": 8785.938600000001,
      "p_mean_volume": 0.20610673981191224,
      "d_mean_volume": 0.1293343137254902,
      "p_median_volume": 0.14283,
      "d_median_volume": 0.07953,
      "p_std_volume": 0.20277200465325276,
      "d_std_volume": 0.10507424521689933,
      "p_total_volume": 65.74805,
      "d_total_volume": 26.3842,
      "d_max_priority": 0,
      "used_volume": 0.805400323394664,
      "used_weight": 0.4576313636363636,
      "unload_obs": 2,
      "hs_cond": 1,
      "p_cond": 1,
      "sub_cond": 1
    },
    {
      "iteration": 129,
      "time": "186.13234615325928",
      "n_placed": 345,
      "n_discard": 178,
      "p_mean_weight": 29.568608695652173,
      "d_mean_weight": 18.459831460674156,
      "p_median_weight": 19.35,
      "d_median_weight": 11.925,
      "p_std_weight": 26.23038492678829,
      "d_std_weight": 14.408468220758554,
      "p_total_weight": 10201.17,
      "d_total_weight": 3285.85,
      "p_mean_taxability": 63.72894214492754,
      "d_mean_taxability": 49.40870662921348,
      "p_total_taxability": 21986.48504,
      "d_total_taxability": 8794.74978,
      "p_mean_volume": 0.19049736231884057,
      "d_mean_volume": 0.14837449438202246,
      "p_median_volume": 0.10599000000000001,
      "d_median_volume": 0.08597,
      "p_std_volume": 0.1975012880094865,
      "d_std_volume": 0.11700112155540704,
      "p_total_volume": 65.72158999999999,
      "d_total_volume": 26.41066,
      "d_max_priority": 0,
      "used_volume": 0.8050761937428031,
      "used_weight": 0.46368954545454544,
      "unload_obs": 2,
      "hs_cond": 1,
      "p_cond": 1,
      "sub_cond": 1
    },
    {
      "iteration": 34,
      "time": "133.4637634754181",
      "n_placed": 355,
      "n_discard": 168,
      "p_mean_weight": 28.6503661971831,
      "d_mean_weight": 19.738928571428573,
      "p_median_weight": 17.2,
      "d_median_weight": 12.0,
      "p_std_weight": 26.008631490572764,
      "d_std_weight": 15.360054657607433,
      "p_total_weight": 10170.880000000001,
      "d_total_weight": 3316.1400000000003,
      "p_mean_taxability": 61.709806450704235,
      "d_mean_taxability": 52.82293767857144,
      "p_total_taxability": 21906.981290000003,
      "d_total_taxability": 8874.253530000002,
      "p_mean_volume": 0.18445870422535215,
      "d_mean_volume": 0.15862744047619048,
      "p_median_volume": 0.10323,
      "d_median_volume": 0.10149,
      "p_std_volume": 0.19492359435038753,
      "d_std_volume": 0.12292033635090327,
      "p_total_volume": 65.48284000000001,
      "d_total_volume": 26.64941,
      "d_max_priority": 0,
      "used_volume": 0.8021515544993508,
      "used_weight": 0.4623127272727273,
      "unload_obs": 1,
      "hs_cond": 1,
      "p_cond": 1,
      "sub_cond": 1
    }
  ],
  "weight": [
    {
      "iteration": 129,
      "time": "186.13234615325928",
      "n_placed": 345,
      "n_discard": 178,
      "p_mean_weight": 29.568608695652173,
      "d_mean_weight": 18.459831460674156,
      "p_median_weight": 19.35,
      "d_median_weight": 11.925,
      "p_std_weight": 26.23038492678829,
      "d_std_weight": 14.408468220758554,
      "p_total_weight": 10201.17,
      "d_total_weight": 3285.85,
      "p_mean_taxability": 63.72894214492754,
      "d_mean_taxability": 49.40870662921348,
      "p_total_taxability": 21986.48504,
      "d_total_taxability": 8794.74978,
      "p_mean_volume": 0.19049736231884057,
      "d_mean_volume": 0.14837449438202246,
      "p_median_volume": 0.10599000000000001,
      "d_median_volume": 0.08597,
      "p_std_volume": 0.1975012880094865,
      "d_std_volume": 0.11700112155540704,
      "p_total_volume": 65.72158999999999,
      "d_total_volume": 26.41066,
      "d_max_priority": 0,
      "used_volume": 0.8050761937428031,
      "used_weight": 0.46368954545454544,
      "unload_obs": 2,
      "hs_cond": 1,
      "p_cond": 1,
      "sub_cond": 1
    },
    {
      "iteration": 34,
      "time": "133.4637634754181",
      "n_placed": 355,
      "n_discard": 168,
      "p_mean_weight": 28.6503661971831,
      "d_mean_weight": 19.738928571428573,
      "p_median_weight": 17.2,
      "d_median_weight": 12.0,
      "p_std_weight": 26.008631490572764,
      "d_std_weight": 15.360054657607433,
      "p_total_weight": 10170.880000000001,
      "d_total_weight": 3316.1400000000003,
      "p_mean_taxability": 61.709806450704235,
      "d_mean_taxability": 52.82293767857144,
      "p_total_taxability": 21906.981290000003,
      "d_total_taxability": 8874.253530000002,
      "p_mean_volume": 0.18445870422535215,
      "d_mean_volume": 0.15862744047619048,
      "p_median_volume": 0.10323,
      "d_median_volume": 0.10149,
      "p_std_volume": 0.19492359435038753,
      "d_std_volume": 0.12292033635090327,
      "p_total_volume": 65.48284000000001,
      "d_total_volume": 26.64941,
      "d_max_priority": 0,
      "used_volume": 0.8021515544993508,
      "used_weight": 0.4623127272727273,
      "unload_obs": 1,
      "hs_cond": 1,
      "p_cond": 1,
      "sub_cond": 1
    },
    {
      "iteration": 192,
      "time": "89.25252604484558",
      "n_placed": 354,
      "n_discard": 169,
      "p_mean_weight": 28.693954802259885,
      "d_mean_weight": 19.7003550295858,
      "p_median_weight": 17.2,
      "d_median_weight": 12.0,
      "p_std_weight": 26.061780014349846,
      "d_std_weight": 15.217379901404838,
      "p_total_weight": 10157.66,
      "d_total_weight": 3329.36,
      "p_mean_taxability": 61.86850327683616,
      "d_mean_taxability": 52.543104497041426,
      "p_total_taxability": 21901.45016,
      "d_total_taxability": 8879.784660000001,
      "p_mean_volume": 0.1849328531073446,
      "d_mean_volume": 0.157787100591716,
      "p_median_volume": 0.102065,
      "d_median_volume": 0.10208,
      "p_std_volume": 0.19523693488962204,
      "d_std_volume": 0.122229000900712,
      "p_total_volume": 65.46623,
      "d_total_volume": 26.666020000000003,
      "d_max_priority": 0,
      "used_volume": 0.8019480853565916,
      "used_weight": 0.46171181818181817,
      "unload_obs": 2,
      "hs_cond": 1,
      "p_cond": 1,
      "sub_cond": 1
    }
  ],
  "taxability": [
    {
      "iteration": 121,
      "time": "189.09523129463196",
      "n_placed": 319,
      "n_discard": 204,
      "p_mean_weight": 31.56078369905956,
      "d_mean_weight": 16.76044117647059,
      "p_median_weight": 22.15,
      "d_median_weight": 11.2,
      "p_std_weight": 26.601967150985722,
      "d_std_weight": 13.247537006938964,
      "p_total_weight": 10067.89,
      "d_total_weight": 3419.13,
      "p_mean_taxability": 68.95077184952979,
      "d_mean_taxability": 43.06832647058824,
      "p_total_taxability": 21995.296220000004,
      "d_total_taxability": 8785.938600000001,
      "p_mean_volume": 0.20610673981191224,
      "d_mean_volume": 0.1293343137254902,
      "p_median_volume": 0.14283,
      "d_median_volume": 0.07953,
      "p_std_volume": 0.20277200465325276,
      "d_std_volume": 0.10507424521689933,
      "p_total_volume": 65.74805,
      "d_total_volume": 26.3842,
      "d_max_priority": 0,
      "used_volume": 0.805400323394664,
      "used_weight": 0.4576313636363636,
      "unload_obs": 2,
      "hs_cond": 1,
      "p_cond": 1,
      "sub_cond": 1
    },
    {
      "iteration": 129,
      "time": "186.13234615325928",
      "n_placed": 345,
      "n_discard": 178,