{
  "volume": [
    {
      "iteration": 112,
      "time": "297.3112199306488",
      "n_placed": 326,
      "n_discard": 277,
      "p_mean_weight": 28.374386503067488,
      "d_mean_weight": 17.757725631768952,
      "p_median_weight": 19.805,
      "d_median_weight": 10.0,
      "p_std_weight": 25.104499629000046,
      "d_std_weight": 16.213257286476793,
      "p_total_weight": 9250.050000000001,
      "d_total_weight": 4918.889999999999,
      "p_mean_taxability": 59.426736349693265,
      "d_mean_taxability": 43.603044043321304,
      "p_total_taxability": 19373.116050000004,
      "d_total_taxability": 12078.043200000002,
      "p_mean_volume": 0.17722325153374235,
      "d_mean_volume": 0.13094007220216608,
      "p_median_volume": 0.096545,
      "d_median_volume": 0.07662000000000001,
      "p_std_volume": 0.201510784931102,
      "d_std_volume": 0.11209831503986747,
      "p_total_volume": 57.77478000000001,
      "d_total_volume": 36.2704,
      "d_max_priority": 1,
      "used_volume": 0.7077293774652719,
      "used_weight": 0.42045681818181824,
      "unload_obs": 0,
      "hs_cond": 1,
      "p_cond": 0,
      "sub_cond": 0
    },
    {
      "iteration": 37,
      "time": "297.91732239723206",
      "n_placed": 324,
      "n_discard": 279,
      "p_mean_weight": 28.422469135802473,
      "d_mean_weight": 17.77799283154122,
      "p_median_weight": 20.0,
      "d_median_weight": 10.0,
      "p_std_weight": 25.168930157590776,
      "d_std_weight": 16.166850695927415,
      "p_total_weight": 9208.880000000001,
      "d_total_weight": 4960.06,
      "p_mean_taxability": 59.77850083333334,
      "d_mean_taxability": 43.307974838709676,
      "p_total_taxability": 19368.23427,
      "d_total_taxability": 12082.92498,
      "p_mean_volume": 0.178271975308642,
      "d_mean_volume": 0.13005397849462366,
      "p_median_volume": 0.09404500000000002,
      "d_median_volume": 0.07819000000000001,
      "p_std_volume": 0.2018017915563265,
      "d_std_volume": 0.11194462806593125,
      "p_total_volume": 57.76012000000001,
      "d_total_volume": 36.28506,
      "d_max_priority": 1,
      "used_volume": 0.7075497954283755,
      "used_weight": 0.4185854545454546,
      "unload_obs": 0,
      "hs_cond": 1,
      "p_cond": 0,
      "sub_cond": 0
    },
    {
      "iteration": 264,
      "time": "291.3443615436554",
      "n_placed": 327,
      "n_discard": 276,
      "p_mean_weight": 28.220886850152908,
      "d_mean_weight": 17.901123188405798,
      "p_median_weight": 20.0,
      "d_median_weight": 10.04,
      "p_std_weight": 25.14002976232025,
      "d_std_weight": 16.212176226731177,
      "p_total_weight": 9228.230000000001,
      "d_total_weight": 4940.71,
      "p_mean_taxability": 59.22264027522936,
      "d_mean_taxability": 43.78752130434782,
      "p_total_taxability": 19365.80337,
      "d_total_taxability": 12085.35588,
      "p_mean_volume": 0.176614128440367,
      "d_mean_volume": 0.1314940579710145,
      "p_median_volume": 0.09384,
      "d_median_volume": 0.0795,
      "p_std_volume": 0.201467632026527,
      "d_std_volume": 0.11199637726373236,
      "p_total_volume": 57.75282000000001,
      "d_total_volume": 36.29236,
      "d_max_priority": 1,
      "used_volume": 0.7074603719038637,
      "used_weight": 0.4194650000000001,
      "unload_obs": 0,
      "hs_cond": 1,
      "p_cond": 0,
      "sub_cond": 0
    }
  ],
  "weight": [
    {
      "iteration": 112,
      "time": "297.3112199306488",
      "n_placed": 326,
      "n_discard": 277,
      "p_mean_weight": 28.374386503067488,
      "d_mean_weight": 17.757725631768952,
      "p_median_weight": 19.805,
      "d_median_weight": 10.0,
      "p_std_weight": 25.104499629000046,
      "d_std_weight": 16.213257286476793,
      "p_total_weight": 9250.050000000001,
      "d_total_weight": 4918.889999999999,
      "p_mean_taxability": 59.426736349693265,
      "d_mean_taxability": 43.603044043321304,
      "p_total_taxability": 19373.116050000004,
      "d_total_taxability": 12078.043200000002,
      "p_mean_volume": 0.17722325153374235,
      "d_mean_volume": 0.13094007220216608,
      "p_median_volume": 0.096545,
      "d_median_volume": 0.07662000000000001,
      "p_std_volume": 0.201510784931102,
      "d_std_volume": 0.11209831503986747,
      "p_total_volume": 57.77478000000001,
      "d_total_volume": 36.2704,
      "d_max_priority": 1,
      "used_volume": 0.7077293774652719,
      "used_weight": 0.42045681818181824,
      "unload_obs": 0,
      "hs_cond": 1,
      "p_cond": 0,
      "sub_cond": 0
    },
    {
      "iteration": 264,
      "time": "291.3443615436554",
      "n_placed": 327,
      "n_discard": 276,
      "p_mean_weight": 28.220886850152908,
      "d_mean_weight": 17.901123188405798,
      "p_median_weight": 20.0,
      "d_median_weight": 10.04,
      "p_std_weight": 25.14002976232025,
      "d_std_weight": 16.212176226731177,
      "p_total_weight": 9228.230000000001,
      "d_total_weight": 4940.71,
      "p_mean_taxability": 59.22264027522936,
      "d_mean_taxability": 43.78752130434782,
      "p_total_taxability": 19365.80337,
      "d_total_taxability": 12085.35588,
      "p_mean_volume": 0.176614128440367,
      "d_mean_volume": 0.1314940579710145,
      "p_median_volume": 0.09384,
      "d_median_volume": 0.0795,
      "p_std_volume": 0.201467632026527,
      "d_std_volume": 0.11199637726373236,
      "p_total_volume": 57.75282000000001,
      "d_total_volume": 36.29236,
      "d_max_priority": 1,
      "used_volume": 0.7074603719038637,
      "used_weight": 0.4194650000000001,
      "unload_obs": 0,
      "hs_cond": 1,
      "p_cond": 0,
      "sub_cond": 0
    },
    {
      "iteration": 246,
      "time": "302.9378340244293",
      "n_placed": 318,
      "n_discard": 285,
      "p_mean_weight": 28.984559748427674,
      "d_mean_weight": 17.374912280701757,
      "p_median_weight": 20.05,
      "d_median_weight": 9.73,
      "p_std_weight": 25.118661837735328,
      "d_std_weight": 16.140884197773683,
      "p_total_weight": 9217.09,
      "d_total_weight": 4951.85,
      "p_mean_taxability": 60.71439849056604,
      "d_mean_taxability": 42.610458,
      "p_total_taxability": 19307.17872,
      "d_total_taxability": 12143.98053,
      "p_mean_volume": 0.18105902515723268,
      "d_mean_volume": 0.12795933333333334,
      "p_median_volume": 0.09822,
      "d_median_volume": 0.07644000000000001,
      "p_std_volume": 0.2025815799063262,
      "d_std_volume": 0.11184949062029198,
      "p_total_volume": 57.576769999999996,
      "d_total_volume": 36.46841,
      "d_max_priority": 1,
      "used_volume": 0.7053037949873826,
      "used_weight": 0.4189586363636364,
      "unload_obs": 0,
      "hs_cond": 1,
      "p_cond": 0,
      "sub_cond": 0
    }
  ],
  "taxability": [
    {
      "iteration": 112,
      "time": "297.3112199306488",
      "n_placed": 326,
      "n_discard": 277,
      "p_mean_weight": 28.374386503067488,
      "d_mean_weight": 17.757725631768952,
      "p_median_weight": 19.805,
      "d_median_weight": 10.0,
      "p_std_weight": 25.104499629000046,
      "d_std_weight": 16.213257286476793,
      "p_total_weight": 9250.050000000001,
      "d_total_weight": 4918.889999999999,
      "p_mean_taxability": 59.426736349693265,
      "d_mean_taxability": 43.603044043321304,
      "p_total_taxability": 19373.116050000004,
      "d_total_taxability": 12078.043200000002,
      "p_mean_volume": 0.17722325153374235,
      "d_mean_volume": 0.13094007220216608,
      "p_median_volume": 0.096545,
      "d_median_volume": 0.07662000000000001,
      "p_std_volume": 0.201510784931102,
      "d_std_volume": 0.11209831503986747,
      "p_total_volume": 57.77478000000001,
      "d_total_volume": 36.2704,
      "d_max_priority": 1,
      "used_volume": 0.7077293774652719,
      "used_weight": 0.42045681818181824,
      "unload_obs": 0,
      "hs_cond": 1,
      "p_cond": 0,
      "sub_cond": 0
    },
    {
      "iteration": 37,