{
  "volume": [
    {
      "iteration": 51,
      "time": "292.71364665031433",
      "n_placed": 394,
      "n_discard": 257,
      "p_mean_weight": 26.345812182741117,
      "d_mean_weight": 14.831206225680933,
      "p_median_weight": 18.05,
      "d_median_weight": 9.6,
      "p_std_weight": 22.477761754937006,
      "d_std_weight": 15.019898120658512,
      "p_total_weight": 10380.25,
      "d_total_weight": 3811.62,
      "p_mean_taxability": 56.56347634517767,
      "d_mean_taxability": 36.14369249027238,
      "p_total_taxability": 22286.009680000003,
      "d_total_taxability": 9288.92897,
      "p_mean_volume": 0.16830725888324874,
      "d_mean_volume": 0.10848474708171207,
      "p_median_volume": 0.09848000000000001,
      "d_median_volume": 0.06817000000000001,
      "p_std_volume": 0.16095264147272426,
      "d_std_volume": 0.10355440242196824,
      "p_total_volume": 66.31306000000001,
      "d_total_volume": 27.880580000000002,
      "d_max_priority": 1,
      "used_volume": 0.8123215816939021,
      "used_weight": 0.4718295454545455,
      "unload_obs": 1,
      "hs_cond": 1,
      "p_cond": 0,
      "sub_cond": 0
    },
    {
      "iteration": 87,
      "time": "298.7651798725128",
      "n_placed": 392,
      "n_discard": 259,
      "p_mean_weight": 26.4672193877551,
      "d_mean_weight": 14.736370656370658,
      "p_median_weight": 18.35,
      "d_median_weight": 9.4,
      "p_std_weight": 22.472187019405162,
      "d_std_weight": 14.996441979620627,
      "p_total_weight": 10375.15,
      "d_total_weight": 3816.7200000000003,
      "p_mean_taxability": 56.830666862244904,
      "d_mean_taxability": 35.89697776061776,
      "p_total_taxability": 22277.621410000003,
      "d_total_taxability": 9297.31724,
      "p_mean_volume": 0.1691017091836735,
      "d_mean_volume": 0.10774428571428572,
      "p_median_volume": 0.10012000000000001,
      "d_median_volume": 0.06817000000000001,
      "p_std_volume": 0.16101879004865746,
      "d_std_volume": 0.10339604210151922,
      "p_total_volume": 66.28787000000001,
      "d_total_volume": 27.905770000000004,
      "d_max_priority": 1,
      "used_volume": 0.8120130092853469,
      "used_weight": 0.47159772727272725,
      "unload_obs": 0,
      "hs_cond": 1,
      "p_cond": 0,
      "sub_cond": 0
    },
    {
      "iteration": 39,
      "time": "288.5566096305847",
      "n_placed": 394,
      "n_discard": 257,
      "p_mean_weight": 26.314999999999998,
      "d_mean_weight": 14.878443579766538,
      "p_median_weight": 18.15,
      "d_median_weight": 9.68,
      "p_std_weight": 22.504878444834887,
      "d_std_weight": 14.993771151693071,
      "p_total_weight": 10368.109999999999,
      "d_total_weight": 3823.76,
      "p_mean_taxability": 56.50346873096447,
      "d_mean_taxability": 36.235688599221795,
      "p_total_taxability": 22262.366680000003,
      "d_total_taxability": 9312.57197,
      "p_mean_volume": 0.1681270558375635,
      "d_mean_volume": 0.10876101167315176,
      "p_median_volume": 0.096905,
      "d_median_volume": 0.06909000000000001,
      "p_std_volume": 0.1610825221033856,
      "d_std_volume": 0.10340387234983645,
      "p_total_volume": 66.24206000000001,
      "d_total_volume": 27.951580000000003,
      "d_max_priority": 1,
      "used_volume": 0.8114518460445403,
      "used_weight": 0.4712777272727272,
      "unload_obs": 0,
      "hs_cond": 1,
      "p_cond": 0,
      "sub_cond": 0
    }
  ],
  "weight": [
    {
      "iteration": 260,
      "time": "135.14270544052124",
      "n_placed": 383,
      "n_discard": 268,
      "p_mean_weight": 27.586736292428196,
      "d_mean_weight": 13.530410447761195,
      "p_median_weight": 18.0,
      "d_median_weight": 9.4,
      "p_std_weight": 23.802082953659625,
      "d_std_weight": 10.487755202816166,
      "p_total_weight": 10565.72,
      "d_total_weight": 3626.15,
      "p_mean_taxability": 57.6552249086162,
      "d_mean_taxability": 35.42159518656717,
      "p_total_taxability": 22081.951140000005,
      "d_total_taxability": 9492.98751,
      "p_mean_volume": 0.17150436031331595,
      "d_mean_volume": 0.1063711567164179,
      "p_median_volume": 0.09713000000000001,
      "d_median_volume": 0.071185,
      "p_std_volume": 0.16694509941877042,
      "d_std_volume": 0.0900964091271584,
      "p_total_volume": 65.68617,
      "d_total_volume": 28.507469999999998,
      "d_max_priority": 0,
      "used_volume": 0.8046423059019526,
      "used_weight": 0.48025999999999996,
      "unload_obs": 1,
      "hs_cond": 1,
      "p_cond": 1,
      "sub_cond": 1
    },
    {
      "iteration": 20,
      "time": "296.96243238449097",
      "n_placed": 384,
      "n_discard": 267,
      "p_mean_weight": 27.51263020833333,
      "d_mean_weight": 13.58434456928839,
      "p_median_weight": 18.15,
      "d_median_weight": 9.4,
      "p_std_weight": 23.802775692382024,
      "d_std_weight": 10.511091950225191,
      "p_total_weight": 10564.849999999999,
      "d_total_weight": 3627.0200000000004,
      "p_mean_taxability": 57.37265289062501,
      "d_mean_taxability": 35.7447188764045,
      "p_total_taxability": 22031.098710000006,
      "d_total_taxability": 9543.839940000002,
      "p_mean_volume": 0.17066005208333335,
      "d_mean_volume": 0.10734149812734083,
      "p_median_volume": 0.09684500000000001,
      "d_median_volume": 0.07258,
      "p_std_volume": 0.16688834536538566,
      "d_std_volume": 0.0906158644635917,
      "p_total_volume": 65.53346,
      "d_total_volume": 28.66018,
      "d_max_priority": 1,
      "used_volume": 0.8027716392679521,
      "used_weight": 0.4802204545454545,
      "unload_obs": 0,
      "hs_cond": 1,
      "p_cond": 0,
      "sub_cond": 0
    },
    {
      "iteration": 190,
      "time": "134.97180271148682",
      "n_placed": 384,
      "n_discard": 267,
      "p_mean_weight": 27.51033854166667,
      "d_mean_weight": 13.587640449438203,
      "p_median_weight": 18.15,
      "d_median_weight": 9.4,
      "p_std_weight": 23.802049106338455,
      "d_std_weight": 10.517841771932602,
      "p_total_weight": 10563.970000000001,
      "d_total_weight": 3627.9,
      "p_mean_taxability": 57.64858328125001,
      "d_mean_taxability": 35.34787516853933,
      "p_total_taxability": 22137.055980000005,
      "d_total_taxability": 9437.88267,
      "p_mean_volume": 0.17148867187500003,
      "d_mean_volume": 0.10614977528089889,
      "p_median_volume": 0.09854000000000002,
      "d_median_volume": 0.06989000000000001,
      "p_std_volume": 0.16650357167875526,
      "d_std_volume": 0.09078567619511875,
      "p_total_volume": 65.85165,
      "d_total_volume": 28.341990000000003,
      "d_max_priority": 1,
      "used_volume": 0.8066694024548595,
      "used_weight": 0.4801804545454546,
      "unload_obs": 0,
      "hs_cond": 1,
      "p_cond": 0,
      "sub_cond": 0
    }
  ],
  "taxability": [
    {
      "iteration": 51,
      "time": "292.71364665031433",
      "n_placed": 394,
      "n_discard": 257,
      "p_mean_weight": 26.345812182741117,
      "d_mean_weight": 14.831206225680933,
      "p_median_weight": 18.05,
      "d_median_weight": 9.6,
      "p_std_weight": 22.477761754937006,
      "d_std_weight": 15.019898120658512,
      "p_total_weight": 10380.25,
      "d_total_weight": 3811.62,
      "p_mean_taxability": 56.56347634517767,
      "d_mean_taxability": 36.14369249027238,
      "p_total_taxability": 22286.009680000003,
      "d_total_taxability": 9288.92897,
      "p_mean_volume": 0.16830725888324874,
      "d_mean_volume": 0.10848474708171207,
      "p_median_volume": 0.09848000000000001,
      "d_median_volume": 0.06817000000000001,
      "p_std_volume": 0.16095264147272426,
      "d_std_volume": 0.10355440242196824,
      "p_total_volume": 66.31306000000001,
      "d_total_volume": 27.880580000000002,
      "d_max_priority": 1,
      "used_volume": 0.8123215816939021,
      "used_weight": 0.4718295454545455,
      "unload_obs": 1,
      "hs_cond": 1,
      "p_cond": 0,