{
  "volume": [
    {
      "iteration": 242,
      "time": "62.585644245147705",
      "n_placed": 243,
      "n_discard": 114,
      "p_mean_weight": 38.68683127572017,
      "d_mean_weight": 37.19429824561404,
      "p_median_weight": 33.1,
      "d_median_weight": 37.095,
      "p_std_weight": 26.88547088812791,
      "d_std_weight": 15.170257869906692,
      "p_total_weight": 9400.900000000001,
      "d_total_weight": 4240.150000000001,
      "p_mean_taxability": 82.83645423868313,
      "d_mean_taxability": 94.46751394736843,
      "p_total_taxability": 20129.25838,
      "d_total_taxability": 10769.296590000002,
      "p_mean_volume": 0.24807868312757206,
      "d_mean_volume": 0.28368622807017546,
      "p_median_volume": 0.23638,
      "d_median_volume": 0.28403,
      "p_std_volume": 0.1887231626520687,
      "d_std_volume": 0.10333675085271979,
      "p_total_volume": 60.28312000000001,
      "d_total_volume": 32.340230000000005,
      "d_max_priority": 0,
      "used_volume": 0.7384560354754148,
      "used_weight": 0.42731363636363645,
      "unload_obs": 1,
      "hs_cond": 1,
      "p_cond": 1,
      "sub_cond": 1
    },
    {
      "iteration": 205,
      "time": "63.67174172401428",
      "n_placed": 242,
      "n_discard": 115,
      "p_mean_weight": 38.956942148760334,
      "d_mean_weight": 36.63886956521739,
      "p_median_weight": 34.6,
      "d_median_weight": 36.0,
      "p_std_weight": 26.70571703888429,
      "d_std_weight": 15.895451835722849,
      "p_total_weight": 9427.58,
      "d_total_weight": 4213.47,
      "p_mean_taxability": 83.03491690082646,
      "d_mean_taxability": 93.94873982608696,
      "p_total_taxability": 20094.449890000004,
      "d_total_taxability": 10804.105080000001,
      "p_mean_volume": 0.24867185950413223,
      "d_mean_volume": 0.282128347826087,
      "p_median_volume": 0.246345,
      "d_median_volume": 0.28301000000000004,
      "p_std_volume": 0.1876990304254899,
      "d_std_volume": 0.10867295934527785,
      "p_total_volume": 60.17859,
      "d_total_volume": 32.44476,
      "d_max_priority": 0,
      "used_volume": 0.7371755641031923,
      "used_weight": 0.42852636363636365,
      "unload_obs": 1,
      "hs_cond": 1,
      "p_cond": 1,
      "sub_cond": 1
    },
    {
      "iteration": 306,
      "time": "58.966012477874756",
      "n_placed": 242,
      "n_discard": 115,
      "p_mean_weight": 38.95115702479339,
      "d_mean_weight": 36.651043478260874,
      "p_median_weight": 34.6,
      "d_median_weight": 36.0,
      "p_std_weight": 26.71221021535561,
      "d_std_weight": 15.874156553027403,
      "p_total_weight": 9426.18,
      "d_total_weight": 4214.870000000001,
      "p_mean_taxability": 83.00868971074381,
      "d_mean_taxability": 94.00393095652176,
      "p_total_taxability": 20088.10291,
      "d_total_taxability": 10810.452060000001,
      "p_mean_volume": 0.24859309917355374,
      "d_mean_volume": 0.28229408695652175,
      "p_median_volume": 0.246345,
      "d_median_volume": 0.28301000000000004,
      "p_std_volume": 0.1877567799260458,
      "d_std_volume": 0.10841008491069111,
      "p_total_volume": 60.159530000000004,
      "d_total_volume": 32.46382,
      "d_max_priority": 0,
      "used_volume": 0.7369420829556312,
      "used_weight": 0.4284627272727273,
      "unload_obs": 1,
      "hs_cond": 1,
      "p_cond": 1,
      "sub_cond": 1
    }
  ],
  "weight": [
    {
      "iteration": 205,
      "time": "63.67174172401428",
      "n_placed": 242,
      "n_discard": 115,
      "p_mean_weight": 38.956942148760334,
      "d_mean_weight": 36.63886956521739,
      "p_median_weight": 34.6,
      "d_median_weight": 36.0,
      "p_std_weight": 26.70571703888429,
      "d_std_weight": 15.895451835722849,
      "p_total_weight": 9427.58,
      "d_total_weight": 4213.47,
      "p_mean_taxability": 83.03491690082646,
      "d_mean_taxability": 93.94873982608696,
      "p_total_taxability": 20094.449890000004,
      "d_total_taxability": 10804.105080000001,
      "p_mean_volume": 0.24867185950413223,
      "d_mean_volume": 0.282128347826087,
      "p_median_volume": 0.246345,
      "d_median_volume": 0.28301000000000004,
      "p_std_volume": 0.1876990304254899,
      "d_std_volume": 0.10867295934527785,
      "p_total_volume": 60.17859,
      "d_total_volume": 32.44476,
      "d_max_priority": 0,
      "used_volume": 0.7371755641031923,
      "used_weight": 0.42852636363636365,
      "unload_obs": 1,
      "hs_cond": 1,
      "p_cond": 1,
      "sub_cond": 1
    },
    {
      "iteration": 306,
      "time": "58.966012477874756",
      "n_placed": 242,
      "n_discard": 115,
      "p_mean_weight": 38.95115702479339,
      "d_mean_weight": 36.651043478260874,
      "p_median_weight": 34.6,
      "d_median_weight": 36.0,
      "p_std_weight": 26.71221021535561,
      "d_std_weight": 15.874156553027403,
      "p_total_weight": 9426.18,
      "d_total_weight": 4214.870000000001,
      "p_mean_taxability": 83.00868971074381,
      "d_mean_taxability": 94.00393095652176,
      "p_total_taxability": 20088.10291,
      "d_total_taxability": 10810.452060000001,
      "p_mean_volume": 0.24859309917355374,
      "d_mean_volume": 0.28229408695652175,
      "p_median_volume": 0.246345,
      "d_median_volume": 0.28301000000000004,
      "p_std_volume": 0.1877567799260458,
      "d_std_volume": 0.10841008491069111,
      "p_total_volume": 60.159530000000004,
      "d_total_volume": 32.46382,
      "d_max_priority": 0,
      "used_volume": 0.7369420829556312,
      "used_weight": 0.4284627272727273,
      "unload_obs": 1,
      "hs_cond": 1,
      "p_cond": 1,
      "sub_cond": 1
    },
    {
      "iteration": 143,
      "time": "62.16706848144531",
      "n_placed": 246,
      "n_discard": 111,
      "p_mean_weight": 38.299471544715445,
      "d_mean_weight": 38.01243243243243,
      "p_median_weight": 33.65,
      "d_median_weight": 37.09,
      "p_std_weight": 26.727298391558993,
      "d_std_weight": 15.39809222045004,
      "p_total_weight": 9421.67,
      "d_total_weight": 4219.38,
      "p_mean_taxability": 81.56241199186994,
      "d_mean_taxability": 97.60542,
      "p_total_taxability": 20064.353350000005,
      "d_total_taxability": 10834.20162,
      "p_mean_volume": 0.2442610162601626,
      "d_mean_volume": 0.2931093693693695,
      "p_median_volume": 0.23638,
      "d_median_volume": 0.28800000000000003,
      "p_std_volume": 0.18719056980702123,
      "d_std_volume": 0.10255121760084994,
      "p_total_volume": 60.088210000000004,
      "d_total_volume": 32.53514000000001,
      "d_max_priority": 0,
      "used_volume": 0.7360684273709485,
      "used_weight": 0.42825772727272726,
      "unload_obs": 0,
      "hs_cond": 1,
      "p_cond": 1,
      "sub_cond": 1
    }
  ],
  "taxability": [
    {
      "iteration": 242,
      "time": "62.585644245147705",
      "n_placed": 243,
      "n_discard": 114,
      "p_mean_weight": 38.68683127572017,
      "d_mean_weight": 37.19429824561404,
      "p_median_weight": 33.1,
      "d_median_weight": 37.095,
      "p_std_weight": 26.88547088812791,
      "d_std_weight": 15.170257869906692,
      "p_total_weight": 9400.900000000001,
      "d_total_weight": 4240.150000000001,
      "p_mean_taxability": 82.83645423868313,
      "d_mean_taxability": 94.46751394736843,
      "p_total_taxability": 20129.25838,
      "d_total_taxability": 10769.296590000002,
      "p_mean_volume": 0.24807868312757206,
      "d_mean_volume": 0.28368622807017546,
      "p_median_volume": 0.23638,
      "d_median_volume": 0.28403,
      "p_std_volume": 0.1887231626520687,
      "d_std_volume": 0.10333675085271979,
      "p_total_volume": 60.28312000000001,
      "d_total_volume": 32.340230000000005,
      "d_max_priority": 0,
      "used_volume": 0.7384560354754148,
      "used_weight": 0.42731363636363645,
      "unload_obs": 1,
      "hs_cond": 1,
      "p_cond": 1,
      "sub_cond": 1
    },
    {
      "iteration": 205,