{
  "volume": [
    {
      "iteration": 353,
      "time": "81.35602641105652",
      "n_placed": 329,
      "n_discard": 172,
      "p_mean_weight": 31.07516717325228,
      "d_mean_weight": 17.539534883720933,
      "p_median_weight": 21.1,
      "d_median_weight": 9.715,
      "p_std_weight": 24.3242646979712,
      "d_std_weight": 14.643431987317626,
      "p_total_weight": 10223.73,
      "d_total_weight": 3016.8,
      "p_mean_taxability": 66.62136407294834,
      "d_mean_taxability": 45.877235755813956,
      "p_total_taxability": 21918.428780000002,
      "d_total_taxability": 7890.884550000001,
      "p_mean_volume": 0.19911562310030395,
      "d_mean_volume": 0.13776947674418602,
      "p_median_volume": 0.13172,
      "d_median_volume": 0.07815000000000001,
      "p_std_volume": 0.16834384433262412,
      "d_std_volume": 0.11469162856240948,
      "p_total_volume": 65.50904,
      "d_total_volume": 23.696349999999995,
      "d_max_priority": 0,
      "used_volume": 0.8024724992037631,
      "used_weight": 0.464715,
      "unload_obs": 0,
      "hs_cond": 1,
      "p_cond": 1,
      "sub_cond": 1
    },
    {
      "iteration": 186,
      "time": "177.7744472026825",
      "n_placed": 310,
      "n_discard": 191,
      "p_mean_weight": 32.83122580645161,
      "d_mean_weight": 16.035863874345548,
      "p_median_weight": 23.119999999999997,
      "d_median_weight": 9.0,
      "p_std_weight": 23.98731703271149,
      "d_std_weight": 14.563030850041727,
      "p_total_weight": 10177.68,
      "d_total_weight": 3062.85,
      "p_mean_taxability": 70.46172306451614,
      "d_mean_taxability": 41.70774439790576,
      "p_total_taxability": 21843.13415,
      "d_total_taxability": 7966.179180000001,
      "p_mean_volume": 0.21059009677419357,
      "d_mean_volume": 0.12524848167539268,
      "p_median_volume": 0.18,
      "d_median_volume": 0.07013000000000001,
      "p_std_volume": 0.16629639983392677,
      "d_std_volume": 0.1161633761937694,
      "p_total_volume": 65.28293000000001,
      "d_total_volume": 23.92246,
      "d_max_priority": 0,
      "used_volume": 0.7997026974054929,
      "used_weight": 0.4626218181818182,
      "unload_obs": 0,
      "hs_cond": 1,
      "p_cond": 1,
      "sub_cond": 1
    },
    {
      "iteration": 227,
      "time": "181.95895075798035",
      "n_placed": 326,
      "n_discard": 175,
      "p_mean_weight": 30.964171779141104,
      "d_mean_weight": 17.978342857142856,
      "p_median_weight": 21.57,
      "d_median_weight": 9.95,
      "p_std_weight": 24.068178412193358,
      "d_std_weight": 15.895067589503256,
      "p_total_weight": 10094.32,
      "d_total_weight": 3146.21,
      "p_mean_taxability": 66.97240579754603,
      "d_mean_taxability": 45.5789088,
      "p_total_taxability": 21833.004290000004,
      "d_total_taxability": 7976.30904,
      "p_mean_volume": 0.2001610736196319,
      "d_mean_volume": 0.1368736,
      "p_median_volume": 0.13796000000000003,
      "d_median_volume": 0.0795,
      "p_std_volume": 0.16956308674240697,
      "d_std_volume": 0.111660990081277,
      "p_total_volume": 65.25251,
      "d_total_volume": 23.95288,
      "d_max_priority": 0,
      "used_volume": 0.7993300585540338,
      "used_weight": 0.4588327272727273,
      "unload_obs": 0,
      "hs_cond": 1,
      "p_cond": 1,
      "sub_cond": 1
    }
  ],
  "weight": [
    {
      "iteration": 353,
      "time": "81.35602641105652",
      "n_placed": 329,
      "n_discard": 172,
      "p_mean_weight": 31.07516717325228,
      "d_mean_weight": 17.539534883720933,
      "p_median_weight": 21.1,
      "d_median_weight": 9.715,
      "p_std_weight": 24.3242646979712,
      "d_std_weight": 14.643431987317626,
      "p_total_weight": 10223.73,
      "d_total_weight": 3016.8,
      "p_mean_taxability": 66.62136407294834,
      "d_mean_taxability": 45.877235755813956,
      "p_total_taxability": 21918.428780000002,
      "d_total_taxability": 7890.884550000001,
      "p_mean_volume": 0.19911562310030395,
      "d_mean_volume": 0.13776947674418602,
      "p_median_volume": 0.13172,
      "d_median_volume": 0.07815000000000001,
      "p_std_volume": 0.16834384433262412,
      "d_std_volume": 0.11469162856240948,
      "p_total_volume": 65.50904,
      "d_total_volume": 23.696349999999995,
      "d_max_priority": 0,
      "used_volume": 0.8024724992037631,
      "used_weight": 0.464715,
      "unload_obs": 0,
      "hs_cond": 1,
      "p_cond": 1,
      "sub_cond": 1
    },
    {
      "iteration": 191,
      "time": "163.0193738937378",
      "n_placed": 320,
      "n_discard": 181,
      "p_mean_weight": 31.838749999999997,
      "d_mean_weight": 16.862596685082874,
      "p_median_weight": 21.924999999999997,
      "d_median_weight": 9.85,
      "p_std_weight": 24.512067612110766,
      "d_std_weight": 13.709579716298546,
      "p_total_weight": 10188.4,
      "d_total_weight": 3052.13,
      "p_mean_taxability": 67.94516125,
      "d_mean_taxability": 44.56829685082873,
      "p_total_taxability": 21742.4516,
      "d_total_taxability": 8066.8617300000005,
      "p_mean_volume": 0.2030643125,
      "d_mean_volume": 0.13383872928176796,
      "p_median_volume": 0.14509,
      "d_median_volume": 0.078,
      "p_std_volume": 0.16933699164487886,
      "d_std_volume": 0.11226185448929796,
      "p_total_volume": 64.98058,
      "d_total_volume": 24.22481,
      "d_max_priority": 0,
      "used_volume": 0.7959989710169783,
      "used_weight": 0.4631090909090909,
      "unload_obs": 0,
      "hs_cond": 1,
      "p_cond": 1,
      "sub_cond": 1
    },
    {
      "iteration": 238,
      "time": "166.21672010421753",
      "n_placed": 319,
      "n_discard": 182,
      "p_mean_weight": 31.93241379310345,
      "d_mean_weight": 16.780714285714286,
      "p_median_weight": 22.15,
      "d_median_weight": 9.765,
      "p_std_weight": 24.498592094149664,
      "d_std_weight": 13.699146081211794,
      "p_total_weight": 10186.44,
      "d_total_weight": 3054.09,
      "p_mean_taxability": 68.06990526645768,
      "d_mean_taxability": 44.47809642857143,
      "p_total_taxability": 21714.29978,
      "d_total_taxability": 8095.0135500000015,
      "p_mean_volume": 0.20343586206896555,
      "d_mean_volume": 0.13356785714285715,
      "p_median_volume": 0.1495,
      "d_median_volume": 0.07845500000000001,
      "p_std_volume": 0.16947526744974709,
      "d_std_volume": 0.11200316046409732,
      "p_total_volume": 64.89604000000001,
      "d_total_volume": 24.309350000000002,
      "d_max_priority": 0,
      "used_volume": 0.794963373104344,
      "used_weight": 0.46302000000000004,
      "unload_obs": 1,
      "hs_cond": 1,
      "p_cond": 1,
      "sub_cond": 1
    }
  ],
  "taxability": [
    {
      "iteration": 353,
      "time": "81.35602641105652",
      "n_placed": 329,
      "n_discard": 172,
      "p_mean_weight": 31.07516717325228,
      "d_mean_weight": 17.539534883720933,
      "p_median_weight": 21.1,
      "d_median_weight": 9.715,
      "p_std_weight": 24.3242646979712,
      "d_std_weight": 14.643431987317626,
      "p_total_weight": 10223.73,
      "d_total_weight": 3016.8,
      "p_mean_taxability": 66.62136407294834,
      "d_mean_taxability": 45.877235755813956,
      "p_total_taxability": 21918.428780000002,
      "d_total_taxability": 7890.884550000001,
      "p_mean_volume": 0.19911562310030395,
      "d_mean_volume": 0.13776947674418602,
      "p_median_volume": 0.13172,
      "d_median_volume": 0.07815000000000001,
      "p_std_volume": 0.16834384433262412,
      "d_std_volume": 0.11469162856240948,
      "p_total_volume": 65.50904,
      "d_total_volume": 23.696349999999995,
      "d_max_priority": 0,
      "used_volume": 0.8024724992037631,
      "used_weight": 0.464715,
      "unload_obs": 0,
      "hs_cond": 1,
      "p_cond": 1,
      "sub_cond": 1
    },
    {
      "iteration": 186,
      "time": "177.7744472026825",
      "n_placed": 310,
      "n_discard": 191,