{
  "volume": [
    {
      "iteration": 111,
      "time": "490.8014736175537",
      "n_placed": 403,
      "n_discard": 251,
      "p_mean_weight": 26.04749379652605,
      "d_mean_weight": 10.602430278884462,
      "p_median_weight": 21.0,
      "d_median_weight": 8.3,
      "p_std_weight": 20.301834988550286,
      "d_std_weight": 10.270774852469481,
      "p_total_weight": 10497.14,
      "d_total_weight": 2661.21,
      "p_mean_taxability": 56.26439526054591,
      "d_mean_taxability": 27.099287928286852,
      "p_total_taxability": 22674.551290000003,
      "d_total_taxability": 6801.92127,
      "p_mean_volume": 0.1680131513647643,
      "d_mean_volume": 0.08137924302788846,
      "p_median_volume": 0.10779000000000001,
      "d_median_volume": 0.060430000000000005,
      "p_std_volume": 0.14176536644620324,
      "d_std_volume": 0.07206649742997576,
      "p_total_volume": 67.70930000000001,
      "d_total_volume": 20.426190000000002,
      "d_max_priority": 0,
      "used_volume": 0.8294252394835486,
      "used_weight": 0.4771427272727273,
      "unload_obs": 0,
      "hs_cond": 1,
      "p_cond": 1,
      "sub_cond": 1
    },
    {
      "iteration": 144,
      "time": "509.0546569824219",
      "n_placed": 401,
      "n_discard": 253,
      "p_mean_weight": 26.104014962593517,
      "d_mean_weight": 10.634940711462452,
      "p_median_weight": 21.0,
      "d_median_weight": 9.0,
      "p_std_weight": 21.204038391065406,
      "d_std_weight": 6.898718573243884,
      "p_total_weight": 10467.710000000001,
      "d_total_weight": 2690.6400000000003,
      "p_mean_taxability": 56.20919224438903,
      "d_mean_taxability": 27.417337826086957,
      "p_total_taxability": 22539.88609,
      "d_total_taxability": 6936.58647,
      "p_mean_volume": 0.16784264339152122,
      "d_mean_volume": 0.08233434782608696,
      "p_median_volume": 0.10035000000000001,
      "d_median_volume": 0.06281,
      "p_std_volume": 0.1462500873298714,
      "d_std_volume": 0.058027691159814855,
      "p_total_volume": 67.3049,
      "d_total_volume": 20.83059,
      "d_max_priority": 0,
      "used_volume": 0.8244714212215499,
      "used_weight": 0.47580500000000003,
      "unload_obs": 0,
      "hs_cond": 1,
      "p_cond": 1,
      "sub_cond": 1
    },
    {
      "iteration": 250,
      "time": "494.0409095287323",
      "n_placed": 396,
      "n_discard": 258,
      "p_mean_weight": 26.44570707070707,
      "d_mean_weight": 10.410271317829455,
      "p_median_weight": 21.39,
      "d_median_weight": 8.965,
      "p_std_weight": 21.13371967008463,
      "d_std_weight": 6.937253597407141,
      "p_total_weight": 10472.5,
      "d_total_weight": 2685.8499999999995,
      "p_mean_taxability": 56.9147669949495,
      "d_mean_taxability": 26.892344302325586,
      "p_total_taxability": 22538.247730000003,
      "d_total_taxability": 6938.224830000001,
      "p_mean_volume": 0.16994944444444446,
      "d_mean_volume": 0.08075779069767441,
      "p_median_volume": 0.10456500000000002,
      "d_median_volume": 0.0613,
      "p_std_volume": 0.14603045050824143,
      "d_std_volume": 0.05826017570613831,
      "p_total_volume": 67.29998,
      "d_total_volume": 20.83551,
      "d_max_priority": 0,
      "used_volume": 0.8244111522159885,
      "used_weight": 0.47602272727272726,
      "unload_obs": 0,
      "hs_cond": 1,
      "p_cond": 1,
      "sub_cond": 1
    }
  ],
  "weight": [
    {
      "iteration": 111,
      "time": "490.8014736175537",
      "n_placed": 403,
      "n_discard": 251,
      "p_mean_weight": 26.04749379652605,
      "d_mean_weight": 10.602430278884462,
      "p_median_weight": 21.0,
      "d_median_weight": 8.3,
      "p_std_weight": 20.301834988550286,
      "d_std_weight": 10.270774852469481,
      "p_total_weight": 10497.14,
      "d_total_weight": 2661.21,
      "p_mean_taxability": 56.26439526054591,
      "d_mean_taxability": 27.099287928286852,
      "p_total_taxability": 22674.551290000003,
      "d_total_taxability": 6801.92127,
      "p_mean_volume": 0.1680131513647643,
      "d_mean_volume": 0.08137924302788846,
      "p_median_volume": 0.10779000000000001,
      "d_median_volume": 0.060430000000000005,
      "p_std_volume": 0.14176536644620324,
      "d_std_volume": 0.07206649742997576,
      "p_total_volume": 67.70930000000001,
      "d_total_volume": 20.426190000000002,
      "d_max_priority": 0,
      "used_volume": 0.8294252394835486,
      "used_weight": 0.4771427272727273,
      "unload_obs": 0,
      "hs_cond": 1,
      "p_cond": 1,
      "sub_cond": 1
    },
    {
      "iteration": 194,
      "time": "528.4470493793488",
      "n_placed": 418,
      "n_discard": 236,
      "p_mean_weight": 25.084712918660287,
      "d_mean_weight": 11.32601694915254,
      "p_median_weight": 18.0,
      "d_median_weight": 9.0,
      "p_std_weight": 21.183501103031453,
      "d_std_weight": 7.517263494834763,
      "p_total_weight": 10485.41,
      "d_total_weight": 2672.9399999999996,
      "p_mean_taxability": 53.87636923444976,
      "d_mean_taxability": 29.47521279661017,
      "p_total_taxability": 22520.32234,
      "d_total_taxability": 6956.1502199999995,
      "p_mean_volume": 0.16087595693779905,
      "d_mean_volume": 0.08851415254237288,
      "p_median_volume": 0.09648000000000001,
      "d_median_volume": 0.06546000000000002,
      "p_std_volume": 0.14505651590795726,
      "d_std_volume": 0.06438998504559833,
      "p_total_volume": 67.24615,
      "d_total_volume": 20.88934,
      "d_max_priority": 0,
      "used_volume": 0.8237517455961977,
      "used_weight": 0.4766095454545454,
      "unload_obs": 0,
      "hs_cond": 1,
      "p_cond": 1,
      "sub_cond": 1
    },
    {
      "iteration": 252,
      "time": "240.55821752548218",
      "n_placed": 413,
      "n_discard": 241,
      "p_mean_weight": 25.38513317191283,
      "d_mean_weight": 11.096639004149376,
      "p_median_weight": 18.3,
      "d_median_weight": 8.73,
      "p_std_weight": 21.140221471826006,
      "d_std_weight": 7.571997198448087,
      "p_total_weight": 10484.06,
      "d_total_weight": 2674.2899999999995,
      "p_mean_taxability": 54.461041840193715,
      "d_mean_taxability": 28.97951153526971,
      "p_total_taxability": 22492.410280000004,
      "d_total_taxability": 6984.06228,
      "p_mean_volume": 0.16262065375302662,
      "d_mean_volume": 0.08702556016597512,
      "p_median_volume": 0.09696,
      "d_median_volume": 0.062450000000000006,
      "p_std_volume": 0.14499929787512872,
      "d_std_volume": 0.06475849785129162,
      "p_total_volume": 67.16233,
      "d_total_volume": 20.973160000000004,
      "d_max_priority": 0,
      "used_volume": 0.8227249675380356,
      "used_weight": 0.4765481818181818,
      "unload_obs": 0,
      "hs_cond": 1,
      "p_cond": 1,
      "sub_cond": 1
    }
  ],
  "taxability": [
    {
      "iteration": 111,
      "time": "490.8014736175537",
      "n_placed": 403,
      "n_discard": 251,
      "p_mean_weight": 26.04749379652605,
      "d_mean_weight": 10.602430278884462,
      "p_median_weight": 21.0,
      "d_median_weight": 8.3,
      "p_std_weight": 20.301834988550286,
      "d_std_weight": 10.270774852469481,
      "p_total_weight": 10497.14,
      "d_total_weight": 2661.21,
      "p_mean_taxability": 56.26439526054591,
      "d_mean_taxability": 27.099287928286852,
      "p_total_taxability": 22674.551290000003,
      "d_total_taxability": 6801.92127,
      "p_mean_volume": 0.1680131513647643,
      "d_mean_volume": 0.08137924302788846,
      "p_median_volume": 0.10779000000000001,
      "d_median_volume": 0.060430000000000005,
      "p_std_volume": 0.14176536644620324,
      "d_std_volume": 0.07206649742997576,
      "p_total_volume": 67.70930000000001,
      "d_total_volume": 20.426190000000002,
      "d_max_priority": 0,
      "used_volume": 0.8294252394835486,
      "used_weight": 0.4771427272727273,
      "unload_obs": 0,
      "hs_cond": 1,
      "p_cond": 1,