{
  "volume": [
    {
      "iteration": 285,
      "time": "176.1853003501892",
      "n_placed": 424,
      "n_discard": 228,
      "p_mean_weight": 22.205188679245282,
      "d_mean_weight": 16.646842105263158,
      "p_median_weight": 14.75,
      "d_median_weight": 9.765,
      "p_std_weight": 20.37074102232983,
      "d_std_weight": 16.457508513123756,
      "p_total_weight": 9415.0,
      "d_total_weight": 3795.48,
      "p_mean_taxability": 48.30069966981132,
      "d_mean_taxability": 40.667685000000006,
      "p_total_taxability": 20479.49666,
      "d_total_taxability": 9272.23218,
      "p_mean_volume": 0.14444507075471696,
      "d_mean_volume": 0.1220069298245614,
      "p_median_volume": 0.07822500000000002,
      "d_median_volume": 0.07193,
      "p_std_volume": 0.14705131440446254,
      "d_std_volume": 0.1143660703329267,
      "p_total_volume": 61.24471,
      "d_total_volume": 27.81758,
      "d_max_priority": 0,
      "used_volume": 0.7502353186172428,
      "used_weight": 0.4279545454545455,
      "unload_obs": 2,
      "hs_cond": 1,
      "p_cond": 1,
      "sub_cond": 1
    },
    {
      "iteration": 251,
      "time": "169.983971118927",
      "n_placed": 435,
      "n_discard": 217,
      "p_mean_weight": 20.908873563218393,
      "d_mean_weight": 18.9636866359447,
      "p_median_weight": 12.44,
      "d_median_weight": 10.94,
      "p_std_weight": 20.083322479504584,
      "d_std_weight": 17.479812834128495,
      "p_total_weight": 9095.36,
      "d_total_weight": 4115.12,
      "p_mean_taxability": 44.76147804597702,
      "d_mean_taxability": 47.375511013824884,
      "p_total_taxability": 19471.242950000003,
      "d_total_taxability": 10280.48589,
      "p_mean_volume": 0.13377002298850574,
      "d_mean_volume": 0.14226880184331797,
      "p_median_volume": 0.0695,
      "d_median_volume": 0.08014,
      "p_std_volume": 0.14377069348549104,
      "d_std_volume": 0.12189600541278953,
      "p_total_volume": 58.18996,
      "d_total_volume": 30.872329999999998,
      "d_max_priority": 0,
      "used_volume": 0.712815248548399,
      "used_weight": 0.4134254545454546,
      "unload_obs": 2,
      "hs_cond": 1,
      "p_cond": 1,
      "sub_cond": 1
    },
    {
      "iteration": 66,
      "time": "171.6423056125641",
      "n_placed": 444,
      "n_discard": 208,
      "p_mean_weight": 20.144301801801802,
      "d_mean_weight": 20.511586538461536,
      "p_median_weight": 12.114999999999998,
      "d_median_weight": 11.625,
      "p_std_weight": 19.608400160333378,
      "d_std_weight": 18.552299019798358,
      "p_total_weight": 8944.07,
      "d_total_weight": 4266.41,
      "p_mean_taxability": 43.504139977477486,
      "d_mean_taxability": 50.17255139423077,
      "p_total_taxability": 19315.838150000003,
      "d_total_taxability": 10435.89069,
      "p_mean_volume": 0.13006810810810815,
      "d_mean_volume": 0.15053870192307692,
      "p_median_volume": 0.07109,
      "d_median_volume": 0.08942,
      "p_std_volume": 0.13996558661701355,
      "d_std_volume": 0.12915220998386936,
      "p_total_volume": 57.75024000000001,
      "d_total_volume": 31.31205,
      "d_max_priority": 0,
      "used_volume": 0.7074287674253377,
      "used_weight": 0.40654863636363636,
      "unload_obs": 1,
      "hs_cond": 1,
      "p_cond": 1,
      "sub_cond": 1
    }
  ],
  "weight": [
    {
      "iteration": 285,
      "time": "176.1853003501892",
      "n_placed": 424,
      "n_discard": 228,
      "p_mean_weight": 22.205188679245282,
      "d_mean_weight": 16.646842105263158,
      "p_median_weight": 14.75,
      "d_median_weight": 9.765,
      "p_std_weight": 20.37074102232983,
      "d_std_weight": 16.457508513123756,
      "p_total_weight": 9415.0,
      "d_total_weight": 3795.48,
      "p_mean_taxability": 48.30069966981132,
      "d_mean_taxability": 40.667685000000006,
      "p_total_taxability": 20479.49666,
      "d_total_taxability": 9272.23218,
      "p_mean_volume": 0.14444507075471696,
      "d_mean_volume": 0.1220069298245614,
      "p_median_volume": 0.07822500000000002,
      "d_median_volume": 0.07193,
      "p_std_volume": 0.14705131440446254,
      "d_std_volume": 0.1143660703329267,
      "p_total_volume": 61.24471,
      "d_total_volume": 27.81758,
      "d_max_priority": 0,
      "used_volume": 0.7502353186172428,
      "used_weight": 0.4279545454545455,
      "unload_obs": 2,
      "hs_cond": 1,
      "p_cond": 1,
      "sub_cond": 1
    },
    {
      "iteration": 251,
      "time": "169.983971118927",
      "n_placed": 435,
      "n_discard": 217,
      "p_mean_weight": 20.908873563218393,
      "d_mean_weight": 18.9636866359447,
      "p_median_weight": 12.44,
      "d_median_weight": 10.94,
      "p_std_weight": 20.083322479504584,
      "d_std_weight": 17.479812834128495,
      "p_total_weight": 9095.36,
      "d_total_weight": 4115.12,
      "p_mean_taxability": 44.76147804597702,
      "d_mean_taxability": 47.375511013824884,
      "p_total_taxability": 19471.242950000003,
      "d_total_taxability": 10280.48589,
      "p_mean_volume": 0.13377002298850574,
      "d_mean_volume": 0.14226880184331797,
      "p_median_volume": 0.0695,
      "d_median_volume": 0.08014,
      "p_std_volume": 0.14377069348549104,
      "d_std_volume": 0.12189600541278953,
      "p_total_volume": 58.18996,
      "d_total_volume": 30.872329999999998,
      "d_max_priority": 0,
      "used_volume": 0.712815248548399,
      "used_weight": 0.4134254545454546,
      "unload_obs": 2,
      "hs_cond": 1,
      "p_cond": 1,
      "sub_cond": 1
    },
    {
      "iteration": 66,
      "time": "171.6423056125641",
      "n_placed": 444,
      "n_discard": 208,
      "p_mean_weight": 20.144301801801802,
      "d_mean_weight": 20.511586538461536,
      "p_median_weight": 12.114999999999998,
      "d_median_weight": 11.625,
      "p_std_weight": 19.608400160333378,
      "d_std_weight": 18.552299019798358,
      "p_total_weight": 8944.07,
      "d_total_weight": 4266.41,
      "p_mean_taxability": 43.504139977477486,
      "d_mean_taxability": 50.17255139423077,
      "p_total_taxability": 19315.838150000003,
      "d_total_taxability": 10435.89069,
      "p_mean_volume": 0.13006810810810815,
      "d_mean_volume": 0.15053870192307692,
      "p_median_volume": 0.07109,
      "d_median_volume": 0.08942,
      "p_std_volume": 0.13996558661701355,
      "d_std_volume": 0.12915220998386936,
      "p_total_volume": 57.75024000000001,
      "d_total_volume": 31.31205,
      "d_max_priority": 0,
      "used_volume": 0.7074287674253377,
      "used_weight": 0.40654863636363636,
      "unload_obs": 1,
      "hs_cond": 1,
      "p_cond": 1,
      "sub_cond": 1
    }
  ],
  "taxability": [
    {
      "iteration": 285,
      "time": "176.1853003501892",
      "n_placed": 424,
      "n_discard": 228,
      "p_mean_weight": 22.205188679245282,
      "d_mean_weight": 16.646842105263158,
      "p_median_weight": 14.75,
      "d_median_weight": 9.765,
      "p_std_weight": 20.37074102232983,
      "d_std_weight": 16.457508513123756,
      "p_total_weight": 9415.0,
      "d_total_weight": 3795.48,
      "p_mean_taxability": 48.30069966981132,
      "d_mean_taxability": 40.667685000000006,
      "p_total_taxability": 20479.49666,
      "d_total_taxability": 9272.23218,
      "p_mean_volume": 0.14444507075471696,
      "d_mean_volume": 0.1220069298245614,
      "p_median_volume": 0.07822500000000002,
      "d_median_volume": 0.07193,
      "p_std_volume": 0.14705131440446254,
      "d_std_volume": 0.1143660703329267,
      "p_total_volume": 61.24471,
      "d_total_volume": 27.81758,
      "d_max_priority": 0,
      "used_volume": 0.7502353186172428,
      "used_weight": 0.4279545454545455,
      "unload_obs": 2,
      "hs_cond": 1,
      "p_cond": 1,
      "sub_cond": 1
    },
    {
      "iteration": 251,
      "time": "169.983971118927",
      "n_placed": 435,
      "n_discard": 217,
      "p_mean_weight": 20.908873563218393,