{
  "volume": [
    {
      "iteration": 300,
      "time": "71.5405924320221",
      "n_placed": 225,
      "n_discard": 87,
      "p_mean_weight": 45.1196,
      "d_mean_weight": 43.82873563218391,
      "p_median_weight": 42.0,
      "d_median_weight": 41.8,
      "p_std_weight": 23.97687396445047,
      "d_std_weight": 25.052311215135312,
      "p_total_weight": 10151.91,
      "d_total_weight": 3813.1,
      "p_mean_taxability": 97.8079700888889,
      "d_mean_taxability": 111.96612103448277,
      "p_total_taxability": 22006.793270000002,
      "d_total_taxability": 9741.05253,
      "p_mean_volume": 0.29323000000000005,
      "d_mean_volume": 0.33623459770114944,
      "p_median_volume": 0.27768000000000004,
      "d_median_volume": 0.3007,
      "p_std_volume": 0.16482659366578045,
      "d_std_volume": 0.2178487653876903,
      "p_total_volume": 65.97675000000001,
      "d_total_volume": 29.25241,
      "d_max_priority": 0,
      "used_volume": 0.8082018521694393,
      "used_weight": 0.4614504545454545,
      "unload_obs": 0,
      "hs_cond": 1,
      "p_cond": 1,
      "sub_cond": 1
    },
    {
      "iteration": 44,
      "time": "62.65250611305237",
      "n_placed": 225,
      "n_discard": 87,
      "p_mean_weight": 45.06982222222222,
      "d_mean_weight": 43.95747126436782,
      "p_median_weight": 42.0,
      "d_median_weight": 41.8,
      "p_std_weight": 24.047856396978144,
      "d_std_weight": 24.880760579602736,
      "p_total_weight": 10140.71,
      "d_total_weight": 3824.3,
      "p_mean_taxability": 97.64419328888891,
      "d_mean_taxability": 112.38968172413794,
      "p_total_taxability": 21969.943490000005,
      "d_total_taxability": 9777.902310000001,
      "p_mean_volume": 0.29273817777777783,
      "d_mean_volume": 0.33750655172413796,
      "p_median_volume": 0.27768000000000004,
      "d_median_volume": 0.3007,
      "p_std_volume": 0.1653888109656963,
      "d_std_volume": 0.21647536211830254,
      "p_total_volume": 65.86609000000001,
      "d_total_volume": 29.36307,
      "d_max_priority": 0,
      "used_volume": 0.8068462895362228,
      "used_weight": 0.4609413636363636,
      "unload_obs": 0,
      "hs_cond": 1,
      "p_cond": 1,
      "sub_cond": 1
    },
    {
      "iteration": 54,
      "time": "69.19284653663635",
      "n_placed": 224,
      "n_discard": 88,
      "p_mean_weight": 45.269642857142856,
      "d_mean_weight": 43.46147727272727,
      "p_median_weight": 42.05,
      "d_median_weight": 41.55,
      "p_std_weight": 23.929808172118477,
      "d_std_weight": 25.13203297985714,
      "p_total_weight": 10140.4,
      "d_total_weight": 3824.61,
      "p_mean_taxability": 98.04899017857144,
      "d_mean_taxability": 111.19172727272729,
      "p_total_taxability": 21962.973800000003,
      "d_total_taxability": 9784.872000000001,
      "p_mean_volume": 0.2939516071428572,
      "d_mean_volume": 0.33390909090909093,
      "p_median_volume": 0.27796000000000004,
      "d_median_volume": 0.30063000000000006,
      "p_std_volume": 0.1648931705479934,
      "d_std_volume": 0.21758410255398147,
      "p_total_volume": 65.84516,
      "d_total_volume": 29.384,
      "d_max_priority": 0,
      "used_volume": 0.8065899012666292,
      "used_weight": 0.4609272727272727,
      "unload_obs": 0,
      "hs_cond": 1,
      "p_cond": 1,
      "sub_cond": 1
    }
  ],
  "weight": [
    {
      "iteration": 316,
      "time": "32.54228472709656",
      "n_placed": 218,
      "n_discard": 94,
      "p_mean_weight": 46.80536697247706,
      "d_mean_weight": 40.01531914893617,
      "p_median_weight": 44.075,
      "d_median_weight": 37.0,
      "p_std_weight": 24.08335035144456,
      "d_std_weight": 24.0888515106335,
      "p_total_weight": 10203.57,
      "d_total_weight": 3761.44,
      "p_mean_taxability": 99.07360440366973,
      "d_mean_taxability": 107.97659617021274,
      "p_total_taxability": 21598.04576,
      "d_total_taxability": 10149.800039999998,
      "p_mean_volume": 0.29701504587155964,
      "d_mean_volume": 0.32425404255319157,
      "p_median_volume": 0.285505,
      "d_median_volume": 0.29984500000000003,
      "p_std_volume": 0.16321361625238937,
      "d_std_volume": 0.21883585700820216,
      "p_total_volume": 64.74928,
      "d_total_volume": 30.479880000000005,
      "d_max_priority": 0,
      "used_volume": 0.7931655927677194,
      "used_weight": 0.46379863636363633,
      "unload_obs": 0,
      "hs_cond": 1,
      "p_cond": 1,
      "sub_cond": 1
    },
    {
      "iteration": 84,
      "time": "69.21440148353577",
      "n_placed": 218,
      "n_discard": 94,
      "p_mean_weight": 46.76866972477064,
      "d_mean_weight": 40.1004255319149,
      "p_median_weight": 44.075,
      "d_median_weight": 37.0,
      "p_std_weight": 24.130432543158207,
      "d_std_weight": 24.002786886351327,
      "p_total_weight": 10195.57,
      "d_total_weight": 3769.4400000000005,
      "p_mean_taxability": 98.97643866972479,
      "d_mean_taxability": 108.20193797872338,
      "p_total_taxability": 21576.863630000003,
      "d_total_taxability": 10170.982169999997,
      "p_mean_volume": 0.296723256880734,
      "d_mean_volume": 0.32493074468085115,
      "p_median_volume": 0.285505,
      "d_median_volume": 0.29984500000000003,
      "p_std_volume": 0.16348041876836583,
      "d_std_volume": 0.21828382501924162,
      "p_total_volume": 64.68567,
      "d_total_volume": 30.543490000000006,
      "d_max_priority": 0,
      "used_volume": 0.7923863831246785,
      "used_weight": 0.463435,
      "unload_obs": 0,
      "hs_cond": 1,
      "p_cond": 1,
      "sub_cond": 1
    },
    {
      "iteration": 321,
      "time": "52.01498484611511",
      "n_placed": 220,
      "n_discard": 92,
      "p_mean_weight": 46.31318181818182,
      "d_mean_weight": 41.044673913043475,
      "p_median_weight": 44.0,
      "d_median_weight": 38.05,
      "p_std_weight": 24.132087694529694,
      "d_std_weight": 24.251023291022783,
      "p_total_weight": 10188.9,
      "d_total_weight": 3776.1099999999997,
      "p_mean_taxability": 98.02240413636366,
      "d_mean_taxability": 110.68387923913043,
      "p_total_taxability": 21564.928910000006,
      "d_total_taxability": 10182.91689,
      "p_mean_volume": 0.29386286363636366,
      "d_mean_volume": 0.33238402173913045,
      "p_median_volume": 0.28301000000000004,
      "d_median_volume": 0.30063000000000006,
      "p_std_volume": 0.16185022269598306,
      "d_std_volume": 0.22113444631577447,
      "p_total_volume": 64.64983000000001,
      "d_total_volume": 30.579330000000002,
      "d_max_priority": 0,
      "used_volume": 0.791947350368719,
      "used_weight": 0.46313181818181814,
      "unload_obs": 0,
      "hs_cond": 1,
      "p_cond": 1,
      "sub_cond": 1
    }
  ],
  "taxability": [
    {
      "iteration": 300,
      "time": "71.5405924320221",
      "n_placed": 225,
      "n_discard": 87,
      "p_mean_weight": 45.1196,
      "d_mean_weight": 43.82873563218391,
      "p_median_weight": 42.0,
      "d_median_weight": 41.8,
      "p_std_weight": 23.97687396445047,
      "d_std_weight": 25.052311215135312,
      "p_total_weight": 10151.91,
      "d_total_weight": 3813.1,
      "p_mean_taxability": 97.8079700888889,
      "d_mean_taxability": 111.96612103448277,
      "p_total_taxability": 22006.793270000002,
      "d_total_taxability": 9741.05253,
      "p_mean_volume": 0.29323000000000005,
      "d_mean_volume": 0.33623459770114944,
      "p_median_volume": 0.27768000000000004,
      "d_median_volume": 0.3007,
      "p_std_volume": 0.16482659366578045,
      "d_std_volume": 0.2178487653876903,
      "p_total_volume": 65.97675000000001,
      "d_total_volume": 29.25241,
      "d_max_priority": 0,
      "used_volume": 0.8082018521694393,
      "used_weight": 0.4614504545454545,
      "unload_obs": 0,
      "hs_cond": 1,
      "p_cond": 1,
      "sub_cond": 1
    },
    {
      "iteration": 44,
      "time": "62.65250611305237",
      "n_placed": 225,