{
  "volume": [
    {
      "iteration": 350,
      "time": "142.94769501686096",
      "n_placed": 325,
      "n_discard": 191,
      "p_mean_weight": 32.558861538461535,
      "d_mean_weight": 14.761675392670158,
      "p_median_weight": 22.0,
      "d_median_weight": 8.9,
      "p_std_weight": 25.64427289555858,
      "d_std_weight": 12.969730846510178,
      "p_total_weight": 10581.63,
      "d_total_weight": 2819.48,
      "p_mean_taxability": 70.51343815384617,
      "d_mean_taxability": 40.700462984293196,
      "p_total_taxability": 22916.867400000003,
      "d_total_taxability": 7773.7884300000005,
      "p_mean_volume": 0.2112070153846154,
      "d_mean_volume": 0.12222361256544505,
      "p_median_volume": 0.15153000000000003,
      "d_median_volume": 0.07108,
      "p_std_volume": 0.19137414028647018,
      "d_std_volume": 0.11391172042667469,
      "p_total_volume": 68.64228,
      "d_total_volume": 23.344710000000003,
      "d_max_priority": 1,
      "used_volume": 0.8408540559080775,
      "used_weight": 0.4809831818181818,
      "unload_obs": 0,
      "hs_cond": 1,
      "p_cond": 0,
      "sub_cond": 0
    },
    {
      "iteration": 263,
      "time": "300.6172032356262",
      "n_placed": 323,
      "n_discard": 193,
      "p_mean_weight": 32.72721362229102,
      "d_mean_weight": 14.66435233160622,
      "p_median_weight": 22.6,
      "d_median_weight": 9.0,
      "p_std_weight": 25.664874374990372,
      "d_std_weight": 12.833567992451771,
      "p_total_weight": 10570.89,
      "d_total_weight": 2830.2200000000007,
      "p_mean_taxability": 70.93044501547989,
      "d_mean_taxability": 40.31151341968912,
      "p_total_taxability": 22910.533740000003,
      "d_total_taxability": 7780.122090000001,
      "p_mean_volume": 0.2124559133126935,
      "d_mean_volume": 0.12105559585492229,
      "p_median_volume": 0.15915,
      "d_median_volume": 0.07267000000000001,
      "p_std_volume": 0.19164869469170914,
      "d_std_volume": 0.11291778585445837,
      "p_total_volume": 68.62326,
      "d_total_volume": 23.36373,
      "d_max_priority": 1,
      "used_volume": 0.8406210647524316,
      "used_weight": 0.48049499999999995,
      "unload_obs": 0,
      "hs_cond": 1,
      "p_cond": 0,
      "sub_cond": 0
    },
    {
      "iteration": 328,
      "time": "182.01605892181396",
      "n_placed": 318,
      "n_discard": 198,
      "p_mean_weight": 33.18943396226415,
      "d_mean_weight": 14.378131313131314,
      "p_median_weight": 25.884999999999998,
      "d_median_weight": 9.0,
      "p_std_weight": 25.735411027437383,
      "d_std_weight": 12.341132250375086,
      "p_total_weight": 10554.239999999998,
      "d_total_weight": 2846.8700000000003,
      "p_mean_taxability": 72.03933679245283,
      "d_mean_taxability": 39.303771363636365,
      "p_total_taxability": 22908.5091,
      "d_total_taxability": 7782.14673,
      "p_mean_volume": 0.2157772955974843,
      "d_mean_volume": 0.11802934343434346,
      "p_median_volume": 0.18,
      "d_median_volume": 0.07441,
      "p_std_volume": 0.19285381238721883,
      "d_std_volume": 0.10871221751313224,
      "p_total_volume": 68.61718,
      "d_total_volume": 23.369810000000005,
      "d_max_priority": 0,
      "used_volume": 0.8405465859813314,
      "used_weight": 0.47973818181818173,
      "unload_obs": 0,
      "hs_cond": 1,
      "p_cond": 1,
      "sub_cond": 1
    }
  ],
  "weight": [
    {
      "iteration": 350,
      "time": "142.94769501686096",
      "n_placed": 325,
      "n_discard": 191,
      "p_mean_weight": 32.558861538461535,
      "d_mean_weight": 14.761675392670158,
      "p_median_weight": 22.0,
      "d_median_weight": 8.9,
      "p_std_weight": 25.64427289555858,
      "d_std_weight": 12.969730846510178,
      "p_total_weight": 10581.63,
      "d_total_weight": 2819.48,
      "p_mean_taxability": 70.51343815384617,
      "d_mean_taxability": 40.700462984293196,
      "p_total_taxability": 22916.867400000003,
      "d_total_taxability": 7773.7884300000005,
      "p_mean_volume": 0.2112070153846154,
      "d_mean_volume": 0.12222361256544505,
      "p_median_volume": 0.15153000000000003,
      "d_median_volume": 0.07108,
      "p_std_volume": 0.19137414028647018,
      "d_std_volume": 0.11391172042667469,
      "p_total_volume": 68.64228,
      "d_total_volume": 23.344710000000003,
      "d_max_priority": 1,
      "used_volume": 0.8408540559080775,
      "used_weight": 0.4809831818181818,
      "unload_obs": 0,
      "hs_cond": 1,
      "p_cond": 0,
      "sub_cond": 0
    },
    {
      "iteration": 263,
      "time": "300.6172032356262",
      "n_placed": 323,
      "n_discard": 193,
      "p_mean_weight": 32.72721362229102,
      "d_mean_weight": 14.66435233160622,
      "p_median_weight": 22.6,
      "d_median_weight": 9.0,
      "p_std_weight": 25.664874374990372,
      "d_std_weight": 12.833567992451771,
      "p_total_weight": 10570.89,
      "d_total_weight": 2830.2200000000007,
      "p_mean_taxability": 70.93044501547989,
      "d_mean_taxability": 40.31151341968912,
      "p_total_taxability": 22910.533740000003,
      "d_total_taxability": 7780.122090000001,
      "p_mean_volume": 0.2124559133126935,
      "d_mean_volume": 0.12105559585492229,
      "p_median_volume": 0.15915,
      "d_median_volume": 0.07267000000000001,
      "p_std_volume": 0.19164869469170914,
      "d_std_volume": 0.11291778585445837,
      "p_total_volume": 68.62326,
      "d_total_volume": 23.36373,
      "d_max_priority": 1,
      "used_volume": 0.8406210647524316,
      "used_weight": 0.48049499999999995,
      "unload_obs": 0,
      "hs_cond": 1,
      "p_cond": 0,
      "sub_cond": 0
    },
    {
      "iteration": 328,
      "time": "182.01605892181396",
      "n_placed": 318,
      "n_discard": 198,
      "p_mean_weight": 33.18943396226415,
      "d_mean_weight": 14.378131313131314,
      "p_median_weight": 25.884999999999998,
      "d_median_weight": 9.0,
      "p_std_weight": 25.735411027437383,
      "d_std_weight": 12.341132250375086,
      "p_total_weight": 10554.239999999998,
      "d_total_weight": 2846.8700000000003,
      "p_mean_taxability": 72.03933679245283,
      "d_mean_taxability": 39.303771363636365,
      "p_total_taxability": 22908.5091,
      "d_total_taxability": 7782.14673,
      "p_mean_volume": 0.2157772955974843,
      "d_mean_volume": 0.11802934343434346,
      "p_median_volume": 0.18,
      "d_median_volume": 0.07441,
      "p_std_volume": 0.19285381238721883,
      "d_std_volume": 0.10871221751313224,
      "p_total_volume": 68.61718,
      "d_total_volume": 23.369810000000005,
      "d_max_priority": 0,
      "used_volume": 0.8405465859813314,
      "used_weight": 0.47973818181818173,
      "unload_obs": 0,
      "hs_cond": 1,
      "p_cond": 1,
      "sub_cond": 1
    }
  ],
  "taxability": [
    {
      "iteration": 350,
      "time": "142.94769501686096",
      "n_placed": 325,
      "n_discard": 191,
      "p_mean_weight": 32.558861538461535,
      "d_mean_weight": 14.761675392670158,
      "p_median_weight": 22.0,
      "d_median_weight": 8.9,
      "p_std_weight": 25.64427289555858,
      "d_std_weight": 12.969730846510178,
      "p_total_weight": 10581.63,
      "d_total_weight": 2819.48,
      "p_mean_taxability": 70.51343815384617,
      "d_mean_taxability": 40.700462984293196,
      "p_total_taxability": 22916.867400000003,
      "d_total_taxability": 7773.7884300000005,
      "p_mean_volume": 0.2112070153846154,
      "d_mean_volume": 0.12222361256544505,
      "p_median_volume": 0.15153000000000003,
      "d_median_volume": 0.07108,
      "p_std_volume": 0.19137414028647018,
      "d_std_volume": 0.11391172042667469,
      "p_total_volume": 68.64228,
      "d_total_volume": 23.344710000000003,
      "d_max_priority": 1,
      "used_volume": 0.8408540559080775,
      "used_weight": 0.4809831818181818,
      "unload_obs": 0,
      "hs_cond": 1,
      "p_cond": 0,
      "sub_cond": 0
    },
    {
      "iteration": 263,