{
  "volume": [
    {
      "iteration": 334,
      "time": "73.45827507972717",
      "n_placed": 267,
      "n_discard": 186,
      "p_mean_weight": 36.378127340823966,
      "d_mean_weight": 24.576075268817203,
      "p_median_weight": 31.0,
      "d_median_weight": 15.0,
      "p_std_weight": 27.36858110714382,
      "d_std_weight": 19.744939335892823,
      "p_total_weight": 9712.96,
      "d_total_weight": 4571.15,
      "p_mean_taxability": 78.4517990636704,
      "d_mean_taxability": 61.25778483870968,
      "p_total_taxability": 20946.63035,
      "d_total_taxability": 11393.94798,
      "p_mean_volume": 0.23394093632958804,
      "d_mean_volume": 0.18395731182795702,
      "p_median_volume": 0.19933,
      "d_median_volume": 0.11456000000000001,
      "p_std_volume": 0.2011121062509638,
      "d_std_volume": 0.1382730777621434,
      "p_total_volume": 62.462230000000005,
      "d_total_volume": 34.216060000000006,
      "d_max_priority": 1,
      "used_volume": 0.7651496925300734,
      "used_weight": 0.4414981818181818,
      "unload_obs": 1,
      "hs_cond": 1,
      "p_cond": 0,
      "sub_cond": 0
    },
    {
      "iteration": 86,
      "time": "90.03209352493286",
      "n_placed": 276,
      "n_discard": 177,
      "p_mean_weight": 35.11554347826087,
      "d_mean_weight": 25.94474576271186,
      "p_median_weight": 26.4,
      "d_median_weight": 15.3,
      "p_std_weight": 27.11886079790751,
      "d_std_weight": 20.687791636719332,
      "p_total_weight": 9691.89,
      "d_total_weight": 4592.219999999999,
      "p_mean_taxability": 75.81833746376812,
      "d_mean_taxability": 64.48992762711865,
      "p_total_taxability": 20925.86114,
      "d_total_taxability": 11414.71719,
      "p_mean_volume": 0.22608644927536234,
      "d_mean_volume": 0.19366344632768362,
      "p_median_volume": 0.18072,
      "d_median_volume": 0.13546000000000002,
      "p_std_volume": 0.1992512153157442,
      "d_std_volume": 0.14179233540474823,
      "p_total_volume": 62.399860000000004,
      "d_total_volume": 34.27843,
      "d_max_priority": 1,
      "used_volume": 0.7643856726364016,
      "used_weight": 0.44054045454545454,
      "unload_obs": 0,
      "hs_cond": 1,
      "p_cond": 0,
      "sub_cond": 0
    },
    {
      "iteration": 225,
      "time": "92.83401346206665",
      "n_placed": 283,
      "n_discard": 170,
      "p_mean_weight": 34.0564664310954,
      "d_mean_weight": 27.330176470588235,
      "p_median_weight": 23.2,
      "d_median_weight": 20.32,
      "p_std_weight": 27.7372519607632,
      "d_std_weight": 19.592897803729088,
      "p_total_weight": 9637.98,
      "d_total_weight": 4646.13,
      "p_mean_taxability": 73.67306572438162,
      "d_mean_taxability": 67.59471017647058,
      "p_total_taxability": 20849.4776,
      "d_total_taxability": 11491.10073,
      "p_mean_volume": 0.2196836749116608,
      "d_mean_volume": 0.20298711764705887,
      "p_median_volume": 0.1665,
      "d_median_volume": 0.174875,
      "p_std_volume": 0.20144028922920312,
      "d_std_volume": 0.13537131063312663,
      "p_total_volume": 62.170480000000005,
      "d_total_volume": 34.507810000000006,
      "d_max_priority": 1,
      "used_volume": 0.761575813999069,
      "used_weight": 0.43809,
      "unload_obs": 1,
      "hs_cond": 1,
      "p_cond": 0,
      "sub_cond": 0
    }
  ],
  "weight": [
    {
      "iteration": 334,
      "time": "73.45827507972717",
      "n_placed": 267,
      "n_discard": 186,
      "p_mean_weight": 36.378127340823966,
      "d_mean_weight": 24.576075268817203,
      "p_median_weight": 31.0,
      "d_median_weight": 15.0,
      "p_std_weight": 27.36858110714382,
      "d_std_weight": 19.744939335892823,
      "p_total_weight": 9712.96,
      "d_total_weight": 4571.15,
      "p_mean_taxability": 78.4517990636704,
      "d_mean_taxability": 61.25778483870968,
      "p_total_taxability": 20946.63035,
      "d_total_taxability": 11393.94798,
      "p_mean_volume": 0.23394093632958804,
      "d_mean_volume": 0.18395731182795702,
      "p_median_volume": 0.19933,
      "d_median_volume": 0.11456000000000001,
      "p_std_volume": 0.2011121062509638,
      "d_std_volume": 0.1382730777621434,
      "p_total_volume": 62.462230000000005,
      "d_total_volume": 34.216060000000006,
      "d_max_priority": 1,
      "used_volume": 0.7651496925300734,
      "used_weight": 0.4414981818181818,
      "unload_obs": 1,
      "hs_cond": 1,
      "p_cond": 0,
      "sub_cond": 0
    },
    {
      "iteration": 86,
      "time": "90.03209352493286",
      "n_placed": 276,
      "n_discard": 177,
      "p_mean_weight": 35.11554347826087,
      "d_mean_weight": 25.94474576271186,
      "p_median_weight": 26.4,
      "d_median_weight": 15.3,
      "p_std_weight": 27.11886079790751,
      "d_std_weight": 20.687791636719332,
      "p_total_weight": 9691.89,
      "d_total_weight": 4592.219999999999,
      "p_mean_taxability": 75.81833746376812,
      "d_mean_taxability": 64.48992762711865,
      "p_total_taxability": 20925.86114,
      "d_total_taxability": 11414.71719,
      "p_mean_volume": 0.22608644927536234,
      "d_mean_volume": 0.19366344632768362,
      "p_median_volume": 0.18072,
      "d_median_volume": 0.13546000000000002,
      "p_std_volume": 0.1992512153157442,
      "d_std_volume": 0.14179233540474823,
      "p_total_volume": 62.399860000000004,
      "d_total_volume": 34.27843,
      "d_max_priority": 1,
      "used_volume": 0.7643856726364016,
      "used_weight": 0.44054045454545454,
      "unload_obs": 0,
      "hs_cond": 1,
      "p_cond": 0,
      "sub_cond": 0
    },
    {
      "iteration": 352,
      "time": "42.214338302612305",
      "n_placed": 259,
      "n_discard": 194,
      "p_mean_weight": 37.32289575289575,
      "d_mean_weight": 23.80144329896907,
      "p_median_weight": 32.0,
      "d_median_weight": 14.155,
      "p_std_weight": 27.22285328188285,
      "d_std_weight": 19.73402508594289,
      "p_total_weight": 9666.63,
      "d_total_weight": 4617.48,
      "p_mean_taxability": 80.48070494208494,
      "d_mean_taxability": 59.258122422680415,
      "p_total_taxability": 20844.50258,
      "d_total_taxability": 11496.07575,
      "p_mean_volume": 0.23998277992277997,
      "d_mean_volume": 0.1779523195876289,
      "p_median_volume": 0.21726,
      "d_median_volume": 0.10599000000000001,
      "p_std_volume": 0.20178706817376718,
      "d_std_volume": 0.13728698280216972,
      "p_total_volume": 62.15554000000001,
      "d_total_volume": 34.52275,
      "d_max_priority": 1,
      "used_volume": 0.7613928020187668,
      "used_weight": 0.4393922727272727,
      "unload_obs": 0,
      "hs_cond": 1,
      "p_cond": 0,
      "sub_cond": 0
    }
  ],
  "taxability": [
    {
      "iteration": 334,
      "time": "73.45827507972717",
      "n_placed": 267,
      "n_discard": 186,
      "p_mean_weight": 36.378127340823966,
      "d_mean_weight": 24.576075268817203,
      "p_median_weight": 31.0,
      "d_median_weight": 15.0,
      "p_std_weight": 27.36858110714382,
      "d_std_weight": 19.744939335892823,
      "p_total_weight": 9712.96,
      "d_total_weight": 4571.15,
      "p_mean_taxability": 78.4517990636704,
      "d_mean_taxability": 61.25778483870968,
      "p_total_taxability": 20946.63035,
      "d_total_taxability": 11393.94798,
      "p_mean_volume": 0.23394093632958804,
      "d_mean_volume": 0.18395731182795702,
      "p_median_volume": 0.19933,
      "d_median_volume": 0.11456000000000001,
      "p_std_volume": 0.2011121062509638,
      "d_std_volume": 0.1382730777621434,
      "p_total_volume": 62.462230000000005,
      "d_total_volume": 34.216060000000006,
      "d_max_priority": 1,
      "used_volume": 0.7651496925300734,
      "used_weight": 0.4414981818181818,
      "unload_obs": 1,
      "hs_cond": 1,
      "p_cond": 0,
      "sub_cond": 0
    },
    {
      "iteration": 86,
      "time": "90.03209352493286",
      "n_placed": 276,
      "n_discard": 177,