{
  "volume": [
    {
      "iteration": 206,
      "time": "137.749596118927",
      "n_placed": 297,
      "n_discard": 154,
      "p_mean_weight": 35.14875420875421,
      "d_mean_weight": 24.496818181818185,
      "p_median_weight": 28.3,
      "d_median_weight": 18.55,
      "p_std_weight": 27.21323041447688,
      "d_std_weight": 18.247551566604116,
      "p_total_weight": 10439.18,
      "d_total_weight": 3772.51,
      "p_mean_taxability": 75.57654067340069,
      "d_mean_taxability": 62.37887902597404,
      "p_total_taxability": 22446.232580000004,
      "d_total_taxability": 9606.347370000001,
      "p_mean_volume": 0.22554646464646466,
      "d_mean_volume": 0.1873239610389611,
      "p_median_volume": 0.1872,
      "d_median_volume": 0.13176500000000002,
      "p_std_volume": 0.1959315993459359,
      "d_std_volume": 0.13558652312392658,
      "p_total_volume": 66.9873,
      "d_total_volume": 28.847890000000007,
      "d_max_priority": 0,
      "used_volume": 0.8205808854153906,
      "used_weight": 0.47450818181818183,
      "unload_obs": 0,
      "hs_cond": 1,
      "p_cond": 1,
      "sub_cond": 1
    },
    {
      "iteration": 220,
      "time": "134.7789750099182",
      "n_placed": 297,
      "n_discard": 154,
      "p_mean_weight": 35.14457912457912,
      "d_mean_weight": 24.504870129870135,
      "p_median_weight": 28.3,
      "d_median_weight": 18.55,
      "p_std_weight": 27.219189336752265,
      "d_std_weight": 18.2350810445684,
      "p_total_weight": 10437.939999999999,
      "d_total_weight": 3773.7500000000005,
      "p_mean_taxability": 75.56314218855219,
      "d_mean_taxability": 62.40471896103897,
      "p_total_taxability": 22442.253230000002,
      "d_total_taxability": 9610.326720000001,
      "p_mean_volume": 0.225506228956229,
      "d_mean_volume": 0.18740155844155848,
      "p_median_volume": 0.1872,
      "d_median_volume": 0.13176500000000002,
      "p_std_volume": 0.19597068438700105,
      "d_std_volume": 0.13549919876342165,
      "p_total_volume": 66.97535,
      "d_total_volume": 28.859840000000005,
      "d_max_priority": 0,
      "used_volume": 0.8204345003307446,
      "used_weight": 0.47445181818181814,
      "unload_obs": 0,
      "hs_cond": 1,
      "p_cond": 1,
      "sub_cond": 1
    },
    {
      "iteration": 96,
      "time": "135.4450488090515",
      "n_placed": 297,
      "n_discard": 154,
      "p_mean_weight": 35.14228956228956,
      "d_mean_weight": 24.509285714285717,
      "p_median_weight": 28.3,
      "d_median_weight": 18.55,
      "p_std_weight": 27.221846455924414,
      "d_std_weight": 18.229999125450124,
      "p_total_weight": 10437.26,
      "d_total_weight": 3774.4300000000003,
      "p_mean_taxability": 75.5288218855219,
      "d_mean_taxability": 62.47090811688312,
      "p_total_taxability": 22432.060100000002,
      "d_total_taxability": 9620.51985,
      "p_mean_volume": 0.225403164983165,
      "d_mean_volume": 0.18760032467532467,
      "p_median_volume": 0.1872,
      "d_median_volume": 0.13176500000000002,
      "p_std_volume": 0.19606507243550095,
      "d_std_volume": 0.1352909120291222,
      "p_total_volume": 66.94474000000001,
      "d_total_volume": 28.89045,
      "d_max_priority": 0,
      "used_volume": 0.8200595340176888,
      "used_weight": 0.4744209090909091,
      "unload_obs": 0,
      "hs_cond": 1,
      "p_cond": 1,
      "sub_cond": 1
    }
  ],
  "weight": [
    {
      "iteration": 84,
      "time": "64.60898208618164",
      "n_placed": 289,
      "n_discard": 162,
      "p_mean_weight": 36.4376124567474,
      "d_mean_weight": 22.72358024691358,
      "p_median_weight": 32.0,
      "d_median_weight": 19.33,
      "p_std_weight": 27.965492442360695,
      "d_std_weight": 15.138655003036892,
      "p_total_weight": 10530.47,
      "d_total_weight": 3681.2200000000003,
      "p_mean_taxability": 77.02000076124568,
      "d_mean_taxability": 60.45555388888889,
      "p_total_taxability": 22258.78022,
      "d_total_taxability": 9793.79973,
      "p_mean_volume": 0.22984214532871977,
      "d_mean_volume": 0.18154820987654324,
      "p_median_volume": 0.19843000000000002,
      "d_median_volume": 0.13833,
      "p_std_volume": 0.2017455571301893,
      "d_std_volume": 0.12107155424924697,
      "p_total_volume": 66.42438000000001,
      "d_total_volume": 29.410810000000005,
      "d_max_priority": 0,
      "used_volume": 0.8136852291937184,
      "used_weight": 0.47865772727272726,
      "unload_obs": 0,
      "hs_cond": 1,
      "p_cond": 1,
      "sub_cond": 1
    },
    {
      "iteration": 349,
      "time": "71.5426549911499",
      "n_placed": 285,
      "n_discard": 166,
      "p_mean_weight": 36.9278596491228,
      "d_mean_weight": 22.212349397590362,
      "p_median_weight": 32.0,
      "d_median_weight": 15.0,
      "p_std_weight": 27.11247359847713,
      "d_std_weight": 17.43859713980612,
      "p_total_weight": 10524.439999999999,
      "d_total_weight": 3687.25,
      "p_mean_taxability": 77.40619333333335,
      "d_mean_taxability": 60.19165572289157,
      "p_total_taxability": 22060.765100000004,
      "d_total_taxability": 9991.81485,
      "p_mean_volume": 0.23098154385964917,
      "d_mean_volume": 0.1807557228915663,
      "p_median_volume": 0.20885,
      "d_median_volume": 0.125,
      "p_std_volume": 0.1890493366926902,
      "d_std_volume": 0.15392608361991536,
      "p_total_volume": 65.82974000000002,
      "d_total_volume": 30.005450000000007,
      "d_max_priority": 0,
      "used_volume": 0.8064010093833454,
      "used_weight": 0.4783836363636363,
      "unload_obs": 1,
      "hs_cond": 1,
      "p_cond": 1,
      "sub_cond": 1
    },
    {
      "iteration": 198,
      "time": "135.13843417167664",
      "n_placed": 278,
      "n_discard": 173,
      "p_mean_weight": 37.69039568345324,
      "d_mean_weight": 21.58242774566474,
      "p_median_weight": 33.05,
      "d_median_weight": 13.0,
      "p_std_weight": 26.82874361498117,
      "d_std_weight": 17.818347413183414,
      "p_total_weight": 10477.93,
      "d_total_weight": 3733.76,
      "p_mean_taxability": 79.18596719424461,
      "d_mean_taxability": 58.028214277456655,
      "p_total_taxability": 22013.698880000004,
      "d_total_taxability": 10038.881070000001,
      "p_mean_volume": 0.23628920863309352,
      "d_mean_volume": 0.17425890173410405,
      "p_median_volume": 0.227145,
      "d_median_volume": 0.10599000000000001,
      "p_std_volume": 0.1885337793558922,
      "d_std_volume": 0.15378536950877217,
      "p_total_volume": 65.6884,
      "d_total_volume": 30.146790000000003,
      "d_max_priority": 0,
      "used_volume": 0.8046696229512214,
      "used_weight": 0.4762695454545455,
      "unload_obs": 1,
      "hs_cond": 1,
      "p_cond": 1,
      "sub_cond": 1
    }
  ],
  "taxability": [
    {
      "iteration": 206,
      "time": "137.749596118927",
      "n_placed": 297,
      "n_discard": 154,
      "p_mean_weight": 35.14875420875421,
      "d_mean_weight": 24.496818181818185,
      "p_median_weight": 28.3,
      "d_median_weight": 18.55,
      "p_std_weight": 27.21323041447688,
      "d_std_weight": 18.247551566604116,
      "p_total_weight": 10439.18,
      "d_total_weight": 3772.51,
      "p_mean_taxability": 75.57654067340069,
      "d_mean_taxability": 62.37887902597404,
      "p_total_taxability": 22446.232580000004,
      "d_total_taxability": 9606.347370000001,
      "p_mean_volume": 0.22554646464646466,
      "d_mean_volume": 0.1873239610389611,
      "p_median_volume": 0.1872,
      "d_median_volume": 0.13176500000000002,
      "p_std_volume": 0.1959315993459359,
      "d_std_volume": 0.13558652312392658,
      "p_total_volume": 66.9873,
      "d_total_volume": 28.847890000000007,
      "d_max_priority": 0,
      "used_volume": 0.8205808854153906,
      "used_weight": 0.47450818181818183,
      "unload_obs": 0,
      "hs_cond": 1,
      "p_cond": 1,
      "sub_cond": 1
    },
    {
      "iteration": 220,