{
  "volume": [
    {
      "iteration": 64,
      "time": "31.44473934173584",
      "n_placed": 206,
      "n_discard": 106,
      "p_mean_weight": 44.12674757281554,
      "d_mean_weight": 42.0338679245283,
      "p_median_weight": 39.7,
      "d_median_weight": 38.85,
      "p_std_weight": 26.57958730073575,
      "d_std_weight": 19.69773734024411,
      "p_total_weight": 9090.11,
      "d_total_weight": 4455.59,
      "p_mean_taxability": 98.08344635922332,
      "d_mean_taxability": 102.12227235849058,
      "p_total_taxability": 20205.189950000004,
      "d_total_taxability": 10824.96087,
      "p_mean_volume": 0.2944209223300971,
      "d_mean_volume": 0.3066734905660378,
      "p_median_volume": 0.27768000000000004,
      "d_median_volume": 0.29833000000000004,
      "p_std_volume": 0.20260624780924275,
      "d_std_volume": 0.1459275593217562,
      "p_total_volume": 60.650710000000004,
      "d_total_volume": 32.50739000000001,
      "d_max_priority": 0,
      "used_volume": 0.7429589386775118,
      "used_weight": 0.4131868181818182,
      "unload_obs": 3,
      "hs_cond": 1,
      "p_cond": 1,
      "sub_cond": 1
    },
    {
      "iteration": 294,
      "time": "29.892887353897095",
      "n_placed": 207,
      "n_discard": 105,
      "p_mean_weight": 42.63647342995169,
      "d_mean_weight": 44.95190476190476,
      "p_median_weight": 36.36,
      "d_median_weight": 43.5,
      "p_std_weight": 27.632212481615454,
      "d_std_weight": 16.470065742666772,
      "p_total_weight": 8825.75,
      "d_total_weight": 4719.95,
      "p_mean_taxability": 97.41925632850241,
      "d_mean_taxability": 103.47014057142857,
      "p_total_taxability": 20165.78606,
      "d_total_taxability": 10864.36476,
      "p_mean_volume": 0.29242695652173917,
      "d_mean_volume": 0.3107211428571429,
      "p_median_volume": 0.26624000000000003,
      "d_median_volume": 0.30739000000000005,
      "p_std_volume": 0.218584574531728,
      "d_std_volume": 0.08747185512532551,
      "p_total_volume": 60.53238,
      "d_total_volume": 32.62572000000001,
      "d_max_priority": 0,
      "used_volume": 0.7415094200945684,
      "used_weight": 0.4011704545454545,
      "unload_obs": 1,
      "hs_cond": 1,
      "p_cond": 1,
      "sub_cond": 1
    },
    {
      "iteration": 171,
      "time": "32.41401290893555",
      "n_placed": 223,
      "n_discard": 89,
      "p_mean_weight": 41.07161434977579,
      "d_mean_weight": 49.28910112359551,
      "p_median_weight": 36.5,
      "d_median_weight": 44.0,
      "p_std_weight": 23.62560151470614,
      "d_std_weight": 25.598480674040076,
      "p_total_weight": 9158.970000000001,
      "d_total_weight": 4386.7300000000005,
      "p_mean_taxability": 90.32428798206278,
      "d_mean_taxability": 122.33522022471912,
      "p_total_taxability": 20142.31622,
      "d_total_taxability": 10887.834600000002,
      "p_mean_volume": 0.2711295964125561,
      "d_mean_volume": 0.3673730337078652,
      "p_median_volume": 0.26612,
      "d_median_volume": 0.33434,
      "p_std_volume": 0.16036819298978636,
      "d_std_volume": 0.22266357090914135,
      "p_total_volume": 60.4619,
      "d_total_volume": 32.696200000000005,
      "d_max_priority": 0,
      "used_volume": 0.7406460543401033,
      "used_weight": 0.41631681818181826,
      "unload_obs": 0,
      "hs_cond": 1,
      "p_cond": 1,
      "sub_cond": 1
    }
  ],
  "weight": [
    {
      "iteration": 125,
      "time": "14.711642026901245",
      "n_placed": 215,
      "n_discard": 97,
      "p_mean_weight": 42.8653488372093,
      "d_mean_weight": 44.63556701030928,
      "p_median_weight": 38.7,
      "d_median_weight": 40.1,
      "p_std_weight": 24.278366312191576,
      "d_std_weight": 24.900736977424994,
      "p_total_weight": 9216.05,
      "d_total_weight": 4329.650000000001,
      "p_mean_taxability": 92.68716748837208,
      "d_mean_taxability": 114.45783309278352,
      "p_total_taxability": 19927.741009999998,
      "d_total_taxability": 11102.409810000001,
      "p_mean_volume": 0.2782210697674419,
      "d_mean_volume": 0.34371721649484543,
      "p_median_volume": 0.27115,
      "d_median_volume": 0.31017,
      "p_std_volume": 0.16602377723605966,
      "d_std_volume": 0.21593205183065434,
      "p_total_volume": 59.817530000000005,
      "d_total_volume": 33.34057000000001,
      "d_max_priority": 0,
      "used_volume": 0.7327526520812407,
      "used_weight": 0.4189113636363636,
      "unload_obs": 2,
      "hs_cond": 1,
      "p_cond": 1,
      "sub_cond": 1
    },
    {
      "iteration": 171,
      "time": "32.41401290893555",
      "n_placed": 223,
      "n_discard": 89,
      "p_mean_weight": 41.07161434977579,
      "d_mean_weight": 49.28910112359551,
      "p_median_weight": 36.5,
      "d_median_weight": 44.0,
      "p_std_weight": 23.62560151470614,
      "d_std_weight": 25.598480674040076,
      "p_total_weight": 9158.970000000001,
      "d_total_weight": 4386.7300000000005,
      "p_mean_taxability": 90.32428798206278,
      "d_mean_taxability": 122.33522022471912,
      "p_total_taxability": 20142.31622,
      "d_total_taxability": 10887.834600000002,
      "p_mean_volume": 0.2711295964125561,
      "d_mean_volume": 0.3673730337078652,
      "p_median_volume": 0.26612,
      "d_median_volume": 0.33434,
      "p_std_volume": 0.16036819298978636,
      "d_std_volume": 0.22266357090914135,
      "p_total_volume": 60.4619,
      "d_total_volume": 32.696200000000005,
      "d_max_priority": 0,
      "used_volume": 0.7406460543401033,
      "used_weight": 0.41631681818181826,
      "unload_obs": 0,
      "hs_cond": 1,
      "p_cond": 1,
      "sub_cond": 1
    },
    {
      "iteration": 314,
      "time": "26.35637903213501",
      "n_placed": 221,
      "n_discard": 91,
      "p_mean_weight": 41.299185520361995,
      "d_mean_weight": 48.555824175824185,
      "p_median_weight": 37.0,
      "d_median_weight": 42.0,
      "p_std_weight": 23.937746177551475,
      "d_std_weight": 25.03689664235273,
      "p_total_weight": 9127.12,
      "d_total_weight": 4418.580000000001,
      "p_mean_taxability": 89.45975099547513,
      "d_mean_taxability": 123.73127307692309,
      "p_total_taxability": 19770.604970000004,
      "d_total_taxability": 11259.54585,
      "p_mean_volume": 0.2685323529411765,
      "d_mean_volume": 0.3715653846153845,
      "p_median_volume": 0.25646,
      "d_median_volume": 0.33434,
      "p_std_volume": 0.15963786346228184,
      "d_std_volume": 0.22037240166645033,
      "p_total_volume": 59.345650000000006,
      "d_total_volume": 33.81244999999999,
      "d_max_priority": 0,
      "used_volume": 0.726972217458412,
      "used_weight": 0.41486909090909097,
      "unload_obs": 0,
      "hs_cond": 1,
      "p_cond": 1,
      "sub_cond": 1
    }
  ],
  "taxability": [
    {
      "iteration": 64,
      "time": "31.44473934173584",
      "n_placed": 206,
      "n_discard": 106,
      "p_mean_weight": 44.12674757281554,
      "d_mean_weight": 42.0338679245283,
      "p_median_weight": 39.7,
      "d_median_weight": 38.85,
      "p_std_weight": 26.57958730073575,
      "d_std_weight": 19.69773734024411,
      "p_total_weight": 9090.11,
      "d_total_weight": 4455.59,
      "p_mean_taxability": 98.08344635922332,
      "d_mean_taxability": 102.12227235849058,
      "p_total_taxability": 20205.189950000004,
      "d_total_taxability": 10824.96087,
      "p_mean_volume": 0.2944209223300971,
      "d_mean_volume": 0.3066734905660378,
      "p_median_volume": 0.27768000000000004,
      "d_median_volume": 0.29833000000000004,
      "p_std_volume": 0.20260624780924275,
      "d_std_volume": 0.1459275593217562,
      "p_total_volume": 60.650710000000004,
      "d_total_volume": 32.50739000000001,
      "d_max_priority": 0,
      "used_volume": 0.7429589386775118,
      "used_weight": 0.4131868181818182,
      "unload_obs": 3,
      "hs_cond": 1,
      "p_cond": 1,
      "sub_cond": 1
    },
    {
      "iteration": 294,