{
  "volume": [
    {
      "iteration": 77,
      "time": "163.3917191028595",
      "n_placed": 321,
      "n_discard": 180,
      "p_mean_weight": 32.3713707165109,
      "d_mean_weight": 15.829555555555554,
      "p_median_weight": 22.96,
      "d_median_weight": 9.6,
      "p_std_weight": 24.347111340265084,
      "d_std_weight": 12.985010818117058,
      "p_total_weight": 10391.21,
      "d_total_weight": 2849.3199999999997,
      "p_mean_taxability": 69.21306183800624,
      "d_mean_taxability": 42.177336000000004,
      "p_total_taxability": 22217.392850000004,
      "d_total_taxability": 7591.920480000001,
      "p_mean_volume": 0.20687485981308415,
      "d_mean_volume": 0.12665866666666667,
      "p_median_volume": 0.16482000000000002,
      "d_median_volume": 0.07657,
      "p_std_volume": 0.16949328859149088,
      "d_std_volume": 0.10661852918087332,
      "p_total_volume": 66.40683000000001,
      "d_total_volume": 22.798560000000002,
      "d_max_priority": 1,
      "used_volume": 0.8134702452409537,
      "used_weight": 0.47232772727272726,
      "unload_obs": 0,
      "hs_cond": 1,
      "p_cond": 0,
      "sub_cond": 0
    },
    {
      "iteration": 139,
      "time": "162.64622592926025",
      "n_placed": 336,
      "n_discard": 165,
      "p_mean_weight": 30.72300595238095,
      "d_mean_weight": 17.682424242424243,
      "p_median_weight": 20.04,
      "d_median_weight": 10.15,
      "p_std_weight": 24.492683029469312,
      "d_std_weight": 13.891413831340389,
      "p_total_weight": 10322.93,
      "d_total_weight": 2917.6,
      "p_mean_taxability": 66.01171729166667,
      "d_mean_taxability": 46.23864436363637,
      "p_total_taxability": 22179.93701,
      "d_total_taxability": 7629.37632,
      "p_mean_volume": 0.1973046130952381,
      "d_mean_volume": 0.13885478787878788,
      "p_median_volume": 0.131675,
      "d_median_volume": 0.08014,
      "p_std_volume": 0.1689425685506959,
      "d_std_volume": 0.11126636431350759,
      "p_total_volume": 66.29435000000001,
      "d_total_volume": 22.91104,
      "d_max_priority": 1,
      "used_volume": 0.8120923879755985,
      "used_weight": 0.4692240909090909,
      "unload_obs": 0,
      "hs_cond": 1,
      "p_cond": 0,
      "sub_cond": 0
    },
    {
      "iteration": 153,
      "time": "167.09594702720642",
      "n_placed": 338,
      "n_discard": 163,
      "p_mean_weight": 30.565029585798822,
      "d_mean_weight": 17.849999999999998,
      "p_median_weight": 20.0,
      "d_median_weight": 10.2,
      "p_std_weight": 24.503122095609704,
      "d_std_weight": 13.903250663508361,
      "p_total_weight": 10330.980000000001,
      "d_total_weight": 2909.5499999999997,
      "p_mean_taxability": 65.61842579881657,
      "d_mean_taxability": 46.81156693251534,
      "p_total_taxability": 22179.02792,
      "d_total_taxability": 7630.28541,
      "p_mean_volume": 0.19612905325443789,
      "d_mean_volume": 0.14057527607361964,
      "p_median_volume": 0.13125,
      "d_median_volume": 0.08147,
      "p_std_volume": 0.16902670673126932,
      "d_std_volume": 0.11117647343779748,
      "p_total_volume": 66.29162000000001,
      "d_total_volume": 22.91377,
      "d_max_priority": 1,
      "used_volume": 0.8120589460273907,
      "used_weight": 0.46959000000000006,
      "unload_obs": 0,
      "hs_cond": 1,
      "p_cond": 0,
      "sub_cond": 0
    }
  ],
  "weight": [
    {
      "iteration": 77,
      "time": "163.3917191028595",
      "n_placed": 321,
      "n_discard": 180,
      "p_mean_weight": 32.3713707165109,
      "d_mean_weight": 15.829555555555554,
      "p_median_weight": 22.96,
      "d_median_weight": 9.6,
      "p_std_weight": 24.347111340265084,
      "d_std_weight": 12.985010818117058,
      "p_total_weight": 10391.21,
      "d_total_weight": 2849.3199999999997,
      "p_mean_taxability": 69.21306183800624,
      "d_mean_taxability": 42.177336000000004,
      "p_total_taxability": 22217.392850000004,
      "d_total_taxability": 7591.920480000001,
      "p_mean_volume": 0.20687485981308415,
      "d_mean_volume": 0.12665866666666667,
      "p_median_volume": 0.16482000000000002,
      "d_median_volume": 0.07657,
      "p_std_volume": 0.16949328859149088,
      "d_std_volume": 0.10661852918087332,
      "p_total_volume": 66.40683000000001,
      "d_total_volume": 22.798560000000002,
      "d_max_priority": 1,
      "used_volume": 0.8134702452409537,
      "used_weight": 0.47232772727272726,
      "unload_obs": 0,
      "hs_cond": 1,
      "p_cond": 0,
      "sub_cond": 0
    },
    {
      "iteration": 87,
      "time": "163.12495827674866",
      "n_placed": 324,
      "n_discard": 177,
      "p_mean_weight": 32.04935185185185,
      "d_mean_weight": 16.13864406779661,
      "p_median_weight": 22.075,
      "d_median_weight": 9.77,
      "p_std_weight": 24.394191015611845,
      "d_std_weight": 13.108395963729148,
      "p_total_weight": 10383.99,
      "d_total_weight": 2856.54,
      "p_mean_taxability": 68.45224820987654,
      "d_mean_taxability": 43.111779152542375,
      "p_total_taxability": 22178.528420000002,
      "d_total_taxability": 7630.78491,
      "p_mean_volume": 0.20459913580246913,
      "d_mean_volume": 0.129464802259887,
      "p_median_volume": 0.15536500000000003,
      "d_median_volume": 0.07722000000000001,
      "p_std_volume": 0.1695251907503462,
      "d_std_volume": 0.10768809696236373,
      "p_total_volume": 66.29012,
      "d_total_volume": 22.91527,
      "d_max_priority": 1,
      "used_volume": 0.8120405713305731,
      "used_weight": 0.4719995454545454,
      "unload_obs": 0,
      "hs_cond": 1,
      "p_cond": 0,
      "sub_cond": 0
    },
    {
      "iteration": 71,
      "time": "160.262535572052",
      "n_placed": 325,
      "n_discard": 176,
      "p_mean_weight": 31.936246153846156,
      "d_mean_weight": 16.257102272727273,
      "p_median_weight": 21.7,
      "d_median_weight": 9.735,
      "p_std_weight": 24.412752563301808,
      "d_std_weight": 13.150436347384955,
      "p_total_weight": 10379.28,
      "d_total_weight": 2861.25,
      "p_mean_taxability": 68.20481147692308,
      "d_mean_taxability": 43.42471363636364,
      "p_total_taxability": 22166.56373,
      "d_total_taxability": 7642.749600000001,
      "p_mean_volume": 0.20385904615384615,
      "d_mean_volume": 0.13040454545454547,
      "p_median_volume": 0.15216000000000002,
      "d_median_volume": 0.07805500000000001,
      "p_std_volume": 0.16975243514503,
      "d_std_volume": 0.10737039635535717,
      "p_total_volume": 66.25419,
      "d_total_volume": 22.9512,
      "d_max_priority": 1,
      "used_volume": 0.8116004360928044,
      "used_weight": 0.47178545454545456,
      "unload_obs": 0,
      "hs_cond": 1,
      "p_cond": 0,
      "sub_cond": 0
    }
  ],
  "taxability": [
    {
      "iteration": 77,
      "time": "163.3917191028595",
      "n_placed": 321,
      "n_discard": 180,
      "p_mean_weight": 32.3713707165109,
      "d_mean_weight": 15.829555555555554,
      "p_median_weight": 22.96,
      "d_median_weight": 9.6,
      "p_std_weight": 24.347111340265084,
      "d_std_weight": 12.985010818117058,
      "p_total_weight": 10391.21,
      "d_total_weight": 2849.3199999999997,
      "p_mean_taxability": 69.21306183800624,
      "d_mean_taxability": 42.177336000000004,
      "p_total_taxability": 22217.392850000004,
      "d_total_taxability": 7591.920480000001,
      "p_mean_volume": 0.20687485981308415,
      "d_mean_volume": 0.12665866666666667,
      "p_median_volume": 0.16482000000000002,
      "d_median_volume": 0.07657,
      "p_std_volume": 0.16949328859149088,
      "d_std_volume": 0.10661852918087332,
      "p_total_volume": 66.40683000000001,
      "d_total_volume": 22.798560000000002,
      "d_max_priority": 1,
      "used_volume": 0.8134702452409537,
      "used_weight": 0.47232772727272726,
      "unload_obs": 0,
      "hs_cond": 1,
      "p_cond": 0,
      "sub_cond": 0
    },
    {
      "iteration": 139,