{
  "volume": [
    {
      "iteration": 260,
      "time": "48.823060274124146",
      "n_placed": 215,
      "n_discard": 98,
      "p_mean_weight": 46.02441860465116,
      "d_mean_weight": 38.568775510204084,
      "p_median_weight": 43.6,
      "d_median_weight": 39.2,
      "p_std_weight": 23.65581403928714,
      "d_std_weight": 16.381064707746994,
      "p_total_weight": 9895.25,
      "d_total_weight": 3779.7400000000002,
      "p_mean_taxability": 98.31920451162792,
      "d_mean_taxability": 101.40662112244901,
      "p_total_taxability": 21138.62897,
      "d_total_taxability": 9937.848870000003,
      "p_mean_volume": 0.2947425581395349,
      "d_mean_volume": 0.30452438775510204,
      "p_median_volume": 0.28505,
      "d_median_volume": 0.29636000000000007,
      "p_std_volume": 0.16733515259191076,
      "d_std_volume": 0.141696351785835,
      "p_total_volume": 63.36965000000001,
      "d_total_volume": 29.84339,
      "d_max_priority": 0,
      "used_volume": 0.7762654041208321,
      "used_weight": 0.4497840909090909,
      "unload_obs": 2,
      "hs_cond": 1,
      "p_cond": 1,
      "sub_cond": 1
    },
    {
      "iteration": 261,
      "time": "48.75575041770935",
      "n_placed": 213,
      "n_discard": 100,
      "p_mean_weight": 46.34727699530516,
      "d_mean_weight": 38.0302,
      "p_median_weight": 44.0,
      "d_median_weight": 37.900000000000006,
      "p_std_weight": 23.600640263606344,
      "d_std_weight": 16.433333024771034,
      "p_total_weight": 9871.97,
      "d_total_weight": 3803.02,
      "p_mean_taxability": 98.8361764319249,
      "d_mean_taxability": 100.24372260000001,
      "p_total_taxability": 21052.105580000003,
      "d_total_taxability": 10024.372260000002,
      "p_mean_volume": 0.29629023474178406,
      "d_mean_volume": 0.3010322,
      "p_median_volume": 0.28655,
      "d_median_volume": 0.29610000000000003,
      "p_std_volume": 0.16742700769893762,
      "d_std_volume": 0.14220294654905125,
      "p_total_volume": 63.109820000000006,
      "d_total_volume": 30.10322,
      "d_max_priority": 0,
      "used_volume": 0.7730825391381043,
      "used_weight": 0.44872590909090904,
      "unload_obs": 1,
      "hs_cond": 1,
      "p_cond": 1,
      "sub_cond": 1
    },
    {
      "iteration": 119,
      "time": "49.239609479904175",
      "n_placed": 214,
      "n_discard": 99,
      "p_mean_weight": 46.088224299065416,
      "d_mean_weight": 38.50616161616162,
      "p_median_weight": 43.8,
      "d_median_weight": 39.7,
      "p_std_weight": 23.707411880100707,
      "d_std_weight": 16.262731948310325,
      "p_total_weight": 9862.88,
      "d_total_weight": 3812.11,
      "p_mean_taxability": 98.31041714953271,
      "d_mean_taxability": 101.39443000000003,
      "p_total_taxability": 21038.42927,
      "d_total_taxability": 10038.048570000003,
      "p_mean_volume": 0.294713785046729,
      "d_mean_volume": 0.3044877777777778,
      "p_median_volume": 0.28616,
      "d_median_volume": 0.29610000000000003,
      "p_std_volume": 0.16797318650367302,
      "d_std_volume": 0.14033339292741964,
      "p_total_volume": 63.06875000000001,
      "d_total_volume": 30.14429,
      "d_max_priority": 0,
      "used_volume": 0.772579439939241,
      "used_weight": 0.44831272727272725,
      "unload_obs": 0,
      "hs_cond": 1,
      "p_cond": 1,
      "sub_cond": 1
    }
  ],
  "weight": [
    {
      "iteration": 71,
      "time": "52.12489652633667",
      "n_placed": 213,
      "n_discard": 100,
      "p_mean_weight": 46.47788732394367,
      "d_mean_weight": 37.75200000000001,
      "p_median_weight": 45.0,
      "d_median_weight": 39.2,
      "p_std_weight": 23.726940180454513,
      "d_std_weight": 15.889145713824625,
      "p_total_weight": 9899.79,
      "d_total_weight": 3775.2000000000007,
      "p_mean_taxability": 98.55772276995306,
      "d_mean_taxability": 100.83682890000001,
      "p_total_taxability": 20992.794950000003,
      "d_total_taxability": 10083.682890000002,
      "p_mean_volume": 0.2954540375586855,
      "d_mean_volume": 0.30281330000000006,
      "p_median_volume": 0.28577,
      "d_median_volume": 0.29959500000000006,
      "p_std_volume": 0.16900615888252418,
      "d_std_volume": 0.13806599433615183,
      "p_total_volume": 62.93171000000001,
      "d_total_volume": 30.281330000000004,
      "d_max_priority": 0,
      "used_volume": 0.7709007276379941,
      "used_weight": 0.4499904545454546,
      "unload_obs": 2,
      "hs_cond": 1,
      "p_cond": 1,
      "sub_cond": 1
    },
    {
      "iteration": 62,
      "time": "24.38485050201416",
      "n_placed": 212,
      "n_discard": 101,
      "p_mean_weight": 46.68858490566038,
      "d_mean_weight": 37.39613861386139,
      "p_median_weight": 45.0,
      "d_median_weight": 37.6,
      "p_std_weight": 23.53995685221473,
      "d_std_weight": 16.338986196842022,
      "p_total_weight": 9897.98,
      "d_total_weight": 3777.01,
      "p_mean_taxability": 98.84224792452831,
      "d_mean_taxability": 100.21704237623767,
      "p_total_taxability": 20954.55656,
      "d_total_taxability": 10121.921280000004,
      "p_mean_volume": 0.29630603773584907,
      "d_mean_volume": 0.3009520792079208,
      "p_median_volume": 0.28616,
      "d_median_volume": 0.29931,
      "p_std_volume": 0.16799982181314882,
      "d_std_volume": 0.14104930095762144,
      "p_total_volume": 62.816880000000005,
      "d_total_volume": 30.39616,
      "d_max_priority": 0,
      "used_volume": 0.7694940833476248,
      "used_weight": 0.4499081818181818,
      "unload_obs": 2,
      "hs_cond": 1,
      "p_cond": 1,
      "sub_cond": 1
    },
    {
      "iteration": 260,
      "time": "48.823060274124146",
      "n_placed": 215,
      "n_discard": 98,
      "p_mean_weight": 46.02441860465116,
      "d_mean_weight": 38.568775510204084,
      "p_median_weight": 43.6,
      "d_median_weight": 39.2,
      "p_std_weight": 23.65581403928714,
      "d_std_weight": 16.381064707746994,
      "p_total_weight": 9895.25,
      "d_total_weight": 3779.7400000000002,
      "p_mean_taxability": 98.31920451162792,
      "d_mean_taxability": 101.40662112244901,
      "p_total_taxability": 21138.62897,
      "d_total_taxability": 9937.848870000003,
      "p_mean_volume": 0.2947425581395349,
      "d_mean_volume": 0.30452438775510204,
      "p_median_volume": 0.28505,
      "d_median_volume": 0.29636000000000007,
      "p_std_volume": 0.16733515259191076,
      "d_std_volume": 0.141696351785835,
      "p_total_volume": 63.36965000000001,
      "d_total_volume": 29.84339,
      "d_max_priority": 0,
      "used_volume": 0.7762654041208321,
      "used_weight": 0.4497840909090909,
      "unload_obs": 2,
      "hs_cond": 1,
      "p_cond": 1,
      "sub_cond": 1
    }
  ],
  "taxability": [
    {
      "iteration": 260,
      "time": "48.823060274124146",
      "n_placed": 215,
      "n_discard": 98,
      "p_mean_weight": 46.02441860465116,
      "d_mean_weight": 38.568775510204084,
      "p_median_weight": 43.6,
      "d_median_weight": 39.2,
      "p_std_weight": 23.65581403928714,
      "d_std_weight": 16.381064707746994,
      "p_total_weight": 9895.25,
      "d_total_weight": 3779.7400000000002,
      "p_mean_taxability": 98.31920451162792,
      "d_mean_taxability": 101.40662112244901,
      "p_total_taxability": 21138.62897,
      "d_total_taxability": 9937.848870000003,
      "p_mean_volume": 0.2947425581395349,
      "d_mean_volume": 0.30452438775510204,
      "p_median_volume": 0.28505,
      "d_median_volume": 0.29636000000000007,
      "p_std_volume": 0.16733515259191076,
      "d_std_volume": 0.141696351785835,
      "p_total_volume": 63.36965000000001,
      "d_total_volume": 29.84339,
      "d_max_priority": 0,
      "used_volume": 0.7762654041208321,
      "used_weight": 0.4497840909090909,
      "unload_obs": 2,
      "hs_cond": 1,
      "p_cond": 1,
      "sub_cond": 1
    },
    {
      "iteration": 261,
      "time": "48.75575041770935",