{
  "volume": [
    {
      "iteration": 289,
      "time": "185.791419506073",
      "n_placed": 328,
      "n_discard": 174,
      "p_mean_weight": 30.874817073170732,
      "d_mean_weight": 14.954252873563219,
      "p_median_weight": 22.855,
      "d_median_weight": 9.825,
      "p_std_weight": 23.115976377406355,
      "d_std_weight": 11.371977030283864,
      "p_total_weight": 10126.94,
      "d_total_weight": 2602.04,
      "p_mean_taxability": 66.62868728658538,
      "d_mean_taxability": 39.39925862068965,
      "p_total_taxability": 21854.209430000003,
      "d_total_taxability": 6855.471,
      "p_mean_volume": 0.19900228658536587,
      "d_mean_volume": 0.11831609195402298,
      "p_median_volume": 0.140235,
      "d_median_volume": 0.07811000000000001,
      "p_std_volume": 0.15397549957004272,
      "d_std_volume": 0.09517190025083906,
      "p_total_volume": 65.27275,
      "d_total_volume": 20.587,
      "d_max_priority": 1,
      "used_volume": 0.7995779944630914,
      "used_weight": 0.4603154545454546,
      "unload_obs": 0,
      "hs_cond": 1,
      "p_cond": 0,
      "sub_cond": 0
    },
    {
      "iteration": 48,
      "time": "188.19259786605835",
      "n_placed": 326,
      "n_discard": 176,
      "p_mean_weight": 31.000920245398778,
      "d_mean_weight": 14.901590909090912,
      "p_median_weight": 22.96,
      "d_median_weight": 9.825,
      "p_std_weight": 23.131631977008745,
      "d_std_weight": 11.313291084774189,
      "p_total_weight": 10106.300000000001,
      "d_total_weight": 2622.6800000000003,
      "p_mean_taxability": 66.97862564417179,
      "d_mean_taxability": 39.060502670454554,
      "p_total_taxability": 21835.03196,
      "d_total_taxability": 6874.648470000001,
      "p_mean_volume": 0.20004650306748464,
      "d_mean_volume": 0.11729880681818182,
      "p_median_volume": 0.14175500000000002,
      "d_median_volume": 0.077575,
      "p_std_volume": 0.1538869289117425,
      "d_std_volume": 0.09504311059873023,
      "p_total_volume": 65.21516,
      "d_total_volume": 20.64459,
      "d_max_priority": 1,
      "used_volume": 0.7988725286032781,
      "used_weight": 0.4593772727272728,
      "unload_obs": 0,
      "hs_cond": 1,
      "p_cond": 0,
      "sub_cond": 0
    },
    {
      "iteration": 61,
      "time": "192.277015209198",
      "n_placed": 325,
      "n_discard": 177,
      "p_mean_weight": 31.127630769230773,
      "d_mean_weight": 14.759887005649718,
      "p_median_weight": 22.96,
      "d_median_weight": 9.73,
      "p_std_weight": 23.0743641269537,
      "d_std_weight": 11.360619680836706,
      "p_total_weight": 10116.480000000001,
      "d_total_weight": 2612.5,
      "p_mean_taxability": 67.18054353846155,
      "d_mean_taxability": 38.84747898305085,
      "p_total_taxability": 21833.67665,
      "d_total_taxability": 6876.00378,
      "p_mean_volume": 0.2006495076923077,
      "d_mean_volume": 0.11665909604519775,
      "p_median_volume": 0.14283,
      "d_median_volume": 0.07715000000000001,
      "p_std_volume": 0.15363072342070525,
      "d_std_volume": 0.09547252467855036,
      "p_total_volume": 65.21109,
      "d_total_volume": 20.648660000000003,
      "d_max_priority": 1,
      "used_volume": 0.7988226719259132,
      "used_weight": 0.4598400000000001,
      "unload_obs": 0,
      "hs_cond": 1,
      "p_cond": 0,
      "sub_cond": 0
    }
  ],
  "weight": [
    {
      "iteration": 289,
      "time": "185.791419506073",
      "n_placed": 328,
      "n_discard": 174,
      "p_mean_weight": 30.874817073170732,
      "d_mean_weight": 14.954252873563219,
      "p_median_weight": 22.855,
      "d_median_weight": 9.825,
      "p_std_weight": 23.115976377406355,
      "d_std_weight": 11.371977030283864,
      "p_total_weight": 10126.94,
      "d_total_weight": 2602.04,
      "p_mean_taxability": 66.62868728658538,
      "d_mean_taxability": 39.39925862068965,
      "p_total_taxability": 21854.209430000003,
      "d_total_taxability": 6855.471,
      "p_mean_volume": 0.19900228658536587,
      "d_mean_volume": 0.11831609195402298,
      "p_median_volume": 0.140235,
      "d_median_volume": 0.07811000000000001,
      "p_std_volume": 0.15397549957004272,
      "d_std_volume": 0.09517190025083906,
      "p_total_volume": 65.27275,
      "d_total_volume": 20.587,
      "d_max_priority": 1,
      "used_volume": 0.7995779944630914,
      "used_weight": 0.4603154545454546,
      "unload_obs": 0,
      "hs_cond": 1,
      "p_cond": 0,
      "sub_cond": 0
    },
    {
      "iteration": 61,
      "time": "192.277015209198",
      "n_placed": 325,
      "n_discard": 177,
      "p_mean_weight": 31.127630769230773,
      "d_mean_weight": 14.759887005649718,
      "p_median_weight": 22.96,
      "d_median_weight": 9.73,
      "p_std_weight": 23.0743641269537,
      "d_std_weight": 11.360619680836706,
      "p_total_weight": 10116.480000000001,
      "d_total_weight": 2612.5,
      "p_mean_taxability": 67.18054353846155,
      "d_mean_taxability": 38.84747898305085,
      "p_total_taxability": 21833.67665,
      "d_total_taxability": 6876.00378,
      "p_mean_volume": 0.2006495076923077,
      "d_mean_volume": 0.11665909604519775,
      "p_median_volume": 0.14283,
      "d_median_volume": 0.07715000000000001,
      "p_std_volume": 0.15363072342070525,
      "d_std_volume": 0.09547252467855036,
      "p_total_volume": 65.21109,
      "d_total_volume": 20.648660000000003,
      "d_max_priority": 1,
      "used_volume": 0.7988226719259132,
      "used_weight": 0.4598400000000001,
      "unload_obs": 0,
      "hs_cond": 1,
      "p_cond": 0,
      "sub_cond": 0
    },
    {
      "iteration": 48,
      "time": "188.19259786605835",
      "n_placed": 326,
      "n_discard": 176,
      "p_mean_weight": 31.000920245398778,
      "d_mean_weight": 14.901590909090912,
      "p_median_weight": 22.96,
      "d_median_weight": 9.825,
      "p_std_weight": 23.131631977008745,
      "d_std_weight": 11.313291084774189,
      "p_total_weight": 10106.300000000001,
      "d_total_weight": 2622.6800000000003,
      "p_mean_taxability": 66.97862564417179,
      "d_mean_taxability": 39.060502670454554,
      "p_total_taxability": 21835.03196,
      "d_total_taxability": 6874.648470000001,
      "p_mean_volume": 0.20004650306748464,
      "d_mean_volume": 0.11729880681818182,
      "p_median_volume": 0.14175500000000002,
      "d_median_volume": 0.077575,
      "p_std_volume": 0.1538869289117425,
      "d_std_volume": 0.09504311059873023,
      "p_total_volume": 65.21516,
      "d_total_volume": 20.64459,
      "d_max_priority": 1,
      "used_volume": 0.7988725286032781,
      "used_weight": 0.4593772727272728,
      "unload_obs": 0,
      "hs_cond": 1,
      "p_cond": 0,
      "sub_cond": 0
    }
  ],
  "taxability": [
    {
      "iteration": 289,
      "time": "185.791419506073",
      "n_placed": 328,
      "n_discard": 174,
      "p_mean_weight": 30.874817073170732,
      "d_mean_weight": 14.954252873563219,
      "p_median_weight": 22.855,
      "d_median_weight": 9.825,
      "p_std_weight": 23.115976377406355,
      "d_std_weight": 11.371977030283864,
      "p_total_weight": 10126.94,
      "d_total_weight": 2602.04,
      "p_mean_taxability": 66.62868728658538,
      "d_mean_taxability": 39.39925862068965,
      "p_total_taxability": 21854.209430000003,
      "d_total_taxability": 6855.471,
      "p_mean_volume": 0.19900228658536587,
      "d_mean_volume": 0.11831609195402298,
      "p_median_volume": 0.140235,
      "d_median_volume": 0.07811000000000001,
      "p_std_volume": 0.15397549957004272,
      "d_std_volume": 0.09517190025083906,
      "p_total_volume": 65.27275,
      "d_total_volume": 20.587,
      "d_max_priority": 1,
      "used_volume": 0.7995779944630914,
      "used_weight": 0.4603154545454546,
      "unload_obs": 0,
      "hs_cond": 1,
      "p_cond": 0,
      "sub_cond": 0
    },
    {
      "iteration": 48,
      "time": "188.19259786605835",
      "n_placed": 326,