{
  "volume": [
    {
      "iteration": 72,
      "time": "92.4981427192688",
      "n_placed": 338,
      "n_discard": 131,
      "p_mean_weight": 15.690236686390532,
      "d_mean_weight": 15.860152671755724,
      "p_median_weight": 7.970000000000001,
      "d_median_weight": 8.28,
      "p_std_weight": 17.84998255167631,
      "d_std_weight": 18.35435726866356,
      "p_total_weight": 5303.3,
      "d_total_weight": 2077.68,
      "p_mean_taxability": 59.671180414201174,
      "d_mean_taxability": 85.54874221374045,
      "p_total_taxability": 20168.858979999997,
      "d_total_taxability": 11206.88523,
      "p_mean_volume": 0.17904742603550294,
      "d_mean_volume": 0.2569031297709924,
      "p_median_volume": 0.08022,
      "d_median_volume": 0.1617,
      "p_std_volume": 0.22793449538915897,
      "d_std_volume": 0.2504660363497306,
      "p_total_volume": 60.518029999999996,
      "d_total_volume": 33.65431,
      "d_max_priority": 0,
      "used_volume": 0.7413336354950143,
      "used_weight": 0.24105909090909092,
      "unload_obs": 1,
      "hs_cond": 1,
      "p_cond": 1,
      "sub_cond": 1
    },
    {
      "iteration": 166,
      "time": "42.39407181739807",
      "n_placed": 339,
      "n_discard": 130,
      "p_mean_weight": 15.64047197640118,
      "d_mean_weight": 15.99123076923077,
      "p_median_weight": 8.0,
      "d_median_weight": 8.239999999999998,
      "p_std_weight": 17.761518349963943,
      "d_std_weight": 18.57982464246588,
      "p_total_weight": 5302.12,
      "d_total_weight": 2078.86,
      "p_mean_taxability": 58.986769410029495,
      "d_mean_taxability": 87.5325336923077,
      "p_total_taxability": 19996.51483,
      "d_total_taxability": 11379.22938,
      "p_mean_volume": 0.1769925663716814,
      "d_mean_volume": 0.26286046153846154,
      "p_median_volume": 0.08003,
      "d_median_volume": 0.17060999999999998,
      "p_std_volume": 0.22550755861239608,
      "d_std_volume": 0.25449071074520435,
      "p_total_volume": 60.000479999999996,
      "d_total_volume": 34.17186,
      "d_max_priority": 0,
      "used_volume": 0.734993752603082,
      "used_weight": 0.24100545454545455,
      "unload_obs": 3,
      "hs_cond": 1,
      "p_cond": 1,
      "sub_cond": 1
    },
    {
      "iteration": 223,
      "time": "92.71281027793884",
      "n_placed": 337,
      "n_discard": 132,
      "p_mean_weight": 15.728753709198813,
      "d_mean_weight": 15.760530303030306,
      "p_median_weight": 8.03,
      "d_median_weight": 7.74,
      "p_std_weight": 17.777071916998494,
      "d_std_weight": 18.531746736916414,
      "p_total_weight": 5300.59,
      "d_total_weight": 2080.3900000000003,
      "p_mean_taxability": 59.31531777448071,
      "d_mean_taxability": 86.26122818181818,
      "p_total_taxability": 19989.26209,
      "d_total_taxability": 11386.48212,
      "p_mean_volume": 0.17797833827893175,
      "d_mean_volume": 0.2590427272727273,
      "p_median_volume": 0.08134,
      "d_median_volume": 0.165025,
      "p_std_volume": 0.22583460009003425,
      "d_std_volume": 0.2543726033128751,
      "p_total_volume": 59.9787,
      "d_total_volume": 34.19364,
      "d_max_priority": 0,
      "used_volume": 0.7347269520052919,
      "used_weight": 0.2409359090909091,
      "unload_obs": 2,
      "hs_cond": 1,
      "p_cond": 1,
      "sub_cond": 1
    }
  ],
  "weight": [
    {
      "iteration": 268,
      "time": "89.22557592391968",
      "n_placed": 338,
      "n_discard": 131,
      "p_mean_weight": 15.814023668639052,
      "d_mean_weight": 15.540763358778623,
      "p_median_weight": 8.7,
      "d_median_weight": 6.95,
      "p_std_weight": 17.830308867931805,
      "d_std_weight": 18.402958274662115,
      "p_total_weight": 5345.139999999999,
      "d_total_weight": 2035.8399999999997,
      "p_mean_taxability": 58.196601242603556,
      "d_mean_taxability": 89.35338160305342,
      "p_total_taxability": 19670.451220000003,
      "d_total_taxability": 11705.292989999998,
      "p_mean_volume": 0.1746192603550296,
      "d_mean_volume": 0.2683284732824428,
      "p_median_volume": 0.08113000000000001,
      "d_median_volume": 0.17741,
      "p_std_volume": 0.22340537178850844,
      "d_std_volume": 0.2570157524100069,
      "p_total_volume": 59.02131,
      "d_total_volume": 35.151030000000006,
      "d_max_priority": 0,
      "used_volume": 0.7229991180145527,
      "used_weight": 0.24296090909090906,
      "unload_obs": 6,
      "hs_cond": 1,
      "p_cond": 1,
      "sub_cond": 1
    },
    {
      "iteration": 168,
      "time": "90.73231291770935",
      "n_placed": 338,
      "n_discard": 131,
      "p_mean_weight": 15.798994082840235,
      "d_mean_weight": 15.579541984732826,
      "p_median_weight": 8.375,
      "d_median_weight": 7.15,
      "p_std_weight": 17.829915069587095,
      "d_std_weight": 18.404470396016265,
      "p_total_weight": 5340.0599999999995,
      "d_total_weight": 2040.92,
      "p_mean_taxability": 57.94036857988165,
      "d_mean_taxability": 90.01450099236641,
      "p_total_taxability": 19583.844579999997,
      "d_total_taxability": 11791.89963,
      "p_mean_volume": 0.17384979289940827,
      "d_mean_volume": 0.27031381679389316,
      "p_median_volume": 0.08113000000000001,
      "d_median_volume": 0.18425,
      "p_std_volume": 0.2229185196878857,
      "d_std_volume": 0.25737118268386083,
      "p_total_volume": 58.76123,
      "d_total_volume": 35.41111,
      "d_max_priority": 0,
      "used_volume": 0.7198131905823554,
      "used_weight": 0.24272999999999997,
      "unload_obs": 4,
      "hs_cond": 1,
      "p_cond": 1,
      "sub_cond": 1
    },
    {
      "iteration": 204,
      "time": "88.60480666160583",
      "n_placed": 335,
      "n_discard": 134,
      "p_mean_weight": 15.938208955223878,
      "d_mean_weight": 15.23641791044776,
      "p_median_weight": 8.8,
      "d_median_weight": 6.6899999999999995,
      "p_std_weight": 17.84884799158942,
      "d_std_weight": 18.336801994156723,
      "p_total_weight": 5339.299999999999,
      "d_total_weight": 2041.6799999999998,
      "p_mean_taxability": 58.2042887761194,
      "d_mean_taxability": 88.63662291044777,
      "p_total_taxability": 19498.436739999997,
      "d_total_taxability": 11877.307470000002,
      "p_mean_volume": 0.1746410447761194,
      "d_mean_volume": 0.26617604477611945,
      "p_median_volume": 0.08092,
      "d_median_volume": 0.17911,
      "p_std_volume": 0.2237200440371738,
      "d_std_volume": 0.2560141323696025,
      "p_total_volume": 58.504749999999994,
      "d_total_volume": 35.667590000000004,
      "d_max_priority": 0,
      "used_volume": 0.7166713624225199,
      "used_weight": 0.24269545454545452,
      "unload_obs": 5,
      "hs_cond": 1,
      "p_cond": 1,
      "sub_cond": 1
    }
  ],
  "taxability": [
    {
      "iteration": 72,
      "time": "92.4981427192688",
      "n_placed": 338,
      "n_discard": 131,
      "p_mean_weight": 15.690236686390532,
      "d_mean_weight": 15.860152671755724,
      "p_median_weight": 7.970000000000001,
      "d_median_weight": 8.28,
      "p_std_weight": 17.84998255167631,
      "d_std_weight": 18.35435726866356,
      "p_total_weight": 5303.3,
      "d_total_weight": 2077.68,
      "p_mean_taxability": 59.671180414201174,
      "d_mean_taxability": 85.54874221374045,
      "p_total_taxability": 20168.858979999997,
      "d_total_taxability": 11206.88523,
      "p_mean_volume": 0.17904742603550294,
      "d_mean_volume": 0.2569031297709924,
      "p_median_volume": 0.08022,
      "d_median_volume": 0.1617,
      "p_std_volume": 0.22793449538915897,
      "d_std_volume": 0.2504660363497306,
      "p_total_volume": 60.518029999999996,
      "d_total_volume": 33.65431,
      "d_max_priority": 0,
      "used_volume": 0.7413336354950143,
      "used_weight": 0.24105909090909092,
      "unload_obs": 1,
      "hs_cond": 1,
      "p_cond": 1,
      "sub_cond": 1
    },
    {
      "iteration": 166,
      "time": "42.39407181739807",