{
  "volume": [
    {
      "iteration": 245,
      "time": "83.9413845539093",
      "n_placed": 290,
      "n_discard": 171,
      "p_mean_weight": 32.91755172413793,
      "d_mean_weight": 22.732280701754387,
      "p_median_weight": 25.16,
      "d_median_weight": 14.9,
      "p_std_weight": 26.395755672354156,
      "d_std_weight": 19.023886627470755,
      "p_total_weight": 9546.09,
      "d_total_weight": 3887.2200000000003,
      "p_mean_taxability": 71.98908444827586,
      "d_mean_taxability": 55.86429421052631,
      "p_total_taxability": 20876.83449,
      "d_total_taxability": 9552.79431,
      "p_mean_volume": 0.21496575862068965,
      "d_mean_volume": 0.1677606432748538,
      "p_median_volume": 0.158815,
      "d_median_volume": 0.11264,
      "p_std_volume": 0.18940299078402806,
      "d_std_volume": 0.1452950820031072,
      "p_total_volume": 62.34007,
      "d_total_volume": 28.68707,
      "d_max_priority": 0,
      "used_volume": 0.7636532572212558,
      "used_weight": 0.43391318181818184,
      "unload_obs": 0,
      "hs_cond": 1,
      "p_cond": 1,
      "sub_cond": 1
    },
    {
      "iteration": 11,
      "time": "84.30380702018738",
      "n_placed": 296,
      "n_discard": 165,
      "p_mean_weight": 32.15956081081081,
      "d_mean_weight": 23.721696969696968,
      "p_median_weight": 21.6,
      "d_median_weight": 16.85,
      "p_std_weight": 26.429661447192977,
      "d_std_weight": 19.196040992497945,
      "p_total_weight": 9519.23,
      "d_total_weight": 3914.08,
      "p_mean_taxability": 70.3190325,
      "d_mean_taxability": 58.27391018181819,
      "p_total_taxability": 20814.433620000003,
      "d_total_taxability": 9615.19518,
      "p_mean_volume": 0.20997527027027027,
      "d_mean_volume": 0.1749967272727273,
      "p_median_volume": 0.14104,
      "d_median_volume": 0.11635000000000001,
      "p_std_volume": 0.18861217875894945,
      "d_std_volume": 0.1475787997373162,
      "p_total_volume": 62.152680000000004,
      "d_total_volume": 28.874460000000006,
      "d_max_priority": 0,
      "used_volume": 0.7613577675968347,
      "used_weight": 0.43269227272727273,
      "unload_obs": 5,
      "hs_cond": 1,
      "p_cond": 1,
      "sub_cond": 1
    },
    {
      "iteration": 166,
      "time": "82.80511927604675",
      "n_placed": 291,
      "n_discard": 170,
      "p_mean_weight": 32.08415807560137,
      "d_mean_weight": 24.098941176470586,
      "p_median_weight": 20.7,
      "d_median_weight": 16.135,
      "p_std_weight": 27.000555733024594,
      "d_std_weight": 18.16740435837711,
      "p_total_weight": 9336.49,
      "d_total_weight": 4096.82,
      "p_mean_taxability": 70.56809742268041,
      "d_mean_taxability": 58.20183794117648,
      "p_total_taxability": 20535.31635,
      "d_total_taxability": 9894.312450000001,
      "p_mean_volume": 0.21070271477663233,
      "d_mean_volume": 0.17478029411764706,
      "p_median_volume": 0.14,
      "d_median_volume": 0.11637,
      "p_std_volume": 0.19872801256608655,
      "d_std_volume": 0.12414344841326365,
      "p_total_volume": 61.314490000000006,
      "d_total_volume": 29.71265,
      "d_max_priority": 0,
      "used_volume": 0.7510901095131931,
      "used_weight": 0.42438590909090906,
      "unload_obs": 5,
      "hs_cond": 1,
      "p_cond": 1,
      "sub_cond": 1
    }
  ],
  "weight": [
    {
      "iteration": 245,
      "time": "83.9413845539093",
      "n_placed": 290,
      "n_discard": 171,
      "p_mean_weight": 32.91755172413793,
      "d_mean_weight": 22.732280701754387,
      "p_median_weight": 25.16,
      "d_median_weight": 14.9,
      "p_std_weight": 26.395755672354156,
      "d_std_weight": 19.023886627470755,
      "p_total_weight": 9546.09,
      "d_total_weight": 3887.2200000000003,
      "p_mean_taxability": 71.98908444827586,
      "d_mean_taxability": 55.86429421052631,
      "p_total_taxability": 20876.83449,
      "d_total_taxability": 9552.79431,
      "p_mean_volume": 0.21496575862068965,
      "d_mean_volume": 0.1677606432748538,
      "p_median_volume": 0.158815,
      "d_median_volume": 0.11264,
      "p_std_volume": 0.18940299078402806,
      "d_std_volume": 0.1452950820031072,
      "p_total_volume": 62.34007,
      "d_total_volume": 28.68707,
      "d_max_priority": 0,
      "used_volume": 0.7636532572212558,
      "used_weight": 0.43391318181818184,
      "unload_obs": 0,
      "hs_cond": 1,
      "p_cond": 1,
      "sub_cond": 1
    },
    {
      "iteration": 11,
      "time": "84.30380702018738",
      "n_placed": 296,
      "n_discard": 165,
      "p_mean_weight": 32.15956081081081,
      "d_mean_weight": 23.721696969696968,
      "p_median_weight": 21.6,
      "d_median_weight": 16.85,
      "p_std_weight": 26.429661447192977,
      "d_std_weight": 19.196040992497945,
      "p_total_weight": 9519.23,
      "d_total_weight": 3914.08,
      "p_mean_taxability": 70.3190325,
      "d_mean_taxability": 58.27391018181819,
      "p_total_taxability": 20814.433620000003,
      "d_total_taxability": 9615.19518,
      "p_mean_volume": 0.20997527027027027,
      "d_mean_volume": 0.1749967272727273,
      "p_median_volume": 0.14104,
      "d_median_volume": 0.11635000000000001,
      "p_std_volume": 0.18861217875894945,
      "d_std_volume": 0.1475787997373162,
      "p_total_volume": 62.152680000000004,
      "d_total_volume": 28.874460000000006,
      "d_max_priority": 0,
      "used_volume": 0.7613577675968347,
      "used_weight": 0.43269227272727273,
      "unload_obs": 5,
      "hs_cond": 1,
      "p_cond": 1,
      "sub_cond": 1
    },
    {
      "iteration": 331,
      "time": "50.73997950553894",
      "n_placed": 295,
      "n_discard": 166,
      "p_mean_weight": 32.02952542372881,
      "d_mean_weight": 24.003614457831322,
      "p_median_weight": 22.0,
      "d_median_weight": 15.0,
      "p_std_weight": 26.426825201870198,
      "d_std_weight": 19.36491805040603,
      "p_total_weight": 9448.710000000001,
      "d_total_weight": 3984.5999999999995,
      "p_mean_taxability": 69.25881498305085,
      "d_mean_taxability": 60.23059265060241,
      "p_total_taxability": 20431.350420000002,
      "d_total_taxability": 9998.27838,
      "p_mean_volume": 0.20678738983050848,
      "d_mean_volume": 0.18087265060240967,
      "p_median_volume": 0.13979,
      "d_median_volume": 0.11908,
      "p_std_volume": 0.18580898442622193,
      "d_std_volume": 0.15519824179794742,
      "p_total_volume": 61.002280000000006,
      "d_total_volume": 30.024860000000004,
      "d_max_priority": 0,
      "used_volume": 0.7472656001175981,
      "used_weight": 0.4294868181818182,
      "unload_obs": 2,
      "hs_cond": 1,
      "p_cond": 1,
      "sub_cond": 1
    }
  ],
  "taxability": [
    {
      "iteration": 245,
      "time": "83.9413845539093",
      "n_placed": 290,
      "n_discard": 171,
      "p_mean_weight": 32.91755172413793,
      "d_mean_weight": 22.732280701754387,
      "p_median_weight": 25.16,
      "d_median_weight": 14.9,
      "p_std_weight": 26.395755672354156,
      "d_std_weight": 19.023886627470755,
      "p_total_weight": 9546.09,
      "d_total_weight": 3887.2200000000003,
      "p_mean_taxability": 71.98908444827586,
      "d_mean_taxability": 55.86429421052631,
      "p_total_taxability": 20876.83449,
      "d_total_taxability": 9552.79431,
      "p_mean_volume": 0.21496575862068965,
      "d_mean_volume": 0.1677606432748538,
      "p_median_volume": 0.158815,
      "d_median_volume": 0.11264,
      "p_std_volume": 0.18940299078402806,
      "d_std_volume": 0.1452950820031072,
      "p_total_volume": 62.34007,
      "d_total_volume": 28.68707,
      "d_max_priority": 0,
      "used_volume": 0.7636532572212558,
      "used_weight": 0.43391318181818184,
      "unload_obs": 0,
      "hs_cond": 1,
      "p_cond": 1,
      "sub_cond": 1
    },
    {
      "iteration": 11,
      "time": "84.30380702018738",
      "n_placed": 296,
      "n_discard": 165,
      "p_mean_weight": 32.15956081081081,