{
  "volume": [
    {
      "iteration": 78,
      "time": "81.20763111114502",
      "n_placed": 302,
      "n_discard": 159,
      "p_mean_weight": 31.74688741721855,
      "d_mean_weight": 24.187106918238992,
      "p_median_weight": 22.075,
      "d_median_weight": 16.85,
      "p_std_weight": 26.486843099721725,
      "d_std_weight": 18.980370917995746,
      "p_total_weight": 9587.560000000001,
      "d_total_weight": 3845.7499999999995,
      "p_mean_taxability": 69.24004678807947,
      "d_mean_taxability": 59.86877150943397,
      "p_total_taxability": 20910.49413,
      "d_total_taxability": 9519.134670000001,
      "p_mean_volume": 0.2067587748344371,
      "d_mean_volume": 0.17978610062893086,
      "p_median_volume": 0.13869,
      "d_median_volume": 0.125,
      "p_std_volume": 0.1874625677297281,
      "d_std_volume": 0.14973325867795348,
      "p_total_volume": 62.44115000000001,
      "d_total_volume": 28.585990000000006,
      "d_max_priority": 1,
      "used_volume": 0.764891466790798,
      "used_weight": 0.43579818181818186,
      "unload_obs": 5,
      "hs_cond": 1,
      "p_cond": 0,
      "sub_cond": 0
    },
    {
      "iteration": 245,
      "time": "83.9413845539093",
      "n_placed": 290,
      "n_discard": 171,
      "p_mean_weight": 32.91755172413793,
      "d_mean_weight": 22.732280701754387,
      "p_median_weight": 25.16,
      "d_median_weight": 14.9,
      "p_std_weight": 26.395755672354156,
      "d_std_weight": 19.023886627470755,
      "p_total_weight": 9546.09,
      "d_total_weight": 3887.2200000000003,
      "p_mean_taxability": 71.98908444827586,
      "d_mean_taxability": 55.86429421052631,
      "p_total_taxability": 20876.83449,
      "d_total_taxability": 9552.79431,
      "p_mean_volume": 0.21496575862068965,
      "d_mean_volume": 0.1677606432748538,
      "p_median_volume": 0.158815,
      "d_median_volume": 0.11264,
      "p_std_volume": 0.18940299078402806,
      "d_std_volume": 0.1452950820031072,
      "p_total_volume": 62.34007,
      "d_total_volume": 28.68707,
      "d_max_priority": 0,
      "used_volume": 0.7636532572212558,
      "used_weight": 0.43391318181818184,
      "unload_obs": 0,
      "hs_cond": 1,
      "p_cond": 1,
      "sub_cond": 1
    },
    {
      "iteration": 310,
      "time": "82.19124341011047",
      "n_placed": 301,
      "n_discard": 160,
      "p_mean_weight": 32.08754152823921,
      "d_mean_weight": 23.5935,
      "p_median_weight": 21.0,
      "d_median_weight": 18.405,
      "p_std_weight": 27.288505857517553,
      "d_std_weight": 16.465015559011494,
      "p_total_weight": 9658.35,
      "d_total_weight": 3774.96,
      "p_mean_taxability": 69.33755501661132,
      "d_mean_taxability": 59.743904625000006,
      "p_total_taxability": 20870.604060000005,
      "d_total_taxability": 9559.02474,
      "p_mean_volume": 0.207047707641196,
      "d_mean_volume": 0.17941112500000003,
      "p_median_volume": 0.13087000000000001,
      "d_median_volume": 0.14424,
      "p_std_volume": 0.19695446847362358,
      "d_std_volume": 0.12486077154344566,
      "p_total_volume": 62.32136,
      "d_total_volume": 28.705780000000004,
      "d_max_priority": 1,
      "used_volume": 0.7634240635029522,
      "used_weight": 0.4390159090909091,
      "unload_obs": 3,
      "hs_cond": 1,
      "p_cond": 0,
      "sub_cond": 0
    }
  ],
  "weight": [
    {
      "iteration": 310,
      "time": "82.19124341011047",
      "n_placed": 301,
      "n_discard": 160,
      "p_mean_weight": 32.08754152823921,
      "d_mean_weight": 23.5935,
      "p_median_weight": 21.0,
      "d_median_weight": 18.405,
      "p_std_weight": 27.288505857517553,
      "d_std_weight": 16.465015559011494,
      "p_total_weight": 9658.35,
      "d_total_weight": 3774.96,
      "p_mean_taxability": 69.33755501661132,
      "d_mean_taxability": 59.743904625000006,
      "p_total_taxability": 20870.604060000005,
      "d_total_taxability": 9559.02474,
      "p_mean_volume": 0.207047707641196,
      "d_mean_volume": 0.17941112500000003,
      "p_median_volume": 0.13087000000000001,
      "d_median_volume": 0.14424,
      "p_std_volume": 0.19695446847362358,
      "d_std_volume": 0.12486077154344566,
      "p_total_volume": 62.32136,
      "d_total_volume": 28.705780000000004,
      "d_max_priority": 1,
      "used_volume": 0.7634240635029522,
      "used_weight": 0.4390159090909091,
      "unload_obs": 3,
      "hs_cond": 1,
      "p_cond": 0,
      "sub_cond": 0
    },
    {
      "iteration": 359,
      "time": "48.52798080444336",
      "n_placed": 309,
      "n_discard": 152,
      "p_mean_weight": 31.198220064724918,
      "d_mean_weight": 24.954342105263155,
      "p_median_weight": 20.0,
      "d_median_weight": 19.96,
      "p_std_weight": 26.926571793950874,
      "d_std_weight": 17.596660530224586,
      "p_total_weight": 9640.25,
      "d_total_weight": 3793.0599999999995,
      "p_mean_taxability": 67.52746067961166,
      "d_mean_taxability": 62.91870690789474,
      "p_total_taxability": 20865.985350000003,
      "d_total_taxability": 9563.64345,
      "p_mean_volume": 0.20164236245954692,
      "d_mean_volume": 0.1889450657894737,
      "p_median_volume": 0.12854000000000002,
      "d_median_volume": 0.15847,
      "p_std_volume": 0.19444854515502852,
      "d_std_volume": 0.12954262400628117,
      "p_total_volume": 62.30749,
      "d_total_volume": 28.719650000000005,
      "d_max_priority": 1,
      "used_volume": 0.7632541588063797,
      "used_weight": 0.43819318181818184,
      "unload_obs": 1,
      "hs_cond": 1,
      "p_cond": 0,
      "sub_cond": 0
    },
    {
      "iteration": 161,
      "time": "85.79236078262329",
      "n_placed": 306,
      "n_discard": 155,
      "p_mean_weight": 31.335653594771244,
      "d_mean_weight": 24.803870967741933,
      "p_median_weight": 20.04,
      "d_median_weight": 18.18,
      "p_std_weight": 27.035590005554944,
      "d_std_weight": 17.41759098806142,
      "p_total_weight": 9588.710000000001,
      "d_total_weight": 3844.5999999999995,
      "p_mean_taxability": 68.00599637254903,
      "d_mean_taxability": 62.063186516129036,
      "p_total_taxability": 20809.834890000006,
      "d_total_taxability": 9619.79391,
      "p_mean_volume": 0.20306820261437908,
      "d_mean_volume": 0.186375935483871,
      "p_median_volume": 0.13034,
      "d_median_volume": 0.14850000000000002,
      "p_std_volume": 0.1957482946173766,
      "d_std_volume": 0.1269134365574701,
      "p_total_volume": 62.13887,
      "d_total_volume": 28.888270000000002,
      "d_max_priority": 1,
      "used_volume": 0.7611885978881348,
      "used_weight": 0.43585045454545457,
      "unload_obs": 1,
      "hs_cond": 1,
      "p_cond": 0,
      "sub_cond": 0
    }
  ],
  "taxability": [
    {
      "iteration": 78,
      "time": "81.20763111114502",
      "n_placed": 302,
      "n_discard": 159,
      "p_mean_weight": 31.74688741721855,
      "d_mean_weight": 24.187106918238992,
      "p_median_weight": 22.075,
      "d_median_weight": 16.85,
      "p_std_weight": 26.486843099721725,
      "d_std_weight": 18.980370917995746,
      "p_total_weight": 9587.560000000001,
      "d_total_weight": 3845.7499999999995,
      "p_mean_taxability": 69.24004678807947,
      "d_mean_taxability": 59.86877150943397,
      "p_total_taxability": 20910.49413,
      "d_total_taxability": 9519.134670000001,
      "p_mean_volume": 0.2067587748344371,
      "d_mean_volume": 0.17978610062893086,
      "p_median_volume": 0.13869,
      "d_median_volume": 0.125,
      "p_std_volume": 0.1874625677297281,
      "d_std_volume": 0.14973325867795348,
      "p_total_volume": 62.44115000000001,
      "d_total_volume": 28.585990000000006,
      "d_max_priority": 1,
      "used_volume": 0.764891466790798,
      "used_weight": 0.43579818181818186,
      "unload_obs": 5,
      "hs_cond": 1,
      "p_cond": 0,
      "sub_cond": 0
    },
    {
      "iteration": 245,
      "time": "83.9413845539093",