{
  "volume": [
    {
      "iteration": 97,
      "time": "85.45377659797668",
      "n_placed": 285,
      "n_discard": 234,
      "p_mean_weight": 29.980456140350878,
      "d_mean_weight": 21.92653846153846,
      "p_median_weight": 18.44,
      "d_median_weight": 13.945,
      "p_std_weight": 25.108865952867937,
      "d_std_weight": 18.395379749296616,
      "p_total_weight": 8544.43,
      "d_total_weight": 5130.8099999999995,
      "p_mean_taxability": 65.9882107017544,
      "d_mean_taxability": 52.67147807692309,
      "p_total_taxability": 18806.64005,
      "d_total_taxability": 12325.125870000002,
      "p_mean_volume": 0.19726052631578947,
      "d_mean_volume": 0.15817260683760687,
      "p_median_volume": 0.11273000000000001,
      "d_median_volume": 0.10099,
      "p_std_volume": 0.17811087844513224,
      "d_std_volume": 0.12763349001004867,
      "p_total_volume": 56.21925,
      "d_total_volume": 37.01239,
      "d_max_priority": 0,
      "used_volume": 0.6886744493715854,
      "used_weight": 0.3883831818181818,
      "unload_obs": 7,
      "hs_cond": 1,
      "p_cond": 1,
      "sub_cond": 1
    },
    {
      "iteration": 144,
      "time": "84.58698320388794",
      "n_placed": 283,
      "n_discard": 236,
      "p_mean_weight": 30.14007067137809,
      "d_mean_weight": 21.803389830508475,
      "p_median_weight": 19.2,
      "d_median_weight": 13.945,
      "p_std_weight": 25.117987536172723,
      "d_std_weight": 18.37759020251678,
      "p_total_weight": 8529.64,
      "d_total_weight": 5145.6,
      "p_mean_taxability": 66.32281756183747,
      "d_mean_taxability": 52.38308707627119,
      "p_total_taxability": 18769.35737,
      "d_total_taxability": 12362.40855,
      "p_mean_volume": 0.19825897526501768,
      "d_mean_volume": 0.1573065677966102,
      "p_median_volume": 0.11374000000000001,
      "d_median_volume": 0.09911500000000001,
      "p_std_volume": 0.17828057462114058,
      "d_std_volume": 0.1275387461347204,
      "p_total_volume": 56.107290000000006,
      "d_total_volume": 37.12435000000001,
      "d_max_priority": 0,
      "used_volume": 0.6873029620011271,
      "used_weight": 0.38771090909090905,
      "unload_obs": 6,
      "hs_cond": 1,
      "p_cond": 1,
      "sub_cond": 1
    },
    {
      "iteration": 278,
      "time": "87.96435308456421",
      "n_placed": 284,
      "n_discard": 235,
      "p_mean_weight": 30.03535211267606,
      "d_mean_weight": 21.894468085106382,
      "p_median_weight": 18.82,
      "d_median_weight": 14.0,
      "p_std_weight": 25.13271670536606,
      "d_std_weight": 18.36813073048253,
      "p_total_weight": 8530.04,
      "d_total_weight": 5145.2,
      "p_mean_taxability": 66.02558267605635,
      "d_mean_taxability": 52.68298059574469,
      "p_total_taxability": 18751.265480000002,
      "d_total_taxability": 12380.500440000002,
      "p_mean_volume": 0.19736957746478873,
      "d_mean_volume": 0.15820714893617022,
      "p_median_volume": 0.11129,
      "d_median_volume": 0.10219,
      "p_std_volume": 0.1784660136122893,
      "d_std_volume": 0.1272763854294682,
      "p_total_volume": 56.05296,
      "d_total_volume": 37.17868,
      "d_max_priority": 0,
      "used_volume": 0.686637430482397,
      "used_weight": 0.38772909090909097,
      "unload_obs": 5,
      "hs_cond": 1,
      "p_cond": 1,
      "sub_cond": 1
    }
  ],
  "weight": [
    {
      "iteration": 26,
      "time": "87.69327330589294",
      "n_placed": 281,
      "n_discard": 238,
      "p_mean_weight": 30.44142348754448,
      "d_mean_weight": 21.51764705882353,
      "p_median_weight": 20.64,
      "d_median_weight": 12.76,
      "p_std_weight": 25.22088193984479,
      "d_std_weight": 18.12539618450783,
      "p_total_weight": 8554.039999999999,
      "d_total_weight": 5121.200000000001,
      "p_mean_taxability": 66.60120466192171,
      "d_mean_taxability": 52.1715437394958,
      "p_total_taxability": 18714.93851,
      "d_total_taxability": 12416.827410000002,
      "p_mean_volume": 0.19908850533807831,
      "d_mean_volume": 0.15667130252100842,
      "p_median_volume": 0.11456000000000001,
      "d_median_volume": 0.09672,
      "p_std_volume": 0.1788655670805416,
      "d_std_volume": 0.12681728863118244,
      "p_total_volume": 55.943870000000004,
      "d_total_volume": 37.28777,
      "d_max_priority": 0,
      "used_volume": 0.6853011000318495,
      "used_weight": 0.38881999999999994,
      "unload_obs": 3,
      "hs_cond": 1,
      "p_cond": 1,
      "sub_cond": 1
    },
    {
      "iteration": 97,
      "time": "85.45377659797668",
      "n_placed": 285,
      "n_discard": 234,
      "p_mean_weight": 29.980456140350878,
      "d_mean_weight": 21.92653846153846,
      "p_median_weight": 18.44,
      "d_median_weight": 13.945,
      "p_std_weight": 25.108865952867937,
      "d_std_weight": 18.395379749296616,
      "p_total_weight": 8544.43,
      "d_total_weight": 5130.8099999999995,
      "p_mean_taxability": 65.9882107017544,
      "d_mean_taxability": 52.67147807692309,
      "p_total_taxability": 18806.64005,
      "d_total_taxability": 12325.125870000002,
      "p_mean_volume": 0.19726052631578947,
      "d_mean_volume": 0.15817260683760687,
      "p_median_volume": 0.11273000000000001,
      "d_median_volume": 0.10099,
      "p_std_volume": 0.17811087844513224,
      "d_std_volume": 0.12763349001004867,
      "p_total_volume": 56.21925,
      "d_total_volume": 37.01239,
      "d_max_priority": 0,
      "used_volume": 0.6886744493715854,
      "used_weight": 0.3883831818181818,
      "unload_obs": 7,
      "hs_cond": 1,
      "p_cond": 1,
      "sub_cond": 1
    },
    {
      "iteration": 278,
      "time": "87.96435308456421",
      "n_placed": 284,
      "n_discard": 235,
      "p_mean_weight": 30.03535211267606,
      "d_mean_weight": 21.894468085106382,
      "p_median_weight": 18.82,
      "d_median_weight": 14.0,
      "p_std_weight": 25.13271670536606,
      "d_std_weight": 18.36813073048253,
      "p_total_weight": 8530.04,
      "d_total_weight": 5145.2,
      "p_mean_taxability": 66.02558267605635,
      "d_mean_taxability": 52.68298059574469,
      "p_total_taxability": 18751.265480000002,
      "d_total_taxability": 12380.500440000002,
      "p_mean_volume": 0.19736957746478873,
      "d_mean_volume": 0.15820714893617022,
      "p_median_volume": 0.11129,
      "d_median_volume": 0.10219,
      "p_std_volume": 0.1784660136122893,
      "d_std_volume": 0.1272763854294682,
      "p_total_volume": 56.05296,
      "d_total_volume": 37.17868,
      "d_max_priority": 0,
      "used_volume": 0.686637430482397,
      "used_weight": 0.38772909090909097,
      "unload_obs": 5,
      "hs_cond": 1,
      "p_cond": 1,
      "sub_cond": 1
    }
  ],
  "taxability": [
    {
      "iteration": 97,
      "time": "85.45377659797668",
      "n_placed": 285,
      "n_discard": 234,
      "p_mean_weight": 29.980456140350878,
      "d_mean_weight": 21.92653846153846,
      "p_median_weight": 18.44,
      "d_median_weight": 13.945,
      "p_std_weight": 25.108865952867937,
      "d_std_weight": 18.395379749296616,
      "p_total_weight": 8544.43,
      "d_total_weight": 5130.8099999999995,
      "p_mean_taxability": 65.9882107017544,
      "d_mean_taxability": 52.67147807692309,
      "p_total_taxability": 18806.64005,
      "d_total_taxability": 12325.125870000002,
      "p_mean_volume": 0.19726052631578947,
      "d_mean_volume": 0.15817260683760687,
      "p_median_volume": 0.11273000000000001,
      "d_median_volume": 0.10099,
      "p_std_volume": 0.17811087844513224,
      "d_std_volume": 0.12763349001004867,
      "p_total_volume": 56.21925,
      "d_total_volume": 37.01239,
      "d_max_priority": 0,
      "used_volume": 0.6886744493715854,
      "used_weight": 0.3883831818181818,
      "unload_obs": 7,
      "hs_cond": 1,
      "p_cond": 1,
      "sub_cond": 1
    },
    {
      "iteration": 144,
      "time": "84.58698320388794",
      "n_placed": 283,