{
  "volume": [
    {
      "iteration": 219,
      "time": "64.51882266998291",
      "n_placed": 294,
      "n_discard": 166,
      "p_mean_weight": 32.16493197278911,
      "d_mean_weight": 30.00084337349397,
      "p_median_weight": 21.09,
      "d_median_weight": 23.75,
      "p_std_weight": 25.262714093584563,
      "d_std_weight": 23.812247686652157,
      "p_total_weight": 9456.49,
      "d_total_weight": 4980.139999999999,
      "p_mean_taxability": 69.81793085034015,
      "d_mean_taxability": 73.73645078313255,
      "p_total_taxability": 20526.471670000003,
      "d_total_taxability": 12240.250830000004,
      "p_mean_volume": 0.20891802721088437,
      "d_mean_volume": 0.22143078313253015,
      "p_median_volume": 0.151295,
      "d_median_volume": 0.18,
      "p_std_volume": 0.17275350172587578,
      "d_std_volume": 0.18722274770165817,
      "p_total_volume": 61.42190000000001,
      "d_total_volume": 36.75751,
      "d_max_priority": 0,
      "used_volume": 0.7524058603033051,
      "used_weight": 0.42984045454545455,
      "unload_obs": 2,
      "hs_cond": 1,
      "p_cond": 1,
      "sub_cond": 1
    },
    {
      "iteration": 246,
      "time": "30.893345832824707",
      "n_placed": 301,
      "n_discard": 159,
      "p_mean_weight": 31.331362126245846,
      "d_mean_weight": 31.483584905660372,
      "p_median_weight": 20.0,
      "d_median_weight": 30.0,
      "p_std_weight": 27.399602949770898,
      "d_std_weight": 18.797016033154218,
      "p_total_weight": 9430.74,
      "d_total_weight": 5005.889999999999,
      "p_mean_taxability": 68.15240624584717,
      "d_mean_taxability": 77.06193849056605,
      "p_total_taxability": 20513.87428,
      "d_total_taxability": 12252.848220000002,
      "p_mean_volume": 0.20393378737541532,
      "d_mean_volume": 0.23141723270440248,
      "p_median_volume": 0.12973,
      "d_median_volume": 0.20885,
      "p_std_volume": 0.1999956620136413,
      "d_std_volume": 0.1249407343853449,
      "p_total_volume": 61.38407000000001,
      "d_total_volume": 36.795339999999996,
      "d_max_priority": 0,
      "used_volume": 0.7519424504495676,
      "used_weight": 0.42867,
      "unload_obs": 3,
      "hs_cond": 1,
      "p_cond": 1,
      "sub_cond": 1
    },
    {
      "iteration": 180,
      "time": "65.61491966247559",
      "n_placed": 289,
      "n_discard": 171,
      "p_mean_weight": 33.1942214532872,
      "d_mean_weight": 28.32456140350877,
      "p_median_weight": 23.0,
      "d_median_weight": 20.0,
      "p_std_weight": 25.678927066992095,
      "d_std_weight": 22.828357473842935,
      "p_total_weight": 9593.130000000001,
      "d_total_weight": 4843.5,
      "p_mean_taxability": 70.89269961937717,
      "d_mean_taxability": 71.80545210526317,
      "p_total_taxability": 20487.99019,
      "d_total_taxability": 12278.732310000001,
      "p_mean_volume": 0.2121326643598616,
      "d_mean_volume": 0.21563198830409355,
      "p_median_volume": 0.16,
      "d_median_volume": 0.18,
      "p_std_volume": 0.1755869704817131,
      "d_std_volume": 0.18252951660620256,
      "p_total_volume": 61.306340000000006,
      "d_total_volume": 36.87307,
      "d_max_priority": 0,
      "used_volume": 0.7509902736604847,
      "used_weight": 0.4360513636363637,
      "unload_obs": 3,
      "hs_cond": 1,
      "p_cond": 1,
      "sub_cond": 1
    }
  ],
  "weight": [
    {
      "iteration": 180,
      "time": "65.61491966247559",
      "n_placed": 289,
      "n_discard": 171,
      "p_mean_weight": 33.1942214532872,
      "d_mean_weight": 28.32456140350877,
      "p_median_weight": 23.0,
      "d_median_weight": 20.0,
      "p_std_weight": 25.678927066992095,
      "d_std_weight": 22.828357473842935,
      "p_total_weight": 9593.130000000001,
      "d_total_weight": 4843.5,
      "p_mean_taxability": 70.89269961937717,
      "d_mean_taxability": 71.80545210526317,
      "p_total_taxability": 20487.99019,
      "d_total_taxability": 12278.732310000001,
      "p_mean_volume": 0.2121326643598616,
      "d_mean_volume": 0.21563198830409355,
      "p_median_volume": 0.16,
      "d_median_volume": 0.18,
      "p_std_volume": 0.1755869704817131,
      "d_std_volume": 0.18252951660620256,
      "p_total_volume": 61.306340000000006,
      "d_total_volume": 36.87307,
      "d_max_priority": 0,
      "used_volume": 0.7509902736604847,
      "used_weight": 0.4360513636363637,
      "unload_obs": 3,
      "hs_cond": 1,
      "p_cond": 1,
      "sub_cond": 1
    },
    {
      "iteration": 219,
      "time": "64.51882266998291",
      "n_placed": 294,
      "n_discard": 166,
      "p_mean_weight": 32.16493197278911,
      "d_mean_weight": 30.00084337349397,
      "p_median_weight": 21.09,
      "d_median_weight": 23.75,
      "p_std_weight": 25.262714093584563,
      "d_std_weight": 23.812247686652157,
      "p_total_weight": 9456.49,
      "d_total_weight": 4980.139999999999,
      "p_mean_taxability": 69.81793085034015,
      "d_mean_taxability": 73.73645078313255,
      "p_total_taxability": 20526.471670000003,
      "d_total_taxability": 12240.250830000004,
      "p_mean_volume": 0.20891802721088437,
      "d_mean_volume": 0.22143078313253015,
      "p_median_volume": 0.151295,
      "d_median_volume": 0.18,
      "p_std_volume": 0.17275350172587578,
      "d_std_volume": 0.18722274770165817,
      "p_total_volume": 61.42190000000001,
      "d_total_volume": 36.75751,
      "d_max_priority": 0,
      "used_volume": 0.7524058603033051,
      "used_weight": 0.42984045454545455,
      "unload_obs": 2,
      "hs_cond": 1,
      "p_cond": 1,
      "sub_cond": 1
    },
    {
      "iteration": 226,
      "time": "63.68049144744873",
      "n_placed": 289,
      "n_discard": 171,
      "p_mean_weight": 32.69709342560553,
      "d_mean_weight": 29.16473684210526,
      "p_median_weight": 22.0,
      "d_median_weight": 20.7,
      "p_std_weight": 25.236203956490808,
      "d_std_weight": 23.79962647546211,
      "p_total_weight": 9449.46,
      "d_total_weight": 4987.169999999999,
      "p_mean_taxability": 70.79051816608997,
      "d_mean_taxability": 71.97814473684211,
      "p_total_taxability": 20458.45975,
      "d_total_taxability": 12308.262750000002,
      "p_mean_volume": 0.2118258131487889,
      "d_mean_volume": 0.21615058479532162,
      "p_median_volume": 0.16611,
      "d_median_volume": 0.17641,
      "p_std_volume": 0.1732183970317721,
      "d_std_volume": 0.18631310772841697,
      "p_total_volume": 61.217659999999995,
      "d_total_volume": 36.961749999999995,
      "d_max_priority": 0,
      "used_volume": 0.7499039615846338,
      "used_weight": 0.42952090909090906,
      "unload_obs": 2,
      "hs_cond": 1,
      "p_cond": 1,
      "sub_cond": 1
    }
  ],
  "taxability": [
    {
      "iteration": 219,
      "time": "64.51882266998291",
      "n_placed": 294,
      "n_discard": 166,
      "p_mean_weight": 32.16493197278911,
      "d_mean_weight": 30.00084337349397,
      "p_median_weight": 21.09,
      "d_median_weight": 23.75,
      "p_std_weight": 25.262714093584563,
      "d_std_weight": 23.812247686652157,
      "p_total_weight": 9456.49,
      "d_total_weight": 4980.139999999999,
      "p_mean_taxability": 69.81793085034015,
      "d_mean_taxability": 73.73645078313255,
      "p_total_taxability": 20526.471670000003,
      "d_total_taxability": 12240.250830000004,
      "p_mean_volume": 0.20891802721088437,
      "d_mean_volume": 0.22143078313253015,
      "p_median_volume": 0.151295,
      "d_median_volume": 0.18,
      "p_std_volume": 0.17275350172587578,
      "d_std_volume": 0.18722274770165817,
      "p_total_volume": 61.42190000000001,
      "d_total_volume": 36.75751,
      "d_max_priority": 0,
      "used_volume": 0.7524058603033051,
      "used_weight": 0.42984045454545455,
      "unload_obs": 2,
      "hs_cond": 1,
      "p_cond": 1,
      "sub_cond": 1
    },
    {
      "iteration": 246,
      "time": "30.893345832824707",
      "n_placed": 301,
      "n_discard": 159,