{
  "volume": [
    {
      "iteration": 332,
      "time": "39.98328733444214",
      "n_placed": 293,
      "n_discard": 167,
      "p_mean_weight": 33.2063481228669,
      "d_mean_weight": 28.186646706586828,
      "p_median_weight": 24.7,
      "d_median_weight": 20.0,
      "p_std_weight": 24.191925220302267,
      "d_std_weight": 25.445027720079946,
      "p_total_weight": 9729.460000000001,
      "d_total_weight": 4707.17,
      "p_mean_taxability": 71.50702204778159,
      "d_mean_taxability": 70.74949125748503,
      "p_total_taxability": 20951.557460000004,
      "d_total_taxability": 11815.165040000002,
      "p_mean_volume": 0.21404071672354952,
      "d_mean_volume": 0.21236814371257484,
      "p_median_volume": 0.18,
      "d_median_volume": 0.15153000000000003,
      "p_std_volume": 0.1589603028947868,
      "d_std_volume": 0.20776799538323892,
      "p_total_volume": 62.713930000000005,
      "d_total_volume": 35.46548,
      "d_max_priority": 1,
      "used_volume": 0.7682329666560502,
      "used_weight": 0.4422481818181819,
      "unload_obs": 2,
      "hs_cond": 1,
      "p_cond": 0,
      "sub_cond": 0
    },
    {
      "iteration": 119,
      "time": "65.23962068557739",
      "n_placed": 293,
      "n_discard": 167,
      "p_mean_weight": 33.13614334470989,
      "d_mean_weight": 28.309820359281442,
      "p_median_weight": 24.7,
      "d_median_weight": 20.0,
      "p_std_weight": 24.262679240159954,
      "d_std_weight": 25.350323599394954,
      "p_total_weight": 9708.89,
      "d_total_weight": 4727.740000000001,
      "p_mean_taxability": 71.3880171672355,
      "d_mean_taxability": 70.95828425149702,
      "p_total_taxability": 20916.68903,
      "d_total_taxability": 11850.033470000002,
      "p_mean_volume": 0.21368334470989764,
      "d_mean_volume": 0.21299514970059882,
      "p_median_volume": 0.18,
      "d_median_volume": 0.15153000000000003,
      "p_std_volume": 0.15926765686207683,
      "d_std_volume": 0.20735713185214374,
      "p_total_volume": 62.60922000000001,
      "d_total_volume": 35.570190000000004,
      "d_max_priority": 1,
      "used_volume": 0.7669502903202098,
      "used_weight": 0.4413131818181818,
      "unload_obs": 3,
      "hs_cond": 1,
      "p_cond": 0,
      "sub_cond": 0
    },
    {
      "iteration": 114,
      "time": "62.587371587753296",
      "n_placed": 290,
      "n_discard": 170,
      "p_mean_weight": 33.45024137931034,
      "d_mean_weight": 27.85917647058824,
      "p_median_weight": 25.0,
      "d_median_weight": 20.0,
      "p_std_weight": 24.196278438077066,
      "d_std_weight": 25.338129006821063,
      "p_total_weight": 9700.57,
      "d_total_weight": 4736.06,
      "p_mean_taxability": 72.06671168965518,
      "d_mean_taxability": 69.80809476470588,
      "p_total_taxability": 20899.346390000002,
      "d_total_taxability": 11867.376110000001,
      "p_mean_volume": 0.21571427586206898,
      "d_mean_volume": 0.20954276470588235,
      "p_median_volume": 0.18,
      "d_median_volume": 0.14835500000000001,
      "p_std_volume": 0.15890776650529762,
      "d_std_volume": 0.20701682945337213,
      "p_total_volume": 62.557140000000004,
      "d_total_volume": 35.62227,
      "d_max_priority": 1,
      "used_volume": 0.7663123208467061,
      "used_weight": 0.44093499999999997,
      "unload_obs": 2,
      "hs_cond": 1,
      "p_cond": 0,
      "sub_cond": 0
    }
  ],
  "weight": [
    {
      "iteration": 332,
      "time": "39.98328733444214",
      "n_placed": 293,
      "n_discard": 167,
      "p_mean_weight": 33.2063481228669,
      "d_mean_weight": 28.186646706586828,
      "p_median_weight": 24.7,
      "d_median_weight": 20.0,
      "p_std_weight": 24.191925220302267,
      "d_std_weight": 25.445027720079946,
      "p_total_weight": 9729.460000000001,
      "d_total_weight": 4707.17,
      "p_mean_taxability": 71.50702204778159,
      "d_mean_taxability": 70.74949125748503,
      "p_total_taxability": 20951.557460000004,
      "d_total_taxability": 11815.165040000002,
      "p_mean_volume": 0.21404071672354952,
      "d_mean_volume": 0.21236814371257484,
      "p_median_volume": 0.18,
      "d_median_volume": 0.15153000000000003,
      "p_std_volume": 0.1589603028947868,
      "d_std_volume": 0.20776799538323892,
      "p_total_volume": 62.713930000000005,
      "d_total_volume": 35.46548,
      "d_max_priority": 1,
      "used_volume": 0.7682329666560502,
      "used_weight": 0.4422481818181819,
      "unload_obs": 2,
      "hs_cond": 1,
      "p_cond": 0,
      "sub_cond": 0
    },
    {
      "iteration": 119,
      "time": "65.23962068557739",
      "n_placed": 293,
      "n_discard": 167,
      "p_mean_weight": 33.13614334470989,
      "d_mean_weight": 28.309820359281442,
      "p_median_weight": 24.7,
      "d_median_weight": 20.0,
      "p_std_weight": 24.262679240159954,
      "d_std_weight": 25.350323599394954,
      "p_total_weight": 9708.89,
      "d_total_weight": 4727.740000000001,
      "p_mean_taxability": 71.3880171672355,
      "d_mean_taxability": 70.95828425149702,
      "p_total_taxability": 20916.68903,
      "d_total_taxability": 11850.033470000002,
      "p_mean_volume": 0.21368334470989764,
      "d_mean_volume": 0.21299514970059882,
      "p_median_volume": 0.18,
      "d_median_volume": 0.15153000000000003,
      "p_std_volume": 0.15926765686207683,
      "d_std_volume": 0.20735713185214374,
      "p_total_volume": 62.60922000000001,
      "d_total_volume": 35.570190000000004,
      "d_max_priority": 1,
      "used_volume": 0.7669502903202098,
      "used_weight": 0.4413131818181818,
      "unload_obs": 3,
      "hs_cond": 1,
      "p_cond": 0,
      "sub_cond": 0
    },
    {
      "iteration": 114,
      "time": "62.587371587753296",
      "n_placed": 290,
      "n_discard": 170,
      "p_mean_weight": 33.45024137931034,
      "d_mean_weight": 27.85917647058824,
      "p_median_weight": 25.0,
      "d_median_weight": 20.0,
      "p_std_weight": 24.196278438077066,
      "d_std_weight": 25.338129006821063,
      "p_total_weight": 9700.57,
      "d_total_weight": 4736.06,
      "p_mean_taxability": 72.06671168965518,
      "d_mean_taxability": 69.80809476470588,
      "p_total_taxability": 20899.346390000002,
      "d_total_taxability": 11867.376110000001,
      "p_mean_volume": 0.21571427586206898,
      "d_mean_volume": 0.20954276470588235,
      "p_median_volume": 0.18,
      "d_median_volume": 0.14835500000000001,
      "p_std_volume": 0.15890776650529762,
      "d_std_volume": 0.20701682945337213,
      "p_total_volume": 62.557140000000004,
      "d_total_volume": 35.62227,
      "d_max_priority": 1,
      "used_volume": 0.7663123208467061,
      "used_weight": 0.44093499999999997,
      "unload_obs": 2,
      "hs_cond": 1,
      "p_cond": 0,
      "sub_cond": 0
    }
  ],
  "taxability": [
    {
      "iteration": 332,
      "time": "39.98328733444214",
      "n_placed": 293,
      "n_discard": 167,
      "p_mean_weight": 33.2063481228669,
      "d_mean_weight": 28.186646706586828,
      "p_median_weight": 24.7,
      "d_median_weight": 20.0,
      "p_std_weight": 24.191925220302267,
      "d_std_weight": 25.445027720079946,
      "p_total_weight": 9729.460000000001,
      "d_total_weight": 4707.17,
      "p_mean_taxability": 71.50702204778159,
      "d_mean_taxability": 70.74949125748503,
      "p_total_taxability": 20951.557460000004,
      "d_total_taxability": 11815.165040000002,
      "p_mean_volume": 0.21404071672354952,
      "d_mean_volume": 0.21236814371257484,
      "p_median_volume": 0.18,
      "d_median_volume": 0.15153000000000003,
      "p_std_volume": 0.1589603028947868,
      "d_std_volume": 0.20776799538323892,
      "p_total_volume": 62.713930000000005,
      "d_total_volume": 35.46548,
      "d_max_priority": 1,
      "used_volume": 0.7682329666560502,
      "used_weight": 0.4422481818181819,
      "unload_obs": 2,
      "hs_cond": 1,
      "p_cond": 0,