{
  "volume": [
    {
      "iteration": 189,
      "time": "39.73536038398743",
      "n_placed": 235,
      "n_discard": 123,
      "p_mean_weight": 40.75561702127659,
      "d_mean_weight": 34.03422764227642,
      "p_median_weight": 37.09,
      "d_median_weight": 35.0,
      "p_std_weight": 25.861102294836208,
      "d_std_weight": 16.96534505396849,
      "p_total_weight": 9577.57,
      "d_total_weight": 4186.21,
      "p_mean_taxability": 88.63502829787235,
      "d_mean_taxability": 85.81778195121952,
      "p_total_taxability": 20829.23165,
      "d_total_taxability": 10555.58718,
      "p_mean_volume": 0.2659159574468085,
      "d_mean_volume": 0.2577110569105691,
      "p_median_volume": 0.27025000000000005,
      "d_median_volume": 0.27768000000000004,
      "p_std_volume": 0.1776825874025549,
      "d_std_volume": 0.11374260849206291,
      "p_total_volume": 62.49025,
      "d_total_volume": 31.69846,
      "d_max_priority": 0,
      "used_volume": 0.7654929318666243,
      "used_weight": 0.4353440909090909,
      "unload_obs": 1,
      "hs_cond": 1,
      "p_cond": 1,
      "sub_cond": 1
    },
    {
      "iteration": 142,
      "time": "39.975743532180786",
      "n_placed": 232,
      "n_discard": 126,
      "p_mean_weight": 41.49918103448277,
      "d_mean_weight": 32.825158730158726,
      "p_median_weight": 40.5,
      "d_median_weight": 33.13,
      "p_std_weight": 26.076280853218233,
      "d_std_weight": 16.01081443195827,
      "p_total_weight": 9627.810000000001,
      "d_total_weight": 4135.969999999999,
      "p_mean_taxability": 89.29705780172415,
      "d_mean_taxability": 84.66588428571428,
      "p_total_taxability": 20716.917410000002,
      "d_total_taxability": 10667.90142,
      "p_mean_volume": 0.2679007327586207,
      "d_mean_volume": 0.25425190476190473,
      "p_median_volume": 0.27308,
      "d_median_volume": 0.27768000000000004,
      "p_std_volume": 0.17898138690350543,
      "d_std_volume": 0.11158102599072504,
      "p_total_volume": 62.15297,
      "d_total_volume": 32.03574,
      "d_max_priority": 0,
      "used_volume": 0.7613613200382194,
      "used_weight": 0.4376277272727273,
      "unload_obs": 1,
      "hs_cond": 1,
      "p_cond": 1,
      "sub_cond": 1
    },
    {
      "iteration": 53,
      "time": "40.85938549041748",
      "n_placed": 236,
      "n_discard": 122,
      "p_mean_weight": 40.64559322033899,
      "d_mean_weight": 34.19196721311476,
      "p_median_weight": 37.09,
      "d_median_weight": 35.0,
      "p_std_weight": 26.139134809376582,
      "d_std_weight": 16.095276481741763,
      "p_total_weight": 9592.36,
      "d_total_weight": 4171.42,
      "p_mean_taxability": 87.70365656779661,
      "d_mean_taxability": 87.59635967213116,
      "p_total_taxability": 20698.06295,
      "d_total_taxability": 10686.75588,
      "p_mean_volume": 0.2631201271186441,
      "d_mean_volume": 0.263052131147541,
      "p_median_volume": 0.263965,
      "d_median_volume": 0.281745,
      "p_std_volume": 0.17834658335752587,
      "d_std_volume": 0.11121678692059639,
      "p_total_volume": 62.09635,
      "d_total_volume": 32.09236,
      "d_max_priority": 0,
      "used_volume": 0.7606677364823481,
      "used_weight": 0.43601636363636365,
      "unload_obs": 3,
      "hs_cond": 1,
      "p_cond": 1,
      "sub_cond": 1
    }
  ],
  "weight": [
    {
      "iteration": 142,
      "time": "39.975743532180786",
      "n_placed": 232,
      "n_discard": 126,
      "p_mean_weight": 41.49918103448277,
      "d_mean_weight": 32.825158730158726,
      "p_median_weight": 40.5,
      "d_median_weight": 33.13,
      "p_std_weight": 26.076280853218233,
      "d_std_weight": 16.01081443195827,
      "p_total_weight": 9627.810000000001,
      "d_total_weight": 4135.969999999999,
      "p_mean_taxability": 89.29705780172415,
      "d_mean_taxability": 84.66588428571428,
      "p_total_taxability": 20716.917410000002,
      "d_total_taxability": 10667.90142,
      "p_mean_volume": 0.2679007327586207,
      "d_mean_volume": 0.25425190476190473,
      "p_median_volume": 0.27308,
      "d_median_volume": 0.27768000000000004,
      "p_std_volume": 0.17898138690350543,
      "d_std_volume": 0.11158102599072504,
      "p_total_volume": 62.15297,
      "d_total_volume": 32.03574,
      "d_max_priority": 0,
      "used_volume": 0.7613613200382194,
      "used_weight": 0.4376277272727273,
      "unload_obs": 1,
      "hs_cond": 1,
      "p_cond": 1,
      "sub_cond": 1
    },
    {
      "iteration": 53,
      "time": "40.85938549041748",
      "n_placed": 236,
      "n_discard": 122,
      "p_mean_weight": 40.64559322033899,
      "d_mean_weight": 34.19196721311476,
      "p_median_weight": 37.09,
      "d_median_weight": 35.0,
      "p_std_weight": 26.139134809376582,
      "d_std_weight": 16.095276481741763,
      "p_total_weight": 9592.36,
      "d_total_weight": 4171.42,
      "p_mean_taxability": 87.70365656779661,
      "d_mean_taxability": 87.59635967213116,
      "p_total_taxability": 20698.06295,
      "d_total_taxability": 10686.75588,
      "p_mean_volume": 0.2631201271186441,
      "d_mean_volume": 0.263052131147541,
      "p_median_volume": 0.263965,
      "d_median_volume": 0.281745,
      "p_std_volume": 0.17834658335752587,
      "d_std_volume": 0.11121678692059639,
      "p_total_volume": 62.09635,
      "d_total_volume": 32.09236,
      "d_max_priority": 0,
      "used_volume": 0.7606677364823481,
      "used_weight": 0.43601636363636365,
      "unload_obs": 3,
      "hs_cond": 1,
      "p_cond": 1,
      "sub_cond": 1
    },
    {
      "iteration": 189,
      "time": "39.73536038398743",
      "n_placed": 235,
      "n_discard": 123,
      "p_mean_weight": 40.75561702127659,
      "d_mean_weight": 34.03422764227642,
      "p_median_weight": 37.09,
      "d_median_weight": 35.0,
      "p_std_weight": 25.861102294836208,
      "d_std_weight": 16.96534505396849,
      "p_total_weight": 9577.57,
      "d_total_weight": 4186.21,
      "p_mean_taxability": 88.63502829787235,
      "d_mean_taxability": 85.81778195121952,
      "p_total_taxability": 20829.23165,
      "d_total_taxability": 10555.58718,
      "p_mean_volume": 0.2659159574468085,
      "d_mean_volume": 0.2577110569105691,
      "p_median_volume": 0.27025000000000005,
      "d_median_volume": 0.27768000000000004,
      "p_std_volume": 0.1776825874025549,
      "d_std_volume": 0.11374260849206291,
      "p_total_volume": 62.49025,
      "d_total_volume": 31.69846,
      "d_max_priority": 0,
      "used_volume": 0.7654929318666243,
      "used_weight": 0.4353440909090909,
      "unload_obs": 1,
      "hs_cond": 1,
      "p_cond": 1,
      "sub_cond": 1
    }
  ],
  "taxability": [
    {
      "iteration": 189,
      "time": "39.73536038398743",
      "n_placed": 235,
      "n_discard": 123,
      "p_mean_weight": 40.75561702127659,
      "d_mean_weight": 34.03422764227642,
      "p_median_weight": 37.09,
      "d_median_weight": 35.0,
      "p_std_weight": 25.861102294836208,
      "d_std_weight": 16.96534505396849,
      "p_total_weight": 9577.57,
      "d_total_weight": 4186.21,
      "p_mean_taxability": 88.63502829787235,
      "d_mean_taxability": 85.81778195121952,
      "p_total_taxability": 20829.23165,
      "d_total_taxability": 10555.58718,
      "p_mean_volume": 0.2659159574468085,
      "d_mean_volume": 0.2577110569105691,
      "p_median_volume": 0.27025000000000005,
      "d_median_volume": 0.27768000000000004,
      "p_std_volume": 0.1776825874025549,
      "d_std_volume": 0.11374260849206291,
      "p_total_volume": 62.49025,
      "d_total_volume": 31.69846,
      "d_max_priority": 0,
      "used_volume": 0.7654929318666243,
      "used_weight": 0.4353440909090909,
      "unload_obs": 1,
      "hs_cond": 1,
      "p_cond": 1,
      "sub_cond": 1
    },
    {
      "iteration": 142,
      "time": "39.975743532180786",
      "n_placed": 232,
      "n_discard": 126,
      "p_mean_weight": 41.49918103448277,