{
  "volume": [
    {
      "iteration": 24,
      "time": "50.07131886482239",
      "n_placed": 287,
      "n_discard": 232,
      "p_mean_weight": 27.575156794425087,
      "d_mean_weight": 23.957499999999996,
      "p_median_weight": 15.0,
      "d_median_weight": 16.0,
      "p_std_weight": 24.829524296913018,
      "d_std_weight": 18.93865886971804,
      "p_total_weight": 7914.07,
      "d_total_weight": 5558.139999999999,
      "p_mean_taxability": 59.04914104529616,
      "d_mean_taxability": 56.358570646551726,
      "p_total_taxability": 16947.103479999998,
      "d_total_taxability": 13075.188390000001,
      "p_mean_volume": 0.17633609756097562,
      "d_mean_volume": 0.16924495689655175,
      "p_median_volume": 0.1009,
      "d_median_volume": 0.11171500000000001,
      "p_std_volume": 0.1648102322531799,
      "d_std_volume": 0.12655070228364196,
      "p_total_volume": 50.60846000000001,
      "d_total_volume": 39.26483,
      "d_max_priority": 0,
      "used_volume": 0.6199434059338021,
      "used_weight": 0.35973045454545455,
      "unload_obs": 4,
      "hs_cond": 1,
      "p_cond": 1,
      "sub_cond": 1
    },
    {
      "iteration": 73,
      "time": "45.76560711860657",
      "n_placed": 283,
      "n_discard": 236,
      "p_mean_weight": 27.76689045936396,
      "d_mean_weight": 23.788898305084746,
      "p_median_weight": 15.0,
      "d_median_weight": 15.71,
      "p_std_weight": 24.7512958514264,
      "d_std_weight": 19.13622570153928,
      "p_total_weight": 7858.030000000001,
      "d_total_weight": 5614.18,
      "p_mean_taxability": 59.482404628975274,
      "d_mean_taxability": 55.88462440677967,
      "p_total_taxability": 16833.520510000002,
      "d_total_taxability": 13188.771360000002,
      "p_mean_volume": 0.1776232155477032,
      "d_mean_volume": 0.16782169491525423,
      "p_median_volume": 0.10849,
      "d_median_volume": 0.105465,
      "p_std_volume": 0.16467879745035335,
      "d_std_volume": 0.12740342780922564,
      "p_total_volume": 50.26737,
      "d_total_volume": 39.60592,
      "d_max_priority": 0,
      "used_volume": 0.6157651223754808,
      "used_weight": 0.35718318181818187,
      "unload_obs": 2,
      "hs_cond": 1,
      "p_cond": 1,
      "sub_cond": 1
    },
    {
      "iteration": 274,
      "time": "49.019230365753174",
      "n_placed": 280,
      "n_discard": 239,
      "p_mean_weight": 27.824142857142856,
      "d_mean_weight": 23.77175732217573,
      "p_median_weight": 15.0,
      "d_median_weight": 15.42,
      "p_std_weight": 24.671132783296752,
      "d_std_weight": 19.32886975853841,
      "p_total_weight": 7790.759999999999,
      "d_total_weight": 5681.45,
      "p_mean_taxability": 59.46883192857144,
      "d_mean_taxability": 55.9456858995816,
      "p_total_taxability": 16651.272940000003,
      "d_total_taxability": 13371.018930000002,
      "p_mean_volume": 0.1775717142857143,
      "d_mean_volume": 0.16800506276150629,
      "p_median_volume": 0.10864000000000001,
      "d_median_volume": 0.10494,
      "p_std_volume": 0.16291491378401,
      "d_std_volume": 0.13057033687373093,
      "p_total_volume": 49.72008,
      "d_total_volume": 40.15321,
      "d_max_priority": 0,
      "used_volume": 0.6090609304946468,
      "used_weight": 0.3541254545454545,
      "unload_obs": 5,
      "hs_cond": 1,
      "p_cond": 1,
      "sub_cond": 1
    }
  ],
  "weight": [
    {
      "iteration": 24,
      "time": "50.07131886482239",
      "n_placed": 287,
      "n_discard": 232,
      "p_mean_weight": 27.575156794425087,
      "d_mean_weight": 23.957499999999996,
      "p_median_weight": 15.0,
      "d_median_weight": 16.0,
      "p_std_weight": 24.829524296913018,
      "d_std_weight": 18.93865886971804,
      "p_total_weight": 7914.07,
      "d_total_weight": 5558.139999999999,
      "p_mean_taxability": 59.04914104529616,
      "d_mean_taxability": 56.358570646551726,
      "p_total_taxability": 16947.103479999998,
      "d_total_taxability": 13075.188390000001,
      "p_mean_volume": 0.17633609756097562,
      "d_mean_volume": 0.16924495689655175,
      "p_median_volume": 0.1009,
      "d_median_volume": 0.11171500000000001,
      "p_std_volume": 0.1648102322531799,
      "d_std_volume": 0.12655070228364196,
      "p_total_volume": 50.60846000000001,
      "d_total_volume": 39.26483,
      "d_max_priority": 0,
      "used_volume": 0.6199434059338021,
      "used_weight": 0.35973045454545455,
      "unload_obs": 4,
      "hs_cond": 1,
      "p_cond": 1,
      "sub_cond": 1
    },
    {
      "iteration": 73,
      "time": "45.76560711860657",
      "n_placed": 283,
      "n_discard": 236,
      "p_mean_weight": 27.76689045936396,
      "d_mean_weight": 23.788898305084746,
      "p_median_weight": 15.0,
      "d_median_weight": 15.71,
      "p_std_weight": 24.7512958514264,
      "d_std_weight": 19.13622570153928,
      "p_total_weight": 7858.030000000001,
      "d_total_weight": 5614.18,
      "p_mean_taxability": 59.482404628975274,
      "d_mean_taxability": 55.88462440677967,
      "p_total_taxability": 16833.520510000002,
      "d_total_taxability": 13188.771360000002,
      "p_mean_volume": 0.1776232155477032,
      "d_mean_volume": 0.16782169491525423,
      "p_median_volume": 0.10849,
      "d_median_volume": 0.105465,
      "p_std_volume": 0.16467879745035335,
      "d_std_volume": 0.12740342780922564,
      "p_total_volume": 50.26737,
      "d_total_volume": 39.60592,
      "d_max_priority": 0,
      "used_volume": 0.6157651223754808,
      "used_weight": 0.35718318181818187,
      "unload_obs": 2,
      "hs_cond": 1,
      "p_cond": 1,
      "sub_cond": 1
    },
    {
      "iteration": 274,
      "time": "49.019230365753174",
      "n_placed": 280,
      "n_discard": 239,
      "p_mean_weight": 27.824142857142856,
      "d_mean_weight": 23.77175732217573,
      "p_median_weight": 15.0,
      "d_median_weight": 15.42,
      "p_std_weight": 24.671132783296752,
      "d_std_weight": 19.32886975853841,
      "p_total_weight": 7790.759999999999,
      "d_total_weight": 5681.45,
      "p_mean_taxability": 59.46883192857144,
      "d_mean_taxability": 55.9456858995816,
      "p_total_taxability": 16651.272940000003,
      "d_total_taxability": 13371.018930000002,
      "p_mean_volume": 0.1775717142857143,
      "d_mean_volume": 0.16800506276150629,
      "p_median_volume": 0.10864000000000001,
      "d_median_volume": 0.10494,
      "p_std_volume": 0.16291491378401,
      "d_std_volume": 0.13057033687373093,
      "p_total_volume": 49.72008,
      "d_total_volume": 40.15321,
      "d_max_priority": 0,
      "used_volume": 0.6090609304946468,
      "used_weight": 0.3541254545454545,
      "unload_obs": 5,
      "hs_cond": 1,
      "p_cond": 1,
      "sub_cond": 1
    }
  ],
  "taxability": [
    {
      "iteration": 24,
      "time": "50.07131886482239",
      "n_placed": 287,
      "n_discard": 232,
      "p_mean_weight": 27.575156794425087,
      "d_mean_weight": 23.957499999999996,
      "p_median_weight": 15.0,
      "d_median_weight": 16.0,
      "p_std_weight": 24.829524296913018,
      "d_std_weight": 18.93865886971804,
      "p_total_weight": 7914.07,
      "d_total_weight": 5558.139999999999,
      "p_mean_taxability": 59.04914104529616,
      "d_mean_taxability": 56.358570646551726,
      "p_total_taxability": 16947.103479999998,
      "d_total_taxability": 13075.188390000001,
      "p_mean_volume": 0.17633609756097562,
      "d_mean_volume": 0.16924495689655175,
      "p_median_volume": 0.1009,
      "d_median_volume": 0.11171500000000001,
      "p_std_volume": 0.1648102322531799,
      "d_std_volume": 0.12655070228364196,
      "p_total_volume": 50.60846000000001,
      "d_total_volume": 39.26483,
      "d_max_priority": 0,
      "used_volume": 0.6199434059338021,
      "used_weight": 0.35973045454545455,
      "unload_obs": 4,
      "hs_cond": 1,
      "p_cond": 1,
      "sub_cond": 1
    },
    {
      "iteration": 73,
      "time": "45.76560711860657",