{
  "volume": [
    {
      "iteration": 262,
      "time": "210.08083653450012",
      "n_placed": 422,
      "n_discard": 205,
      "p_mean_weight": 23.702843601895736,
      "d_mean_weight": 16.010487804878046,
      "p_median_weight": 15.0,
      "d_median_weight": 10.0,
      "p_std_weight": 20.82264395215889,
      "d_std_weight": 18.769515458455334,
      "p_total_weight": 10002.6,
      "d_total_weight": 3282.1499999999996,
      "p_mean_taxability": 50.85838597156398,
      "d_mean_taxability": 41.30689565853658,
      "p_total_taxability": 21462.23888,
      "d_total_taxability": 8467.91361,
      "p_mean_volume": 0.15191990521327012,
      "d_mean_volume": 0.12404473170731707,
      "p_median_volume": 0.08087,
      "d_median_volume": 0.07662000000000001,
      "p_std_volume": 0.1424920033577099,
      "d_std_volume": 0.15969037196274308,
      "p_total_volume": 64.11019999999999,
      "d_total_volume": 25.42917,
      "d_max_priority": 0,
      "used_volume": 0.7853369919396329,
      "used_weight": 0.4546636363636364,
      "unload_obs": 4,
      "hs_cond": 1,
      "p_cond": 1,
      "sub_cond": 1
    },
    {
      "iteration": 109,
      "time": "101.60968899726868",
      "n_placed": 446,
      "n_discard": 181,
      "p_mean_weight": 22.482847533632288,
      "d_mean_weight": 17.996685082872933,
      "p_median_weight": 13.940000000000001,
      "d_median_weight": 11.0,
      "p_std_weight": 20.54874449723527,
      "d_std_weight": 20.010803472548094,
      "p_total_weight": 10027.35,
      "d_total_weight": 3257.4000000000005,
      "p_mean_taxability": 48.05191210762332,
      "d_mean_taxability": 46.9557993922652,
      "p_total_taxability": 21431.152800000003,
      "d_total_taxability": 8498.99969,
      "p_mean_volume": 0.14356715246636773,
      "d_mean_volume": 0.14093049723756906,
      "p_median_volume": 0.07692500000000001,
      "d_median_volume": 0.0843,
      "p_std_volume": 0.1389986544085192,
      "d_std_volume": 0.17092582704292217,
      "p_total_volume": 64.03095,
      "d_total_volume": 25.50842,
      "d_max_priority": 0,
      "used_volume": 0.784366195457775,
      "used_weight": 0.45578863636363637,
      "unload_obs": 4,
      "hs_cond": 1,
      "p_cond": 1,
      "sub_cond": 1
    },
    {
      "iteration": 319,
      "time": "157.1272211074829",
      "n_placed": 441,
      "n_discard": 186,
      "p_mean_weight": 22.677573696145124,
      "d_mean_weight": 17.655591397849463,
      "p_median_weight": 14.0,
      "d_median_weight": 11.0,
      "p_std_weight": 20.580682331643764,
      "d_std_weight": 19.851183882586195,
      "p_total_weight": 10000.81,
      "d_total_weight": 3283.94,
      "p_mean_taxability": 48.411899591836736,
      "d_mean_taxability": 46.13174607526882,
      "p_total_taxability": 21349.64772,
      "d_total_taxability": 8580.504770000001,
      "p_mean_volume": 0.14463988662131522,
      "d_mean_volume": 0.13845795698924732,
      "p_median_volume": 0.07712000000000001,
      "d_median_volume": 0.082475,
      "p_std_volume": 0.13936264092038905,
      "d_std_volume": 0.16936659163249687,
      "p_total_volume": 63.786190000000005,
      "d_total_volume": 25.75318,
      "d_max_priority": 0,
      "used_volume": 0.7813679349290737,
      "used_weight": 0.4545822727272727,
      "unload_obs": 2,
      "hs_cond": 1,
      "p_cond": 1,
      "sub_cond": 1
    }
  ],
  "weight": [
    {
      "iteration": 109,
      "time": "101.60968899726868",
      "n_placed": 446,
      "n_discard": 181,
      "p_mean_weight": 22.482847533632288,
      "d_mean_weight": 17.996685082872933,
      "p_median_weight": 13.940000000000001,
      "d_median_weight": 11.0,
      "p_std_weight": 20.54874449723527,
      "d_std_weight": 20.010803472548094,
      "p_total_weight": 10027.35,
      "d_total_weight": 3257.4000000000005,
      "p_mean_taxability": 48.05191210762332,
      "d_mean_taxability": 46.9557993922652,
      "p_total_taxability": 21431.152800000003,
      "d_total_taxability": 8498.99969,
      "p_mean_volume": 0.14356715246636773,
      "d_mean_volume": 0.14093049723756906,
      "p_median_volume": 0.07692500000000001,
      "d_median_volume": 0.0843,
      "p_std_volume": 0.1389986544085192,
      "d_std_volume": 0.17092582704292217,
      "p_total_volume": 64.03095,
      "d_total_volume": 25.50842,
      "d_max_priority": 0,
      "used_volume": 0.784366195457775,
      "used_weight": 0.45578863636363637,
      "unload_obs": 4,
      "hs_cond": 1,
      "p_cond": 1,
      "sub_cond": 1
    },
    {
      "iteration": 262,
      "time": "210.08083653450012",
      "n_placed": 422,
      "n_discard": 205,
      "p_mean_weight": 23.702843601895736,
      "d_mean_weight": 16.010487804878046,
      "p_median_weight": 15.0,
      "d_median_weight": 10.0,
      "p_std_weight": 20.82264395215889,
      "d_std_weight": 18.769515458455334,
      "p_total_weight": 10002.6,
      "d_total_weight": 3282.1499999999996,
      "p_mean_taxability": 50.85838597156398,
      "d_mean_taxability": 41.30689565853658,
      "p_total_taxability": 21462.23888,
      "d_total_taxability": 8467.91361,
      "p_mean_volume": 0.15191990521327012,
      "d_mean_volume": 0.12404473170731707,
      "p_median_volume": 0.08087,
      "d_median_volume": 0.07662000000000001,
      "p_std_volume": 0.1424920033577099,
      "d_std_volume": 0.15969037196274308,
      "p_total_volume": 64.11019999999999,
      "d_total_volume": 25.42917,
      "d_max_priority": 0,
      "used_volume": 0.7853369919396329,
      "used_weight": 0.4546636363636364,
      "unload_obs": 4,
      "hs_cond": 1,
      "p_cond": 1,
      "sub_cond": 1
    },
    {
      "iteration": 319,
      "time": "157.1272211074829",
      "n_placed": 441,
      "n_discard": 186,
      "p_mean_weight": 22.677573696145124,
      "d_mean_weight": 17.655591397849463,
      "p_median_weight": 14.0,
      "d_median_weight": 11.0,
      "p_std_weight": 20.580682331643764,
      "d_std_weight": 19.851183882586195,
      "p_total_weight": 10000.81,
      "d_total_weight": 3283.94,
      "p_mean_taxability": 48.411899591836736,
      "d_mean_taxability": 46.13174607526882,
      "p_total_taxability": 21349.64772,
      "d_total_taxability": 8580.504770000001,
      "p_mean_volume": 0.14463988662131522,
      "d_mean_volume": 0.13845795698924732,
      "p_median_volume": 0.07712000000000001,
      "d_median_volume": 0.082475,
      "p_std_volume": 0.13936264092038905,
      "d_std_volume": 0.16936659163249687,
      "p_total_volume": 63.786190000000005,
      "d_total_volume": 25.75318,
      "d_max_priority": 0,
      "used_volume": 0.7813679349290737,
      "used_weight": 0.4545822727272727,
      "unload_obs": 2,
      "hs_cond": 1,
      "p_cond": 1,
      "sub_cond": 1
    }
  ],
  "taxability": [
    {
      "iteration": 262,
      "time": "210.08083653450012",
      "n_placed": 422,
      "n_discard": 205,
      "p_mean_weight": 23.702843601895736,
      "d_mean_weight": 16.010487804878046,
      "p_median_weight": 15.0,
      "d_median_weight": 10.0,
      "p_std_weight": 20.82264395215889,
      "d_std_weight": 18.769515458455334,
      "p_total_weight": 10002.6,
      "d_total_weight": 3282.1499999999996,
      "p_mean_taxability": 50.85838597156398,
      "d_mean_taxability": 41.30689565853658,
      "p_total_taxability": 21462.23888,
      "d_total_taxability": 8467.91361,
      "p_mean_volume": 0.15191990521327012,
      "d_mean_volume": 0.12404473170731707,
      "p_median_volume": 0.08087,
      "d_median_volume": 0.07662000000000001,
      "p_std_volume": 0.1424920033577099,
      "d_std_volume": 0.15969037196274308,
      "p_total_volume": 64.11019999999999,
      "d_total_volume": 25.42917,
      "d_max_priority": 0,
      "used_volume": 0.7853369919396329,
      "used_weight": 0.4546636363636364,
      "unload_obs": 4,
      "hs_cond": 1,
      "p_cond": 1,
      "sub_cond": 1
    },
    {
      "iteration": 109,
      "time": "101.60968899726868",