{
  "volume": [
    {
      "iteration": 99,
      "time": "88.61186337471008",
      "n_placed": 270,
      "n_discard": 183,
      "p_mean_weight": 35.271518518518526,
      "d_mean_weight": 26.01530054644809,
      "p_median_weight": 27.0,
      "d_median_weight": 15.0,
      "p_std_weight": 27.03142831994611,
      "d_std_weight": 21.061944610145186,
      "p_total_weight": 9523.310000000001,
      "d_total_weight": 4760.8,
      "p_mean_taxability": 76.3866774074074,
      "d_mean_taxability": 64.02281655737706,
      "p_total_taxability": 20624.4029,
      "d_total_taxability": 11716.175430000001,
      "p_mean_volume": 0.22775770370370374,
      "d_mean_volume": 0.19226071038251372,
      "p_median_volume": 0.18171,
      "d_median_volume": 0.12245,
      "p_std_volume": 0.20037584245627163,
      "d_std_volume": 0.1412606734119206,
      "p_total_volume": 61.494580000000006,
      "d_total_volume": 35.18371000000001,
      "d_max_priority": 0,
      "used_volume": 0.7532961756131025,
      "used_weight": 0.43287772727272733,
      "unload_obs": 0,
      "hs_cond": 1,
      "p_cond": 1,
      "sub_cond": 1
    },
    {
      "iteration": 88,
      "time": "91.21725845336914",
      "n_placed": 271,
      "n_discard": 182,
      "p_mean_weight": 35.17250922509225,
      "d_mean_weight": 26.111868131868132,
      "p_median_weight": 26.8,
      "d_median_weight": 17.85,
      "p_std_weight": 27.13706724879561,
      "d_std_weight": 20.874151819184416,
      "p_total_weight": 9531.75,
      "d_total_weight": 4752.36,
      "p_mean_taxability": 76.0804287084871,
      "d_mean_taxability": 64.41089093406593,
      "p_total_taxability": 20617.796180000005,
      "d_total_taxability": 11722.78215,
      "p_mean_volume": 0.22684405904059043,
      "d_mean_volume": 0.19342609890109894,
      "p_median_volume": 0.18144000000000002,
      "d_median_volume": 0.13744,
      "p_std_volume": 0.2004857810542799,
      "d_std_volume": 0.14094253093810535,
      "p_total_volume": 61.474740000000004,
      "d_total_volume": 35.20355000000001,
      "d_max_priority": 0,
      "used_volume": 0.7530531396231963,
      "used_weight": 0.43326136363636364,
      "unload_obs": 0,
      "hs_cond": 1,
      "p_cond": 1,
      "sub_cond": 1
    },
    {
      "iteration": 100,
      "time": "90.50069236755371",
      "n_placed": 273,
      "n_discard": 180,
      "p_mean_weight": 33.614761904761906,
      "d_mean_weight": 28.37377777777777,
      "p_median_weight": 24.7,
      "d_median_weight": 19.865000000000002,
      "p_std_weight": 27.15816814687319,
      "d_std_weight": 21.53877659897398,
      "p_total_weight": 9176.83,
      "d_total_weight": 5107.279999999999,
      "p_mean_taxability": 72.98954282051284,
      "d_mean_taxability": 68.96907300000001,
      "p_total_taxability": 19926.145190000003,
      "d_total_taxability": 12414.433140000001,
      "p_mean_volume": 0.2175740293040293,
      "d_mean_volume": 0.20711433333333334,
      "p_median_volume": 0.17816,
      "d_median_volume": 0.15518500000000002,
      "p_std_volume": 0.19983712702259857,
      "d_std_volume": 0.1436844194952895,
      "p_total_volume": 59.397710000000004,
      "d_total_volume": 37.28058,
      "d_max_priority": 0,
      "used_volume": 0.7276099419359581,
      "used_weight": 0.41712863636363634,
      "unload_obs": 2,
      "hs_cond": 1,
      "p_cond": 1,
      "sub_cond": 1
    }
  ],
  "weight": [
    {
      "iteration": 88,
      "time": "91.21725845336914",
      "n_placed": 271,
      "n_discard": 182,
      "p_mean_weight": 35.17250922509225,
      "d_mean_weight": 26.111868131868132,
      "p_median_weight": 26.8,
      "d_median_weight": 17.85,
      "p_std_weight": 27.13706724879561,
      "d_std_weight": 20.874151819184416,
      "p_total_weight": 9531.75,
      "d_total_weight": 4752.36,
      "p_mean_taxability": 76.0804287084871,
      "d_mean_taxability": 64.41089093406593,
      "p_total_taxability": 20617.796180000005,
      "d_total_taxability": 11722.78215,
      "p_mean_volume": 0.22684405904059043,
      "d_mean_volume": 0.19342609890109894,
      "p_median_volume": 0.18144000000000002,
      "d_median_volume": 0.13744,
      "p_std_volume": 0.2004857810542799,
      "d_std_volume": 0.14094253093810535,
      "p_total_volume": 61.474740000000004,
      "d_total_volume": 35.20355000000001,
      "d_max_priority": 0,
      "used_volume": 0.7530531396231963,
      "used_weight": 0.43326136363636364,
      "unload_obs": 0,
      "hs_cond": 1,
      "p_cond": 1,
      "sub_cond": 1
    },
    {
      "iteration": 99,
      "time": "88.61186337471008",
      "n_placed": 270,
      "n_discard": 183,
      "p_mean_weight": 35.271518518518526,
      "d_mean_weight": 26.01530054644809,
      "p_median_weight": 27.0,
      "d_median_weight": 15.0,
      "p_std_weight": 27.03142831994611,
      "d_std_weight": 21.061944610145186,
      "p_total_weight": 9523.310000000001,
      "d_total_weight": 4760.8,
      "p_mean_taxability": 76.3866774074074,
      "d_mean_taxability": 64.02281655737706,
      "p_total_taxability": 20624.4029,
      "d_total_taxability": 11716.175430000001,
      "p_mean_volume": 0.22775770370370374,
      "d_mean_volume": 0.19226071038251372,
      "p_median_volume": 0.18171,
      "d_median_volume": 0.12245,
      "p_std_volume": 0.20037584245627163,
      "d_std_volume": 0.1412606734119206,
      "p_total_volume": 61.494580000000006,
      "d_total_volume": 35.18371000000001,
      "d_max_priority": 0,
      "used_volume": 0.7532961756131025,
      "used_weight": 0.43287772727272733,
      "unload_obs": 0,
      "hs_cond": 1,
      "p_cond": 1,
      "sub_cond": 1
    },
    {
      "iteration": 100,
      "time": "90.50069236755371",
      "n_placed": 273,
      "n_discard": 180,
      "p_mean_weight": 33.614761904761906,
      "d_mean_weight": 28.37377777777777,
      "p_median_weight": 24.7,
      "d_median_weight": 19.865000000000002,
      "p_std_weight": 27.15816814687319,
      "d_std_weight": 21.53877659897398,
      "p_total_weight": 9176.83,
      "d_total_weight": 5107.279999999999,
      "p_mean_taxability": 72.98954282051284,
      "d_mean_taxability": 68.96907300000001,
      "p_total_taxability": 19926.145190000003,
      "d_total_taxability": 12414.433140000001,
      "p_mean_volume": 0.2175740293040293,
      "d_mean_volume": 0.20711433333333334,
      "p_median_volume": 0.17816,
      "d_median_volume": 0.15518500000000002,
      "p_std_volume": 0.19983712702259857,
      "d_std_volume": 0.1436844194952895,
      "p_total_volume": 59.397710000000004,
      "d_total_volume": 37.28058,
      "d_max_priority": 0,
      "used_volume": 0.7276099419359581,
      "used_weight": 0.41712863636363634,
      "unload_obs": 2,
      "hs_cond": 1,
      "p_cond": 1,
      "sub_cond": 1
    }
  ],
  "taxability": [
    {
      "iteration": 99,
      "time": "88.61186337471008",
      "n_placed": 270,
      "n_discard": 183,
      "p_mean_weight": 35.271518518518526,
      "d_mean_weight": 26.01530054644809,
      "p_median_weight": 27.0,
      "d_median_weight": 15.0,
      "p_std_weight": 27.03142831994611,
      "d_std_weight": 21.061944610145186,
      "p_total_weight": 9523.310000000001,
      "d_total_weight": 4760.8,
      "p_mean_taxability": 76.3866774074074,
      "d_mean_taxability": 64.02281655737706,
      "p_total_taxability": 20624.4029,
      "d_total_taxability": 11716.175430000001,
      "p_mean_volume": 0.22775770370370374,
      "d_mean_volume": 0.19226071038251372,
      "p_median_volume": 0.18171,
      "d_median_volume": 0.12245,
      "p_std_volume": 0.20037584245627163,
      "d_std_volume": 0.1412606734119206,
      "p_total_volume": 61.494580000000006,
      "d_total_volume": 35.18371000000001,
      "d_max_priority": 0,
      "used_volume": 0.7532961756131025,
      "used_weight": 0.43287772727272733,
      "unload_obs": 0,
      "hs_cond": 1,
      "p_cond": 1,
      "sub_cond": 1
    },
    {
      "iteration": 88,