{
  "volume": [
    {
      "iteration": 269,
      "time": "103.32900047302246",
      "n_placed": 296,
      "n_discard": 166,
      "p_mean_weight": 35.00135135135135,
      "d_mean_weight": 22.535542168674702,
      "p_median_weight": 30.0,
      "d_median_weight": 14.399999999999999,
      "p_std_weight": 24.07480110690742,
      "d_std_weight": 17.78233756001193,
      "p_total_weight": 10360.400000000001,
      "d_total_weight": 3740.9000000000005,
      "p_mean_taxability": 73.59132841216217,
      "d_mean_taxability": 58.31407734939761,
      "p_total_taxability": 21783.03321,
      "d_total_taxability": 9680.136840000003,
      "p_mean_volume": 0.21973256756756757,
      "d_mean_volume": 0.17511734939759036,
      "p_median_volume": 0.20619,
      "d_median_volume": 0.11293,
      "p_std_volume": 0.15562062709177116,
      "d_std_volume": 0.13011030297716825,
      "p_total_volume": 65.04084,
      "d_total_volume": 29.06948,
      "d_max_priority": 1,
      "used_volume": 0.7967371438371267,
      "used_weight": 0.4709272727272728,
      "unload_obs": 1,
      "hs_cond": 1,
      "p_cond": 0,
      "sub_cond": 0
    },
    {
      "iteration": 133,
      "time": "100.08078241348267",
      "n_placed": 299,
      "n_discard": 163,
      "p_mean_weight": 34.557558528428096,
      "d_mean_weight": 23.120184049079754,
      "p_median_weight": 29.4,
      "d_median_weight": 17.2,
      "p_std_weight": 24.470714514525902,
      "d_std_weight": 17.111849351765628,
      "p_total_weight": 10332.710000000001,
      "d_total_weight": 3768.5899999999997,
      "p_mean_taxability": 72.75660662207358,
      "d_mean_taxability": 59.564077730061356,
      "p_total_taxability": 21754.22538,
      "d_total_taxability": 9708.94467,
      "p_mean_volume": 0.21723856187290974,
      "d_mean_volume": 0.17887110429447856,
      "p_median_volume": 0.19855,
      "d_median_volume": 0.13979,
      "p_std_volume": 0.15714090818895105,
      "d_std_volume": 0.1275432072420473,
      "p_total_volume": 64.95433000000001,
      "d_total_volume": 29.155990000000003,
      "d_max_priority": 1,
      "used_volume": 0.7956774138226721,
      "used_weight": 0.4696686363636364,
      "unload_obs": 1,
      "hs_cond": 1,
      "p_cond": 0,
      "sub_cond": 0
    },
    {
      "iteration": 45,
      "time": "101.99768042564392",
      "n_placed": 295,
      "n_discard": 167,
      "p_mean_weight": 34.92216949152542,
      "d_mean_weight": 22.75005988023952,
      "p_median_weight": 30.0,
      "d_median_weight": 16.15,
      "p_std_weight": 24.434868807600427,
      "d_std_weight": 17.06604818341969,
      "p_total_weight": 10302.04,
      "d_total_weight": 3799.2599999999998,
      "p_mean_taxability": 73.57569996610168,
      "d_mean_taxability": 58.43316502994012,
      "p_total_taxability": 21704.831489999997,
      "d_total_taxability": 9758.33856,
      "p_mean_volume": 0.21968135593220342,
      "d_mean_volume": 0.17547497005988028,
      "p_median_volume": 0.20885,
      "d_median_volume": 0.13073,
      "p_std_volume": 0.1568434073704412,
      "d_std_volume": 0.12773367919641757,
      "p_total_volume": 64.80600000000001,
      "d_total_volume": 29.304320000000004,
      "d_max_priority": 1,
      "used_volume": 0.7938604013033786,
      "used_weight": 0.4682745454545455,
      "unload_obs": 0,
      "hs_cond": 1,
      "p_cond": 0,
      "sub_cond": 0
    }
  ],
  "weight": [
    {
      "iteration": 269,
      "time": "103.32900047302246",
      "n_placed": 296,
      "n_discard": 166,
      "p_mean_weight": 35.00135135135135,
      "d_mean_weight": 22.535542168674702,
      "p_median_weight": 30.0,
      "d_median_weight": 14.399999999999999,
      "p_std_weight": 24.07480110690742,
      "d_std_weight": 17.78233756001193,
      "p_total_weight": 10360.400000000001,
      "d_total_weight": 3740.9000000000005,
      "p_mean_taxability": 73.59132841216217,
      "d_mean_taxability": 58.31407734939761,
      "p_total_taxability": 21783.03321,
      "d_total_taxability": 9680.136840000003,
      "p_mean_volume": 0.21973256756756757,
      "d_mean_volume": 0.17511734939759036,
      "p_median_volume": 0.20619,
      "d_median_volume": 0.11293,
      "p_std_volume": 0.15562062709177116,
      "d_std_volume": 0.13011030297716825,
      "p_total_volume": 65.04084,
      "d_total_volume": 29.06948,
      "d_max_priority": 1,
      "used_volume": 0.7967371438371267,
      "used_weight": 0.4709272727272728,
      "unload_obs": 1,
      "hs_cond": 1,
      "p_cond": 0,
      "sub_cond": 0
    },
    {
      "iteration": 133,
      "time": "100.08078241348267",
      "n_placed": 299,
      "n_discard": 163,
      "p_mean_weight": 34.557558528428096,
      "d_mean_weight": 23.120184049079754,
      "p_median_weight": 29.4,
      "d_median_weight": 17.2,
      "p_std_weight": 24.470714514525902,
      "d_std_weight": 17.111849351765628,
      "p_total_weight": 10332.710000000001,
      "d_total_weight": 3768.5899999999997,
      "p_mean_taxability": 72.75660662207358,
      "d_mean_taxability": 59.564077730061356,
      "p_total_taxability": 21754.22538,
      "d_total_taxability": 9708.94467,
      "p_mean_volume": 0.21723856187290974,
      "d_mean_volume": 0.17887110429447856,
      "p_median_volume": 0.19855,
      "d_median_volume": 0.13979,
      "p_std_volume": 0.15714090818895105,
      "d_std_volume": 0.1275432072420473,
      "p_total_volume": 64.95433000000001,
      "d_total_volume": 29.155990000000003,
      "d_max_priority": 1,
      "used_volume": 0.7956774138226721,
      "used_weight": 0.4696686363636364,
      "unload_obs": 1,
      "hs_cond": 1,
      "p_cond": 0,
      "sub_cond": 0
    },
    {
      "iteration": 45,
      "time": "101.99768042564392",
      "n_placed": 295,
      "n_discard": 167,
      "p_mean_weight": 34.92216949152542,
      "d_mean_weight": 22.75005988023952,
      "p_median_weight": 30.0,
      "d_median_weight": 16.15,
      "p_std_weight": 24.434868807600427,
      "d_std_weight": 17.06604818341969,
      "p_total_weight": 10302.04,
      "d_total_weight": 3799.2599999999998,
      "p_mean_taxability": 73.57569996610168,
      "d_mean_taxability": 58.43316502994012,
      "p_total_taxability": 21704.831489999997,
      "d_total_taxability": 9758.33856,
      "p_mean_volume": 0.21968135593220342,
      "d_mean_volume": 0.17547497005988028,
      "p_median_volume": 0.20885,
      "d_median_volume": 0.13073,
      "p_std_volume": 0.1568434073704412,
      "d_std_volume": 0.12773367919641757,
      "p_total_volume": 64.80600000000001,
      "d_total_volume": 29.304320000000004,
      "d_max_priority": 1,
      "used_volume": 0.7938604013033786,
      "used_weight": 0.4682745454545455,
      "unload_obs": 0,
      "hs_cond": 1,
      "p_cond": 0,
      "sub_cond": 0
    }
  ],
  "taxability": [
    {
      "iteration": 269,
      "time": "103.32900047302246",
      "n_placed": 296,
      "n_discard": 166,
      "p_mean_weight": 35.00135135135135,
      "d_mean_weight": 22.535542168674702,
      "p_median_weight": 30.0,
      "d_median_weight": 14.399999999999999,
      "p_std_weight": 24.07480110690742,
      "d_std_weight": 17.78233756001193,
      "p_total_weight": 10360.400000000001,
      "d_total_weight": 3740.9000000000005,
      "p_mean_taxability": 73.59132841216217,
      "d_mean_taxability": 58.31407734939761,
      "p_total_taxability": 21783.03321,
      "d_total_taxability": 9680.136840000003,
      "p_mean_volume": 0.21973256756756757,
      "d_mean_volume": 0.17511734939759036,
      "p_median_volume": 0.20619,
      "d_median_volume": 0.11293,
      "p_std_volume": 0.15562062709177116,
      "d_std_volume": 0.13011030297716825,
      "p_total_volume": 65.04084,
      "d_total_volume": 29.06948,
      "d_max_priority": 1,
      "used_volume": 0.7967371438371267,
      "used_weight": 0.4709272727272728,
      "unload_obs": 1,
      "hs_cond": 1,
      "p_cond": 0,
      "sub_cond": 0
    },
    {
      "iteration": 133,