{
  "volume": [
    {
      "iteration": 213,
      "time": "380.9654498100281",
      "n_placed": 488,
      "n_discard": 131,
      "p_mean_weight": 19.830922131147542,
      "d_mean_weight": 31.067480916030533,
      "p_median_weight": 9.4,
      "d_median_weight": 28.7,
      "p_std_weight": 23.196519205577033,
      "d_std_weight": 13.663145450642112,
      "p_total_weight": 9677.49,
      "d_total_weight": 4069.8399999999997,
      "p_mean_taxability": 41.8647575204918,
      "d_mean_taxability": 79.59513435114506,
      "p_total_taxability": 20430.001669999998,
      "d_total_taxability": 10426.962600000003,
      "p_mean_volume": 0.1243690368852459,
      "d_mean_volume": 0.239024427480916,
      "p_median_volume": 0.060225,
      "d_median_volume": 0.24602000000000002,
      "p_std_volume": 0.16500295866706666,
      "d_std_volume": 0.09942862771595208,
      "p_total_volume": 60.69209,
      "d_total_volume": 31.312199999999997,
      "d_max_priority": 0,
      "used_volume": 0.7434658353137173,
      "used_weight": 0.4398859090909091,
      "unload_obs": 0,
      "hs_cond": 1,
      "p_cond": 1,
      "sub_cond": 1
    },
    {
      "iteration": 32,
      "time": "384.1170015335083",
      "n_placed": 482,
      "n_discard": 137,
      "p_mean_weight": 19.96933609958506,
      "d_mean_weight": 30.088394160583945,
      "p_median_weight": 9.485,
      "d_median_weight": 28.0,
      "p_std_weight": 23.237720159855584,
      "d_std_weight": 14.525119531429633,
      "p_total_weight": 9625.22,
      "d_total_weight": 4122.110000000001,
      "p_mean_taxability": 42.3743096680498,
      "d_mean_taxability": 76.1499781751825,
      "p_total_taxability": 20424.417260000002,
      "d_total_taxability": 10432.547010000002,
      "p_mean_volume": 0.12588240663900416,
      "d_mean_volume": 0.22867861313868615,
      "p_median_volume": 0.060605000000000006,
      "d_median_volume": 0.21945,
      "p_std_volume": 0.16626235489276311,
      "d_std_volume": 0.10425678530028974,
      "p_total_volume": 60.67532,
      "d_total_volume": 31.32897,
      "d_max_priority": 0,
      "used_volume": 0.7432604062032976,
      "used_weight": 0.43750999999999995,
      "unload_obs": 0,
      "hs_cond": 1,
      "p_cond": 1,
      "sub_cond": 1
    },
    {
      "iteration": 131,
      "time": "349.89208364486694",
      "n_placed": 488,
      "n_discard": 131,
      "p_mean_weight": 19.76875,
      "d_mean_weight": 31.299083969465652,
      "p_median_weight": 9.4,
      "d_median_weight": 28.7,
      "p_std_weight": 23.136181640416755,
      "d_std_weight": 13.85066271396325,
      "p_total_weight": 9647.15,
      "d_total_weight": 4100.18,
      "p_mean_taxability": 41.84959510245901,
      "d_mean_taxability": 79.6516172519084,
      "p_total_taxability": 20422.60241,
      "d_total_taxability": 10434.36186,
      "p_mean_volume": 0.12432350409836067,
      "d_mean_volume": 0.23919404580152673,
      "p_median_volume": 0.060225,
      "d_median_volume": 0.24602000000000002,
      "p_std_volume": 0.16510786408455114,
      "d_std_volume": 0.09857530052455118,
      "p_total_volume": 60.66987,
      "d_total_volume": 31.33442,
      "d_max_priority": 0,
      "used_volume": 0.7431936448048607,
      "used_weight": 0.4385068181818182,
      "unload_obs": 0,
      "hs_cond": 1,
      "p_cond": 1,
      "sub_cond": 1
    }
  ],
  "weight": [
    {
      "iteration": 213,
      "time": "380.9654498100281",
      "n_placed": 488,
      "n_discard": 131,
      "p_mean_weight": 19.830922131147542,
      "d_mean_weight": 31.067480916030533,
      "p_median_weight": 9.4,
      "d_median_weight": 28.7,
      "p_std_weight": 23.196519205577033,
      "d_std_weight": 13.663145450642112,
      "p_total_weight": 9677.49,
      "d_total_weight": 4069.8399999999997,
      "p_mean_taxability": 41.8647575204918,
      "d_mean_taxability": 79.59513435114506,
      "p_total_taxability": 20430.001669999998,
      "d_total_taxability": 10426.962600000003,
      "p_mean_volume": 0.1243690368852459,
      "d_mean_volume": 0.239024427480916,
      "p_median_volume": 0.060225,
      "d_median_volume": 0.24602000000000002,
      "p_std_volume": 0.16500295866706666,
      "d_std_volume": 0.09942862771595208,
      "p_total_volume": 60.69209,
      "d_total_volume": 31.312199999999997,
      "d_max_priority": 0,
      "used_volume": 0.7434658353137173,
      "used_weight": 0.4398859090909091,
      "unload_obs": 0,
      "hs_cond": 1,
      "p_cond": 1,
      "sub_cond": 1
    },
    {
      "iteration": 341,
      "time": "251.72433590888977",
      "n_placed": 488,
      "n_discard": 131,
      "p_mean_weight": 19.807602459016394,
      "d_mean_weight": 31.154351145038166,
      "p_median_weight": 9.4,
      "d_median_weight": 28.7,
      "p_std_weight": 23.183892212058865,
      "d_std_weight": 13.6710845385567,
      "p_total_weight": 9666.11,
      "d_total_weight": 4081.22,
      "p_mean_taxability": 41.80483116803279,
      "d_mean_taxability": 79.81837145038169,
      "p_total_taxability": 20400.75761,
      "d_total_taxability": 10456.206660000002,
      "p_mean_volume": 0.12418907786885246,
      "d_mean_volume": 0.23969480916030533,
      "p_median_volume": 0.060225,
      "d_median_volume": 0.24602000000000002,
      "p_std_volume": 0.16494692706075653,
      "d_std_volume": 0.09899407454956505,
      "p_total_volume": 60.60427,
      "d_total_volume": 31.400019999999998,
      "d_max_priority": 0,
      "used_volume": 0.7423900580640419,
      "used_weight": 0.4393686363636364,
      "unload_obs": 0,
      "hs_cond": 1,
      "p_cond": 1,
      "sub_cond": 1
    },
    {
      "iteration": 91,
      "time": "175.09906387329102",
      "n_placed": 488,
      "n_discard": 131,
      "p_mean_weight": 19.798155737704917,
      "d_mean_weight": 31.189541984732823,
      "p_median_weight": 9.425,
      "d_median_weight": 28.7,
      "p_std_weight": 23.18032453315417,
      "d_std_weight": 13.66425572082113,
      "p_total_weight": 9661.5,
      "d_total_weight": 4085.83,
      "p_mean_taxability": 41.827595266393445,
      "d_mean_taxability": 79.73357083969466,
      "p_total_taxability": 20411.86649,
      "d_total_taxability": 10445.097780000002,
      "p_mean_volume": 0.12425743852459016,
      "d_mean_volume": 0.23944015267175575,
      "p_median_volume": 0.060225,
      "d_median_volume": 0.24602000000000002,
      "p_std_volume": 0.1649865562011067,
      "d_std_volume": 0.09904566680215851,
      "p_total_volume": 60.63763,
      "d_total_volume": 31.366660000000003,
      "d_max_priority": 0,
      "used_volume": 0.7427987113212632,
      "used_weight": 0.4391590909090909,
      "unload_obs": 0,
      "hs_cond": 1,
      "p_cond": 1,
      "sub_cond": 1
    }
  ],
  "taxability": [
    {
      "iteration": 213,
      "time": "380.9654498100281",
      "n_placed": 488,
      "n_discard": 131,
      "p_mean_weight": 19.830922131147542,
      "d_mean_weight": 31.067480916030533,
      "p_median_weight": 9.4,
      "d_median_weight": 28.7,
      "p_std_weight": 23.196519205577033,
      "d_std_weight": 13.663145450642112,
      "p_total_weight": 9677.49,
      "d_total_weight": 4069.8399999999997,
      "p_mean_taxability": 41.8647575204918,
      "d_mean_taxability": 79.59513435114506,
      "p_total_taxability": 20430.001669999998,
      "d_total_taxability": 10426.962600000003,
      "p_mean_volume": 0.1243690368852459,
      "d_mean_volume": 0.239024427480916,
      "p_median_volume": 0.060225,
      "d_median_volume": 0.24602000000000002,
      "p_std_volume": 0.16500295866706666,
      "d_std_volume": 0.09942862771595208,
      "p_total_volume": 60.69209,
      "d_total_volume": 31.312199999999997,
      "d_max_priority": 0,
      "used_volume": 0.7434658353137173,
      "used_weight": 0.4398859090909091,
      "unload_obs": 0,
      "hs_cond": 1,
      "p_cond": 1,
      "sub_cond": 1
    },
    {
      "iteration": 32,
      "time": "384.1170015335083",