{
  "volume": [
    {
      "iteration": 176,
      "time": "178.27647852897644",
      "n_placed": 443,
      "n_discard": 209,
      "p_mean_weight": 22.263544018058692,
      "d_mean_weight": 16.017846889952153,
      "p_median_weight": 13.9,
      "d_median_weight": 9.2,
      "p_std_weight": 20.868912043999977,
      "d_std_weight": 14.47133588058657,
      "p_total_weight": 9862.75,
      "d_total_weight": 3347.73,
      "p_mean_taxability": 47.884145462753956,
      "d_mean_taxability": 40.85671004784689,
      "p_total_taxability": 21212.676440000003,
      "d_total_taxability": 8539.0524,
      "p_mean_volume": 0.14315911963882622,
      "d_mean_volume": 0.12269282296650719,
      "p_median_volume": 0.07652,
      "d_median_volume": 0.07387,
      "p_std_volume": 0.14791959371523206,
      "d_std_volume": 0.10875553505442065,
      "p_total_volume": 63.41949000000001,
      "d_total_volume": 25.6428,
      "d_max_priority": 1,
      "used_volume": 0.7768759340470883,
      "used_weight": 0.44830681818181817,
      "unload_obs": 7,
      "hs_cond": 1,
      "p_cond": 0,
      "sub_cond": 0
    },
    {
      "iteration": 84,
      "time": "187.1542010307312",
      "n_placed": 441,
      "n_discard": 211,
      "p_mean_weight": 22.32750566893424,
      "d_mean_weight": 15.943364928909954,
      "p_median_weight": 14.0,
      "d_median_weight": 9.34,
      "p_std_weight": 20.884181924922586,
      "d_std_weight": 14.453943325990823,
      "p_total_weight": 9846.43,
      "d_total_weight": 3364.05,
      "p_mean_taxability": 48.0222932426304,
      "d_mean_taxability": 40.6345854028436,
      "p_total_taxability": 21177.831320000005,
      "d_total_taxability": 8573.897519999999,
      "p_mean_volume": 0.14357108843537417,
      "d_mean_volume": 0.12202578199052133,
      "p_median_volume": 0.07652,
      "d_median_volume": 0.07387,
      "p_std_volume": 0.14803863177376703,
      "d_std_volume": 0.10870814890701773,
      "p_total_volume": 63.31485000000001,
      "d_total_volume": 25.74744,
      "d_max_priority": 1,
      "used_volume": 0.7755941151970993,
      "used_weight": 0.447565,
      "unload_obs": 8,
      "hs_cond": 1,
      "p_cond": 0,
      "sub_cond": 0
    },
    {
      "iteration": 91,
      "time": "182.21529579162598",
      "n_placed": 440,
      "n_discard": 212,
      "p_mean_weight": 22.402636363636365,
      "d_mean_weight": 15.81754716981132,
      "p_median_weight": 14.0,
      "d_median_weight": 9.165,
      "p_std_weight": 20.87730172771639,
      "d_std_weight": 14.448400774839103,
      "p_total_weight": 9857.16,
      "d_total_weight": 3353.3199999999997,
      "p_mean_taxability": 48.1095703409091,
      "d_mean_taxability": 40.488291933962266,
      "p_total_taxability": 21168.210950000004,
      "d_total_taxability": 8583.517890000001,
      "p_mean_volume": 0.14383172727272728,
      "d_mean_volume": 0.12158646226415096,
      "p_median_volume": 0.076405,
      "d_median_volume": 0.073965,
      "p_std_volume": 0.14818138098564823,
      "d_std_volume": 0.10842410376824167,
      "p_total_volume": 63.28596,
      "d_total_volume": 25.77633,
      "d_max_priority": 1,
      "used_volume": 0.7752402185363941,
      "used_weight": 0.44805272727272727,
      "unload_obs": 7,
      "hs_cond": 1,
      "p_cond": 0,
      "sub_cond": 0
    }
  ],
  "weight": [
    {
      "iteration": 176,
      "time": "178.27647852897644",
      "n_placed": 443,
      "n_discard": 209,
      "p_mean_weight": 22.263544018058692,
      "d_mean_weight": 16.017846889952153,
      "p_median_weight": 13.9,
      "d_median_weight": 9.2,
      "p_std_weight": 20.868912043999977,
      "d_std_weight": 14.47133588058657,
      "p_total_weight": 9862.75,
      "d_total_weight": 3347.73,
      "p_mean_taxability": 47.884145462753956,
      "d_mean_taxability": 40.85671004784689,
      "p_total_taxability": 21212.676440000003,
      "d_total_taxability": 8539.0524,
      "p_mean_volume": 0.14315911963882622,
      "d_mean_volume": 0.12269282296650719,
      "p_median_volume": 0.07652,
      "d_median_volume": 0.07387,
      "p_std_volume": 0.14791959371523206,
      "d_std_volume": 0.10875553505442065,
      "p_total_volume": 63.41949000000001,
      "d_total_volume": 25.6428,
      "d_max_priority": 1,
      "used_volume": 0.7768759340470883,
      "used_weight": 0.44830681818181817,
      "unload_obs": 7,
      "hs_cond": 1,
      "p_cond": 0,
      "sub_cond": 0
    },
    {
      "iteration": 91,
      "time": "182.21529579162598",
      "n_placed": 440,
      "n_discard": 212,
      "p_mean_weight": 22.402636363636365,
      "d_mean_weight": 15.81754716981132,
      "p_median_weight": 14.0,
      "d_median_weight": 9.165,
      "p_std_weight": 20.87730172771639,
      "d_std_weight": 14.448400774839103,
      "p_total_weight": 9857.16,
      "d_total_weight": 3353.3199999999997,
      "p_mean_taxability": 48.1095703409091,
      "d_mean_taxability": 40.488291933962266,
      "p_total_taxability": 21168.210950000004,
      "d_total_taxability": 8583.517890000001,
      "p_mean_volume": 0.14383172727272728,
      "d_mean_volume": 0.12158646226415096,
      "p_median_volume": 0.076405,
      "d_median_volume": 0.073965,
      "p_std_volume": 0.14818138098564823,
      "d_std_volume": 0.10842410376824167,
      "p_total_volume": 63.28596,
      "d_total_volume": 25.77633,
      "d_max_priority": 1,
      "used_volume": 0.7752402185363941,
      "used_weight": 0.44805272727272727,
      "unload_obs": 7,
      "hs_cond": 1,
      "p_cond": 0,
      "sub_cond": 0
    },
    {
      "iteration": 84,
      "time": "187.1542010307312",
      "n_placed": 441,
      "n_discard": 211,
      "p_mean_weight": 22.32750566893424,
      "d_mean_weight": 15.943364928909954,
      "p_median_weight": 14.0,
      "d_median_weight": 9.34,
      "p_std_weight": 20.884181924922586,
      "d_std_weight": 14.453943325990823,
      "p_total_weight": 9846.43,
      "d_total_weight": 3364.05,
      "p_mean_taxability": 48.0222932426304,
      "d_mean_taxability": 40.6345854028436,
      "p_total_taxability": 21177.831320000005,
      "d_total_taxability": 8573.897519999999,
      "p_mean_volume": 0.14357108843537417,
      "d_mean_volume": 0.12202578199052133,
      "p_median_volume": 0.07652,
      "d_median_volume": 0.07387,
      "p_std_volume": 0.14803863177376703,
      "d_std_volume": 0.10870814890701773,
      "p_total_volume": 63.31485000000001,
      "d_total_volume": 25.74744,
      "d_max_priority": 1,
      "used_volume": 0.7755941151970993,
      "used_weight": 0.447565,
      "unload_obs": 8,
      "hs_cond": 1,
      "p_cond": 0,
      "sub_cond": 0
    }
  ],
  "taxability": [
    {
      "iteration": 176,
      "time": "178.27647852897644",
      "n_placed": 443,
      "n_discard": 209,
      "p_mean_weight": 22.263544018058692,
      "d_mean_weight": 16.017846889952153,
      "p_median_weight": 13.9,
      "d_median_weight": 9.2,
      "p_std_weight": 20.868912043999977,
      "d_std_weight": 14.47133588058657,
      "p_total_weight": 9862.75,
      "d_total_weight": 3347.73,
      "p_mean_taxability": 47.884145462753956,
      "d_mean_taxability": 40.85671004784689,
      "p_total_taxability": 21212.676440000003,
      "d_total_taxability": 8539.0524,
      "p_mean_volume": 0.14315911963882622,
      "d_mean_volume": 0.12269282296650719,
      "p_median_volume": 0.07652,
      "d_median_volume": 0.07387,
      "p_std_volume": 0.14791959371523206,
      "d_std_volume": 0.10875553505442065,
      "p_total_volume": 63.41949000000001,
      "d_total_volume": 25.6428,
      "d_max_priority": 1,
      "used_volume": 0.7768759340470883,
      "used_weight": 0.44830681818181817,
      "unload_obs": 7,
      "hs_cond": 1,
      "p_cond": 0,
      "sub_cond": 0
    },
    {
      "iteration": 84,
      "time": "187.1542010307312",
      "n_placed": 441,
      "n_discard": 211,
      "p_mean_weight": 22.32750566893424,