{
  "volume": [
    {
      "iteration": 152,
      "time": "135.47806930541992",
      "n_placed": 338,
      "n_discard": 181,
      "p_mean_weight": 28.519201183431953,
      "d_mean_weight": 21.635801104972376,
      "p_median_weight": 17.2,
      "d_median_weight": 11.4,
      "p_std_weight": 23.835517925781804,
      "d_std_weight": 18.95078749592683,
      "p_total_weight": 9639.49,
      "d_total_weight": 3916.08,
      "p_mean_taxability": 62.91303218934912,
      "d_mean_taxability": 52.22220066298343,
      "p_total_taxability": 21264.604880000003,
      "d_total_taxability": 9452.218320000002,
      "p_mean_volume": 0.18764505917159768,
      "d_mean_volume": 0.15682342541436467,
      "p_median_volume": 0.10965000000000001,
      "d_median_volume": 0.07995000000000001,
      "p_std_volume": 0.1695387969678215,
      "d_std_volume": 0.12793987907251686,
      "p_total_volume": 63.424030000000016,
      "d_total_volume": 28.385040000000004,
      "d_max_priority": 0,
      "used_volume": 0.7769315481294561,
      "used_weight": 0.43815863636363633,
      "unload_obs": 2,
      "hs_cond": 1,
      "p_cond": 1,
      "sub_cond": 1
    },
    {
      "iteration": 12,
      "time": "148.8318088054657",
      "n_placed": 343,
      "n_discard": 176,
      "p_mean_weight": 28.044256559766765,
      "d_mean_weight": 22.365852272727274,
      "p_median_weight": 16.64,
      "d_median_weight": 12.059999999999999,
      "p_std_weight": 23.85547391333677,
      "d_std_weight": 19.02063358899023,
      "p_total_weight": 9619.18,
      "d_total_weight": 3936.3900000000003,
      "p_mean_taxability": 61.89969268221574,
      "d_mean_taxability": 53.89334437500001,
      "p_total_taxability": 21231.59459,
      "d_total_taxability": 9485.228610000002,
      "p_mean_volume": 0.18462069970845485,
      "d_mean_volume": 0.161841875,
      "p_median_volume": 0.10599000000000001,
      "d_median_volume": 0.093,
      "p_std_volume": 0.1694860644069711,
      "d_std_volume": 0.12784753540015098,
      "p_total_volume": 63.324900000000014,
      "d_total_volume": 28.48417,
      "d_max_priority": 0,
      "used_volume": 0.7757172256657767,
      "used_weight": 0.43723545454545454,
      "unload_obs": 2,
      "hs_cond": 1,
      "p_cond": 1,
      "sub_cond": 1
    },
    {
      "iteration": 331,
      "time": "87.65681004524231",
      "n_placed": 356,
      "n_discard": 163,
      "p_mean_weight": 26.9308988764045,
      "d_mean_weight": 24.344601226993866,
      "p_median_weight": 15.17,
      "d_median_weight": 17.2,
      "p_std_weight": 23.570546368108516,
      "d_std_weight": 19.83169324826009,
      "p_total_weight": 9587.400000000001,
      "d_total_weight": 3968.17,
      "p_mean_taxability": 59.458695561797754,
      "d_mean_taxability": 58.586058773006144,
      "p_total_taxability": 21167.29562,
      "d_total_taxability": 9549.527580000002,
      "p_mean_volume": 0.17733654494382023,
      "d_mean_volume": 0.17593411042944787,
      "p_median_volume": 0.100625,
      "d_median_volume": 0.11456000000000001,
      "p_std_volume": 0.16730148946787596,
      "d_std_volume": 0.13166226480560336,
      "p_total_volume": 63.13181,
      "d_total_volume": 28.677260000000004,
      "d_max_priority": 0,
      "used_volume": 0.7733519121934488,
      "used_weight": 0.4357909090909092,
      "unload_obs": 1,
      "hs_cond": 1,
      "p_cond": 1,
      "sub_cond": 1
    }
  ],
  "weight": [
    {
      "iteration": 152,
      "time": "135.47806930541992",
      "n_placed": 338,
      "n_discard": 181,
      "p_mean_weight": 28.519201183431953,
      "d_mean_weight": 21.635801104972376,
      "p_median_weight": 17.2,
      "d_median_weight": 11.4,
      "p_std_weight": 23.835517925781804,
      "d_std_weight": 18.95078749592683,
      "p_total_weight": 9639.49,
      "d_total_weight": 3916.08,
      "p_mean_taxability": 62.91303218934912,
      "d_mean_taxability": 52.22220066298343,
      "p_total_taxability": 21264.604880000003,
      "d_total_taxability": 9452.218320000002,
      "p_mean_volume": 0.18764505917159768,
      "d_mean_volume": 0.15682342541436467,
      "p_median_volume": 0.10965000000000001,
      "d_median_volume": 0.07995000000000001,
      "p_std_volume": 0.1695387969678215,
      "d_std_volume": 0.12793987907251686,
      "p_total_volume": 63.424030000000016,
      "d_total_volume": 28.385040000000004,
      "d_max_priority": 0,
      "used_volume": 0.7769315481294561,
      "used_weight": 0.43815863636363633,
      "unload_obs": 2,
      "hs_cond": 1,
      "p_cond": 1,
      "sub_cond": 1
    },
    {
      "iteration": 112,
      "time": "144.9685525894165",
      "n_placed": 337,
      "n_discard": 182,
      "p_mean_weight": 28.548249258160237,
      "d_mean_weight": 21.619835164835163,
      "p_median_weight": 17.2,
      "d_median_weight": 11.55,
      "p_std_weight": 23.82779481103388,
      "d_std_weight": 18.986462681764852,
      "p_total_weight": 9620.76,
      "d_total_weight": 3934.8099999999995,
      "p_mean_taxability": 62.78195471810089,
      "d_mean_taxability": 52.523650879120886,
      "p_total_taxability": 21157.51874,
      "d_total_taxability": 9559.304460000001,
      "p_mean_volume": 0.1872476261127597,
      "d_mean_volume": 0.1577286813186813,
      "p_median_volume": 0.10849,
      "d_median_volume": 0.082175,
      "p_std_volume": 0.16985350736791166,
      "d_std_volume": 0.1276262068180347,
      "p_total_volume": 63.10245000000001,
      "d_total_volume": 28.70662,
      "d_max_priority": 0,
      "used_volume": 0.7729922581277411,
      "used_weight": 0.4373072727272727,
      "unload_obs": 1,
      "hs_cond": 1,
      "p_cond": 1,
      "sub_cond": 1
    },
    {
      "iteration": 12,
      "time": "148.8318088054657",
      "n_placed": 343,
      "n_discard": 176,
      "p_mean_weight": 28.044256559766765,
      "d_mean_weight": 22.365852272727274,
      "p_median_weight": 16.64,
      "d_median_weight": 12.059999999999999,
      "p_std_weight": 23.85547391333677,
      "d_std_weight": 19.02063358899023,
      "p_total_weight": 9619.18,
      "d_total_weight": 3936.3900000000003,
      "p_mean_taxability": 61.89969268221574,
      "d_mean_taxability": 53.89334437500001,
      "p_total_taxability": 21231.59459,
      "d_total_taxability": 9485.228610000002,
      "p_mean_volume": 0.18462069970845485,
      "d_mean_volume": 0.161841875,
      "p_median_volume": 0.10599000000000001,
      "d_median_volume": 0.093,
      "p_std_volume": 0.1694860644069711,
      "d_std_volume": 0.12784753540015098,
      "p_total_volume": 63.324900000000014,
      "d_total_volume": 28.48417,
      "d_max_priority": 0,
      "used_volume": 0.7757172256657767,
      "used_weight": 0.43723545454545454,
      "unload_obs": 2,
      "hs_cond": 1,
      "p_cond": 1,
      "sub_cond": 1
    }
  ],
  "taxability": [
    {
      "iteration": 152,
      "time": "135.47806930541992",
      "n_placed": 338,
      "n_discard": 181,
      "p_mean_weight": 28.519201183431953,
      "d_mean_weight": 21.635801104972376,
      "p_median_weight": 17.2,
      "d_median_weight": 11.4,
      "p_std_weight": 23.835517925781804,
      "d_std_weight": 18.95078749592683,
      "p_total_weight": 9639.49,
      "d_total_weight": 3916.08,
      "p_mean_taxability": 62.91303218934912,
      "d_mean_taxability": 52.22220066298343,
      "p_total_taxability": 21264.604880000003,
      "d_total_taxability": 9452.218320000002,
      "p_mean_volume": 0.18764505917159768,
      "d_mean_volume": 0.15682342541436467,
      "p_median_volume": 0.10965000000000001,
      "d_median_volume": 0.07995000000000001,
      "p_std_volume": 0.1695387969678215,
      "d_std_volume": 0.12793987907251686,
      "p_total_volume": 63.424030000000016,
      "d_total_volume": 28.385040000000004,
      "d_max_priority": 0,
      "used_volume": 0.7769315481294561,
      "used_weight": 0.43815863636363633,
      "unload_obs": 2,
      "hs_cond": 1,
      "p_cond": 1,