{
  "volume": [
    {
      "iteration": 326,
      "time": "110.42659878730774",
      "n_placed": 435,
      "n_discard": 178,
      "p_mean_weight": 14.016505747126438,
      "d_mean_weight": 14.60325842696629,
      "p_median_weight": 9.27,
      "d_median_weight": 6.390000000000001,
      "p_std_weight": 14.384336614380116,
      "d_std_weight": 18.73090176281143,
      "p_total_weight": 6097.18,
      "d_total_weight": 2599.3799999999997,
      "p_mean_taxability": 43.4885571954023,
      "d_mean_taxability": 74.6455793258427,
      "p_total_taxability": 18917.522380000002,
      "d_total_taxability": 13286.913120000001,
      "p_mean_volume": 0.12985321839080458,
      "d_mean_volume": 0.22416089887640447,
      "p_median_volume": 0.0623,
      "d_median_volume": 0.11171,
      "p_std_volume": 0.18085112344896212,
      "d_std_volume": 0.2542966114894311,
      "p_total_volume": 56.486149999999995,
      "d_total_volume": 39.900639999999996,
      "d_max_priority": 1,
      "used_volume": 0.6919439204253129,
      "used_weight": 0.2771445454545455,
      "unload_obs": 3,
      "hs_cond": 1,
      "p_cond": 0,
      "sub_cond": 0
    },
    {
      "iteration": 100,
      "time": "143.9379825592041",
      "n_placed": 435,
      "n_discard": 178,
      "p_mean_weight": 14.00871264367816,
      "d_mean_weight": 14.622303370786517,
      "p_median_weight": 9.27,
      "d_median_weight": 6.4,
      "p_std_weight": 14.389061375885058,
      "d_std_weight": 18.721387533024455,
      "p_total_weight": 6093.79,
      "d_total_weight": 2602.77,
      "p_mean_taxability": 43.45273098850574,
      "d_mean_taxability": 74.73313213483146,
      "p_total_taxability": 18901.93798,
      "d_total_taxability": 13302.49752,
      "p_mean_volume": 0.12974563218390803,
      "d_mean_volume": 0.2244238202247191,
      "p_median_volume": 0.06188,
      "d_median_volume": 0.11171,
      "p_std_volume": 0.18088808883976865,
      "d_std_volume": 0.25413384277152185,
      "p_total_volume": 56.43935,
      "d_total_volume": 39.94744,
      "d_max_priority": 1,
      "used_volume": 0.6913706298846068,
      "used_weight": 0.27699045454545457,
      "unload_obs": 1,
      "hs_cond": 1,
      "p_cond": 0,
      "sub_cond": 0
    },
    {
      "iteration": 175,
      "time": "153.0915322303772",
      "n_placed": 437,
      "n_discard": 176,
      "p_mean_weight": 13.982059496567505,
      "d_mean_weight": 14.695454545454545,
      "p_median_weight": 9.24,
      "d_median_weight": 5.955,
      "p_std_weight": 14.361226831845464,
      "d_std_weight": 18.81569447693469,
      "p_total_weight": 6110.16,
      "d_total_weight": 2586.4,
      "p_mean_taxability": 43.18392503432494,
      "d_mean_taxability": 75.75602420454544,
      "p_total_taxability": 18871.37524,
      "d_total_taxability": 13333.060259999998,
      "p_mean_volume": 0.12894180778032036,
      "d_mean_volume": 0.22749556818181818,
      "p_median_volume": 0.06196,
      "d_median_volume": 0.11322499999999999,
      "p_std_volume": 0.18028349025471432,
      "d_std_volume": 0.2549481627932928,
      "p_total_volume": 56.34757,
      "d_total_volume": 40.03922,
      "d_max_priority": 1,
      "used_volume": 0.6902463434353333,
      "used_weight": 0.27773454545454546,
      "unload_obs": 1,
      "hs_cond": 1,
      "p_cond": 0,
      "sub_cond": 0
    }
  ],
  "weight": [
    {
      "iteration": 118,
      "time": "156.80222916603088",
      "n_placed": 436,
      "n_discard": 177,
      "p_mean_weight": 14.113371559633029,
      "d_mean_weight": 14.367966101694913,
      "p_median_weight": 9.31,
      "d_median_weight": 5.4,
      "p_std_weight": 14.120446522180664,
      "d_std_weight": 19.24725580614094,
      "p_total_weight": 6153.43,
      "d_total_weight": 2543.1299999999997,
      "p_mean_taxability": 42.70875194954128,
      "d_mean_taxability": 76.74248389830508,
      "p_total_taxability": 18621.01585,
      "d_total_taxability": 13583.41965,
      "p_mean_volume": 0.12751316513761468,
      "d_mean_volume": 0.23045790960451976,
      "p_median_volume": 0.062424999999999994,
      "d_median_volume": 0.10368,
      "p_std_volume": 0.17027640010094816,
      "d_std_volume": 0.26986698761029554,
      "p_total_volume": 55.59574,
      "d_total_volume": 40.79105,
      "d_max_priority": 1,
      "used_volume": 0.6810365778964647,
      "used_weight": 0.27970136363636366,
      "unload_obs": 7,
      "hs_cond": 1,
      "p_cond": 0,
      "sub_cond": 0
    },
    {
      "iteration": 342,
      "time": "95.35810279846191",
      "n_placed": 439,
      "n_discard": 174,
      "p_mean_weight": 13.99651480637813,
      "d_mean_weight": 14.667183908045976,
      "p_median_weight": 9.27,
      "d_median_weight": 5.965,
      "p_std_weight": 14.132523839114386,
      "d_std_weight": 19.294628040326078,
      "p_total_weight": 6144.469999999999,
      "d_total_weight": 2552.0899999999997,
      "p_mean_taxability": 42.426313690205006,
      "d_mean_taxability": 78.04186086206897,
      "p_total_taxability": 18625.15171,
      "d_total_taxability": 13579.283790000001,
      "p_mean_volume": 0.12667006833712985,
      "d_mean_volume": 0.23435994252873568,
      "p_median_volume": 0.06125,
      "d_median_volume": 0.11171,
      "p_std_volume": 0.1699572753087099,
      "d_std_volume": 0.27059534304358474,
      "p_total_volume": 55.60816,
      "d_total_volume": 40.77863000000001,
      "d_max_priority": 1,
      "used_volume": 0.6811887203861136,
      "used_weight": 0.27929409090909085,
      "unload_obs": 9,
      "hs_cond": 1,
      "p_cond": 0,
      "sub_cond": 0
    },
    {
      "iteration": 155,
      "time": "162.6750042438507",
      "n_placed": 436,
      "n_discard": 177,
      "p_mean_weight": 14.092339449541285,
      "d_mean_weight": 14.419774011299436,
      "p_median_weight": 9.29,
      "d_median_weight": 5.53,
      "p_std_weight": 14.132919134065205,
      "d_std_weight": 19.22382789767813,
      "p_total_weight": 6144.26,
      "d_total_weight": 2552.3,
      "p_mean_taxability": 42.696692155963305,
      "d_mean_taxability": 76.77219050847458,
      "p_total_taxability": 18615.75778,
      "d_total_taxability": 13588.67772,
      "p_mean_volume": 0.12747694954128438,
      "d_mean_volume": 0.2305471186440678,
      "p_median_volume": 0.062424999999999994,
      "d_median_volume": 0.10368,
      "p_std_volume": 0.17029577062696513,
      "d_std_volume": 0.2698025258367694,
      "p_total_volume": 55.57995,
      "d_total_volume": 40.80684,
      "d_max_priority": 1,
      "used_volume": 0.6808431535879658,
      "used_weight": 0.27928454545454545,
      "unload_obs": 7,
      "hs_cond": 1,
      "p_cond": 0,
      "sub_cond": 0
    }
  ],
  "taxability": [
    {
      "iteration": 326,
      "time": "110.42659878730774",
      "n_placed": 435,
      "n_discard": 178,
      "p_mean_weight": 14.016505747126438,
      "d_mean_weight": 14.60325842696629,
      "p_median_weight": 9.27,
      "d_median_weight": 6.390000000000001,
      "p_std_weight": 14.384336614380116,
      "d_std_weight": 18.73090176281143,
      "p_total_weight": 6097.18,
      "d_total_weight": 2599.3799999999997,
      "p_mean_taxability": 43.4885571954023,
      "d_mean_taxability": 74.6455793258427,
      "p_total_taxability": 18917.522380000002,
      "d_total_taxability": 13286.913120000001,
      "p_mean_volume": 0.12985321839080458,
      "d_mean_volume": 0.22416089887640447,
      "p_median_volume": 0.0623,
      "d_median_volume": 0.11171,
      "p_std_volume": 0.18085112344896212,
      "d_std_volume": 0.2542966114894311,
      "p_total_volume": 56.486149999999995,
      "d_total_volume": 39.900639999999996,
      "d_max_priority": 1,
      "used_volume": 0.6919439204253129,
      "used_weight": 0.2771445454545455,
      "unload_obs": 3,
      "hs_cond": 1,
      "p_cond": 0,
      "sub_cond": 0
    },
    {
      "iteration": 100,
      "time": "143.9379825592041",
      "n_placed": 435,