{
  "volume": [
    {
      "iteration": 236,
      "time": "126.26029109954834",
      "n_placed": 325,
      "n_discard": 120,
      "p_mean_weight": 17.357476923076923,
      "d_mean_weight": 14.607583333333332,
      "p_median_weight": 11.24,
      "d_median_weight": 5.725,
      "p_std_weight": 18.479970549642914,
      "d_std_weight": 16.930194645936584,
      "p_total_weight": 5641.18,
      "d_total_weight": 1752.9099999999999,
      "p_mean_taxability": 62.807217138461546,
      "d_mean_taxability": 91.29064575,
      "p_total_taxability": 20412.34557,
      "d_total_taxability": 10954.877489999999,
      "p_mean_volume": 0.18856092307692307,
      "d_mean_volume": 0.2741460833333333,
      "p_median_volume": 0.09702,
      "d_median_volume": 0.193625,
      "p_std_volume": 0.22381308761561328,
      "d_std_volume": 0.2659165436315834,
      "p_total_volume": 61.2823,
      "d_total_volume": 32.897529999999996,
      "d_max_priority": 0,
      "used_volume": 0.7506957885194894,
      "used_weight": 0.2564172727272727,
      "unload_obs": 0,
      "hs_cond": 1,
      "p_cond": 1,
      "sub_cond": 1
    },
    {
      "iteration": 227,
      "time": "123.01072430610657",
      "n_placed": 325,
      "n_discard": 120,
      "p_mean_weight": 17.358984615384614,
      "d_mean_weight": 14.6035,
      "p_median_weight": 11.24,
      "d_median_weight": 5.725,
      "p_std_weight": 18.478624284488642,
      "d_std_weight": 16.93352567685594,
      "p_total_weight": 5641.67,
      "d_total_weight": 1752.42,
      "p_mean_taxability": 62.78857938461538,
      "d_mean_taxability": 91.341123,
      "p_total_taxability": 20406.2883,
      "d_total_taxability": 10960.93476,
      "p_mean_volume": 0.18850495384615384,
      "d_mean_volume": 0.27429766666666666,
      "p_median_volume": 0.09702,
      "d_median_volume": 0.193625,
      "p_std_volume": 0.22384216530053724,
      "d_std_volume": 0.26580062303274204,
      "p_total_volume": 61.26411,
      "d_total_volume": 32.91572,
      "d_max_priority": 0,
      "used_volume": 0.7504729646960825,
      "used_weight": 0.25643954545454545,
      "unload_obs": 0,
      "hs_cond": 1,
      "p_cond": 1,
      "sub_cond": 1
    },
    {
      "iteration": 91,
      "time": "122.84989309310913",
      "n_placed": 324,
      "n_discard": 121,
      "p_mean_weight": 17.414444444444445,
      "d_mean_weight": 14.47776859504132,
      "p_median_weight": 11.27,
      "d_median_weight": 5.55,
      "p_std_weight": 18.48120992045269,
      "d_std_weight": 16.916170689983954,
      "p_total_weight": 5642.280000000001,
      "d_total_weight": 1751.8099999999997,
      "p_mean_taxability": 62.947108240740754,
      "d_mean_taxability": 90.68066107438015,
      "p_total_taxability": 20394.863070000003,
      "d_total_taxability": 10972.359989999999,
      "p_mean_volume": 0.18898086419753085,
      "d_mean_volume": 0.2723142975206611,
      "p_median_volume": 0.09776,
      "d_median_volume": 0.18819,
      "p_std_volume": 0.22402374919959445,
      "d_std_volume": 0.26558822240085134,
      "p_total_volume": 61.2298,
      "d_total_volume": 32.95002999999999,
      "d_max_priority": 0,
      "used_volume": 0.7500526741308768,
      "used_weight": 0.25646727272727277,
      "unload_obs": 0,
      "hs_cond": 1,
      "p_cond": 1,
      "sub_cond": 1
    }
  ],
  "weight": [
    {
      "iteration": 91,
      "time": "122.84989309310913",
      "n_placed": 324,
      "n_discard": 121,
      "p_mean_weight": 17.414444444444445,
      "d_mean_weight": 14.47776859504132,
      "p_median_weight": 11.27,
      "d_median_weight": 5.55,
      "p_std_weight": 18.48120992045269,
      "d_std_weight": 16.916170689983954,
      "p_total_weight": 5642.280000000001,
      "d_total_weight": 1751.8099999999997,
      "p_mean_taxability": 62.947108240740754,
      "d_mean_taxability": 90.68066107438015,
      "p_total_taxability": 20394.863070000003,
      "d_total_taxability": 10972.359989999999,
      "p_mean_volume": 0.18898086419753085,
      "d_mean_volume": 0.2723142975206611,
      "p_median_volume": 0.09776,
      "d_median_volume": 0.18819,
      "p_std_volume": 0.22402374919959445,
      "d_std_volume": 0.26558822240085134,
      "p_total_volume": 61.2298,
      "d_total_volume": 32.95002999999999,
      "d_max_priority": 0,
      "used_volume": 0.7500526741308768,
      "used_weight": 0.25646727272727277,
      "unload_obs": 0,
      "hs_cond": 1,
      "p_cond": 1,
      "sub_cond": 1
    },
    {
      "iteration": 60,
      "time": "58.271533250808716",
      "n_placed": 324,
      "n_discard": 121,
      "p_mean_weight": 17.412901234567904,
      "d_mean_weight": 14.48190082644628,
      "p_median_weight": 11.27,
      "d_median_weight": 5.55,
      "p_std_weight": 18.48259779571424,
      "d_std_weight": 16.912811530220196,
      "p_total_weight": 5641.780000000001,
      "d_total_weight": 1752.31,
      "p_mean_taxability": 62.916572962962974,
      "d_mean_taxability": 90.76242495867767,
      "p_total_taxability": 20384.969640000003,
      "d_total_taxability": 10982.253419999997,
      "p_mean_volume": 0.18888916666666666,
      "d_mean_volume": 0.2725598347107438,
      "p_median_volume": 0.09776,
      "d_median_volume": 0.18819,
      "p_std_volume": 0.22408190860005212,
      "d_std_volume": 0.26537823464501714,
      "p_total_volume": 61.20009,
      "d_total_volume": 32.97974,
      "d_max_priority": 0,
      "used_volume": 0.7496887326359115,
      "used_weight": 0.2564445454545455,
      "unload_obs": 0,
      "hs_cond": 1,
      "p_cond": 1,
      "sub_cond": 1
    },
    {
      "iteration": 227,
      "time": "123.01072430610657",
      "n_placed": 325,
      "n_discard": 120,
      "p_mean_weight": 17.358984615384614,
      "d_mean_weight": 14.6035,
      "p_median_weight": 11.24,
      "d_median_weight": 5.725,
      "p_std_weight": 18.478624284488642,
      "d_std_weight": 16.93352567685594,
      "p_total_weight": 5641.67,
      "d_total_weight": 1752.42,
      "p_mean_taxability": 62.78857938461538,
      "d_mean_taxability": 91.341123,
      "p_total_taxability": 20406.2883,
      "d_total_taxability": 10960.93476,
      "p_mean_volume": 0.18850495384615384,
      "d_mean_volume": 0.27429766666666666,
      "p_median_volume": 0.09702,
      "d_median_volume": 0.193625,
      "p_std_volume": 0.22384216530053724,
      "d_std_volume": 0.26580062303274204,
      "p_total_volume": 61.26411,
      "d_total_volume": 32.91572,
      "d_max_priority": 0,
      "used_volume": 0.7504729646960825,
      "used_weight": 0.25643954545454545,
      "unload_obs": 0,
      "hs_cond": 1,
      "p_cond": 1,
      "sub_cond": 1
    }
  ],
  "taxability": [
    {
      "iteration": 236,
      "time": "126.26029109954834",
      "n_placed": 325,
      "n_discard": 120,
      "p_mean_weight": 17.357476923076923,
      "d_mean_weight": 14.607583333333332,
      "p_median_weight": 11.24,
      "d_median_weight": 5.725,
      "p_std_weight": 18.479970549642914,
      "d_std_weight": 16.930194645936584,
      "p_total_weight": 5641.18,
      "d_total_weight": 1752.9099999999999,
      "p_mean_taxability": 62.807217138461546,
      "d_mean_taxability": 91.29064575,
      "p_total_taxability": 20412.34557,
      "d_total_taxability": 10954.877489999999,
      "p_mean_volume": 0.18856092307692307,
      "d_mean_volume": 0.2741460833333333,
      "p_median_volume": 0.09702,
      "d_median_volume": 0.193625,
      "p_std_volume": 0.22381308761561328,
      "d_std_volume": 0.2659165436315834,
      "p_total_volume": 61.2823,
      "d_total_volume": 32.897529999999996,
      "d_max_priority": 0,
      "used_volume": 0.7506957885194894,
      "used_weight": 0.2564172727272727,
      "unload_obs": 0,
      "hs_cond": 1,
      "p_cond": 1,
      "sub_cond": 1
    },
    {
      "iteration": 227,
      "time": "123.01072430610657",
      "n_placed": 325,
      "n_discard": 120,
      "p_mean_weight": 17.358984615384614,