{
  "volume": [
    {
      "iteration": 0,
      "time": "394.5176808834076",
      "n_placed": 577,
      "n_discard": 190,
      "p_mean_weight": 6.594325823223569,
      "d_mean_weight": 24.543842105263156,
      "p_median_weight": 1.24,
      "d_median_weight": 18.5,
      "p_std_weight": 18.070065436414275,
      "d_std_weight": 25.382485576653274,
      "p_total_weight": 3804.9259999999995,
      "d_total_weight": 4663.33,
      "p_mean_taxability": 34.02221755632583,
      "d_mean_taxability": 119.22640863157893,
      "p_total_taxability": 19630.81953,
      "d_total_taxability": 22653.01764,
      "p_mean_volume": 0.10216882149046795,
      "d_mean_volume": 0.3580372631578948,
      "p_median_volume": 0.038020000000000005,
      "d_median_volume": 0.29271,
      "p_std_volume": 0.22588730779355404,
      "d_std_volume": 0.30959239884931655,
      "p_total_volume": 58.95141000000001,
      "d_total_volume": 68.02708000000001,
      "d_max_priority": 1,
      "used_volume": 0.7221428571428573,
      "used_weight": 0.17295118181818178,
      "unload_obs": 6,
      "hs_cond": 1,
      "p_cond": 0
    }
  ],
  "weight": [
    {
      "iteration": 0,
      "time": "394.5176808834076",
      "n_placed": 577,
      "n_discard": 190,
      "p_mean_weight": 6.594325823223569,
      "d_mean_weight": 24.543842105263156,
      "p_median_weight": 1.24,
      "d_median_weight": 18.5,
      "p_std_weight": 18.070065436414275,
      "d_std_weight": 25.382485576653274,
      "p_total_weight": 3804.9259999999995,
      "d_total_weight": 4663.33,
      "p_mean_taxability": 34.02221755632583,
      "d_mean_taxability": 119.22640863157893,
      "p_total_taxability": 19630.81953,
      "d_total_taxability": 22653.01764,
      "p_mean_volume": 0.10216882149046795,
      "d_mean_volume": 0.3580372631578948,
      "p_median_volume": 0.038020000000000005,
      "d_median_volume": 0.29271,
      "p_std_volume": 0.22588730779355404,
      "d_std_volume": 0.30959239884931655,
      "p_total_volume": 58.95141000000001,
      "d_total_volume": 68.02708000000001,
      "d_max_priority": 1,
      "used_volume": 0.7221428571428573,
      "used_weight": 0.17295118181818178,
      "unload_obs": 6,
      "hs_cond": 1,
      "p_cond": 0
    }
  ],
  "taxability": [
    {
      "iteration": 0,
      "time": "394.5176808834076",
      "n_placed": 577,
      "n_discard": 190,
      "p_mean_weight": 6.594325823223569,
      "d_mean_weight": 24.543842105263156,
      "p_median_weight": 1.24,
      "d_median_weight": 18.5,
      "p_std_weight": 18.070065436414275,
      "d_std_weight": 25.382485576653274,
      "p_total_weight": 3804.9259999999995,
      "d_total_weight": 4663.33,
      "p_mean_taxability": 34.02221755632583,
      "d_mean_taxability": 119.22640863157893,
      "p_total_taxability": 19630.81953,
      "d_total_taxability": 22653.01764,
      "p_mean_volume": 0.10216882149046795,
      "d_mean_volume": 0.3580372631578948,
      "p_median_volume": 0.038020000000000005,
      "d_median_volume": 0.29271,
      "p_std_volume": 0.22588730779355404,
      "d_std_volume": 0.30959239884931655,
      "p_total_volume": 58.95141000000001,
      "d_total_volume": 68.02708000000001,
      "d_max_priority": 1,
      "used_volume": 0.7221428571428573,
      "used_weight": 0.17295118181818178,
      "unload_obs": 6,
      "hs_cond": 1,
      "p_cond": 0
    }
  ]
}