{
  "volume": [
    {
      "iteration": 0,
      "time": "62.052907943725586",
      "n_placed": 445,
      "n_discard": 310,
      "p_mean_weight": 10.299170786516855,
      "d_mean_weight": 21.177290322580646,
      "p_median_weight": 1.66,
      "d_median_weight": 6.415,
      "p_std_weight": 21.581081937275037,
      "d_std_weight": 24.178054260925187,
      "p_total_weight": 4583.131,
      "d_total_weight": 6564.96,
      "p_mean_taxability": 45.38159919101123,
      "d_mean_taxability": 102.87167051612903,
      "p_total_taxability": 20194.81164,
      "d_total_taxability": 31890.21786,
      "p_mean_volume": 0.1362810786516854,
      "d_mean_volume": 0.308923935483871,
      "p_median_volume": 0.04406,
      "d_median_volume": 0.15053000000000002,
      "p_std_volume": 0.2422869065011499,
      "d_std_volume": 0.3180921532652572,
      "p_total_volume": 60.64508000000001,
      "d_total_volume": 95.76642000000001,
      "d_max_priority": 1,
      "used_volume": 0.7428899723154568,
      "used_weight": 0.20832413636363636,
      "unload_obs": 0,
      "hs_cond": 1,
      "p_cond": 0
    }
  ],
  "weight": [
    {
      "iteration": 0,
      "time": "62.052907943725586",
      "n_placed": 445,
      "n_discard": 310,
      "p_mean_weight": 10.299170786516855,
      "d_mean_weight": 21.177290322580646,
      "p_median_weight": 1.66,
      "d_median_weight": 6.415,
      "p_std_weight": 21.581081937275037,
      "d_std_weight": 24.178054260925187,
      "p_total_weight": 4583.131,
      "d_total_weight": 6564.96,
      "p_mean_taxability": 45.38159919101123,
      "d_mean_taxability": 102.87167051612903,
      "p_total_taxability": 20194.81164,
      "d_total_taxability": 31890.21786,
      "p_mean_volume": 0.1362810786516854,
      "d_mean_volume": 0.308923935483871,
      "p_median_volume": 0.04406,
      "d_median_volume": 0.15053000000000002,
      "p_std_volume": 0.2422869065011499,
      "d_std_volume": 0.3180921532652572,
      "p_total_volume": 60.64508000000001,
      "d_total_volume": 95.76642000000001,
      "d_max_priority": 1,
      "used_volume": 0.7428899723154568,
      "used_weight": 0.20832413636363636,
      "unload_obs": 0,
      "hs_cond": 1,
      "p_cond": 0
    }
  ],
  "taxability": [
    {
      "iteration": 0,
      "time": "62.052907943725586",
      "n_placed": 445,
      "n_discard": 310,
      "p_mean_weight": 10.299170786516855,
      "d_mean_weight": 21.177290322580646,
      "p_median_weight": 1.66,
      "d_median_weight": 6.415,
      "p_std_weight": 21.581081937275037,
      "d_std_weight": 24.178054260925187,
      "p_total_weight": 4583.131,
      "d_total_weight": 6564.96,
      "p_mean_taxability": 45.38159919101123,
      "d_mean_taxability": 102.87167051612903,
      "p_total_taxability": 20194.81164,
      "d_total_taxability": 31890.21786,
      "p_mean_volume": 0.1362810786516854,
      "d_mean_volume": 0.308923935483871,
      "p_median_volume": 0.04406,
      "d_median_volume": 0.15053000000000002,
      "p_std_volume": 0.2422869065011499,
      "d_std_volume": 0.3180921532652572,
      "p_total_volume": 60.64508000000001,
      "d_total_volume": 95.76642000000001,
      "d_max_priority": 1,
      "used_volume": 0.7428899723154568,
      "used_weight": 0.20832413636363636,
      "unload_obs": 0,
      "hs_cond": 1,
      "p_cond": 0
    }
  ]
}