{
  "volume": [
    {
      "iteration": 5,
      "time": "109.07012724876404",
      "n_placed": 438,
      "n_discard": 317,
      "p_mean_weight": 11.002262557077625,
      "d_mean_weight": 19.965615141955833,
      "p_median_weight": 1.65,
      "d_median_weight": 6.2,
      "p_std_weight": 22.382707896802977,
      "d_std_weight": 23.555768287963474,
      "p_total_weight": 4818.991,
      "d_total_weight": 6329.099999999999,
      "p_mean_taxability": 48.08126178082191,
      "d_mean_taxability": 97.87204050473187,
      "p_total_taxability": 21059.59266,
      "d_total_taxability": 31025.436840000002,
      "p_mean_volume": 0.14438817351598174,
      "d_mean_volume": 0.29391003154574136,
      "p_median_volume": 0.039955000000000004,
      "d_median_volume": 0.12040000000000001,
      "p_std_volume": 0.255319257721983,
      "d_std_volume": 0.30902503768589873,
      "p_total_volume": 63.242020000000004,
      "d_total_volume": 93.16948000000001,
      "d_max_priority": 1,
      "used_volume": 0.7747019624176201,
      "used_weight": 0.21904504545454545,
      "unload_obs": 0,
      "hs_cond": 1,
      "p_cond": 0
    },
    {
      "iteration": 2,
      "time": "112.58927202224731",
      "n_placed": 479,
      "n_discard": 276,
      "p_mean_weight": 9.607935281837161,
      "d_mean_weight": 23.716992753623185,
      "p_median_weight": 1.74,
      "d_median_weight": 11.2,
      "p_std_weight": 20.123632985667076,
      "d_std_weight": 25.627932290160246,
      "p_total_weight": 4602.201,
      "d_total_weight": 6545.889999999999,
      "p_mean_taxability": 43.22611127348643,
      "d_mean_taxability": 113.69464565217392,
      "p_total_taxability": 20705.3073,
      "d_total_taxability": 31379.7222,
      "p_mean_volume": 0.12980814196242174,
      "d_mean_volume": 0.34142536231884063,
      "p_median_volume": 0.04406,
      "d_median_volume": 0.221365,
      "p_std_volume": 0.2307938040592667,
      "d_std_volume": 0.32737475676141486,
      "p_total_volume": 62.17810000000001,
      "d_total_volume": 94.23340000000002,
      "d_max_priority": 1,
      "used_volume": 0.7616691574589021,
      "used_weight": 0.20919095454545455,
      "unload_obs": 0,
      "hs_cond": 1,
      "p_cond": 0
    },
    {
      "iteration": 18,
      "time": "112.12553310394287",
      "n_placed": 446,
      "n_discard": 309,
      "p_mean_weight": 10.620719730941703,
      "d_mean_weight": 20.748381877022652,
      "p_median_weight": 1.65,
      "d_median_weight": 6.25,
      "p_std_weight": 21.595696578277998,
      "d_std_weight": 24.36111855751244,
      "p_total_weight": 4736.840999999999,
      "d_total_weight": 6411.25,
      "p_mean_taxability": 46.31672360986548,
      "d_mean_taxability": 101.70799601941748,
      "p_total_taxability": 20657.25873,
      "d_total_taxability": 31427.77077,
      "p_mean_volume": 0.1390892600896861,
      "d_mean_volume": 0.30542941747572816,
      "p_median_volume": 0.0396,
      "d_median_volume": 0.15053000000000002,
      "p_std_volume": 0.24282761022259722,
      "d_std_volume": 0.31972673869520607,
      "p_total_volume": 62.03381,
      "d_total_volume": 94.37769,
      "d_max_priority": 1,
      "used_volume": 0.759901634123037,
      "used_weight": 0.2153109545454545,
      "unload_obs": 0,
      "hs_cond": 1,
      "p_cond": 0
    },
    {
      "iteration": 28,
      "time": "129.32257199287415",
      "n_placed": 466,
      "n_discard": 289,
      "p_mean_weight": 9.953714592274677,
      "d_mean_weight": 22.52477508650519,
      "p_median_weight": 1.6,
      "d_median_weight": 11.8,
      "p_std_weight": 21.71873743845433,
      "d_std_weight": 23.681534796415153,
      "p_total_weight": 4638.431,
      "d_total_weight": 6509.66,
      "p_mean_taxability": 44.13523403433477,
      "d_mean_taxability": 109.05885965397923,
      "p_total_taxability": 20567.019060000002,
      "d_total_taxability": 31518.01044,
      "p_mean_volume": 0.13253824034334766,
      "d_mean_volume": 0.32750408304498274,
      "p_median_volume": 0.0396,
      "d_median_volume": 0.20973000000000003,
      "p_std_volume": 0.24474265174052312,
      "d_std_volume": 0.312594814501792,
      "p_total_volume": 61.762820000000005,
      "d_total_volume": 94.64868000000001,
      "d_max_priority": 1,
      "used_volume": 0.756582061395987,
      "used_weight": 0.21083777272727272,
      "unload_obs": 0,
      "hs_cond": 1,
      "p_cond": 0
    },
    {
      "iteration": 33,
      "time": "122.1349868774414",
      "n_placed": 478,
      "n_discard": 277,
      "p_mean_weight": 9.754562761506277,
      "d_mean_weight": 23.41303249097473,
      "p_median_weight": 1.5950000000000002,
      "d_median_weight": 11.2,
      "p_std_weight": 20.389206977648602,
      "d_std_weight": 25.397655492954375,
      "p_total_weight": 4662.6810000000005,
      "d_total_weight": 6485.41,
      "p_mean_taxability": 42.78189633891214,
      "d_mean_taxability": 114.20679801444042,
      "p_total_taxability": 20449.746450000002,
      "d_total_taxability": 31635.28305,
      "p_mean_volume": 0.12847416317991633,
      "d_mean_volume": 0.34296335740072204,
      "p_median_volume": 0.040575,
      "d_median_volume": 0.21773,
      "p_std_volume": 0.22862185135688962,
      "d_std_volume": 0.328454593413917,
      "p_total_volume": 61.410650000000004,
      "d_total_volume": 95.00085,
      "d_max_priority": 1,
      "used_volume": 0.7522680500771738,
      "used_weight": 0.21194004545454548,
      "unload_obs": 0,
      "hs_cond": 1,
      "p_cond": 0
    }
  ],
  "weight": [
    {
      "iteration": 5,
      "time": "109.07012724876404",
      "n_placed": 438,
      "n_discard": 317,
      "p_mean_weight": 11.002262557077625,
      "d_mean_weight": 19.965615141955833,
      "p_median_weight": 1.65,
      "d_median_weight": 6.2,
      "p_std_weight": 22.382707896802977,
      "d_std_weight": 23.555768287963474,
      "p_total_weight": 4818.991,
      "d_total_weight": 6329.099999999999,
      "p_mean_taxability": 48.08126178082191,
      "d_mean_taxability": 97.87204050473187,
      "p_total_taxability": 21059.59266,
      "d_total_taxability": 31025.436840000002,
      "p_mean_volume": 0.14438817351598174,
      "d_mean_volume": 0.29391003154574136,
      "p_median_volume": 0.039955000000000004,
      "d_median_volume": 0.12040000000000001,
      "p_std_volume": 0.255319257721983,
      "d_std_volume": 0.30902503768589873,
      "p_total_volume": 63.242020000000004,
      "d_total_volume": 93.16948000000001,
      "d_max_priority": 1,
      "used_volume": 0.7747019624176201,
      "used_weight": 0.21904504545454545,
      "unload_obs": 0,
      "hs_cond": 1,
      "p_cond": 0
    },
    {
      "iteration": 18,
      "time": "112.12553310394287",
      "n_placed": 446,
      "n_discard": 309,
      "p_mean_weight": 10.620719730941703,
      "d_mean_weight": 20.748381877022652,
      "p_median_weight": 1.65,
      "d_median_weight": 6.25,
      "p_std_weight": 21.595696578277998,
      "d_std_weight": 24.36111855751244,
      "p_total_weight": 4736.840999999999,
      "d_total_weight": 6411.25,
      "p_mean_taxability": 46.31672360986548,
      "d_mean_taxability": 101.70799601941748,
      "p_total_taxability": 20657.25873,
      "d_total_taxability": 31427.77077,
      "p_mean_volume": 0.1390892600896861,
      "d_mean_volume": 0.30542941747572816,
      "p_median_volume": 0.0396,
      "d_median_volume": 0.15053000000000002,
      "p_std_volume": 0.24282761022259722,
      "d_std_volume": 0.31972673869520607,
      "p_total_volume": 62.03381,
      "d_total_volume": 94.37769,
      "d_max_priority": 1,
      "used_volume": 0.759901634123037,
      "used_weight": 0.2153109545454545,
      "unload_obs": 0,
      "hs_cond": 1,
      "p_cond": 0
    },
    {
      "iteration": 33,
      "time": "122.1349868774414",
      "n_placed": 478,
      "n_discard": 277,
      "p_mean_weight": 9.754562761506277,
      "d_mean_weight": 23.41303249097473,