{
  "volume": [
    {
      "iteration": 0,
      "time": "74.24275183677673",
      "n_placed": 431,
      "n_discard": 324,
      "p_mean_weight": 11.686382830626451,
      "d_mean_weight": 18.861913580246913,
      "p_median_weight": 1.55,
      "d_median_weight": 6.95,
      "p_std_weight": 23.906430735207753,
      "d_std_weight": 21.81900333524866,
      "p_total_weight": 5036.831,
      "d_total_weight": 6111.26,
      "p_mean_taxability": 51.12603083526683,
      "d_mean_taxability": 92.74601916666667,
      "p_total_taxability": 22035.319290000003,
      "d_total_taxability": 30049.71021,
      "p_mean_volume": 0.1535316241299304,
      "d_mean_volume": 0.2785165740740741,
      "p_median_volume": 0.03869,
      "d_median_volume": 0.14959,
      "p_std_volume": 0.2777448098594602,
      "d_std_volume": 0.2875919070601483,
      "p_total_volume": 66.17213000000001,
      "d_total_volume": 90.23937000000001,
      "d_max_priority": 1,
      "used_volume": 0.8105952176789084,
      "used_weight": 0.22894686363636363,
      "unload_obs": 0,
      "hs_cond": 1,
      "p_cond": 0
    }
  ],
  "weight": [
    {
      "iteration": 0,
      "time": "74.24275183677673",
      "n_placed": 431,
      "n_discard": 324,
      "p_mean_weight": 11.686382830626451,
      "d_mean_weight": 18.861913580246913,
      "p_median_weight": 1.55,
      "d_median_weight": 6.95,
      "p_std_weight": 23.906430735207753,
      "d_std_weight": 21.81900333524866,
      "p_total_weight": 5036.831,
      "d_total_weight": 6111.26,
      "p_mean_taxability": 51.12603083526683,
      "d_mean_taxability": 92.74601916666667,
      "p_total_taxability": 22035.319290000003,
      "d_total_taxability": 30049.71021,
      "p_mean_volume": 0.1535316241299304,
      "d_mean_volume": 0.2785165740740741,
      "p_median_volume": 0.03869,
      "d_median_volume": 0.14959,
      "p_std_volume": 0.2777448098594602,
      "d_std_volume": 0.2875919070601483,
      "p_total_volume": 66.17213000000001,
      "d_total_volume": 90.23937000000001,
      "d_max_priority": 1,
      "used_volume": 0.8105952176789084,
      "used_weight": 0.22894686363636363,
      "unload_obs": 0,
      "hs_cond": 1,
      "p_cond": 0
    }
  ],
  "taxability": [
    {
      "iteration": 0,
      "time": "74.24275183677673",
      "n_placed": 431,
      "n_discard": 324,
      "p_mean_weight": 11.686382830626451,
      "d_mean_weight": 18.861913580246913,
      "p_median_weight": 1.55,
      "d_median_weight": 6.95,
      "p_std_weight": 23.906430735207753,
      "d_std_weight": 21.81900333524866,
      "p_total_weight": 5036.831,
      "d_total_weight": 6111.26,
      "p_mean_taxability": 51.12603083526683,
      "d_mean_taxability": 92.74601916666667,
      "p_total_taxability": 22035.319290000003,
      "d_total_taxability": 30049.71021,
      "p_mean_volume": 0.1535316241299304,
      "d_mean_volume": 0.2785165740740741,
      "p_median_volume": 0.03869,
      "d_median_volume": 0.14959,
      "p_std_volume": 0.2777448098594602,
      "d_std_volume": 0.2875919070601483,
      "p_total_volume": 66.17213000000001,
      "d_total_volume": 90.23937000000001,
      "d_max_priority": 1,
      "used_volume": 0.8105952176789084,
      "used_weight": 0.22894686363636363,
      "unload_obs": 0,
      "hs_cond": 1,
      "p_cond": 0
    }
  ]
}