{
  "volume": [
    {
      "iteration": 0,
      "time": "82.71641874313354",
      "n_placed": 483,
      "n_discard": 272,
      "p_mean_weight": 9.356648033126294,
      "d_mean_weight": 24.370698529411765,
      "p_median_weight": 1.65,
      "d_median_weight": 12.600000000000001,
      "p_std_weight": 19.773856193670937,
      "d_std_weight": 25.869113910062826,
      "p_total_weight": 4519.261,
      "d_total_weight": 6628.83,
      "p_mean_taxability": 42.17536006211181,
      "d_mean_taxability": 116.59680363970587,
      "p_total_taxability": 20370.698910000003,
      "d_total_taxability": 31714.330589999998,
      "p_mean_volume": 0.12665273291925466,
      "d_mean_volume": 0.3501405514705883,
      "p_median_volume": 0.042440000000000005,
      "d_median_volume": 0.24272000000000002,
      "p_std_volume": 0.22116684454717778,
      "d_std_volume": 0.335519666238115,
      "p_total_volume": 61.17327,
      "d_total_volume": 95.23823000000002,
      "d_max_priority": 1,
      "used_volume": 0.7493601930568146,
      "used_weight": 0.20542095454545456,
      "unload_obs": 0,
      "hs_cond": 1,
      "p_cond": 0
    }
  ],
  "weight": [
    {
      "iteration": 0,
      "time": "82.71641874313354",
      "n_placed": 483,
      "n_discard": 272,
      "p_mean_weight": 9.356648033126294,
      "d_mean_weight": 24.370698529411765,
      "p_median_weight": 1.65,
      "d_median_weight": 12.600000000000001,
      "p_std_weight": 19.773856193670937,
      "d_std_weight": 25.869113910062826,
      "p_total_weight": 4519.261,
      "d_total_weight": 6628.83,
      "p_mean_taxability": 42.17536006211181,
      "d_mean_taxability": 116.59680363970587,
      "p_total_taxability": 20370.698910000003,
      "d_total_taxability": 31714.330589999998,
      "p_mean_volume": 0.12665273291925466,
      "d_mean_volume": 0.3501405514705883,
      "p_median_volume": 0.042440000000000005,
      "d_median_volume": 0.24272000000000002,
      "p_std_volume": 0.22116684454717778,
      "d_std_volume": 0.335519666238115,
      "p_total_volume": 61.17327,
      "d_total_volume": 95.23823000000002,
      "d_max_priority": 1,
      "used_volume": 0.7493601930568146,
      "used_weight": 0.20542095454545456,
      "unload_obs": 0,
      "hs_cond": 1,
      "p_cond": 0
    }
  ],
  "taxability": [
    {
      "iteration": 0,
      "time": "82.71641874313354",
      "n_placed": 483,
      "n_discard": 272,
      "p_mean_weight": 9.356648033126294,
      "d_mean_weight": 24.370698529411765,
      "p_median_weight": 1.65,
      "d_median_weight": 12.600000000000001,
      "p_std_weight": 19.773856193670937,
      "d_std_weight": 25.869113910062826,
      "p_total_weight": 4519.261,
      "d_total_weight": 6628.83,
      "p_mean_taxability": 42.17536006211181,
      "d_mean_taxability": 116.59680363970587,
      "p_total_taxability": 20370.698910000003,
      "d_total_taxability": 31714.330589999998,
      "p_mean_volume": 0.12665273291925466,
      "d_mean_volume": 0.3501405514705883,
      "p_median_volume": 0.042440000000000005,
      "d_median_volume": 0.24272000000000002,
      "p_std_volume": 0.22116684454717778,
      "d_std_volume": 0.335519666238115,
      "p_total_volume": 61.17327,
      "d_total_volume": 95.23823000000002,
      "d_max_priority": 1,
      "used_volume": 0.7493601930568146,
      "used_weight": 0.20542095454545456,
      "unload_obs": 0,
      "hs_cond": 1,
      "p_cond": 0
    }
  ]
}