{
  "volume": [
    {
      "iteration": 0,
      "time": "1620.9347469806671",
      "n_placed": 954,
      "n_discard": 434,
      "p_mean_weight": 15.681488469601677,
      "d_mean_weight": 4.5245391705069125,
      "p_median_weight": 12.4,
      "d_median_weight": 3.745,
      "p_std_weight": 13.221797627953523,
      "d_std_weight": 3.4870862913486973,
      "p_total_weight": 14960.14,
      "d_total_weight": 1963.6499999999999,
      "p_mean_taxability": 25.949543050314464,
      "d_mean_taxability": 19.48771262672811,
      "p_total_taxability": 24755.86407,
      "d_total_taxability": 8457.66728,
      "p_mean_volume": 0.07060844863731656,
      "d_mean_volume": 0.0584705069124424,
      "p_median_volume": 0.03177,
      "d_median_volume": 0.03759,
      "p_std_volume": 0.12716477791176023,
      "d_std_volume": 0.059548824947510785,
      "p_total_volume": 67.36046,
      "d_total_volume": 25.3762,
      "d_max_priority": 0,
      "used_volume": 0.8251520199916702,
      "used_weight": 0.6800063636363636,
      "unload_obs": 0,
      "hs_cond": 1,
      "p_cond": 1
    }
  ],
  "weight": [
    {
      "iteration": 0,
      "time": "1620.9347469806671",
      "n_placed": 954,
      "n_discard": 434,
      "p_mean_weight": 15.681488469601677,
      "d_mean_weight": 4.5245391705069125,
      "p_median_weight": 12.4,
      "d_median_weight": 3.745,
      "p_std_weight": 13.221797627953523,
      "d_std_weight": 3.4870862913486973,
      "p_total_weight": 14960.14,
      "d_total_weight": 1963.6499999999999,
      "p_mean_taxability": 25.949543050314464,
      "d_mean_taxability": 19.48771262672811,
      "p_total_taxability": 24755.86407,
      "d_total_taxability": 8457.66728,
      "p_mean_volume": 0.07060844863731656,
      "d_mean_volume": 0.0584705069124424,
      "p_median_volume": 0.03177,
      "d_median_volume": 0.03759,
      "p_std_volume": 0.12716477791176023,
      "d_std_volume": 0.059548824947510785,
      "p_total_volume": 67.36046,
      "d_total_volume": 25.3762,
      "d_max_priority": 0,
      "used_volume": 0.8251520199916702,
      "used_weight": 0.6800063636363636,
      "unload_obs": 0,
      "hs_cond": 1,
      "p_cond": 1
    }
  ],
  "taxability": [
    {
      "iteration": 0,
      "time": "1620.9347469806671",
      "n_placed": 954,
      "n_discard": 434,
      "p_mean_weight": 15.681488469601677,
      "d_mean_weight": 4.5245391705069125,
      "p_median_weight": 12.4,
      "d_median_weight": 3.745,
      "p_std_weight": 13.221797627953523,
      "d_std_weight": 3.4870862913486973,
      "p_total_weight": 14960.14,
      "d_total_weight": 1963.6499999999999,
      "p_mean_taxability": 25.949543050314464,
      "d_mean_taxability": 19.48771262672811,
      "p_total_taxability": 24755.86407,
      "d_total_taxability": 8457.66728,
      "p_mean_volume": 0.07060844863731656,
      "d_mean_volume": 0.0584705069124424,
      "p_median_volume": 0.03177,
      "d_median_volume": 0.03759,
      "p_std_volume": 0.12716477791176023,
      "d_std_volume": 0.059548824947510785,
      "p_total_volume": 67.36046,
      "d_total_volume": 25.3762,
      "d_max_priority": 0,
      "used_volume": 0.8251520199916702,
      "used_weight": 0.6800063636363636,
      "unload_obs": 0,
      "hs_cond": 1,
      "p_cond": 1
    }
  ]
}