{
  "volume": [
    {
      "iteration": 83,
      "time": "142.15890431404114",
      "n_placed": 308,
      "n_discard": 143,
      "p_mean_weight": 31.4837012987013,
      "d_mean_weight": 31.571398601398602,
      "p_median_weight": 20.41,
      "d_median_weight": 33.06,
      "p_std_weight": 27.424915998524448,
      "d_std_weight": 18.90563458752177,
      "p_total_weight": 9696.98,
      "d_total_weight": 4514.71,
      "p_mean_taxability": 68.18070542207793,
      "d_mean_taxability": 77.29316559440562,
      "p_total_taxability": 20999.657270000003,
      "d_total_taxability": 11052.922680000003,
      "p_mean_volume": 0.2033871103896104,
      "d_mean_volume": 0.23211160839160846,
      "p_median_volume": 0.14424,
      "d_median_volume": 0.25502,
      "p_std_volume": 0.1966645269521929,
      "d_std_volume": 0.1291814200745033,
      "p_total_volume": 62.64323000000001,
      "d_total_volume": 33.19196000000001,
      "d_max_priority": 0,
      "used_volume": 0.7673669059460521,
      "used_weight": 0.44077181818181815,
      "unload_obs": 1,
      "hs_cond": 1,
      "p_cond": 1,
      "sub_cond": 1
    },
    {
      "iteration": 69,
      "time": "138.0453233718872",
      "n_placed": 301,
      "n_discard": 150,
      "p_mean_weight": 32.08986710963455,
      "d_mean_weight": 30.35093333333333,
      "p_median_weight": 22.0,
      "d_median_weight": 26.810000000000002,
      "p_std_weight": 26.902445638187146,
      "d_std_weight": 20.762690543042098,
      "p_total_weight": 9659.05,
      "d_total_weight": 4552.639999999999,
      "p_mean_taxability": 69.2578199667774,
      "d_mean_taxability": 74.70650760000002,
      "p_total_taxability": 20846.60381,
      "d_total_taxability": 11205.976140000002,
      "p_mean_volume": 0.20659006644518274,
      "d_mean_volume": 0.22434386666666664,
      "p_median_volume": 0.16708,
      "d_median_volume": 0.22251500000000002,
      "p_std_volume": 0.19345356887548557,
      "d_std_volume": 0.1434294870593314,
      "p_total_volume": 62.18361,
      "d_total_volume": 33.651579999999996,
      "d_max_priority": 0,
      "used_volume": 0.7617366538452116,
      "used_weight": 0.43904772727272723,
      "unload_obs": 0,
      "hs_cond": 1,
      "p_cond": 1,
      "sub_cond": 1
    },
    {
      "iteration": 160,
      "time": "95.56623983383179",
      "n_placed": 301,
      "n_discard": 150,
      "p_mean_weight": 32.02707641196014,
      "d_mean_weight": 30.476933333333328,
      "p_median_weight": 20.7,
      "d_median_weight": 31.25,
      "p_std_weight": 27.484392857719726,
      "d_std_weight": 19.177621044376185,
      "p_total_weight": 9640.150000000001,
      "d_total_weight": 4571.539999999999,
      "p_mean_taxability": 69.17052086378737,
      "d_mean_taxability": 74.88168780000001,
      "p_total_taxability": 20820.32678,
      "d_total_taxability": 11232.253170000002,
      "p_mean_volume": 0.20632790697674422,
      "d_mean_volume": 0.22486993333333335,
      "p_median_volume": 0.1521,
      "d_median_volume": 0.25501,
      "p_std_volume": 0.19777116016903135,
      "d_std_volume": 0.13096497808150143,
      "p_total_volume": 62.10470000000001,
      "d_total_volume": 33.73049,
      "d_max_priority": 0,
      "used_volume": 0.7607700222946322,
      "used_weight": 0.4381886363636364,
      "unload_obs": 2,
      "hs_cond": 1,
      "p_cond": 1,
      "sub_cond": 1
    }
  ],
  "weight": [
    {
      "iteration": 83,
      "time": "142.15890431404114",
      "n_placed": 308,
      "n_discard": 143,
      "p_mean_weight": 31.4837012987013,
      "d_mean_weight": 31.571398601398602,
      "p_median_weight": 20.41,
      "d_median_weight": 33.06,
      "p_std_weight": 27.424915998524448,
      "d_std_weight": 18.90563458752177,
      "p_total_weight": 9696.98,
      "d_total_weight": 4514.71,
      "p_mean_taxability": 68.18070542207793,
      "d_mean_taxability": 77.29316559440562,
      "p_total_taxability": 20999.657270000003,
      "d_total_taxability": 11052.922680000003,
      "p_mean_volume": 0.2033871103896104,
      "d_mean_volume": 0.23211160839160846,
      "p_median_volume": 0.14424,
      "d_median_volume": 0.25502,
      "p_std_volume": 0.1966645269521929,
      "d_std_volume": 0.1291814200745033,
      "p_total_volume": 62.64323000000001,
      "d_total_volume": 33.19196000000001,
      "d_max_priority": 0,
      "used_volume": 0.7673669059460521,
      "used_weight": 0.44077181818181815,
      "unload_obs": 1,
      "hs_cond": 1,
      "p_cond": 1,
      "sub_cond": 1
    },
    {
      "iteration": 69,
      "time": "138.0453233718872",
      "n_placed": 301,
      "n_discard": 150,
      "p_mean_weight": 32.08986710963455,
      "d_mean_weight": 30.35093333333333,
      "p_median_weight": 22.0,
      "d_median_weight": 26.810000000000002,
      "p_std_weight": 26.902445638187146,
      "d_std_weight": 20.762690543042098,
      "p_total_weight": 9659.05,
      "d_total_weight": 4552.639999999999,
      "p_mean_taxability": 69.2578199667774,
      "d_mean_taxability": 74.70650760000002,
      "p_total_taxability": 20846.60381,
      "d_total_taxability": 11205.976140000002,
      "p_mean_volume": 0.20659006644518274,
      "d_mean_volume": 0.22434386666666664,
      "p_median_volume": 0.16708,
      "d_median_volume": 0.22251500000000002,
      "p_std_volume": 0.19345356887548557,
      "d_std_volume": 0.1434294870593314,
      "p_total_volume": 62.18361,
      "d_total_volume": 33.651579999999996,
      "d_max_priority": 0,
      "used_volume": 0.7617366538452116,
      "used_weight": 0.43904772727272723,
      "unload_obs": 0,
      "hs_cond": 1,
      "p_cond": 1,
      "sub_cond": 1
    },
    {
      "iteration": 23,
      "time": "135.59048748016357",
      "n_placed": 284,
      "n_discard": 167,
      "p_mean_weight": 33.971478873239434,
      "d_mean_weight": 27.328083832335324,
      "p_median_weight": 24.965,
      "d_median_weight": 20.0,
      "p_std_weight": 27.182388679847627,
      "d_std_weight": 20.226509830433937,
      "p_total_weight": 9647.9,
      "d_total_weight": 4563.789999999999,
      "p_mean_taxability": 73.13260855633804,
      "d_mean_taxability": 67.56238994011977,
      "p_total_taxability": 20769.660830000004,
      "d_total_taxability": 11282.919120000002,
      "p_mean_volume": 0.21814278169014084,
      "d_mean_volume": 0.20289005988023953,
      "p_median_volume": 0.18,
      "d_median_volume": 0.17586000000000002,
      "p_std_volume": 0.1985714736851515,
      "d_std_volume": 0.13755035339785904,
      "p_total_volume": 61.95255,
      "d_total_volume": 33.88264,
      "d_max_priority": 0,
      "used_volume": 0.7589062155474435,
      "used_weight": 0.4385409090909091,
      "unload_obs": 0,
      "hs_cond": 1,
      "p_cond": 1,
      "sub_cond": 1
    }
  ],
  "taxability": [
    {
      "iteration": 83,
      "time": "142.15890431404114",
      "n_placed": 308,
      "n_discard": 143,
      "p_mean_weight": 31.4837012987013,
      "d_mean_weight": 31.571398601398602,
      "p_median_weight": 20.41,
      "d_median_weight": 33.06,
      "p_std_weight": 27.424915998524448,
      "d_std_weight": 18.90563458752177,
      "p_total_weight": 9696.98,
      "d_total_weight": 4514.71,
      "p_mean_taxability": 68.18070542207793,
      "d_mean_taxability": 77.29316559440562,
      "p_total_taxability": 20999.657270000003,
      "d_total_taxability": 11052.922680000003,
      "p_mean_volume": 0.2033871103896104,
      "d_mean_volume": 0.23211160839160846,
      "p_median_volume": 0.14424,
      "d_median_volume": 0.25502,
      "p_std_volume": 0.1966645269521929,
      "d_std_volume": 0.1291814200745033,
      "p_total_volume": 62.64323000000001,
      "d_total_volume": 33.19196000000001,
      "d_max_priority": 0,
      "used_volume": 0.7673669059460521,
      "used_weight": 0.44077181818181815,
      "unload_obs": 1,
      "hs_cond": 1,
      "p_cond": 1,
      "sub_cond": 1
    },
    {
      "iteration": 69,