{
  "volume": [
    {
      "iteration": 85,
      "time": "92.25834012031555",
      "n_placed": 305,
      "n_discard": 148,
      "p_mean_weight": 31.37314754098361,
      "d_mean_weight": 31.860135135135135,
      "p_median_weight": 20.0,
      "d_median_weight": 32.35,
      "p_std_weight": 27.479491741591332,
      "d_std_weight": 19.701554101014967,
      "p_total_weight": 9568.810000000001,
      "d_total_weight": 4715.3,
      "p_mean_taxability": 68.13772177049181,
      "d_mean_taxability": 78.09846750000001,
      "p_total_taxability": 20782.00514,
      "d_total_taxability": 11558.573190000003,
      "p_mean_volume": 0.20317331147540987,
      "d_mean_volume": 0.23452993243243245,
      "p_median_volume": 0.13520000000000001,
      "d_median_volume": 0.27615500000000004,
      "p_std_volume": 0.19762223476839172,
      "d_std_volume": 0.13296945095167523,
      "p_total_volume": 61.96786000000001,
      "d_total_volume": 34.71043,
      "d_max_priority": 1,
      "used_volume": 0.7590937599529609,
      "used_weight": 0.43494590909090913,
      "unload_obs": 3,
      "hs_cond": 1,
      "p_cond": 0,
      "sub_cond": 0
    },
    {
      "iteration": 106,
      "time": "85.15411829948425",
      "n_placed": 294,
      "n_discard": 159,
      "p_mean_weight": 32.59673469387755,
      "d_mean_weight": 29.563962264150945,
      "p_median_weight": 21.0,
      "d_median_weight": 28.3,
      "p_std_weight": 27.559444152551986,
      "d_std_weight": 19.992045064141593,
      "p_total_weight": 9583.44,
      "d_total_weight": 4700.67,
      "p_mean_taxability": 70.4705743537415,
      "d_mean_taxability": 73.0957828301887,
      "p_total_taxability": 20718.348860000002,
      "d_total_taxability": 11622.229470000002,
      "p_mean_volume": 0.21012482993197282,
      "d_mean_volume": 0.21950685534591194,
      "p_median_volume": 0.15518500000000002,
      "d_median_volume": 0.20885,
      "p_std_volume": 0.19811885520787473,
      "d_std_volume": 0.13916563543125607,
      "p_total_volume": 61.776700000000005,
      "d_total_volume": 34.90159,
      "d_max_priority": 1,
      "used_volume": 0.7567520885905383,
      "used_weight": 0.4356109090909091,
      "unload_obs": 2,
      "hs_cond": 1,
      "p_cond": 0,
      "sub_cond": 0
    },
    {
      "iteration": 138,
      "time": "75.6138551235199",
      "n_placed": 294,
      "n_discard": 159,
      "p_mean_weight": 32.62200680272108,
      "d_mean_weight": 29.517232704402513,
      "p_median_weight": 20.09,
      "d_median_weight": 28.5,
      "p_std_weight": 27.94906417233265,
      "d_std_weight": 18.954869048559466,
      "p_total_weight": 9590.869999999999,
      "d_total_weight": 4693.24,
      "p_mean_taxability": 70.38060772108844,
      "d_mean_taxability": 73.26213622641511,
      "p_total_taxability": 20691.898670000002,
      "d_total_taxability": 11648.679660000002,
      "p_mean_volume": 0.2098546598639456,
      "d_mean_volume": 0.22000641509433969,
      "p_median_volume": 0.13681500000000002,
      "d_median_volume": 0.19843000000000002,
      "p_std_volume": 0.20057698274022873,
      "d_std_volume": 0.1324380172400842,
      "p_total_volume": 61.69727000000001,
      "d_total_volume": 34.98102000000001,
      "d_max_priority": 1,
      "used_volume": 0.7557790871450623,
      "used_weight": 0.43594863636363634,
      "unload_obs": 1,
      "hs_cond": 1,
      "p_cond": 0,
      "sub_cond": 0
    }
  ],
  "weight": [
    {
      "iteration": 74,
      "time": "92.04859709739685",
      "n_placed": 287,
      "n_discard": 166,
      "p_mean_weight": 33.62087108013937,
      "d_mean_weight": 27.921204819277108,
      "p_median_weight": 21.65,
      "d_median_weight": 21.625,
      "p_std_weight": 28.20294915158622,
      "d_std_weight": 18.37922199016747,
      "p_total_weight": 9649.19,
      "d_total_weight": 4634.92,
      "p_mean_taxability": 71.68846491289199,
      "d_mean_taxability": 70.87945120481928,
      "p_total_taxability": 20574.58943,
      "d_total_taxability": 11765.9889,
      "p_mean_volume": 0.2137456097560976,
      "d_mean_volume": 0.21285120481927708,
      "p_median_volume": 0.15106,
      "d_median_volume": 0.18,
      "p_std_volume": 0.2012878111087159,
      "d_std_volume": 0.13442951397077355,
      "p_total_volume": 61.34499000000001,
      "d_total_volume": 35.333299999999994,
      "d_max_priority": 1,
      "used_volume": 0.7514637283484824,
      "used_weight": 0.4385995454545455,
      "unload_obs": 0,
      "hs_cond": 1,
      "p_cond": 0,
      "sub_cond": 0
    },
    {
      "iteration": 138,
      "time": "75.6138551235199",
      "n_placed": 294,
      "n_discard": 159,
      "p_mean_weight": 32.62200680272108,
      "d_mean_weight": 29.517232704402513,
      "p_median_weight": 20.09,
      "d_median_weight": 28.5,
      "p_std_weight": 27.94906417233265,
      "d_std_weight": 18.954869048559466,
      "p_total_weight": 9590.869999999999,
      "d_total_weight": 4693.24,
      "p_mean_taxability": 70.38060772108844,
      "d_mean_taxability": 73.26213622641511,
      "p_total_taxability": 20691.898670000002,
      "d_total_taxability": 11648.679660000002,
      "p_mean_volume": 0.2098546598639456,
      "d_mean_volume": 0.22000641509433969,
      "p_median_volume": 0.13681500000000002,
      "d_median_volume": 0.19843000000000002,
      "p_std_volume": 0.20057698274022873,
      "d_std_volume": 0.1324380172400842,
      "p_total_volume": 61.69727000000001,
      "d_total_volume": 34.98102000000001,
      "d_max_priority": 1,
      "used_volume": 0.7557790871450623,
      "used_weight": 0.43594863636363634,
      "unload_obs": 1,
      "hs_cond": 1,
      "p_cond": 0,
      "sub_cond": 0
    },
    {
      "iteration": 106,
      "time": "85.15411829948425",
      "n_placed": 294,
      "n_discard": 159,
      "p_mean_weight": 32.59673469387755,
      "d_mean_weight": 29.563962264150945,
      "p_median_weight": 21.0,
      "d_median_weight": 28.3,
      "p_std_weight": 27.559444152551986,
      "d_std_weight": 19.992045064141593,
      "p_total_weight": 9583.44,
      "d_total_weight": 4700.67,
      "p_mean_taxability": 70.4705743537415,
      "d_mean_taxability": 73.0957828301887,
      "p_total_taxability": 20718.348860000002,
      "d_total_taxability": 11622.229470000002,
      "p_mean_volume": 0.21012482993197282,
      "d_mean_volume": 0.21950685534591194,
      "p_median_volume": 0.15518500000000002,
      "d_median_volume": 0.20885,
      "p_std_volume": 0.19811885520787473,
      "d_std_volume": 0.13916563543125607,
      "p_total_volume": 61.776700000000005,
      "d_total_volume": 34.90159,
      "d_max_priority": 1,
      "used_volume": 0.7567520885905383,
      "used_weight": 0.4356109090909091,
      "unload_obs": 2,
      "hs_cond": 1,
      "p_cond": 0,
      "sub_cond": 0
    }
  ],
  "taxability": [
    {
      "iteration": 85,
      "time": "92.25834012031555",
      "n_placed": 305,
      "n_discard": 148,
      "p_mean_weight": 31.37314754098361,
      "d_mean_weight": 31.860135135135135,
      "p_median_weight": 20.0,
      "d_median_weight": 32.35,
      "p_std_weight": 27.479491741591332,
      "d_std_weight": 19.701554101014967,
      "p_total_weight": 9568.810000000001,
      "d_total_weight": 4715.3,
      "p_mean_taxability": 68.13772177049181,
      "d_mean_taxability": 78.09846750000001,
      "p_total_taxability": 20782.00514,
      "d_total_taxability": 11558.573190000003,
      "p_mean_volume": 0.20317331147540987,
      "d_mean_volume": 0.23452993243243245,
      "p_median_volume": 0.13520000000000001,
      "d_median_volume": 0.27615500000000004,
      "p_std_volume": 0.19762223476839172,
      "d_std_volume": 0.13296945095167523,
      "p_total_volume": 61.96786000000001,
      "d_total_volume": 34.71043,
      "d_max_priority": 1,
      "used_volume": 0.7590937599529609,
      "used_weight": 0.43494590909090913,
      "unload_obs": 3,
      "hs_cond": 1,
      "p_cond": 0,