{
  "volume": [
    {
      "iteration": 124,
      "time": "115.03021144866943",
      "n_placed": 339,
      "n_discard": 162,
      "p_mean_weight": 28.223126843657816,
      "d_mean_weight": 22.672160493827164,
      "p_median_weight": 17.2,
      "d_median_weight": 12.0,
      "p_std_weight": 23.657624218949934,
      "d_std_weight": 19.12344042174796,
      "p_total_weight": 9567.64,
      "d_total_weight": 3672.8900000000003,
      "p_mean_taxability": 61.133512713864306,
      "d_mean_taxability": 56.080571111111105,
      "p_total_taxability": 20724.26081,
      "d_total_taxability": 9085.05252,
      "p_mean_volume": 0.18266356932153394,
      "d_mean_volume": 0.16841012345679013,
      "p_median_volume": 0.10890000000000001,
      "d_median_volume": 0.101995,
      "p_std_volume": 0.1647026252506049,
      "d_std_volume": 0.1313725530103481,
      "p_total_volume": 61.92295,
      "d_total_volume": 27.28244,
      "d_max_priority": 0,
      "used_volume": 0.7585436215302448,
      "used_weight": 0.43489272727272726,
      "unload_obs": 0,
      "hs_cond": 1,
      "p_cond": 1,
      "sub_cond": 1
    },
    {
      "iteration": 155,
      "time": "105.30472755432129",
      "n_placed": 297,
      "n_discard": 204,
      "p_mean_weight": 32.586565656565654,
      "d_mean_weight": 17.46235294117647,
      "p_median_weight": 22.96,
      "d_median_weight": 10.1,
      "p_std_weight": 24.815590381920718,
      "d_std_weight": 14.295565517011685,
      "p_total_weight": 9678.21,
      "d_total_weight": 3562.3199999999997,
      "p_mean_taxability": 69.30209592592594,
      "d_mean_taxability": 45.22838647058824,
      "p_total_taxability": 20582.722490000004,
      "d_total_taxability": 9226.59084,
      "p_mean_volume": 0.20706367003367004,
      "d_mean_volume": 0.13582098039215684,
      "p_median_volume": 0.1495,
      "d_median_volume": 0.07938500000000001,
      "p_std_volume": 0.17387514519102945,
      "d_std_volume": 0.10889493363987653,
      "p_total_volume": 61.497910000000005,
      "d_total_volume": 27.707479999999997,
      "d_max_priority": 0,
      "used_volume": 0.7533369674400373,
      "used_weight": 0.4399186363636363,
      "unload_obs": 3,
      "hs_cond": 1,
      "p_cond": 1,
      "sub_cond": 1
    },
    {
      "iteration": 98,
      "time": "161.1267192363739",
      "n_placed": 328,
      "n_discard": 173,
      "p_mean_weight": 29.094634146341466,
      "d_mean_weight": 21.372774566473986,
      "p_median_weight": 17.2,
      "d_median_weight": 12.12,
      "p_std_weight": 24.289200464258986,
      "d_std_weight": 17.346859723218603,
      "p_total_weight": 9543.04,
      "d_total_weight": 3697.49,
      "p_mean_taxability": 62.507833506097576,
      "d_mean_taxability": 53.796207745664745,
      "p_total_taxability": 20502.569390000004,
      "d_total_taxability": 9306.74394,
      "p_mean_volume": 0.18675978658536585,
      "d_mean_volume": 0.16155017341040462,
      "p_median_volume": 0.10472500000000001,
      "d_median_volume": 0.10599000000000001,
      "p_std_volume": 0.16919646083195208,
      "d_std_volume": 0.12144203333217653,
      "p_total_volume": 61.25721,
      "d_total_volume": 27.94818,
      "d_max_priority": 0,
      "used_volume": 0.750388441090722,
      "used_weight": 0.43377454545454547,
      "unload_obs": 0,
      "hs_cond": 1,
      "p_cond": 1,
      "sub_cond": 1
    }
  ],
  "weight": [
    {
      "iteration": 155,
      "time": "105.30472755432129",
      "n_placed": 297,
      "n_discard": 204,
      "p_mean_weight": 32.586565656565654,
      "d_mean_weight": 17.46235294117647,
      "p_median_weight": 22.96,
      "d_median_weight": 10.1,
      "p_std_weight": 24.815590381920718,
      "d_std_weight": 14.295565517011685,
      "p_total_weight": 9678.21,
      "d_total_weight": 3562.3199999999997,
      "p_mean_taxability": 69.30209592592594,
      "d_mean_taxability": 45.22838647058824,
      "p_total_taxability": 20582.722490000004,
      "d_total_taxability": 9226.59084,
      "p_mean_volume": 0.20706367003367004,
      "d_mean_volume": 0.13582098039215684,
      "p_median_volume": 0.1495,
      "d_median_volume": 0.07938500000000001,
      "p_std_volume": 0.17387514519102945,
      "d_std_volume": 0.10889493363987653,
      "p_total_volume": 61.497910000000005,
      "d_total_volume": 27.707479999999997,
      "d_max_priority": 0,
      "used_volume": 0.7533369674400373,
      "used_weight": 0.4399186363636363,
      "unload_obs": 3,
      "hs_cond": 1,
      "p_cond": 1,
      "sub_cond": 1
    },
    {
      "iteration": 144,
      "time": "106.78373098373413",
      "n_placed": 293,
      "n_discard": 208,
      "p_mean_weight": 32.67863481228669,
      "d_mean_weight": 17.623509615384613,
      "p_median_weight": 23.0,
      "d_median_weight": 10.2,
      "p_std_weight": 24.806219327176038,
      "d_std_weight": 14.60855697522715,
      "p_total_weight": 9574.84,
      "d_total_weight": 3665.6899999999996,
      "p_mean_taxability": 69.83389307167236,
      "d_mean_taxability": 44.94222432692308,
      "p_total_taxability": 20461.330670000003,
      "d_total_taxability": 9347.982660000001,
      "p_mean_volume": 0.20864631399317407,
      "d_mean_volume": 0.13496163461538463,
      "p_median_volume": 0.1521,
      "d_median_volume": 0.080435,
      "p_std_volume": 0.17482873015536288,
      "d_std_volume": 0.10732524139639,
      "p_total_volume": 61.133370000000006,
      "d_total_volume": 28.072020000000002,
      "d_max_priority": 0,
      "used_volume": 0.7488714261214691,
      "used_weight": 0.43522,
      "unload_obs": 4,
      "hs_cond": 1,
      "p_cond": 1,
      "sub_cond": 1
    },
    {
      "iteration": 124,
      "time": "115.03021144866943",
      "n_placed": 339,
      "n_discard": 162,
      "p_mean_weight": 28.223126843657816,
      "d_mean_weight": 22.672160493827164,
      "p_median_weight": 17.2,
      "d_median_weight": 12.0,
      "p_std_weight": 23.657624218949934,
      "d_std_weight": 19.12344042174796,
      "p_total_weight": 9567.64,
      "d_total_weight": 3672.8900000000003,
      "p_mean_taxability": 61.133512713864306,
      "d_mean_taxability": 56.080571111111105,
      "p_total_taxability": 20724.26081,
      "d_total_taxability": 9085.05252,
      "p_mean_volume": 0.18266356932153394,
      "d_mean_volume": 0.16841012345679013,
      "p_median_volume": 0.10890000000000001,
      "d_median_volume": 0.101995,
      "p_std_volume": 0.1647026252506049,
      "d_std_volume": 0.1313725530103481,
      "p_total_volume": 61.92295,
      "d_total_volume": 27.28244,
      "d_max_priority": 0,
      "used_volume": 0.7585436215302448,
      "used_weight": 0.43489272727272726,
      "unload_obs": 0,
      "hs_cond": 1,
      "p_cond": 1,
      "sub_cond": 1
    }
  ],
  "taxability": [
    {
      "iteration": 124,
      "time": "115.03021144866943",
      "n_placed": 339,
      "n_discard": 162,
      "p_mean_weight": 28.223126843657816,
      "d_mean_weight": 22.672160493827164,
      "p_median_weight": 17.2,
      "d_median_weight": 12.0,
      "p_std_weight": 23.657624218949934,
      "d_std_weight": 19.12344042174796,
      "p_total_weight": 9567.64,
      "d_total_weight": 3672.8900000000003,
      "p_mean_taxability": 61.133512713864306,
      "d_mean_taxability": 56.080571111111105,
      "p_total_taxability": 20724.26081,
      "d_total_taxability": 9085.05252,
      "p_mean_volume": 0.18266356932153394,
      "d_mean_volume": 0.16841012345679013,
      "p_median_volume": 0.10890000000000001,
      "d_median_volume": 0.101995,
      "p_std_volume": 0.1647026252506049,
      "d_std_volume": 0.1313725530103481,
      "p_total_volume": 61.92295,
      "d_total_volume": 27.28244,
      "d_max_priority": 0,
      "used_volume": 0.7585436215302448,
      "used_weight": 0.43489272727272726,
      "unload_obs": 0,
      "hs_cond": 1,
      "p_cond": 1,
      "sub_cond": 1
    },
    {
      "iteration": 155,
      "time": "105.30472755432129",