{
  "volume": [
    {
      "iteration": 163,
      "time": "55.0288782119751",
      "n_placed": 280,
      "n_discard": 239,
      "p_mean_weight": 30.49867857142857,
      "d_mean_weight": 21.4879079497908,
      "p_median_weight": 18.095,
      "d_median_weight": 13.89,
      "p_std_weight": 25.938881348876254,
      "d_std_weight": 16.908262729982432,
      "p_total_weight": 8539.63,
      "d_total_weight": 5135.610000000001,
      "p_mean_taxability": 66.79149467857142,
      "d_mean_taxability": 52.00898497907951,
      "p_total_taxability": 18701.61851,
      "d_total_taxability": 12430.147410000001,
      "p_mean_volume": 0.1996566785714286,
      "d_mean_volume": 0.1561831380753138,
      "p_median_volume": 0.10601500000000001,
      "d_median_volume": 0.10222,
      "p_std_volume": 0.1825576975344287,
      "d_std_volume": 0.12056287710182224,
      "p_total_volume": 55.90387000000001,
      "d_total_volume": 37.32777,
      "d_max_priority": 0,
      "used_volume": 0.6848111081167162,
      "used_weight": 0.388165,
      "unload_obs": 1,
      "hs_cond": 1,
      "p_cond": 1,
      "sub_cond": 1
    },
    {
      "iteration": 151,
      "time": "60.927088499069214",
      "n_placed": 272,
      "n_discard": 247,
      "p_mean_weight": 31.512022058823533,
      "d_mean_weight": 20.66384615384616,
      "p_median_weight": 21.375,
      "d_median_weight": 12.12,
      "p_std_weight": 25.56656466437208,
      "d_std_weight": 17.327113726940112,
      "p_total_weight": 8571.27,
      "d_total_weight": 5103.970000000001,
      "p_mean_taxability": 68.6882118382353,
      "d_mean_taxability": 50.39907813765183,
      "p_total_taxability": 18683.193620000002,
      "d_total_taxability": 12448.572300000002,
      "p_mean_volume": 0.20532551470588237,
      "d_mean_volume": 0.15134858299595141,
      "p_median_volume": 0.12529,
      "d_median_volume": 0.09216,
      "p_std_volume": 0.18010893831304073,
      "d_std_volume": 0.12482924663175136,
      "p_total_volume": 55.84854000000001,
      "d_total_volume": 37.3831,
      "d_max_priority": 0,
      "used_volume": 0.6841333268001079,
      "used_weight": 0.3896031818181818,
      "unload_obs": 6,
      "hs_cond": 1,
      "p_cond": 1,
      "sub_cond": 1
    },
    {
      "iteration": 155,
      "time": "60.030901193618774",
      "n_placed": 272,
      "n_discard": 247,
      "p_mean_weight": 31.276874999999997,
      "d_mean_weight": 20.922793522267206,
      "p_median_weight": 20.67,
      "d_median_weight": 12.52,
      "p_std_weight": 25.703636356217316,
      "d_std_weight": 17.262663970771218,
      "p_total_weight": 8507.31,
      "d_total_weight": 5167.93,
      "p_mean_taxability": 68.59777540441176,
      "d_mean_taxability": 50.49866805668017,
      "p_total_taxability": 18658.59491,
      "d_total_taxability": 12473.171010000002,
      "p_mean_volume": 0.2050539338235294,
      "d_mean_volume": 0.1516476518218624,
      "p_median_volume": 0.12022000000000001,
      "d_median_volume": 0.09414,
      "p_std_volume": 0.1808968551054743,
      "d_std_volume": 0.12369816913483067,
      "p_total_volume": 55.77467,
      "d_total_volume": 37.45697000000001,
      "d_max_priority": 0,
      "used_volume": 0.6832284342308352,
      "used_weight": 0.38669590909090906,
      "unload_obs": 4,
      "hs_cond": 1,
      "p_cond": 1,
      "sub_cond": 1
    }
  ],
  "weight": [
    {
      "iteration": 151,
      "time": "60.927088499069214",
      "n_placed": 272,
      "n_discard": 247,
      "p_mean_weight": 31.512022058823533,
      "d_mean_weight": 20.66384615384616,
      "p_median_weight": 21.375,
      "d_median_weight": 12.12,
      "p_std_weight": 25.56656466437208,
      "d_std_weight": 17.327113726940112,
      "p_total_weight": 8571.27,
      "d_total_weight": 5103.970000000001,
      "p_mean_taxability": 68.6882118382353,
      "d_mean_taxability": 50.39907813765183,
      "p_total_taxability": 18683.193620000002,
      "d_total_taxability": 12448.572300000002,
      "p_mean_volume": 0.20532551470588237,
      "d_mean_volume": 0.15134858299595141,
      "p_median_volume": 0.12529,
      "d_median_volume": 0.09216,
      "p_std_volume": 0.18010893831304073,
      "d_std_volume": 0.12482924663175136,
      "p_total_volume": 55.84854000000001,
      "d_total_volume": 37.3831,
      "d_max_priority": 0,
      "used_volume": 0.6841333268001079,
      "used_weight": 0.3896031818181818,
      "unload_obs": 6,
      "hs_cond": 1,
      "p_cond": 1,
      "sub_cond": 1
    },
    {
      "iteration": 125,
      "time": "37.691524505615234",
      "n_placed": 269,
      "n_discard": 250,
      "p_mean_weight": 31.77817843866171,
      "d_mean_weight": 20.50764,
      "p_median_weight": 21.7,
      "d_median_weight": 12.025,
      "p_std_weight": 25.74356209967807,
      "d_std_weight": 17.023236813155926,
      "p_total_weight": 8548.33,
      "d_total_weight": 5126.91,
      "p_mean_taxability": 69.3218931598513,
      "d_mean_taxability": 49.936706640000004,
      "p_total_taxability": 18647.58926,
      "d_total_taxability": 12484.176660000001,
      "p_mean_volume": 0.20721791821561336,
      "d_mean_volume": 0.14996008,
      "p_median_volume": 0.13087000000000001,
      "d_median_volume": 0.088785,
      "p_std_volume": 0.18024248743979823,
      "d_std_volume": 0.12466850362130084,
      "p_total_volume": 55.74162,
      "d_total_volume": 37.49002,
      "d_max_priority": 0,
      "used_volume": 0.6828235784109562,
      "used_weight": 0.3885604545454545,
      "unload_obs": 5,
      "hs_cond": 1,
      "p_cond": 1,
      "sub_cond": 1
    },
    {
      "iteration": 163,
      "time": "55.0288782119751",
      "n_placed": 280,
      "n_discard": 239,
      "p_mean_weight": 30.49867857142857,
      "d_mean_weight": 21.4879079497908,
      "p_median_weight": 18.095,
      "d_median_weight": 13.89,
      "p_std_weight": 25.938881348876254,
      "d_std_weight": 16.908262729982432,
      "p_total_weight": 8539.63,
      "d_total_weight": 5135.610000000001,
      "p_mean_taxability": 66.79149467857142,
      "d_mean_taxability": 52.00898497907951,
      "p_total_taxability": 18701.61851,
      "d_total_taxability": 12430.147410000001,
      "p_mean_volume": 0.1996566785714286,
      "d_mean_volume": 0.1561831380753138,
      "p_median_volume": 0.10601500000000001,
      "d_median_volume": 0.10222,
      "p_std_volume": 0.1825576975344287,
      "d_std_volume": 0.12056287710182224,
      "p_total_volume": 55.90387000000001,
      "d_total_volume": 37.32777,
      "d_max_priority": 0,
      "used_volume": 0.6848111081167162,
      "used_weight": 0.388165,
      "unload_obs": 1,
      "hs_cond": 1,
      "p_cond": 1,
      "sub_cond": 1
    }
  ],
  "taxability": [
    {
      "iteration": 163,
      "time": "55.0288782119751",
      "n_placed": 280,
      "n_discard": 239,
      "p_mean_weight": 30.49867857142857,
      "d_mean_weight": 21.4879079497908,
      "p_median_weight": 18.095,
      "d_median_weight": 13.89,
      "p_std_weight": 25.938881348876254,
      "d_std_weight": 16.908262729982432,
      "p_total_weight": 8539.63,
      "d_total_weight": 5135.610000000001,
      "p_mean_taxability": 66.79149467857142,
      "d_mean_taxability": 52.00898497907951,
      "p_total_taxability": 18701.61851,
      "d_total_taxability": 12430.147410000001,
      "p_mean_volume": 0.1996566785714286,
      "d_mean_volume": 0.1561831380753138,
      "p_median_volume": 0.10601500000000001,
      "d_median_volume": 0.10222,
      "p_std_volume": 0.1825576975344287,
      "d_std_volume": 0.12056287710182224,
      "p_total_volume": 55.90387000000001,
      "d_total_volume": 37.32777,
      "d_max_priority": 0,
      "used_volume": 0.6848111081167162,
      "used_weight": 0.388165,
      "unload_obs": 1,
      "hs_cond": 1,
      "p_cond": 1,
      "sub_cond": 1
    },
    {
      "iteration": 151,
      "time": "60.927088499069214",
      "n_placed": 272,
      "n_discard": 247,