{
  "volume": [
    {
      "iteration": 91,
      "time": "291.3507356643677",
      "n_placed": 337,
      "n_discard": 179,
      "p_mean_weight": 30.72323442136499,
      "d_mean_weight": 17.024469273743016,
      "p_median_weight": 20.7,
      "d_median_weight": 9.6,
      "p_std_weight": 23.97536186817133,
      "d_std_weight": 19.553942535392224,
      "p_total_weight": 10353.730000000001,
      "d_total_weight": 3047.38,
      "p_mean_taxability": 65.91499985163205,
      "d_mean_taxability": 47.35922279329609,
      "p_total_taxability": 22213.35495,
      "d_total_taxability": 8477.30088,
      "p_mean_volume": 0.19741729970326413,
      "d_mean_volume": 0.1422198882681564,
      "p_median_volume": 0.13214,
      "d_median_volume": 0.07662000000000001,
      "p_std_volume": 0.16678680910252877,
      "d_std_volume": 0.17707330579369257,
      "p_total_volume": 66.52963000000001,
      "d_total_volume": 25.457359999999998,
      "d_max_priority": 0,
      "used_volume": 0.8149745204204132,
      "used_weight": 0.47062409090909096,
      "unload_obs": 0,
      "hs_cond": 1,
      "p_cond": 1,
      "sub_cond": 1
    },
    {
      "iteration": 1,
      "time": "285.46471214294434",
      "n_placed": 337,
      "n_discard": 179,
      "p_mean_weight": 30.734213649851633,
      "d_mean_weight": 17.003798882681565,
      "p_median_weight": 20.7,
      "d_median_weight": 9.85,
      "p_std_weight": 23.96113859042295,
      "d_std_weight": 19.572264344087277,
      "p_total_weight": 10357.43,
      "d_total_weight": 3043.6800000000003,
      "p_mean_taxability": 65.90622525222552,
      "d_mean_taxability": 47.37574256983241,
      "p_total_taxability": 22210.39791,
      "d_total_taxability": 8480.257920000002,
      "p_mean_volume": 0.19739094955489617,
      "d_mean_volume": 0.1422694972067039,
      "p_median_volume": 0.13214,
      "d_median_volume": 0.07662000000000001,
      "p_std_volume": 0.16678086623456786,
      "d_std_volume": 0.1770994103152674,
      "p_total_volume": 66.52075,
      "d_total_volume": 25.46624,
      "d_max_priority": 0,
      "used_volume": 0.8148657422152535,
      "used_weight": 0.47079227272727275,
      "unload_obs": 0,
      "hs_cond": 1,
      "p_cond": 1,
      "sub_cond": 1
    },
    {
      "iteration": 0,
      "time": "288.02007269859314",
      "n_placed": 333,
      "n_discard": 183,
      "p_mean_weight": 30.966396396396394,
      "d_mean_weight": 16.881420765027322,
      "p_median_weight": 21.6,
      "d_median_weight": 9.7,
      "p_std_weight": 24.019312841639856,
      "d_std_weight": 19.35316168487994,
      "p_total_weight": 10311.81,
      "d_total_weight": 3089.3,
      "p_mean_taxability": 66.44804162162163,
      "d_mean_taxability": 46.79485229508197,
      "p_total_taxability": 22127.19786,
      "d_total_taxability": 8563.45797,
      "p_mean_volume": 0.19901171171171175,
      "d_mean_volume": 0.1405250819672131,
      "p_median_volume": 0.14,
      "d_median_volume": 0.07652,
      "p_std_volume": 0.16718671293407195,
      "d_std_volume": 0.1754165268783238,
      "p_total_volume": 66.27090000000001,
      "d_total_volume": 25.71609,
      "d_max_priority": 1,
      "used_volume": 0.8118051302153516,
      "used_weight": 0.46871863636363637,
      "unload_obs": 0,
      "hs_cond": 1,
      "p_cond": 0,
      "sub_cond": 0
    }
  ],
  "weight": [
    {
      "iteration": 1,
      "time": "285.46471214294434",
      "n_placed": 337,
      "n_discard": 179,
      "p_mean_weight": 30.734213649851633,
      "d_mean_weight": 17.003798882681565,
      "p_median_weight": 20.7,
      "d_median_weight": 9.85,
      "p_std_weight": 23.96113859042295,
      "d_std_weight": 19.572264344087277,
      "p_total_weight": 10357.43,
      "d_total_weight": 3043.6800000000003,
      "p_mean_taxability": 65.90622525222552,
      "d_mean_taxability": 47.37574256983241,
      "p_total_taxability": 22210.39791,
      "d_total_taxability": 8480.257920000002,
      "p_mean_volume": 0.19739094955489617,
      "d_mean_volume": 0.1422694972067039,
      "p_median_volume": 0.13214,
      "d_median_volume": 0.07662000000000001,
      "p_std_volume": 0.16678086623456786,
      "d_std_volume": 0.1770994103152674,
      "p_total_volume": 66.52075,
      "d_total_volume": 25.46624,
      "d_max_priority": 0,
      "used_volume": 0.8148657422152535,
      "used_weight": 0.47079227272727275,
      "unload_obs": 0,
      "hs_cond": 1,
      "p_cond": 1,
      "sub_cond": 1
    },
    {
      "iteration": 91,
      "time": "291.3507356643677",
      "n_placed": 337,
      "n_discard": 179,
      "p_mean_weight": 30.72323442136499,
      "d_mean_weight": 17.024469273743016,
      "p_median_weight": 20.7,
      "d_median_weight": 9.6,
      "p_std_weight": 23.97536186817133,
      "d_std_weight": 19.553942535392224,
      "p_total_weight": 10353.730000000001,
      "d_total_weight": 3047.38,
      "p_mean_taxability": 65.91499985163205,
      "d_mean_taxability": 47.35922279329609,
      "p_total_taxability": 22213.35495,
      "d_total_taxability": 8477.30088,
      "p_mean_volume": 0.19741729970326413,
      "d_mean_volume": 0.1422198882681564,
      "p_median_volume": 0.13214,
      "d_median_volume": 0.07662000000000001,
      "p_std_volume": 0.16678680910252877,
      "d_std_volume": 0.17707330579369257,
      "p_total_volume": 66.52963000000001,
      "d_total_volume": 25.457359999999998,
      "d_max_priority": 0,
      "used_volume": 0.8149745204204132,
      "used_weight": 0.47062409090909096,
      "unload_obs": 0,
      "hs_cond": 1,
      "p_cond": 1,
      "sub_cond": 1
    },
    {
      "iteration": 0,
      "time": "288.02007269859314",
      "n_placed": 333,
      "n_discard": 183,
      "p_mean_weight": 30.966396396396394,
      "d_mean_weight": 16.881420765027322,
      "p_median_weight": 21.6,
      "d_median_weight": 9.7,
      "p_std_weight": 24.019312841639856,
      "d_std_weight": 19.35316168487994,
      "p_total_weight": 10311.81,
      "d_total_weight": 3089.3,
      "p_mean_taxability": 66.44804162162163,
      "d_mean_taxability": 46.79485229508197,
      "p_total_taxability": 22127.19786,
      "d_total_taxability": 8563.45797,
      "p_mean_volume": 0.19901171171171175,
      "d_mean_volume": 0.1405250819672131,
      "p_median_volume": 0.14,
      "d_median_volume": 0.07652,
      "p_std_volume": 0.16718671293407195,
      "d_std_volume": 0.1754165268783238,
      "p_total_volume": 66.27090000000001,
      "d_total_volume": 25.71609,
      "d_max_priority": 1,
      "used_volume": 0.8118051302153516,
      "used_weight": 0.46871863636363637,
      "unload_obs": 0,
      "hs_cond": 1,
      "p_cond": 0,
      "sub_cond": 0
    }
  ],
  "taxability": [
    {
      "iteration": 91,
      "time": "291.3507356643677",
      "n_placed": 337,
      "n_discard": 179,
      "p_mean_weight": 30.72323442136499,
      "d_mean_weight": 17.024469273743016,
      "p_median_weight": 20.7,
      "d_median_weight": 9.6,
      "p_std_weight": 23.97536186817133,
      "d_std_weight": 19.553942535392224,
      "p_total_weight": 10353.730000000001,
      "d_total_weight": 3047.38,
      "p_mean_taxability": 65.91499985163205,
      "d_mean_taxability": 47.35922279329609,
      "p_total_taxability": 22213.35495,
      "d_total_taxability": 8477.30088,
      "p_mean_volume": 0.19741729970326413,
      "d_mean_volume": 0.1422198882681564,
      "p_median_volume": 0.13214,
      "d_median_volume": 0.07662000000000001,
      "p_std_volume": 0.16678680910252877,
      "d_std_volume": 0.17707330579369257,
      "p_total_volume": 66.52963000000001,
      "d_total_volume": 25.457359999999998,
      "d_max_priority": 0,
      "used_volume": 0.8149745204204132,
      "used_weight": 0.47062409090909096,
      "unload_obs": 0,
      "hs_cond": 1,
      "p_cond": 1,
      "sub_cond": 1
    },
    {
      "iteration": 1,
      "time": "285.46471214294434",
      "n_placed": 337,
      "n_discard": 179,