{
  "volume": [
    {
      "iteration": 141,
      "time": "380.65286350250244",
      "n_placed": 449,
      "n_discard": 205,
      "p_mean_weight": 22.273875278396435,
      "d_mean_weight": 15.401853658536586,
      "p_median_weight": 13.88,
      "d_median_weight": 10.04,
      "p_std_weight": 20.355418738072352,
      "d_std_weight": 13.410242225519514,
      "p_total_weight": 10000.97,
      "d_total_weight": 3157.38,
      "p_mean_taxability": 47.08458737193765,
      "d_mean_taxability": 40.66094063414635,
      "p_total_taxability": 21140.979730000006,
      "d_total_taxability": 8335.492830000001,
      "p_mean_volume": 0.14054338530066818,
      "d_mean_volume": 0.1221049268292683,
      "p_median_volume": 0.07429000000000001,
      "d_median_volume": 0.08065000000000001,
      "p_std_volume": 0.13727852291651146,
      "d_std_volume": 0.10019159537087084,
      "p_total_volume": 63.10398000000001,
      "d_total_volume": 25.03151,
      "d_max_priority": 0,
      "used_volume": 0.7730110003184948,
      "used_weight": 0.45458954545454544,
      "unload_obs": 0,
      "hs_cond": 1,
      "p_cond": 1,
      "sub_cond": 1
    },
    {
      "iteration": 9,
      "time": "520.012538433075",
      "n_placed": 444,
      "n_discard": 210,
      "p_mean_weight": 22.258085585585587,
      "d_mean_weight": 15.598857142857142,
      "p_median_weight": 13.89,
      "d_median_weight": 10.07,
      "p_std_weight": 20.322281563088655,
      "d_std_weight": 13.778724520264257,
      "p_total_weight": 9882.59,
      "d_total_weight": 3275.7599999999998,
      "p_mean_taxability": 47.54419921171172,
      "d_mean_taxability": 39.84213385714286,
      "p_total_taxability": 21109.624450000003,
      "d_total_taxability": 8366.84811,
      "p_mean_volume": 0.14191400900900902,
      "d_mean_volume": 0.11964604761904761,
      "p_median_volume": 0.076045,
      "d_median_volume": 0.078,
      "p_std_volume": 0.1372668827089476,
      "d_std_volume": 0.10072991192804258,
      "p_total_volume": 63.009820000000005,
      "d_total_volume": 25.12567,
      "d_max_priority": 0,
      "used_volume": 0.7718575593502708,
      "used_weight": 0.4492086363636364,
      "unload_obs": 0,
      "hs_cond": 1,
      "p_cond": 1,
      "sub_cond": 1
    },
    {
      "iteration": 104,
      "time": "528.8512916564941",
      "n_placed": 435,
      "n_discard": 219,
      "p_mean_weight": 22.74793103448276,
      "d_mean_weight": 14.899543378995432,
      "p_median_weight": 14.0,
      "d_median_weight": 10.1,
      "p_std_weight": 20.721000730793754,
      "d_std_weight": 12.422915263485935,
      "p_total_weight": 9895.35,
      "d_total_weight": 3262.9999999999995,
      "p_mean_taxability": 48.39177864367816,
      "d_mean_taxability": 38.4751089041096,
      "p_total_taxability": 21050.42371,
      "d_total_taxability": 8426.048850000001,
      "p_mean_volume": 0.14444147126436782,
      "d_mean_volume": 0.11554086757990867,
      "p_median_volume": 0.07679000000000001,
      "d_median_volume": 0.07652,
      "p_std_volume": 0.13951875192383062,
      "d_std_volume": 0.09503075640552022,
      "p_total_volume": 62.832040000000006,
      "d_total_volume": 25.303449999999998,
      "d_max_priority": 0,
      "used_volume": 0.7696797902834605,
      "used_weight": 0.44978863636363636,
      "unload_obs": 0,
      "hs_cond": 1,
      "p_cond": 1,
      "sub_cond": 1
    }
  ],
  "weight": [
    {
      "iteration": 141,
      "time": "380.65286350250244",
      "n_placed": 449,
      "n_discard": 205,
      "p_mean_weight": 22.273875278396435,
      "d_mean_weight": 15.401853658536586,
      "p_median_weight": 13.88,
      "d_median_weight": 10.04,
      "p_std_weight": 20.355418738072352,
      "d_std_weight": 13.410242225519514,
      "p_total_weight": 10000.97,
      "d_total_weight": 3157.38,
      "p_mean_taxability": 47.08458737193765,
      "d_mean_taxability": 40.66094063414635,
      "p_total_taxability": 21140.979730000006,
      "d_total_taxability": 8335.492830000001,
      "p_mean_volume": 0.14054338530066818,
      "d_mean_volume": 0.1221049268292683,
      "p_median_volume": 0.07429000000000001,
      "d_median_volume": 0.08065000000000001,
      "p_std_volume": 0.13727852291651146,
      "d_std_volume": 0.10019159537087084,
      "p_total_volume": 63.10398000000001,
      "d_total_volume": 25.03151,
      "d_max_priority": 0,
      "used_volume": 0.7730110003184948,
      "used_weight": 0.45458954545454544,
      "unload_obs": 0,
      "hs_cond": 1,
      "p_cond": 1,
      "sub_cond": 1
    },
    {
      "iteration": 173,
      "time": "254.6406660079956",
      "n_placed": 452,
      "n_discard": 202,
      "p_mean_weight": 22.024933628318585,
      "d_mean_weight": 15.856831683168316,
      "p_median_weight": 13.559999999999999,
      "d_median_weight": 10.765,
      "p_std_weight": 20.39480737454534,
      "d_std_weight": 13.39308724423639,
      "p_total_weight": 9955.27,
      "d_total_weight": 3203.08,
      "p_mean_taxability": 46.478965376106196,
      "d_mean_taxability": 41.9206941089109,
      "p_total_taxability": 21008.49235,
      "d_total_taxability": 8467.980210000002,
      "p_mean_volume": 0.13873035398230088,
      "d_mean_volume": 0.1258879702970297,
      "p_median_volume": 0.07281500000000002,
      "d_median_volume": 0.086705,
      "p_std_volume": 0.1369374607426383,
      "d_std_volume": 0.10119415634780692,
      "p_total_volume": 62.70612,
      "d_total_volume": 25.42937,
      "d_max_priority": 0,
      "used_volume": 0.7681372957346203,
      "used_weight": 0.45251227272727274,
      "unload_obs": 0,
      "hs_cond": 1,
      "p_cond": 1,
      "sub_cond": 1
    },
    {
      "iteration": 104,
      "time": "528.8512916564941",
      "n_placed": 435,
      "n_discard": 219,
      "p_mean_weight": 22.74793103448276,
      "d_mean_weight": 14.899543378995432,
      "p_median_weight": 14.0,
      "d_median_weight": 10.1,
      "p_std_weight": 20.721000730793754,
      "d_std_weight": 12.422915263485935,
      "p_total_weight": 9895.35,
      "d_total_weight": 3262.9999999999995,
      "p_mean_taxability": 48.39177864367816,
      "d_mean_taxability": 38.4751089041096,
      "p_total_taxability": 21050.42371,
      "d_total_taxability": 8426.048850000001,
      "p_mean_volume": 0.14444147126436782,
      "d_mean_volume": 0.11554086757990867,
      "p_median_volume": 0.07679000000000001,
      "d_median_volume": 0.07652,
      "p_std_volume": 0.13951875192383062,
      "d_std_volume": 0.09503075640552022,
      "p_total_volume": 62.832040000000006,
      "d_total_volume": 25.303449999999998,
      "d_max_priority": 0,
      "used_volume": 0.7696797902834605,
      "used_weight": 0.44978863636363636,
      "unload_obs": 0,
      "hs_cond": 1,
      "p_cond": 1,
      "sub_cond": 1
    }
  ],
  "taxability": [
    {
      "iteration": 141,
      "time": "380.65286350250244",
      "n_placed": 449,
      "n_discard": 205,
      "p_mean_weight": 22.273875278396435,
      "d_mean_weight": 15.401853658536586,
      "p_median_weight": 13.88,
      "d_median_weight": 10.04,
      "p_std_weight": 20.355418738072352,
      "d_std_weight": 13.410242225519514,
      "p_total_weight": 10000.97,
      "d_total_weight": 3157.38,
      "p_mean_taxability": 47.08458737193765,
      "d_mean_taxability": 40.66094063414635,
      "p_total_taxability": 21140.979730000006,
      "d_total_taxability": 8335.492830000001,
      "p_mean_volume": 0.14054338530066818,
      "d_mean_volume": 0.1221049268292683,
      "p_median_volume": 0.07429000000000001,
      "d_median_volume": 0.08065000000000001,
      "p_std_volume": 0.13727852291651146,
      "d_std_volume": 0.10019159537087084,
      "p_total_volume": 63.10398000000001,
      "d_total_volume": 25.03151,
      "d_max_priority": 0,
      "used_volume": 0.7730110003184948,
      "used_weight": 0.45458954545454544,
      "unload_obs": 0,
      "hs_cond": 1,
      "p_cond": 1,