{
  "volume": [
    {
      "iteration": 176,
      "time": "19.598087787628174",
      "n_placed": 213,
      "n_discard": 102,
      "p_mean_weight": 44.58037558685446,
      "d_mean_weight": 43.27333333333334,
      "p_median_weight": 40.5,
      "d_median_weight": 43.0,
      "p_std_weight": 24.3642248336585,
      "d_std_weight": 13.689153495828121,
      "p_total_weight": 9495.619999999999,
      "d_total_weight": 4413.880000000001,
      "p_mean_taxability": 93.83467276995307,
      "d_mean_taxability": 108.57951441176469,
      "p_total_taxability": 19986.785300000003,
      "d_total_taxability": 11075.110469999998,
      "p_mean_volume": 0.2812707042253521,
      "d_mean_volume": 0.3260646078431373,
      "p_median_volume": 0.27331,
      "d_median_volume": 0.33434,
      "p_std_volume": 0.163508684481641,
      "d_std_volume": 0.08614584523257515,
      "p_total_volume": 59.91066,
      "d_total_volume": 33.258590000000005,
      "d_max_priority": 0,
      "used_volume": 0.73389347575765,
      "used_weight": 0.43161909090909084,
      "unload_obs": 0,
      "hs_cond": 1,
      "p_cond": 1,
      "sub_cond": 1
    },
    {
      "iteration": 93,
      "time": "41.346161127090454",
      "n_placed": 212,
      "n_discard": 103,
      "p_mean_weight": 44.75768867924528,
      "d_mean_weight": 42.92106796116506,
      "p_median_weight": 40.5,
      "d_median_weight": 43.0,
      "p_std_weight": 24.188486878597423,
      "d_std_weight": 14.418352609973585,
      "p_total_weight": 9488.63,
      "d_total_weight": 4420.870000000001,
      "p_mean_taxability": 94.17855150943397,
      "d_mean_taxability": 107.7285713592233,
      "p_total_taxability": 19965.85292,
      "d_total_taxability": 11096.04285,
      "p_mean_volume": 0.28230094339622647,
      "d_mean_volume": 0.32350922330097087,
      "p_median_volume": 0.27615500000000004,
      "d_median_volume": 0.33434,
      "p_std_volume": 0.16288117704655938,
      "d_std_volume": 0.09075705735740411,
      "p_total_volume": 59.84780000000001,
      "d_total_volume": 33.32145,
      "d_max_priority": 0,
      "used_volume": 0.7331234534630179,
      "used_weight": 0.4313013636363636,
      "unload_obs": 0,
      "hs_cond": 1,
      "p_cond": 1,
      "sub_cond": 1
    },
    {
      "iteration": 117,
      "time": "20.762251138687134",
      "n_placed": 212,
      "n_discard": 103,
      "p_mean_weight": 44.712641509433965,
      "d_mean_weight": 43.013786407767,
      "p_median_weight": 40.5,
      "d_median_weight": 43.0,
      "p_std_weight": 24.343272815666843,
      "d_std_weight": 13.880933327134832,
      "p_total_weight": 9479.08,
      "d_total_weight": 4430.420000000001,
      "p_mean_taxability": 94.02212004716982,
      "d_mean_taxability": 108.05054679611652,
      "p_total_taxability": 19932.68945,
      "d_total_taxability": 11129.206320000001,
      "p_mean_volume": 0.281831179245283,
      "d_mean_volume": 0.3244761165048544,
      "p_median_volume": 0.27397000000000005,
      "d_median_volume": 0.33434,
      "p_std_volume": 0.16363395858125682,
      "d_std_volume": 0.08744434856830552,
      "p_total_volume": 59.74821,
      "d_total_volume": 33.421040000000005,
      "d_max_priority": 0,
      "used_volume": 0.7319034960923145,
      "used_weight": 0.4308672727272727,
      "unload_obs": 1,
      "hs_cond": 1,
      "p_cond": 1,
      "sub_cond": 1
    }
  ],
  "weight": [
    {
      "iteration": 176,
      "time": "19.598087787628174",
      "n_placed": 213,
      "n_discard": 102,
      "p_mean_weight": 44.58037558685446,
      "d_mean_weight": 43.27333333333334,
      "p_median_weight": 40.5,
      "d_median_weight": 43.0,
      "p_std_weight": 24.3642248336585,
      "d_std_weight": 13.689153495828121,
      "p_total_weight": 9495.619999999999,
      "d_total_weight": 4413.880000000001,
      "p_mean_taxability": 93.83467276995307,
      "d_mean_taxability": 108.57951441176469,
      "p_total_taxability": 19986.785300000003,
      "d_total_taxability": 11075.110469999998,
      "p_mean_volume": 0.2812707042253521,
      "d_mean_volume": 0.3260646078431373,
      "p_median_volume": 0.27331,
      "d_median_volume": 0.33434,
      "p_std_volume": 0.163508684481641,
      "d_std_volume": 0.08614584523257515,
      "p_total_volume": 59.91066,
      "d_total_volume": 33.258590000000005,
      "d_max_priority": 0,
      "used_volume": 0.73389347575765,
      "used_weight": 0.43161909090909084,
      "unload_obs": 0,
      "hs_cond": 1,
      "p_cond": 1,
      "sub_cond": 1
    },
    {
      "iteration": 93,
      "time": "41.346161127090454",
      "n_placed": 212,
      "n_discard": 103,
      "p_mean_weight": 44.75768867924528,
      "d_mean_weight": 42.92106796116506,
      "p_median_weight": 40.5,
      "d_median_weight": 43.0,
      "p_std_weight": 24.188486878597423,
      "d_std_weight": 14.418352609973585,
      "p_total_weight": 9488.63,
      "d_total_weight": 4420.870000000001,
      "p_mean_taxability": 94.17855150943397,
      "d_mean_taxability": 107.7285713592233,
      "p_total_taxability": 19965.85292,
      "d_total_taxability": 11096.04285,
      "p_mean_volume": 0.28230094339622647,
      "d_mean_volume": 0.32350922330097087,
      "p_median_volume": 0.27615500000000004,
      "d_median_volume": 0.33434,
      "p_std_volume": 0.16288117704655938,
      "d_std_volume": 0.09075705735740411,
      "p_total_volume": 59.84780000000001,
      "d_total_volume": 33.32145,
      "d_max_priority": 0,
      "used_volume": 0.7331234534630179,
      "used_weight": 0.4313013636363636,
      "unload_obs": 0,
      "hs_cond": 1,
      "p_cond": 1,
      "sub_cond": 1
    },
    {
      "iteration": 117,
      "time": "20.762251138687134",
      "n_placed": 212,
      "n_discard": 103,
      "p_mean_weight": 44.712641509433965,
      "d_mean_weight": 43.013786407767,
      "p_median_weight": 40.5,
      "d_median_weight": 43.0,
      "p_std_weight": 24.343272815666843,
      "d_std_weight": 13.880933327134832,
      "p_total_weight": 9479.08,
      "d_total_weight": 4430.420000000001,
      "p_mean_taxability": 94.02212004716982,
      "d_mean_taxability": 108.05054679611652,
      "p_total_taxability": 19932.68945,
      "d_total_taxability": 11129.206320000001,
      "p_mean_volume": 0.281831179245283,
      "d_mean_volume": 0.3244761165048544,
      "p_median_volume": 0.27397000000000005,
      "d_median_volume": 0.33434,
      "p_std_volume": 0.16363395858125682,
      "d_std_volume": 0.08744434856830552,
      "p_total_volume": 59.74821,
      "d_total_volume": 33.421040000000005,
      "d_max_priority": 0,
      "used_volume": 0.7319034960923145,
      "used_weight": 0.4308672727272727,
      "unload_obs": 1,
      "hs_cond": 1,
      "p_cond": 1,
      "sub_cond": 1
    }
  ],
  "taxability": [
    {
      "iteration": 176,
      "time": "19.598087787628174",
      "n_placed": 213,
      "n_discard": 102,
      "p_mean_weight": 44.58037558685446,
      "d_mean_weight": 43.27333333333334,
      "p_median_weight": 40.5,
      "d_median_weight": 43.0,
      "p_std_weight": 24.3642248336585,
      "d_std_weight": 13.689153495828121,
      "p_total_weight": 9495.619999999999,
      "d_total_weight": 4413.880000000001,
      "p_mean_taxability": 93.83467276995307,
      "d_mean_taxability": 108.57951441176469,
      "p_total_taxability": 19986.785300000003,
      "d_total_taxability": 11075.110469999998,
      "p_mean_volume": 0.2812707042253521,
      "d_mean_volume": 0.3260646078431373,
      "p_median_volume": 0.27331,
      "d_median_volume": 0.33434,
      "p_std_volume": 0.163508684481641,
      "d_std_volume": 0.08614584523257515,
      "p_total_volume": 59.91066,
      "d_total_volume": 33.258590000000005,
      "d_max_priority": 0,
      "used_volume": 0.73389347575765,
      "used_weight": 0.43161909090909084,
      "unload_obs": 0,
      "hs_cond": 1,
      "p_cond": 1,
      "sub_cond": 1
    },
    {
      "iteration": 93,