{
  "volume": [
    {
      "iteration": 41,
      "time": "58.84268379211426",
      "n_placed": 256,
      "n_discard": 101,
      "p_mean_weight": 37.525390625,
      "d_mean_weight": 39.9460396039604,
      "p_median_weight": 33.35,
      "d_median_weight": 40.5,
      "p_std_weight": 25.80490044362964,
      "d_std_weight": 17.57149629822161,
      "p_total_weight": 9606.5,
      "d_total_weight": 4034.55,
      "p_mean_taxability": 81.18817503906251,
      "d_mean_taxability": 100.14239762376235,
      "p_total_taxability": 20784.172810000004,
      "d_total_taxability": 10114.382159999997,
      "p_mean_volume": 0.2431633984375,
      "d_mean_volume": 0.3007279207920792,
      "p_median_volume": 0.23638,
      "d_median_volume": 0.32032000000000005,
      "p_std_volume": 0.18208308425425626,
      "d_std_volume": 0.11090089222649954,
      "p_total_volume": 62.24983,
      "d_total_volume": 30.37352,
      "d_max_priority": 0,
      "used_volume": 0.7625478354607149,
      "used_weight": 0.4366590909090909,
      "unload_obs": 0,
      "hs_cond": 1,
      "p_cond": 1,
      "sub_cond": 1
    },
    {
      "iteration": 113,
      "time": "61.055875062942505",
      "n_placed": 255,
      "n_discard": 102,
      "p_mean_weight": 37.582509803921575,
      "d_mean_weight": 39.77950980392157,
      "p_median_weight": 33.5,
      "d_median_weight": 40.35,
      "p_std_weight": 25.845550614940873,
      "d_std_weight": 17.542327051197915,
      "p_total_weight": 9583.54,
      "d_total_weight": 4057.51,
      "p_mean_taxability": 81.26340474509806,
      "d_mean_taxability": 99.76849764705882,
      "p_total_taxability": 20722.168210000003,
      "d_total_taxability": 10176.38676,
      "p_mean_volume": 0.2433867843137255,
      "d_mean_volume": 0.2996050980392157,
      "p_median_volume": 0.23638,
      "d_median_volume": 0.31900500000000004,
      "p_std_volume": 0.18243004393619913,
      "d_std_volume": 0.11083221689773036,
      "p_total_volume": 62.06363,
      "d_total_volume": 30.559720000000002,
      "d_max_priority": 0,
      "used_volume": 0.7602669230957689,
      "used_weight": 0.4356154545454546,
      "unload_obs": 1,
      "hs_cond": 1,
      "p_cond": 1,
      "sub_cond": 1
    },
    {
      "iteration": 146,
      "time": "50.7431857585907",
      "n_placed": 254,
      "n_discard": 103,
      "p_mean_weight": 37.26732283464567,
      "d_mean_weight": 40.53543689320388,
      "p_median_weight": 32.0,
      "d_median_weight": 42.0,
      "p_std_weight": 26.111520179512514,
      "d_std_weight": 16.515532485743385,
      "p_total_weight": 9465.9,
      "d_total_weight": 4175.15,
      "p_mean_taxability": 80.89680877952756,
      "d_mean_taxability": 100.49286932038837,
      "p_total_taxability": 20547.78943,
      "d_total_taxability": 10350.765540000002,
      "p_mean_volume": 0.2422833464566929,
      "d_mean_volume": 0.3017803883495146,
      "p_median_volume": 0.21883000000000002,
      "d_median_volume": 0.31715000000000004,
      "p_std_volume": 0.1842257985892097,
      "d_std_volume": 0.10281394537023082,
      "p_total_volume": 61.53997,
      "d_total_volume": 31.083380000000005,
      "d_max_priority": 0,
      "used_volume": 0.7538521939388,
      "used_weight": 0.4302681818181818,
      "unload_obs": 0,
      "hs_cond": 1,
      "p_cond": 1,
      "sub_cond": 1
    }
  ],
  "weight": [
    {
      "iteration": 41,
      "time": "58.84268379211426",
      "n_placed": 256,
      "n_discard": 101,
      "p_mean_weight": 37.525390625,
      "d_mean_weight": 39.9460396039604,
      "p_median_weight": 33.35,
      "d_median_weight": 40.5,
      "p_std_weight": 25.80490044362964,
      "d_std_weight": 17.57149629822161,
      "p_total_weight": 9606.5,
      "d_total_weight": 4034.55,
      "p_mean_taxability": 81.18817503906251,
      "d_mean_taxability": 100.14239762376235,
      "p_total_taxability": 20784.172810000004,
      "d_total_taxability": 10114.382159999997,
      "p_mean_volume": 0.2431633984375,
      "d_mean_volume": 0.3007279207920792,
      "p_median_volume": 0.23638,
      "d_median_volume": 0.32032000000000005,
      "p_std_volume": 0.18208308425425626,
      "d_std_volume": 0.11090089222649954,
      "p_total_volume": 62.24983,
      "d_total_volume": 30.37352,
      "d_max_priority": 0,
      "used_volume": 0.7625478354607149,
      "used_weight": 0.4366590909090909,
      "unload_obs": 0,
      "hs_cond": 1,
      "p_cond": 1,
      "sub_cond": 1
    },
    {
      "iteration": 113,
      "time": "61.055875062942505",
      "n_placed": 255,
      "n_discard": 102,
      "p_mean_weight": 37.582509803921575,
      "d_mean_weight": 39.77950980392157,
      "p_median_weight": 33.5,
      "d_median_weight": 40.35,
      "p_std_weight": 25.845550614940873,
      "d_std_weight": 17.542327051197915,
      "p_total_weight": 9583.54,
      "d_total_weight": 4057.51,
      "p_mean_taxability": 81.26340474509806,
      "d_mean_taxability": 99.76849764705882,
      "p_total_taxability": 20722.168210000003,
      "d_total_taxability": 10176.38676,
      "p_mean_volume": 0.2433867843137255,
      "d_mean_volume": 0.2996050980392157,
      "p_median_volume": 0.23638,
      "d_median_volume": 0.31900500000000004,
      "p_std_volume": 0.18243004393619913,
      "d_std_volume": 0.11083221689773036,
      "p_total_volume": 62.06363,
      "d_total_volume": 30.559720000000002,
      "d_max_priority": 0,
      "used_volume": 0.7602669230957689,
      "used_weight": 0.4356154545454546,
      "unload_obs": 1,
      "hs_cond": 1,
      "p_cond": 1,
      "sub_cond": 1
    },
    {
      "iteration": 146,
      "time": "50.7431857585907",
      "n_placed": 254,
      "n_discard": 103,
      "p_mean_weight": 37.26732283464567,
      "d_mean_weight": 40.53543689320388,
      "p_median_weight": 32.0,
      "d_median_weight": 42.0,
      "p_std_weight": 26.111520179512514,
      "d_std_weight": 16.515532485743385,
      "p_total_weight": 9465.9,
      "d_total_weight": 4175.15,
      "p_mean_taxability": 80.89680877952756,
      "d_mean_taxability": 100.49286932038837,
      "p_total_taxability": 20547.78943,
      "d_total_taxability": 10350.765540000002,
      "p_mean_volume": 0.2422833464566929,
      "d_mean_volume": 0.3017803883495146,
      "p_median_volume": 0.21883000000000002,
      "d_median_volume": 0.31715000000000004,
      "p_std_volume": 0.1842257985892097,
      "d_std_volume": 0.10281394537023082,
      "p_total_volume": 61.53997,
      "d_total_volume": 31.083380000000005,
      "d_max_priority": 0,
      "used_volume": 0.7538521939388,
      "used_weight": 0.4302681818181818,
      "unload_obs": 0,
      "hs_cond": 1,
      "p_cond": 1,
      "sub_cond": 1
    }
  ],
  "taxability": [
    {
      "iteration": 41,
      "time": "58.84268379211426",
      "n_placed": 256,
      "n_discard": 101,
      "p_mean_weight": 37.525390625,
      "d_mean_weight": 39.9460396039604,
      "p_median_weight": 33.35,
      "d_median_weight": 40.5,
      "p_std_weight": 25.80490044362964,
      "d_std_weight": 17.57149629822161,
      "p_total_weight": 9606.5,
      "d_total_weight": 4034.55,
      "p_mean_taxability": 81.18817503906251,
      "d_mean_taxability": 100.14239762376235,
      "p_total_taxability": 20784.172810000004,
      "d_total_taxability": 10114.382159999997,
      "p_mean_volume": 0.2431633984375,
      "d_mean_volume": 0.3007279207920792,
      "p_median_volume": 0.23638,
      "d_median_volume": 0.32032000000000005,
      "p_std_volume": 0.18208308425425626,
      "d_std_volume": 0.11090089222649954,
      "p_total_volume": 62.24983,
      "d_total_volume": 30.37352,
      "d_max_priority": 0,
      "used_volume": 0.7625478354607149,
      "used_weight": 0.4366590909090909,
      "unload_obs": 0,
      "hs_cond": 1,
      "p_cond": 1,
      "sub_cond": 1
    },
    {
      "iteration": 113,
      "time": "61.055875062942505",
      "n_placed": 255,
      "n_discard": 102,