{
  "volume": [
    {
      "iteration": 54,
      "time": "38.95406413078308",
      "n_placed": 254,
      "n_discard": 104,
      "p_mean_weight": 37.63314960629921,
      "d_mean_weight": 40.432307692307695,
      "p_median_weight": 34.4,
      "d_median_weight": 40.5,
      "p_std_weight": 24.71988128515655,
      "d_std_weight": 19.72650723840225,
      "p_total_weight": 9558.82,
      "d_total_weight": 4204.96,
      "p_mean_taxability": 81.25325228346456,
      "d_mean_taxability": 103.33166105769232,
      "p_total_taxability": 20638.32608,
      "d_total_taxability": 10746.492750000001,
      "p_mean_volume": 0.24376755905511813,
      "d_mean_volume": 0.31030528846153843,
      "p_median_volume": 0.25149,
      "d_median_volume": 0.304045,
      "p_std_volume": 0.15539118246443112,
      "d_std_volume": 0.15690302347824597,
      "p_total_volume": 61.91696,
      "d_total_volume": 32.27175,
      "d_max_priority": 1,
      "used_volume": 0.7584702452409535,
      "used_weight": 0.43449181818181815,
      "unload_obs": 1,
      "hs_cond": 1,
      "p_cond": 0,
      "sub_cond": 0
    },
    {
      "iteration": 9,
      "time": "38.98366951942444",
      "n_placed": 245,
      "n_discard": 113,
      "p_mean_weight": 38.63689795918368,
      "d_mean_weight": 38.03309734513275,
      "p_median_weight": 35.0,
      "d_median_weight": 37.0,
      "p_std_weight": 24.57719034836718,
      "d_std_weight": 20.66892012348,
      "p_total_weight": 9466.04,
      "d_total_weight": 4297.740000000001,
      "p_mean_taxability": 83.27062587755101,
      "d_mean_taxability": 97.1992521238938,
      "p_total_taxability": 20401.30334,
      "d_total_taxability": 10983.51549,
      "p_mean_volume": 0.2498170612244898,
      "d_mean_volume": 0.2918896460176992,
      "p_median_volume": 0.25646,
      "d_median_volume": 0.29662000000000005,
      "p_std_volume": 0.1544869343125671,
      "d_std_volume": 0.16396840858035303,
      "p_total_volume": 61.20518,
      "d_total_volume": 32.98353000000001,
      "d_max_priority": 0,
      "used_volume": 0.7497510841071122,
      "used_weight": 0.4302745454545455,
      "unload_obs": 3,
      "hs_cond": 1,
      "p_cond": 1,
      "sub_cond": 1
    },
    {
      "iteration": 124,
      "time": "38.464990854263306",
      "n_placed": 241,
      "n_discard": 117,
      "p_mean_weight": 38.941410788381745,
      "d_mean_weight": 37.42649572649573,
      "p_median_weight": 35.0,
      "d_median_weight": 37.7,
      "p_std_weight": 24.766486354239202,
      "d_std_weight": 20.314070939411607,
      "p_total_weight": 9384.880000000001,
      "d_total_weight": 4378.900000000001,
      "p_mean_taxability": 83.91077037344398,
      "d_mean_taxability": 95.40447153846155,
      "p_total_taxability": 20222.49566,
      "d_total_taxability": 11162.323170000001,
      "p_mean_volume": 0.25173535269709546,
      "d_mean_volume": 0.28649991452991463,
      "p_median_volume": 0.25646,
      "d_median_volume": 0.29931,
      "p_std_volume": 0.1562711643078976,
      "d_std_volume": 0.16122593100503688,
      "p_total_volume": 60.66822000000001,
      "d_total_volume": 33.52049000000001,
      "d_max_priority": 1,
      "used_volume": 0.7431734326383617,
      "used_weight": 0.4265854545454546,
      "unload_obs": 3,
      "hs_cond": 1,
      "p_cond": 0,
      "sub_cond": 0
    }
  ],
  "weight": [
    {
      "iteration": 54,
      "time": "38.95406413078308",
      "n_placed": 254,
      "n_discard": 104,
      "p_mean_weight": 37.63314960629921,
      "d_mean_weight": 40.432307692307695,
      "p_median_weight": 34.4,
      "d_median_weight": 40.5,
      "p_std_weight": 24.71988128515655,
      "d_std_weight": 19.72650723840225,
      "p_total_weight": 9558.82,
      "d_total_weight": 4204.96,
      "p_mean_taxability": 81.25325228346456,
      "d_mean_taxability": 103.33166105769232,
      "p_total_taxability": 20638.32608,
      "d_total_taxability": 10746.492750000001,
      "p_mean_volume": 0.24376755905511813,
      "d_mean_volume": 0.31030528846153843,
      "p_median_volume": 0.25149,
      "d_median_volume": 0.304045,
      "p_std_volume": 0.15539118246443112,
      "d_std_volume": 0.15690302347824597,
      "p_total_volume": 61.91696,
      "d_total_volume": 32.27175,
      "d_max_priority": 1,
      "used_volume": 0.7584702452409535,
      "used_weight": 0.43449181818181815,
      "unload_obs": 1,
      "hs_cond": 1,
      "p_cond": 0,
      "sub_cond": 0
    },
    {
      "iteration": 9,
      "time": "38.98366951942444",
      "n_placed": 245,
      "n_discard": 113,
      "p_mean_weight": 38.63689795918368,
      "d_mean_weight": 38.03309734513275,
      "p_median_weight": 35.0,
      "d_median_weight": 37.0,
      "p_std_weight": 24.57719034836718,
      "d_std_weight": 20.66892012348,
      "p_total_weight": 9466.04,
      "d_total_weight": 4297.740000000001,
      "p_mean_taxability": 83.27062587755101,
      "d_mean_taxability": 97.1992521238938,
      "p_total_taxability": 20401.30334,
      "d_total_taxability": 10983.51549,
      "p_mean_volume": 0.2498170612244898,
      "d_mean_volume": 0.2918896460176992,
      "p_median_volume": 0.25646,
      "d_median_volume": 0.29662000000000005,
      "p_std_volume": 0.1544869343125671,
      "d_std_volume": 0.16396840858035303,
      "p_total_volume": 61.20518,
      "d_total_volume": 32.98353000000001,
      "d_max_priority": 0,
      "used_volume": 0.7497510841071122,
      "used_weight": 0.4302745454545455,
      "unload_obs": 3,
      "hs_cond": 1,
      "p_cond": 1,
      "sub_cond": 1
    },
    {
      "iteration": 32,
      "time": "43.52491855621338",
      "n_placed": 235,
      "n_discard": 123,
      "p_mean_weight": 40.07697872340425,
      "d_mean_weight": 35.33081300813008,
      "p_median_weight": 35.6,
      "d_median_weight": 36.0,
      "p_std_weight": 26.566002384875684,
      "d_std_weight": 15.22927770229435,
      "p_total_weight": 9418.09,
      "d_total_weight": 4345.69,
      "p_mean_taxability": 85.70328212765959,
      "d_mean_taxability": 91.41908560975611,
      "p_total_taxability": 20140.271300000004,
      "d_total_taxability": 11244.547530000002,
      "p_mean_volume": 0.257111914893617,
      "d_mean_volume": 0.27453178861788624,
      "p_median_volume": 0.25766,
      "d_median_volume": 0.28925,
      "p_std_volume": 0.17934352404128867,
      "d_std_volume": 0.10790606449959622,
      "p_total_volume": 60.4213,
      "d_total_volume": 33.767410000000005,
      "d_max_priority": 0,
      "used_volume": 0.740148712546243,
      "used_weight": 0.428095,
      "unload_obs": 0,
      "hs_cond": 1,
      "p_cond": 1,
      "sub_cond": 1
    }
  ],
  "taxability": [
    {
      "iteration": 54,
      "time": "38.95406413078308",
      "n_placed": 254,
      "n_discard": 104,
      "p_mean_weight": 37.63314960629921,
      "d_mean_weight": 40.432307692307695,
      "p_median_weight": 34.4,
      "d_median_weight": 40.5,
      "p_std_weight": 24.71988128515655,
      "d_std_weight": 19.72650723840225,
      "p_total_weight": 9558.82,
      "d_total_weight": 4204.96,
      "p_mean_taxability": 81.25325228346456,
      "d_mean_taxability": 103.33166105769232,
      "p_total_taxability": 20638.32608,
      "d_total_taxability": 10746.492750000001,
      "p_mean_volume": 0.24376755905511813,
      "d_mean_volume": 0.31030528846153843,
      "p_median_volume": 0.25149,
      "d_median_volume": 0.304045,
      "p_std_volume": 0.15539118246443112,
      "d_std_volume": 0.15690302347824597,
      "p_total_volume": 61.91696,
      "d_total_volume": 32.27175,
      "d_max_priority": 1,
      "used_volume": 0.7584702452409535,
      "used_weight": 0.43449181818181815,
      "unload_obs": 1,
      "hs_cond": 1,
      "p_cond": 0,
      "sub_cond": 0
    },
    {
      "iteration": 9,
      "time": "38.98366951942444",
      "n_placed": 245,
      "n_discard": 113,
      "p_mean_weight": 38.63689795918368,
      "d_mean_weight": 38.03309734513275,