{
  "volume": [
    {
      "iteration": 123,
      "time": "81.94614434242249",
      "n_placed": 296,
      "n_discard": 165,
      "p_mean_weight": 31.776993243243243,
      "d_mean_weight": 24.407999999999998,
      "p_median_weight": 20.85,
      "d_median_weight": 17.2,
      "p_std_weight": 26.925075303168793,
      "d_std_weight": 18.216911105999895,
      "p_total_weight": 9405.99,
      "d_total_weight": 4027.3199999999997,
      "p_mean_taxability": 69.46401,
      "d_mean_taxability": 59.80776872727274,
      "p_total_taxability": 20561.346960000003,
      "d_total_taxability": 9868.281840000001,
      "p_mean_volume": 0.20740763513513516,
      "d_mean_volume": 0.17960290909090912,
      "p_median_volume": 0.1335,
      "d_median_volume": 0.13655,
      "p_std_volume": 0.197661610529461,
      "d_std_volume": 0.12562927437221974,
      "p_total_volume": 61.39266000000001,
      "d_total_volume": 29.634480000000003,
      "d_max_priority": 0,
      "used_volume": 0.7520476762133426,
      "used_weight": 0.427545,
      "unload_obs": 3,
      "hs_cond": 1,
      "p_cond": 1,
      "sub_cond": 1
    },
    {
      "iteration": 78,
      "time": "83.38266634941101",
      "n_placed": 292,
      "n_discard": 169,
      "p_mean_weight": 31.295205479452058,
      "d_mean_weight": 25.41485207100592,
      "p_median_weight": 20.04,
      "d_median_weight": 19.2,
      "p_std_weight": 27.18718506790278,
      "d_std_weight": 18.13447092807182,
      "p_total_weight": 9138.2,
      "d_total_weight": 4295.110000000001,
      "p_mean_taxability": 68.69250205479453,
      "d_mean_taxability": 61.36933846153846,
      "p_total_taxability": 20058.210600000002,
      "d_total_taxability": 10371.4182,
      "p_mean_volume": 0.20507445205479455,
      "d_mean_volume": 0.1842923076923077,
      "p_median_volume": 0.13113000000000002,
      "d_median_volume": 0.13833,
      "p_std_volume": 0.19946591947929188,
      "d_std_volume": 0.12372696668759924,
      "p_total_volume": 59.88174000000001,
      "d_total_volume": 31.145400000000002,
      "d_max_priority": 0,
      "used_volume": 0.7335392116030086,
      "used_weight": 0.4153727272727273,
      "unload_obs": 3,
      "hs_cond": 1,
      "p_cond": 1,
      "sub_cond": 1
    },
    {
      "iteration": 142,
      "time": "67.10568904876709",
      "n_placed": 297,
      "n_discard": 164,
      "p_mean_weight": 30.52151515151515,
      "d_mean_weight": 26.63670731707317,
      "p_median_weight": 18.42,
      "d_median_weight": 20.0,
      "p_std_weight": 27.14640937496738,
      "d_std_weight": 18.254391424247466,
      "p_total_weight": 9064.89,
      "d_total_weight": 4368.42,
      "p_mean_taxability": 66.52818262626263,
      "d_mean_taxability": 65.06560097560975,
      "p_total_taxability": 19758.870240000004,
      "d_total_taxability": 10670.75856,
      "p_mean_volume": 0.19859535353535354,
      "d_mean_volume": 0.19539219512195122,
      "p_median_volume": 0.11635000000000001,
      "d_median_volume": 0.17190500000000003,
      "p_std_volume": 0.1987748566845391,
      "d_std_volume": 0.1238315256303384,
      "p_total_volume": 58.982820000000004,
      "d_total_volume": 32.04432,
      "d_max_priority": 0,
      "used_volume": 0.7225276232942157,
      "used_weight": 0.4120404545454545,
      "unload_obs": 3,
      "hs_cond": 1,
      "p_cond": 1,
      "sub_cond": 1
    }
  ],
  "weight": [
    {
      "iteration": 123,
      "time": "81.94614434242249",
      "n_placed": 296,
      "n_discard": 165,
      "p_mean_weight": 31.776993243243243,
      "d_mean_weight": 24.407999999999998,
      "p_median_weight": 20.85,
      "d_median_weight": 17.2,
      "p_std_weight": 26.925075303168793,
      "d_std_weight": 18.216911105999895,
      "p_total_weight": 9405.99,
      "d_total_weight": 4027.3199999999997,
      "p_mean_taxability": 69.46401,
      "d_mean_taxability": 59.80776872727274,
      "p_total_taxability": 20561.346960000003,
      "d_total_taxability": 9868.281840000001,
      "p_mean_volume": 0.20740763513513516,
      "d_mean_volume": 0.17960290909090912,
      "p_median_volume": 0.1335,
      "d_median_volume": 0.13655,
      "p_std_volume": 0.197661610529461,
      "d_std_volume": 0.12562927437221974,
      "p_total_volume": 61.39266000000001,
      "d_total_volume": 29.634480000000003,
      "d_max_priority": 0,
      "used_volume": 0.7520476762133426,
      "used_weight": 0.427545,
      "unload_obs": 3,
      "hs_cond": 1,
      "p_cond": 1,
      "sub_cond": 1
    },
    {
      "iteration": 78,
      "time": "83.38266634941101",
      "n_placed": 292,
      "n_discard": 169,
      "p_mean_weight": 31.295205479452058,
      "d_mean_weight": 25.41485207100592,
      "p_median_weight": 20.04,
      "d_median_weight": 19.2,
      "p_std_weight": 27.18718506790278,
      "d_std_weight": 18.13447092807182,
      "p_total_weight": 9138.2,
      "d_total_weight": 4295.110000000001,
      "p_mean_taxability": 68.69250205479453,
      "d_mean_taxability": 61.36933846153846,
      "p_total_taxability": 20058.210600000002,
      "d_total_taxability": 10371.4182,
      "p_mean_volume": 0.20507445205479455,
      "d_mean_volume": 0.1842923076923077,
      "p_median_volume": 0.13113000000000002,
      "d_median_volume": 0.13833,
      "p_std_volume": 0.19946591947929188,
      "d_std_volume": 0.12372696668759924,
      "p_total_volume": 59.88174000000001,
      "d_total_volume": 31.145400000000002,
      "d_max_priority": 0,
      "used_volume": 0.7335392116030086,
      "used_weight": 0.4153727272727273,
      "unload_obs": 3,
      "hs_cond": 1,
      "p_cond": 1,
      "sub_cond": 1
    },
    {
      "iteration": 142,
      "time": "67.10568904876709",
      "n_placed": 297,
      "n_discard": 164,
      "p_mean_weight": 30.52151515151515,
      "d_mean_weight": 26.63670731707317,
      "p_median_weight": 18.42,
      "d_median_weight": 20.0,
      "p_std_weight": 27.14640937496738,
      "d_std_weight": 18.254391424247466,
      "p_total_weight": 9064.89,
      "d_total_weight": 4368.42,
      "p_mean_taxability": 66.52818262626263,
      "d_mean_taxability": 65.06560097560975,
      "p_total_taxability": 19758.870240000004,
      "d_total_taxability": 10670.75856,
      "p_mean_volume": 0.19859535353535354,
      "d_mean_volume": 0.19539219512195122,
      "p_median_volume": 0.11635000000000001,
      "d_median_volume": 0.17190500000000003,
      "p_std_volume": 0.1987748566845391,
      "d_std_volume": 0.1238315256303384,
      "p_total_volume": 58.982820000000004,
      "d_total_volume": 32.04432,
      "d_max_priority": 0,
      "used_volume": 0.7225276232942157,
      "used_weight": 0.4120404545454545,
      "unload_obs": 3,
      "hs_cond": 1,
      "p_cond": 1,
      "sub_cond": 1
    }
  ],
  "taxability": [
    {
      "iteration": 123,
      "time": "81.94614434242249",
      "n_placed": 296,
      "n_discard": 165,
      "p_mean_weight": 31.776993243243243,
      "d_mean_weight": 24.407999999999998,
      "p_median_weight": 20.85,
      "d_median_weight": 17.2,
      "p_std_weight": 26.925075303168793,
      "d_std_weight": 18.216911105999895,
      "p_total_weight": 9405.99,
      "d_total_weight": 4027.3199999999997,
      "p_mean_taxability": 69.46401,
      "d_mean_taxability": 59.80776872727274,
      "p_total_taxability": 20561.346960000003,
      "d_total_taxability": 9868.281840000001,
      "p_mean_volume": 0.20740763513513516,
      "d_mean_volume": 0.17960290909090912,
      "p_median_volume": 0.1335,
      "d_median_volume": 0.13655,
      "p_std_volume": 0.197661610529461,
      "d_std_volume": 0.12562927437221974,
      "p_total_volume": 61.39266000000001,
      "d_total_volume": 29.634480000000003,
      "d_max_priority": 0,
      "used_volume": 0.7520476762133426,
      "used_weight": 0.427545,
      "unload_obs": 3,
      "hs_cond": 1,
      "p_cond": 1,
      "sub_cond": 1
    },
    {
      "iteration": 78,
      "time": "83.38266634941101",