{
  "volume": [
    {
      "iteration": 117,
      "time": "81.89414358139038",
      "n_placed": 295,
      "n_discard": 166,
      "p_mean_weight": 32.125796610169495,
      "d_mean_weight": 23.832530120481923,
      "p_median_weight": 22.0,
      "d_median_weight": 16.75,
      "p_std_weight": 26.950871263527898,
      "d_std_weight": 17.954094078113602,
      "p_total_weight": 9477.11,
      "d_total_weight": 3956.1999999999994,
      "p_mean_taxability": 70.63578691525426,
      "d_mean_taxability": 57.783564216867475,
      "p_total_taxability": 20837.557140000004,
      "d_total_taxability": 9592.071660000001,
      "p_mean_volume": 0.21092244067796612,
      "d_mean_volume": 0.17352421686746988,
      "p_median_volume": 0.13759000000000002,
      "d_median_volume": 0.12939,
      "p_std_volume": 0.1984602232413055,
      "d_std_volume": 0.12229532814110508,
      "p_total_volume": 62.222120000000004,
      "d_total_volume": 28.805020000000003,
      "d_max_priority": 1,
      "used_volume": 0.7622083935615063,
      "used_weight": 0.4307777272727273,
      "unload_obs": 2,
      "hs_cond": 1,
      "p_cond": 0,
      "sub_cond": 0
    },
    {
      "iteration": 89,
      "time": "81.74588108062744",
      "n_placed": 294,
      "n_discard": 167,
      "p_mean_weight": 32.030680272108846,
      "d_mean_weight": 24.04964071856287,
      "p_median_weight": 21.825,
      "d_median_weight": 15.42,
      "p_std_weight": 26.874691995310712,
      "d_std_weight": 18.307531299434608,
      "p_total_weight": 9417.02,
      "d_total_weight": 4016.2899999999995,
      "p_mean_taxability": 70.0139937755102,
      "d_mean_taxability": 58.95517742514971,
      "p_total_taxability": 20584.11417,
      "d_total_taxability": 9845.514630000001,
      "p_mean_volume": 0.2090511224489796,
      "d_mean_volume": 0.17704257485029945,
      "p_median_volume": 0.13778500000000002,
      "d_median_volume": 0.125,
      "p_std_volume": 0.1976180724636915,
      "d_std_volume": 0.12621304309359105,
      "p_total_volume": 61.46103000000001,
      "d_total_volume": 29.56611000000001,
      "d_max_priority": 1,
      "used_volume": 0.7528851948942843,
      "used_weight": 0.42804636363636367,
      "unload_obs": 3,
      "hs_cond": 1,
      "p_cond": 0,
      "sub_cond": 0
    },
    {
      "iteration": 123,
      "time": "81.94614434242249",
      "n_placed": 296,
      "n_discard": 165,
      "p_mean_weight": 31.776993243243243,
      "d_mean_weight": 24.407999999999998,
      "p_median_weight": 20.85,
      "d_median_weight": 17.2,
      "p_std_weight": 26.925075303168793,
      "d_std_weight": 18.216911105999895,
      "p_total_weight": 9405.99,
      "d_total_weight": 4027.3199999999997,
      "p_mean_taxability": 69.46401,
      "d_mean_taxability": 59.80776872727274,
      "p_total_taxability": 20561.346960000003,
      "d_total_taxability": 9868.281840000001,
      "p_mean_volume": 0.20740763513513516,
      "d_mean_volume": 0.17960290909090912,
      "p_median_volume": 0.1335,
      "d_median_volume": 0.13655,
      "p_std_volume": 0.197661610529461,
      "d_std_volume": 0.12562927437221974,
      "p_total_volume": 61.39266000000001,
      "d_total_volume": 29.634480000000003,
      "d_max_priority": 0,
      "used_volume": 0.7520476762133426,
      "used_weight": 0.427545,
      "unload_obs": 3,
      "hs_cond": 1,
      "p_cond": 1,
      "sub_cond": 1
    }
  ],
  "weight": [
    {
      "iteration": 117,
      "time": "81.89414358139038",
      "n_placed": 295,
      "n_discard": 166,
      "p_mean_weight": 32.125796610169495,
      "d_mean_weight": 23.832530120481923,
      "p_median_weight": 22.0,
      "d_median_weight": 16.75,
      "p_std_weight": 26.950871263527898,
      "d_std_weight": 17.954094078113602,
      "p_total_weight": 9477.11,
      "d_total_weight": 3956.1999999999994,
      "p_mean_taxability": 70.63578691525426,
      "d_mean_taxability": 57.783564216867475,
      "p_total_taxability": 20837.557140000004,
      "d_total_taxability": 9592.071660000001,
      "p_mean_volume": 0.21092244067796612,
      "d_mean_volume": 0.17352421686746988,
      "p_median_volume": 0.13759000000000002,
      "d_median_volume": 0.12939,
      "p_std_volume": 0.1984602232413055,
      "d_std_volume": 0.12229532814110508,
      "p_total_volume": 62.222120000000004,
      "d_total_volume": 28.805020000000003,
      "d_max_priority": 1,
      "used_volume": 0.7622083935615063,
      "used_weight": 0.4307777272727273,
      "unload_obs": 2,
      "hs_cond": 1,
      "p_cond": 0,
      "sub_cond": 0
    },
    {
      "iteration": 141,
      "time": "68.24013662338257",
      "n_placed": 299,
      "n_discard": 162,
      "p_mean_weight": 31.57270903010034,
      "d_mean_weight": 24.64858024691358,
      "p_median_weight": 21.0,
      "d_median_weight": 17.15,
      "p_std_weight": 26.24408666573116,
      "d_std_weight": 19.89956052660223,
      "p_total_weight": 9440.240000000002,
      "d_total_weight": 3993.0699999999997,
      "p_mean_taxability": 68.5675808026756,
      "d_mean_taxability": 61.283470000000015,
      "p_total_taxability": 20501.706660000003,
      "d_total_taxability": 9927.922140000002,
      "p_mean_volume": 0.20472762541806022,
      "d_mean_volume": 0.18403444444444447,
      "p_median_volume": 0.13486,
      "d_median_volume": 0.13394,
      "p_std_volume": 0.1863677980528124,
      "d_std_volume": 0.15364192071580673,
      "p_total_volume": 61.21356000000001,
      "d_total_volume": 29.813580000000005,
      "d_max_priority": 1,
      "used_volume": 0.7498537374133328,
      "used_weight": 0.42910181818181825,
      "unload_obs": 2,
      "hs_cond": 1,
      "p_cond": 0,
      "sub_cond": 0
    },
    {
      "iteration": 18,
      "time": "83.78983330726624",
      "n_placed": 309,
      "n_discard": 152,
      "p_mean_weight": 30.523430420711975,
      "d_mean_weight": 26.326118421052634,
      "p_median_weight": 18.39,
      "d_median_weight": 20.0,
      "p_std_weight": 27.047362581397675,
      "d_std_weight": 17.62844660957619,
      "p_total_weight": 9431.74,
      "d_total_weight": 4001.57,
      "p_mean_taxability": 66.48898563106796,
      "d_mean_taxability": 65.02981736842105,
      "p_total_taxability": 20545.096559999998,
      "d_total_taxability": 9884.53224,
      "p_mean_volume": 0.19852381877022654,
      "d_mean_volume": 0.1952847368421053,
      "p_median_volume": 0.11762000000000002,
      "d_median_volume": 0.17544500000000002,
      "p_std_volume": 0.1967653462677388,
      "d_std_volume": 0.12261422373518478,
      "p_total_volume": 61.34386,
      "d_total_volume": 29.683280000000003,
      "d_max_priority": 1,
      "used_volume": 0.7514498860768797,
      "used_weight": 0.4287154545454545,
      "unload_obs": 2,
      "hs_cond": 1,
      "p_cond": 0,
      "sub_cond": 0
    }
  ],
  "taxability": [
    {
      "iteration": 117,
      "time": "81.89414358139038",
      "n_placed": 295,
      "n_discard": 166,
      "p_mean_weight": 32.125796610169495,
      "d_mean_weight": 23.832530120481923,
      "p_median_weight": 22.0,
      "d_median_weight": 16.75,
      "p_std_weight": 26.950871263527898,
      "d_std_weight": 17.954094078113602,
      "p_total_weight": 9477.11,
      "d_total_weight": 3956.1999999999994,
      "p_mean_taxability": 70.63578691525426,
      "d_mean_taxability": 57.783564216867475,
      "p_total_taxability": 20837.557140000004,
      "d_total_taxability": 9592.071660000001,
      "p_mean_volume": 0.21092244067796612,
      "d_mean_volume": 0.17352421686746988,
      "p_median_volume": 0.13759000000000002,
      "d_median_volume": 0.12939,
      "p_std_volume": 0.1984602232413055,
      "d_std_volume": 0.12229532814110508,
      "p_total_volume": 62.222120000000004,
      "d_total_volume": 28.805020000000003,
      "d_max_priority": 1,
      "used_volume": 0.7622083935615063,
      "used_weight": 0.4307777272727273,
      "unload_obs": 2,
      "hs_cond": 1,
      "p_cond": 0,