{
  "volume": [
    {
      "iteration": 73,
      "time": "128.4573655128479",
      "n_placed": 292,
      "n_discard": 159,
      "p_mean_weight": 33.63893835616438,
      "d_mean_weight": 27.604528301886788,
      "p_median_weight": 24.965,
      "d_median_weight": 20.0,
      "p_std_weight": 26.961027796269907,
      "d_std_weight": 20.497273690220094,
      "p_total_weight": 9822.57,
      "d_total_weight": 4389.119999999999,
      "p_mean_taxability": 73.06443530821919,
      "d_mean_taxability": 67.40732603773586,
      "p_total_taxability": 21334.815110000003,
      "d_total_taxability": 10717.764840000002,
      "p_mean_volume": 0.21797845890410958,
      "d_mean_volume": 0.2024244025157233,
      "p_median_volume": 0.18,
      "d_median_volume": 0.16878,
      "p_std_volume": 0.1973397503844811,
      "d_std_volume": 0.13702902659605473,
      "p_total_volume": 63.64971,
      "d_total_volume": 32.185480000000005,
      "d_max_priority": 1,
      "used_volume": 0.7796960825146385,
      "used_weight": 0.44648045454545454,
      "unload_obs": 1,
      "hs_cond": 1,
      "p_cond": 0,
      "sub_cond": 0
    },
    {
      "iteration": 123,
      "time": "133.7511751651764",
      "n_placed": 307,
      "n_discard": 144,
      "p_mean_weight": 32.235928338762214,
      "d_mean_weight": 29.967083333333335,
      "p_median_weight": 21.65,
      "d_median_weight": 28.55,
      "p_std_weight": 27.296271394829873,
      "d_std_weight": 19.28013477722529,
      "p_total_weight": 9896.43,
      "d_total_weight": 4315.26,
      "p_mean_taxability": 69.24570543973941,
      "d_mean_taxability": 74.95936375000001,
      "p_total_taxability": 21258.43157,
      "d_total_taxability": 10794.14838,
      "p_mean_volume": 0.20658087947882742,
      "d_mean_volume": 0.2251031944444445,
      "p_median_volume": 0.1521,
      "d_median_volume": 0.25191,
      "p_std_volume": 0.19560195582631634,
      "d_std_volume": 0.1343943411679819,
      "p_total_volume": 63.420330000000014,
      "d_total_volume": 32.414860000000004,
      "d_max_priority": 1,
      "used_volume": 0.7768862238773062,
      "used_weight": 0.4498377272727273,
      "unload_obs": 0,
      "hs_cond": 1,
      "p_cond": 0,
      "sub_cond": 0
    },
    {
      "iteration": 67,
      "time": "113.39060115814209",
      "n_placed": 308,
      "n_discard": 143,
      "p_mean_weight": 32.10727272727273,
      "d_mean_weight": 30.228321678321677,
      "p_median_weight": 21.450000000000003,
      "d_median_weight": 28.7,
      "p_std_weight": 27.49604134427644,
      "d_std_weight": 18.615988697664406,
      "p_total_weight": 9889.04,
      "d_total_weight": 4322.65,
      "p_mean_taxability": 68.97778633116884,
      "d_mean_taxability": 75.57637594405595,
      "p_total_taxability": 21245.158190000002,
      "d_total_taxability": 10807.421760000001,
      "p_mean_volume": 0.20578074675324676,
      "d_mean_volume": 0.22695608391608393,
      "p_median_volume": 0.14835500000000001,
      "d_median_volume": 0.255,
      "p_std_volume": 0.1970730378067613,
      "d_std_volume": 0.12883775119290003,
      "p_total_volume": 63.38047,
      "d_total_volume": 32.45472,
      "d_max_priority": 1,
      "used_volume": 0.7763979469338756,
      "used_weight": 0.4495018181818182,
      "unload_obs": 0,
      "hs_cond": 1,
      "p_cond": 0,
      "sub_cond": 0
    }
  ],
  "weight": [
    {
      "iteration": 123,
      "time": "133.7511751651764",
      "n_placed": 307,
      "n_discard": 144,
      "p_mean_weight": 32.235928338762214,
      "d_mean_weight": 29.967083333333335,
      "p_median_weight": 21.65,
      "d_median_weight": 28.55,
      "p_std_weight": 27.296271394829873,
      "d_std_weight": 19.28013477722529,
      "p_total_weight": 9896.43,
      "d_total_weight": 4315.26,
      "p_mean_taxability": 69.24570543973941,
      "d_mean_taxability": 74.95936375000001,
      "p_total_taxability": 21258.43157,
      "d_total_taxability": 10794.14838,
      "p_mean_volume": 0.20658087947882742,
      "d_mean_volume": 0.2251031944444445,
      "p_median_volume": 0.1521,
      "d_median_volume": 0.25191,
      "p_std_volume": 0.19560195582631634,
      "d_std_volume": 0.1343943411679819,
      "p_total_volume": 63.420330000000014,
      "d_total_volume": 32.414860000000004,
      "d_max_priority": 1,
      "used_volume": 0.7768862238773062,
      "used_weight": 0.4498377272727273,
      "unload_obs": 0,
      "hs_cond": 1,
      "p_cond": 0,
      "sub_cond": 0
    },
    {
      "iteration": 67,
      "time": "113.39060115814209",
      "n_placed": 308,
      "n_discard": 143,
      "p_mean_weight": 32.10727272727273,
      "d_mean_weight": 30.228321678321677,
      "p_median_weight": 21.450000000000003,
      "d_median_weight": 28.7,
      "p_std_weight": 27.49604134427644,
      "d_std_weight": 18.615988697664406,
      "p_total_weight": 9889.04,
      "d_total_weight": 4322.65,
      "p_mean_taxability": 68.97778633116884,
      "d_mean_taxability": 75.57637594405595,
      "p_total_taxability": 21245.158190000002,
      "d_total_taxability": 10807.421760000001,
      "p_mean_volume": 0.20578074675324676,
      "d_mean_volume": 0.22695608391608393,
      "p_median_volume": 0.14835500000000001,
      "d_median_volume": 0.255,
      "p_std_volume": 0.1970730378067613,
      "d_std_volume": 0.12883775119290003,
      "p_total_volume": 63.38047,
      "d_total_volume": 32.45472,
      "d_max_priority": 1,
      "used_volume": 0.7763979469338756,
      "used_weight": 0.4495018181818182,
      "unload_obs": 0,
      "hs_cond": 1,
      "p_cond": 0,
      "sub_cond": 0
    },
    {
      "iteration": 12,
      "time": "136.71673274040222",
      "n_placed": 305,
      "n_discard": 146,
      "p_mean_weight": 32.41311475409836,
      "d_mean_weight": 29.628013698630134,
      "p_median_weight": 21.0,
      "d_median_weight": 29.35,
      "p_std_weight": 27.761109674005883,
      "d_std_weight": 17.928046208524325,
      "p_total_weight": 9886.0,
      "d_total_weight": 4325.69,
      "p_mean_taxability": 69.190504,
      "d_mean_taxability": 74.99641253424659,
      "p_total_taxability": 21103.103720000003,
      "d_total_taxability": 10949.476230000002,
      "p_mean_volume": 0.20640616393442626,
      "d_mean_volume": 0.2252144520547945,
      "p_median_volume": 0.14283,
      "d_median_volume": 0.25224,
      "p_std_volume": 0.19920130435470995,
      "d_std_volume": 0.12390401490269809,
      "p_total_volume": 62.95388000000001,
      "d_total_volume": 32.88131,
      "d_max_priority": 1,
      "used_volume": 0.7711723056569568,
      "used_weight": 0.44936363636363635,
      "unload_obs": 1,
      "hs_cond": 1,
      "p_cond": 0,
      "sub_cond": 0
    }
  ],
  "taxability": [
    {
      "iteration": 73,
      "time": "128.4573655128479",
      "n_placed": 292,
      "n_discard": 159,
      "p_mean_weight": 33.63893835616438,
      "d_mean_weight": 27.604528301886788,
      "p_median_weight": 24.965,
      "d_median_weight": 20.0,
      "p_std_weight": 26.961027796269907,
      "d_std_weight": 20.497273690220094,
      "p_total_weight": 9822.57,
      "d_total_weight": 4389.119999999999,
      "p_mean_taxability": 73.06443530821919,
      "d_mean_taxability": 67.40732603773586,
      "p_total_taxability": 21334.815110000003,
      "d_total_taxability": 10717.764840000002,
      "p_mean_volume": 0.21797845890410958,
      "d_mean_volume": 0.2024244025157233,
      "p_median_volume": 0.18,
      "d_median_volume": 0.16878,
      "p_std_volume": 0.1973397503844811,
      "d_std_volume": 0.13702902659605473,
      "p_total_volume": 63.64971,
      "d_total_volume": 32.185480000000005,
      "d_max_priority": 1,
      "used_volume": 0.7796960825146385,
      "used_weight": 0.44648045454545454,
      "unload_obs": 1,
      "hs_cond": 1,
      "p_cond": 0,
      "sub_cond": 0
    },
    {
      "iteration": 123,
      "time": "133.7511751651764",
      "n_placed": 307,
      "n_discard": 144,