{
  "volume": [
    {
      "iteration": 15,
      "time": "80.86634612083435",
      "n_placed": 244,
      "n_discard": 113,
      "p_mean_weight": 40.95926229508197,
      "d_mean_weight": 32.800353982300884,
      "p_median_weight": 37.05,
      "d_median_weight": 33.0,
      "p_std_weight": 25.148702235799565,
      "d_std_weight": 15.258884819835503,
      "p_total_weight": 9994.060000000001,
      "d_total_weight": 3706.44,
      "p_mean_taxability": 86.08021540983607,
      "d_mean_taxability": 87.06635681415929,
      "p_total_taxability": 21003.57256,
      "d_total_taxability": 9838.49832,
      "p_mean_volume": 0.2578036065573771,
      "d_mean_volume": 0.26146053097345134,
      "p_median_volume": 0.25760000000000005,
      "d_median_volume": 0.28301000000000004,
      "p_std_volume": 0.17161529257433744,
      "d_std_volume": 0.10985844392444881,
      "p_total_volume": 62.90408000000001,
      "d_total_volume": 29.54504,
      "d_max_priority": 0,
      "used_volume": 0.7705622657226157,
      "used_weight": 0.4542754545454546,
      "unload_obs": 0,
      "hs_cond": 1,
      "p_cond": 1,
      "sub_cond": 1
    },
    {
      "iteration": 13,
      "time": "58.47621154785156",
      "n_placed": 241,
      "n_discard": 116,
      "p_mean_weight": 41.345850622406644,
      "d_mean_weight": 32.20818965517241,
      "p_median_weight": 38.0,
      "d_median_weight": 31.0,
      "p_std_weight": 25.119170488777293,
      "d_std_weight": 15.303800357747912,
      "p_total_weight": 9964.35,
      "d_total_weight": 3736.1499999999996,
      "p_mean_taxability": 86.80932987551867,
      "d_mean_taxability": 85.52605500000001,
      "p_total_taxability": 20921.0485,
      "d_total_taxability": 9921.022380000002,
      "p_mean_volume": 0.25998448132780083,
      "d_mean_volume": 0.25683500000000004,
      "p_median_volume": 0.26195,
      "d_median_volume": 0.28075000000000006,
      "p_std_volume": 0.17181578031620776,
      "d_std_volume": 0.1112693917325054,
      "p_total_volume": 62.65626,
      "d_total_volume": 29.792860000000005,
      "d_max_priority": 0,
      "used_volume": 0.7675265208124066,
      "used_weight": 0.452925,
      "unload_obs": 2,
      "hs_cond": 1,
      "p_cond": 1,
      "sub_cond": 1
    },
    {
      "iteration": 149,
      "time": "59.95221161842346",
      "n_placed": 239,
      "n_discard": 118,
      "p_mean_weight": 41.53744769874477,
      "d_mean_weight": 31.974999999999998,
      "p_median_weight": 37.0,
      "d_median_weight": 34.4,
      "p_std_weight": 25.19825306929236,
      "d_std_weight": 15.067812229538015,
      "p_total_weight": 9927.45,
      "d_total_weight": 3773.0499999999997,
      "p_mean_taxability": 86.85699117154813,
      "d_mean_taxability": 85.45127110169491,
      "p_total_taxability": 20758.820890000003,
      "d_total_taxability": 10083.24999,
      "p_mean_volume": 0.2601217154811716,
      "d_mean_volume": 0.25661042372881354,
      "p_median_volume": 0.26195,
      "d_median_volume": 0.27825500000000003,
      "p_std_volume": 0.17195188817772575,
      "d_std_volume": 0.11214722966725992,
      "p_total_volume": 62.16909000000001,
      "d_total_volume": 30.28003,
      "d_max_priority": 0,
      "used_volume": 0.7615587867800183,
      "used_weight": 0.45124772727272733,
      "unload_obs": 0,
      "hs_cond": 1,
      "p_cond": 1,
      "sub_cond": 1
    }
  ],
  "weight": [
    {
      "iteration": 15,
      "time": "80.86634612083435",
      "n_placed": 244,
      "n_discard": 113,
      "p_mean_weight": 40.95926229508197,
      "d_mean_weight": 32.800353982300884,
      "p_median_weight": 37.05,
      "d_median_weight": 33.0,
      "p_std_weight": 25.148702235799565,
      "d_std_weight": 15.258884819835503,
      "p_total_weight": 9994.060000000001,
      "d_total_weight": 3706.44,
      "p_mean_taxability": 86.08021540983607,
      "d_mean_taxability": 87.06635681415929,
      "p_total_taxability": 21003.57256,
      "d_total_taxability": 9838.49832,
      "p_mean_volume": 0.2578036065573771,
      "d_mean_volume": 0.26146053097345134,
      "p_median_volume": 0.25760000000000005,
      "d_median_volume": 0.28301000000000004,
      "p_std_volume": 0.17161529257433744,
      "d_std_volume": 0.10985844392444881,
      "p_total_volume": 62.90408000000001,
      "d_total_volume": 29.54504,
      "d_max_priority": 0,
      "used_volume": 0.7705622657226157,
      "used_weight": 0.4542754545454546,
      "unload_obs": 0,
      "hs_cond": 1,
      "p_cond": 1,
      "sub_cond": 1
    },
    {
      "iteration": 13,
      "time": "58.47621154785156",
      "n_placed": 241,
      "n_discard": 116,
      "p_mean_weight": 41.345850622406644,
      "d_mean_weight": 32.20818965517241,
      "p_median_weight": 38.0,
      "d_median_weight": 31.0,
      "p_std_weight": 25.119170488777293,
      "d_std_weight": 15.303800357747912,
      "p_total_weight": 9964.35,
      "d_total_weight": 3736.1499999999996,
      "p_mean_taxability": 86.80932987551867,
      "d_mean_taxability": 85.52605500000001,
      "p_total_taxability": 20921.0485,
      "d_total_taxability": 9921.022380000002,
      "p_mean_volume": 0.25998448132780083,
      "d_mean_volume": 0.25683500000000004,
      "p_median_volume": 0.26195,
      "d_median_volume": 0.28075000000000006,
      "p_std_volume": 0.17181578031620776,
      "d_std_volume": 0.1112693917325054,
      "p_total_volume": 62.65626,
      "d_total_volume": 29.792860000000005,
      "d_max_priority": 0,
      "used_volume": 0.7675265208124066,
      "used_weight": 0.452925,
      "unload_obs": 2,
      "hs_cond": 1,
      "p_cond": 1,
      "sub_cond": 1
    },
    {
      "iteration": 144,
      "time": "65.30400371551514",
      "n_placed": 237,
      "n_discard": 120,
      "p_mean_weight": 41.95603375527426,
      "d_mean_weight": 31.307666666666666,
      "p_median_weight": 38.4,
      "d_median_weight": 32.0,
      "p_std_weight": 25.19798393466702,
      "d_std_weight": 14.789076012372101,
      "p_total_weight": 9943.58,
      "d_total_weight": 3756.92,
      "p_mean_taxability": 87.41881080168777,
      "d_mean_taxability": 84.36510600000001,
      "p_total_taxability": 20718.25816,
      "d_total_taxability": 10123.812720000002,
      "p_mean_volume": 0.26180286919831225,
      "d_mean_volume": 0.2533486666666667,
      "p_median_volume": 0.26624000000000003,
      "d_median_volume": 0.27075000000000005,
      "p_std_volume": 0.17246621792089084,
      "d_std_volume": 0.11167622957455538,
      "p_total_volume": 62.04728,
      "d_total_volume": 30.401840000000004,
      "d_max_priority": 0,
      "used_volume": 0.7600666389004581,
      "used_weight": 0.4519809090909091,
      "unload_obs": 1,
      "hs_cond": 1,
      "p_cond": 1,
      "sub_cond": 1
    }
  ],
  "taxability": [
    {
      "iteration": 15,
      "time": "80.86634612083435",
      "n_placed": 244,
      "n_discard": 113,
      "p_mean_weight": 40.95926229508197,
      "d_mean_weight": 32.800353982300884,
      "p_median_weight": 37.05,
      "d_median_weight": 33.0,
      "p_std_weight": 25.148702235799565,
      "d_std_weight": 15.258884819835503,
      "p_total_weight": 9994.060000000001,
      "d_total_weight": 3706.44,
      "p_mean_taxability": 86.08021540983607,
      "d_mean_taxability": 87.06635681415929,
      "p_total_taxability": 21003.57256,
      "d_total_taxability": 9838.49832,
      "p_mean_volume": 0.2578036065573771,
      "d_mean_volume": 0.26146053097345134,
      "p_median_volume": 0.25760000000000005,
      "d_median_volume": 0.28301000000000004,
      "p_std_volume": 0.17161529257433744,
      "d_std_volume": 0.10985844392444881,
      "p_total_volume": 62.90408000000001,
      "d_total_volume": 29.54504,
      "d_max_priority": 0,
      "used_volume": 0.7705622657226157,
      "used_weight": 0.4542754545454546,
      "unload_obs": 0,
      "hs_cond": 1,
      "p_cond": 1,
      "sub_cond": 1
    },
    {
      "iteration": 13,