{
  "volume": [
    {
      "iteration": 39,
      "time": "175.12619829177856",
      "n_placed": 324,
      "n_discard": 177,
      "p_mean_weight": 31.142345679012344,
      "d_mean_weight": 17.798926553672317,
      "p_median_weight": 20.7,
      "d_median_weight": 10.9,
      "p_std_weight": 24.47693675423557,
      "d_std_weight": 14.603242497979764,
      "p_total_weight": 10090.119999999999,
      "d_total_weight": 3150.41,
      "p_mean_taxability": 66.27997820987653,
      "d_mean_taxability": 47.08813779661017,
      "p_total_taxability": 21474.712939999998,
      "d_total_taxability": 8334.60039,
      "p_mean_volume": 0.19807580246913584,
      "d_mean_volume": 0.14140581920903955,
      "p_median_volume": 0.13348,
      "d_median_volume": 0.0843,
      "p_std_volume": 0.16987225342737222,
      "d_std_volume": 0.11385679981056684,
      "p_total_volume": 64.17656000000001,
      "d_total_volume": 25.02883,
      "d_max_priority": 1,
      "used_volume": 0.7861498885268394,
      "used_weight": 0.45864181818181815,
      "unload_obs": 3,
      "hs_cond": 1,
      "p_cond": 0,
      "sub_cond": 0
    },
    {
      "iteration": 27,
      "time": "177.47510528564453",
      "n_placed": 320,
      "n_discard": 181,
      "p_mean_weight": 30.813406250000003,
      "d_mean_weight": 18.675359116022097,
      "p_median_weight": 21.57,
      "d_median_weight": 11.0,
      "p_std_weight": 24.383796497290522,
      "d_std_weight": 15.763644654298254,
      "p_total_weight": 9860.29,
      "d_total_weight": 3380.24,
      "p_mean_taxability": 66.40394359375,
      "d_mean_taxability": 47.29310154696133,
      "p_total_taxability": 21249.26195,
      "d_total_taxability": 8560.05138,
      "p_mean_volume": 0.19843603125000003,
      "d_mean_volume": 0.14202132596685083,
      "p_median_volume": 0.13359000000000001,
      "d_median_volume": 0.09407,
      "p_std_volume": 0.1708524511468391,
      "d_std_volume": 0.112795575767299,
      "p_total_volume": 63.49953000000001,
      "d_total_volume": 25.705859999999998,
      "d_max_priority": 1,
      "used_volume": 0.7778564078692702,
      "used_weight": 0.44819500000000007,
      "unload_obs": 1,
      "hs_cond": 1,
      "p_cond": 0,
      "sub_cond": 0
    },
    {
      "iteration": 37,
      "time": "167.48659253120422",
      "n_placed": 313,
      "n_discard": 188,
      "p_mean_weight": 31.53702875399361,
      "d_mean_weight": 17.92255319148936,
      "p_median_weight": 21.7,
      "d_median_weight": 10.115,
      "p_std_weight": 24.382706824816225,
      "d_std_weight": 15.36885446492355,
      "p_total_weight": 9871.09,
      "d_total_weight": 3369.4399999999996,
      "p_mean_taxability": 67.21054693290735,
      "d_mean_taxability": 46.661766702127665,
      "p_total_taxability": 21036.90119,
      "d_total_taxability": 8772.41214,
      "p_mean_volume": 0.20083645367412142,
      "d_mean_volume": 0.1401254255319149,
      "p_median_volume": 0.14068,
      "d_median_volume": 0.07841500000000001,
      "p_std_volume": 0.169845233796751,
      "d_std_volume": 0.11646617149638995,
      "p_total_volume": 62.861810000000006,
      "d_total_volume": 26.343580000000003,
      "d_max_priority": 1,
      "used_volume": 0.7700444667662985,
      "used_weight": 0.4486859090909091,
      "unload_obs": 2,
      "hs_cond": 1,
      "p_cond": 0,
      "sub_cond": 0
    }
  ],
  "weight": [
    {
      "iteration": 39,
      "time": "175.12619829177856",
      "n_placed": 324,
      "n_discard": 177,
      "p_mean_weight": 31.142345679012344,
      "d_mean_weight": 17.798926553672317,
      "p_median_weight": 20.7,
      "d_median_weight": 10.9,
      "p_std_weight": 24.47693675423557,
      "d_std_weight": 14.603242497979764,
      "p_total_weight": 10090.119999999999,
      "d_total_weight": 3150.41,
      "p_mean_taxability": 66.27997820987653,
      "d_mean_taxability": 47.08813779661017,
      "p_total_taxability": 21474.712939999998,
      "d_total_taxability": 8334.60039,
      "p_mean_volume": 0.19807580246913584,
      "d_mean_volume": 0.14140581920903955,
      "p_median_volume": 0.13348,
      "d_median_volume": 0.0843,
      "p_std_volume": 0.16987225342737222,
      "d_std_volume": 0.11385679981056684,
      "p_total_volume": 64.17656000000001,
      "d_total_volume": 25.02883,
      "d_max_priority": 1,
      "used_volume": 0.7861498885268394,
      "used_weight": 0.45864181818181815,
      "unload_obs": 3,
      "hs_cond": 1,
      "p_cond": 0,
      "sub_cond": 0
    },
    {
      "iteration": 23,
      "time": "169.38784623146057",
      "n_placed": 309,
      "n_discard": 192,
      "p_mean_weight": 32.046893203883485,
      "d_mean_weight": 17.385625,
      "p_median_weight": 22.0,
      "d_median_weight": 9.809999999999999,
      "p_std_weight": 24.474528079864257,
      "d_std_weight": 14.737123747911482,
      "p_total_weight": 9902.489999999998,
      "d_total_weight": 3338.04,
      "p_mean_taxability": 67.77904355987057,
      "d_mean_taxability": 46.17494203125,
      "p_total_taxability": 20943.724460000005,
      "d_total_taxability": 8865.58887,
      "p_mean_volume": 0.20253074433656962,
      "d_mean_volume": 0.13866348958333333,
      "p_median_volume": 0.13524,
      "d_median_volume": 0.07805500000000001,
      "p_std_volume": 0.16996032297607722,
      "d_std_volume": 0.11644288389709415,
      "p_total_volume": 62.58200000000001,
      "d_total_volume": 26.62339,
      "d_max_priority": 0,
      "used_volume": 0.7666168508219615,
      "used_weight": 0.4501131818181817,
      "unload_obs": 1,
      "hs_cond": 1,
      "p_cond": 1,
      "sub_cond": 0
    },
    {
      "iteration": 102,
      "time": "164.5938892364502",
      "n_placed": 315,
      "n_discard": 186,
      "p_mean_weight": 31.388507936507935,
      "d_mean_weight": 18.02768817204301,
      "p_median_weight": 21.55,
      "d_median_weight": 10.1,
      "p_std_weight": 24.477577039056836,
      "d_std_weight": 15.142447998369313,
      "p_total_weight": 9887.38,
      "d_total_weight": 3353.1499999999996,
      "p_mean_taxability": 66.60656215873016,
      "d_mean_taxability": 47.46368951612903,
      "p_total_taxability": 20981.06708,
      "d_total_taxability": 8828.24625,
      "p_mean_volume": 0.1990290158730159,
      "d_mean_volume": 0.14253360215053765,
      "p_median_volume": 0.13759000000000002,
      "d_median_volume": 0.07815000000000001,
      "p_std_volume": 0.1687964817247652,
      "d_std_volume": 0.11968451991136463,
      "p_total_volume": 62.69414000000001,
      "d_total_volume": 26.51125,
      "d_max_priority": 1,
      "used_volume": 0.7679905431560381,
      "used_weight": 0.4494263636363636,
      "unload_obs": 1,
      "hs_cond": 1,
      "p_cond": 0,
      "sub_cond": 0
    }
  ],
  "taxability": [
    {
      "iteration": 39,
      "time": "175.12619829177856",
      "n_placed": 324,
      "n_discard": 177,
      "p_mean_weight": 31.142345679012344,
      "d_mean_weight": 17.798926553672317,
      "p_median_weight": 20.7,
      "d_median_weight": 10.9,
      "p_std_weight": 24.47693675423557,
      "d_std_weight": 14.603242497979764,
      "p_total_weight": 10090.119999999999,
      "d_total_weight": 3150.41,
      "p_mean_taxability": 66.27997820987653,
      "d_mean_taxability": 47.08813779661017,
      "p_total_taxability": 21474.712939999998,
      "d_total_taxability": 8334.60039,
      "p_mean_volume": 0.19807580246913584,
      "d_mean_volume": 0.14140581920903955,
      "p_median_volume": 0.13348,
      "d_median_volume": 0.0843,
      "p_std_volume": 0.16987225342737222,
      "d_std_volume": 0.11385679981056684,
      "p_total_volume": 64.17656000000001,
      "d_total_volume": 25.02883,
      "d_max_priority": 1,
      "used_volume": 0.7861498885268394,
      "used_weight": 0.45864181818181815,
      "unload_obs": 3,
      "hs_cond": 1,
      "p_cond": 0,
      "sub_cond": 0
    },
    {
      "iteration": 27,
      "time": "177.47510528564453",