{
  "volume": [
    {
      "iteration": 175,
      "time": "34.420891523361206",
      "n_placed": 213,
      "n_discard": 100,
      "p_mean_weight": 46.966197183098586,
      "d_mean_weight": 36.71190000000001,
      "p_median_weight": 45.0,
      "d_median_weight": 36.8,
      "p_std_weight": 23.31473261045008,
      "d_std_weight": 16.554403466489305,
      "p_total_weight": 10003.8,
      "d_total_weight": 3671.1900000000005,
      "p_mean_taxability": 99.74293699530517,
      "d_mean_taxability": 98.31232260000003,
      "p_total_taxability": 21245.245580000003,
      "d_total_taxability": 9831.232260000002,
      "p_mean_volume": 0.2990132394366198,
      "d_mean_volume": 0.2952322,
      "p_median_volume": 0.28800000000000003,
      "d_median_volume": 0.285855,
      "p_std_volume": 0.1674867014386401,
      "d_std_volume": 0.14207215062421594,
      "p_total_volume": 63.68982000000001,
      "d_total_volume": 29.523220000000002,
      "d_max_priority": 0,
      "used_volume": 0.7801874219075386,
      "used_weight": 0.4547181818181818,
      "unload_obs": 1,
      "hs_cond": 1,
      "p_cond": 1,
      "sub_cond": 1
    },
    {
      "iteration": 164,
      "time": "38.277907848358154",
      "n_placed": 215,
      "n_discard": 98,
      "p_mean_weight": 46.20181395348837,
      "d_mean_weight": 38.179591836734694,
      "p_median_weight": 44.0,
      "d_median_weight": 39.0,
      "p_std_weight": 23.51859053812121,
      "d_std_weight": 16.629343083179112,
      "p_total_weight": 9933.39,
      "d_total_weight": 3741.6000000000004,
      "p_mean_taxability": 98.49865279069768,
      "d_mean_taxability": 101.0129335714286,
      "p_total_taxability": 21177.21035,
      "d_total_taxability": 9899.267490000004,
      "p_mean_volume": 0.2952814418604651,
      "d_mean_volume": 0.3033421428571429,
      "p_median_volume": 0.28505,
      "d_median_volume": 0.29993500000000006,
      "p_std_volume": 0.1680400699162079,
      "d_std_volume": 0.13991997536331297,
      "p_total_volume": 63.485510000000005,
      "d_total_volume": 29.727530000000005,
      "d_max_priority": 0,
      "used_volume": 0.777684665703016,
      "used_weight": 0.45151772727272727,
      "unload_obs": 1,
      "hs_cond": 1,
      "p_cond": 1,
      "sub_cond": 1
    },
    {
      "iteration": 153,
      "time": "37.30411911010742",
      "n_placed": 213,
      "n_discard": 100,
      "p_mean_weight": 46.48798122065728,
      "d_mean_weight": 37.7305,
      "p_median_weight": 45.0,
      "d_median_weight": 37.045,
      "p_std_weight": 23.51943851129185,
      "d_std_weight": 16.52510360761542,
      "p_total_weight": 9901.94,
      "d_total_weight": 3773.05,
      "p_mean_taxability": 98.95493079812208,
      "d_mean_taxability": 99.99077580000002,
      "p_total_taxability": 21077.400260000002,
      "d_total_taxability": 9999.077580000003,
      "p_mean_volume": 0.29664685446009387,
      "d_mean_volume": 0.3002726,
      "p_median_volume": 0.28655,
      "d_median_volume": 0.29796500000000004,
      "p_std_volume": 0.16805131596090223,
      "d_std_volume": 0.14063995342804417,
      "p_total_volume": 63.185779999999994,
      "d_total_volume": 30.027260000000002,
      "d_max_priority": 0,
      "used_volume": 0.7740130337849425,
      "used_weight": 0.45008818181818183,
      "unload_obs": 1,
      "hs_cond": 1,
      "p_cond": 1,
      "sub_cond": 1
    }
  ],
  "weight": [
    {
      "iteration": 175,
      "time": "34.420891523361206",
      "n_placed": 213,
      "n_discard": 100,
      "p_mean_weight": 46.966197183098586,
      "d_mean_weight": 36.71190000000001,
      "p_median_weight": 45.0,
      "d_median_weight": 36.8,
      "p_std_weight": 23.31473261045008,
      "d_std_weight": 16.554403466489305,
      "p_total_weight": 10003.8,
      "d_total_weight": 3671.1900000000005,
      "p_mean_taxability": 99.74293699530517,
      "d_mean_taxability": 98.31232260000003,
      "p_total_taxability": 21245.245580000003,
      "d_total_taxability": 9831.232260000002,
      "p_mean_volume": 0.2990132394366198,
      "d_mean_volume": 0.2952322,
      "p_median_volume": 0.28800000000000003,
      "d_median_volume": 0.285855,
      "p_std_volume": 0.1674867014386401,
      "d_std_volume": 0.14207215062421594,
      "p_total_volume": 63.68982000000001,
      "d_total_volume": 29.523220000000002,
      "d_max_priority": 0,
      "used_volume": 0.7801874219075386,
      "used_weight": 0.4547181818181818,
      "unload_obs": 1,
      "hs_cond": 1,
      "p_cond": 1,
      "sub_cond": 1
    },
    {
      "iteration": 164,
      "time": "38.277907848358154",
      "n_placed": 215,
      "n_discard": 98,
      "p_mean_weight": 46.20181395348837,
      "d_mean_weight": 38.179591836734694,
      "p_median_weight": 44.0,
      "d_median_weight": 39.0,
      "p_std_weight": 23.51859053812121,
      "d_std_weight": 16.629343083179112,
      "p_total_weight": 9933.39,
      "d_total_weight": 3741.6000000000004,
      "p_mean_taxability": 98.49865279069768,
      "d_mean_taxability": 101.0129335714286,
      "p_total_taxability": 21177.21035,
      "d_total_taxability": 9899.267490000004,
      "p_mean_volume": 0.2952814418604651,
      "d_mean_volume": 0.3033421428571429,
      "p_median_volume": 0.28505,
      "d_median_volume": 0.29993500000000006,
      "p_std_volume": 0.1680400699162079,
      "d_std_volume": 0.13991997536331297,
      "p_total_volume": 63.485510000000005,
      "d_total_volume": 29.727530000000005,
      "d_max_priority": 0,
      "used_volume": 0.777684665703016,
      "used_weight": 0.45151772727272727,
      "unload_obs": 1,
      "hs_cond": 1,
      "p_cond": 1,
      "sub_cond": 1
    },
    {
      "iteration": 153,
      "time": "37.30411911010742",
      "n_placed": 213,
      "n_discard": 100,
      "p_mean_weight": 46.48798122065728,
      "d_mean_weight": 37.7305,
      "p_median_weight": 45.0,
      "d_median_weight": 37.045,
      "p_std_weight": 23.51943851129185,
      "d_std_weight": 16.52510360761542,
      "p_total_weight": 9901.94,
      "d_total_weight": 3773.05,
      "p_mean_taxability": 98.95493079812208,
      "d_mean_taxability": 99.99077580000002,
      "p_total_taxability": 21077.400260000002,
      "d_total_taxability": 9999.077580000003,
      "p_mean_volume": 0.29664685446009387,
      "d_mean_volume": 0.3002726,
      "p_median_volume": 0.28655,
      "d_median_volume": 0.29796500000000004,
      "p_std_volume": 0.16805131596090223,
      "d_std_volume": 0.14063995342804417,
      "p_total_volume": 63.185779999999994,
      "d_total_volume": 30.027260000000002,
      "d_max_priority": 0,
      "used_volume": 0.7740130337849425,
      "used_weight": 0.45008818181818183,
      "unload_obs": 1,
      "hs_cond": 1,
      "p_cond": 1,
      "sub_cond": 1
    }
  ],
  "taxability": [
    {
      "iteration": 175,
      "time": "34.420891523361206",
      "n_placed": 213,
      "n_discard": 100,
      "p_mean_weight": 46.966197183098586,
      "d_mean_weight": 36.71190000000001,
      "p_median_weight": 45.0,
      "d_median_weight": 36.8,
      "p_std_weight": 23.31473261045008,
      "d_std_weight": 16.554403466489305,
      "p_total_weight": 10003.8,
      "d_total_weight": 3671.1900000000005,
      "p_mean_taxability": 99.74293699530517,
      "d_mean_taxability": 98.31232260000003,
      "p_total_taxability": 21245.245580000003,
      "d_total_taxability": 9831.232260000002,
      "p_mean_volume": 0.2990132394366198,
      "d_mean_volume": 0.2952322,
      "p_median_volume": 0.28800000000000003,
      "d_median_volume": 0.285855,
      "p_std_volume": 0.1674867014386401,
      "d_std_volume": 0.14207215062421594,
      "p_total_volume": 63.68982000000001,
      "d_total_volume": 29.523220000000002,
      "d_max_priority": 0,
      "used_volume": 0.7801874219075386,
      "used_weight": 0.4547181818181818,
      "unload_obs": 1,
      "hs_cond": 1,
      "p_cond": 1,
      "sub_cond": 1
    },
    {
      "iteration": 164,