{
  "volume": [
    {
      "iteration": 122,
      "time": "353.14742708206177",
      "n_placed": 330,
      "n_discard": 289,
      "p_mean_weight": 31.643242424242427,
      "d_mean_weight": 11.436193771626296,
      "p_median_weight": 23.295,
      "d_median_weight": 8.2,
      "p_std_weight": 25.595074269100056,
      "d_std_weight": 8.521010840275935,
      "p_total_weight": 10442.27,
      "d_total_weight": 3305.0599999999995,
      "p_mean_taxability": 67.22399796969697,
      "d_mean_taxability": 30.010536124567473,
      "p_total_taxability": 22183.91933,
      "d_total_taxability": 8673.04494,
      "p_mean_volume": 0.19987609090909095,
      "d_mean_volume": 0.09012173010380624,
      "p_median_volume": 0.1311,
      "d_median_volume": 0.06031,
      "p_std_volume": 0.19376479166643198,
      "d_std_volume": 0.07668730643222307,
      "p_total_volume": 65.95911000000001,
      "d_total_volume": 26.045180000000002,
      "d_max_priority": 0,
      "used_volume": 0.8079857657348655,
      "used_weight": 0.47464863636363636,
      "unload_obs": 0,
      "hs_cond": 1,
      "p_cond": 1,
      "sub_cond": 1
    },
    {
      "iteration": 77,
      "time": "342.927711725235",
      "n_placed": 329,
      "n_discard": 290,
      "p_mean_weight": 31.716808510638298,
      "d_mean_weight": 11.422413793103448,
      "p_median_weight": 23.59,
      "d_median_weight": 8.2,
      "p_std_weight": 25.59814043532765,
      "d_std_weight": 8.512753694799422,
      "p_total_weight": 10434.83,
      "d_total_weight": 3312.5,
      "p_mean_taxability": 67.3899451975684,
      "d_mean_taxability": 29.950594137931034,
      "p_total_taxability": 22171.291970000002,
      "d_total_taxability": 8685.6723,
      "p_mean_volume": 0.20036835866261402,
      "d_mean_volume": 0.08994172413793104,
      "p_median_volume": 0.13133,
      "d_median_volume": 0.06031,
      "p_std_volume": 0.19384118047805804,
      "d_std_volume": 0.07665025994258726,
      "p_total_volume": 65.92119000000001,
      "d_total_volume": 26.0831,
      "d_max_priority": 0,
      "used_volume": 0.807521253399319,
      "used_weight": 0.47431045454545456,
      "unload_obs": 0,
      "hs_cond": 1,
      "p_cond": 1,
      "sub_cond": 1
    },
    {
      "iteration": 163,
      "time": "224.03713870048523",
      "n_placed": 327,
      "n_discard": 292,
      "p_mean_weight": 31.898776758409785,
      "d_mean_weight": 11.357636986301367,
      "p_median_weight": 23.7,
      "d_median_weight": 8.2,
      "p_std_weight": 25.572355719149094,
      "d_std_weight": 8.511182752944652,
      "p_total_weight": 10430.9,
      "d_total_weight": 3316.4299999999994,
      "p_mean_taxability": 67.79491639143731,
      "d_mean_taxability": 29.753515787671237,
      "p_total_taxability": 22168.93766,
      "d_total_taxability": 8688.02661,
      "p_mean_volume": 0.20157223241590216,
      "d_mean_volume": 0.08934989726027398,
      "p_median_volume": 0.13608,
      "d_median_volume": 0.060145000000000004,
      "p_std_volume": 0.19384408959620464,
      "d_std_volume": 0.07664801632922996,
      "p_total_volume": 65.91412000000001,
      "d_total_volume": 26.09017,
      "d_max_priority": 0,
      "used_volume": 0.8074346473283193,
      "used_weight": 0.47413181818181815,
      "unload_obs": 0,
      "hs_cond": 1,
      "p_cond": 1,
      "sub_cond": 1
    }
  ],
  "weight": [
    {
      "iteration": 122,
      "time": "353.14742708206177",
      "n_placed": 330,
      "n_discard": 289,
      "p_mean_weight": 31.643242424242427,
      "d_mean_weight": 11.436193771626296,
      "p_median_weight": 23.295,
      "d_median_weight": 8.2,
      "p_std_weight": 25.595074269100056,
      "d_std_weight": 8.521010840275935,
      "p_total_weight": 10442.27,
      "d_total_weight": 3305.0599999999995,
      "p_mean_taxability": 67.22399796969697,
      "d_mean_taxability": 30.010536124567473,
      "p_total_taxability": 22183.91933,
      "d_total_taxability": 8673.04494,
      "p_mean_volume": 0.19987609090909095,
      "d_mean_volume": 0.09012173010380624,
      "p_median_volume": 0.1311,
      "d_median_volume": 0.06031,
      "p_std_volume": 0.19376479166643198,
      "d_std_volume": 0.07668730643222307,
      "p_total_volume": 65.95911000000001,
      "d_total_volume": 26.045180000000002,
      "d_max_priority": 0,
      "used_volume": 0.8079857657348655,
      "used_weight": 0.47464863636363636,
      "unload_obs": 0,
      "hs_cond": 1,
      "p_cond": 1,
      "sub_cond": 1
    },
    {
      "iteration": 77,
      "time": "342.927711725235",
      "n_placed": 329,
      "n_discard": 290,
      "p_mean_weight": 31.716808510638298,
      "d_mean_weight": 11.422413793103448,
      "p_median_weight": 23.59,
      "d_median_weight": 8.2,
      "p_std_weight": 25.59814043532765,
      "d_std_weight": 8.512753694799422,
      "p_total_weight": 10434.83,
      "d_total_weight": 3312.5,
      "p_mean_taxability": 67.3899451975684,
      "d_mean_taxability": 29.950594137931034,
      "p_total_taxability": 22171.291970000002,
      "d_total_taxability": 8685.6723,
      "p_mean_volume": 0.20036835866261402,
      "d_mean_volume": 0.08994172413793104,
      "p_median_volume": 0.13133,
      "d_median_volume": 0.06031,
      "p_std_volume": 0.19384118047805804,
      "d_std_volume": 0.07665025994258726,
      "p_total_volume": 65.92119000000001,
      "d_total_volume": 26.0831,
      "d_max_priority": 0,
      "used_volume": 0.807521253399319,
      "used_weight": 0.47431045454545456,
      "unload_obs": 0,
      "hs_cond": 1,
      "p_cond": 1,
      "sub_cond": 1
    },
    {
      "iteration": 163,
      "time": "224.03713870048523",
      "n_placed": 327,
      "n_discard": 292,
      "p_mean_weight": 31.898776758409785,
      "d_mean_weight": 11.357636986301367,
      "p_median_weight": 23.7,
      "d_median_weight": 8.2,
      "p_std_weight": 25.572355719149094,
      "d_std_weight": 8.511182752944652,
      "p_total_weight": 10430.9,
      "d_total_weight": 3316.4299999999994,
      "p_mean_taxability": 67.79491639143731,
      "d_mean_taxability": 29.753515787671237,
      "p_total_taxability": 22168.93766,
      "d_total_taxability": 8688.02661,
      "p_mean_volume": 0.20157223241590216,
      "d_mean_volume": 0.08934989726027398,
      "p_median_volume": 0.13608,
      "d_median_volume": 0.060145000000000004,
      "p_std_volume": 0.19384408959620464,
      "d_std_volume": 0.07664801632922996,
      "p_total_volume": 65.91412000000001,
      "d_total_volume": 26.09017,
      "d_max_priority": 0,
      "used_volume": 0.8074346473283193,
      "used_weight": 0.47413181818181815,
      "unload_obs": 0,
      "hs_cond": 1,
      "p_cond": 1,
      "sub_cond": 1
    }
  ],
  "taxability": [
    {
      "iteration": 122,
      "time": "353.14742708206177",
      "n_placed": 330,
      "n_discard": 289,
      "p_mean_weight": 31.643242424242427,
      "d_mean_weight": 11.436193771626296,
      "p_median_weight": 23.295,
      "d_median_weight": 8.2,
      "p_std_weight": 25.595074269100056,
      "d_std_weight": 8.521010840275935,
      "p_total_weight": 10442.27,
      "d_total_weight": 3305.0599999999995,
      "p_mean_taxability": 67.22399796969697,
      "d_mean_taxability": 30.010536124567473,
      "p_total_taxability": 22183.91933,
      "d_total_taxability": 8673.04494,
      "p_mean_volume": 0.19987609090909095,
      "d_mean_volume": 0.09012173010380624,
      "p_median_volume": 0.1311,
      "d_median_volume": 0.06031,
      "p_std_volume": 0.19376479166643198,
      "d_std_volume": 0.07668730643222307,
      "p_total_volume": 65.95911000000001,
      "d_total_volume": 26.045180000000002,
      "d_max_priority": 0,
      "used_volume": 0.8079857657348655,
      "used_weight": 0.47464863636363636,
      "unload_obs": 0,
      "hs_cond": 1,
      "p_cond": 1,
      "sub_cond": 1
    },
    {
      "iteration": 77,
      "time": "342.927711725235",
      "n_placed": 329,
      "n_discard": 290,