{
  "volume": [
    {
      "iteration": 160,
      "time": "32.22484874725342",
      "n_placed": 239,
      "n_discard": 120,
      "p_mean_weight": 39.86661087866109,
      "d_mean_weight": 37.714666666666666,
      "p_median_weight": 35.5,
      "d_median_weight": 37.0,
      "p_std_weight": 25.724086704583375,
      "d_std_weight": 20.19691244118424,
      "p_total_weight": 9528.12,
      "d_total_weight": 4525.76,
      "p_mean_taxability": 85.35865456066946,
      "d_mean_taxability": 93.4284225,
      "p_total_taxability": 20400.71844,
      "d_total_taxability": 11211.4107,
      "p_mean_volume": 0.25503824267782427,
      "d_mean_volume": 0.28056583333333335,
      "p_median_volume": 0.255,
      "d_median_volume": 0.27836500000000003,
      "p_std_volume": 0.17284170092918008,
      "d_std_volume": 0.15469238046008912,
      "p_total_volume": 60.95414,
      "d_total_volume": 33.6679,
      "d_max_priority": 0,
      "used_volume": 0.746675894847735,
      "used_weight": 0.43309636363636367,
      "unload_obs": 1,
      "hs_cond": 1,
      "p_cond": 1,
      "sub_cond": 1
    },
    {
      "iteration": 52,
      "time": "25.59967565536499",
      "n_placed": 239,
      "n_discard": 120,
      "p_mean_weight": 39.791589958159,
      "d_mean_weight": 37.86408333333334,
      "p_median_weight": 35.5,
      "d_median_weight": 37.0,
      "p_std_weight": 25.74019924408661,
      "d_std_weight": 20.171055787678437,
      "p_total_weight": 9510.19,
      "d_total_weight": 4543.6900000000005,
      "p_mean_taxability": 84.90853330543933,
      "d_mean_taxability": 94.324914,
      "p_total_taxability": 20293.139460000002,
      "d_total_taxability": 11318.98968,
      "p_mean_volume": 0.2536865271966527,
      "d_mean_volume": 0.283258,
      "p_median_volume": 0.2497,
      "d_median_volume": 0.28403,
      "p_std_volume": 0.17309791431074295,
      "d_std_volume": 0.15363229306782256,
      "p_total_volume": 60.63108,
      "d_total_volume": 33.99096,
      "d_max_priority": 0,
      "used_volume": 0.7427184751451601,
      "used_weight": 0.43228136363636366,
      "unload_obs": 0,
      "hs_cond": 1,
      "p_cond": 1,
      "sub_cond": 1
    },
    {
      "iteration": 21,
      "time": "50.86195778846741",
      "n_placed": 233,
      "n_discard": 126,
      "p_mean_weight": 40.780600858369105,
      "d_mean_weight": 36.12698412698413,
      "p_median_weight": 36.5,
      "d_median_weight": 35.8,
      "p_std_weight": 26.09665448864053,
      "d_std_weight": 19.31467849154487,
      "p_total_weight": 9501.880000000001,
      "d_total_weight": 4552.0,
      "p_mean_taxability": 87.04959965665236,
      "d_mean_taxability": 89.91724142857144,
      "p_total_taxability": 20282.55672,
      "d_total_taxability": 11329.572420000002,
      "p_mean_volume": 0.2600828326180257,
      "d_mean_volume": 0.270021746031746,
      "p_median_volume": 0.255,
      "d_median_volume": 0.27768000000000004,
      "p_std_volume": 0.17673692178033987,
      "d_std_volume": 0.1484575217579998,
      "p_total_volume": 60.5993,
      "d_total_volume": 34.02274,
      "d_max_priority": 0,
      "used_volume": 0.7423291765685867,
      "used_weight": 0.43190363636363643,
      "unload_obs": 2,
      "hs_cond": 1,
      "p_cond": 1,
      "sub_cond": 1
    }
  ],
  "weight": [
    {
      "iteration": 160,
      "time": "32.22484874725342",
      "n_placed": 239,
      "n_discard": 120,
      "p_mean_weight": 39.86661087866109,
      "d_mean_weight": 37.714666666666666,
      "p_median_weight": 35.5,
      "d_median_weight": 37.0,
      "p_std_weight": 25.724086704583375,
      "d_std_weight": 20.19691244118424,
      "p_total_weight": 9528.12,
      "d_total_weight": 4525.76,
      "p_mean_taxability": 85.35865456066946,
      "d_mean_taxability": 93.4284225,
      "p_total_taxability": 20400.71844,
      "d_total_taxability": 11211.4107,
      "p_mean_volume": 0.25503824267782427,
      "d_mean_volume": 0.28056583333333335,
      "p_median_volume": 0.255,
      "d_median_volume": 0.27836500000000003,
      "p_std_volume": 0.17284170092918008,
      "d_std_volume": 0.15469238046008912,
      "p_total_volume": 60.95414,
      "d_total_volume": 33.6679,
      "d_max_priority": 0,
      "used_volume": 0.746675894847735,
      "used_weight": 0.43309636363636367,
      "unload_obs": 1,
      "hs_cond": 1,
      "p_cond": 1,
      "sub_cond": 1
    },
    {
      "iteration": 52,
      "time": "25.59967565536499",
      "n_placed": 239,
      "n_discard": 120,
      "p_mean_weight": 39.791589958159,
      "d_mean_weight": 37.86408333333334,
      "p_median_weight": 35.5,
      "d_median_weight": 37.0,
      "p_std_weight": 25.74019924408661,
      "d_std_weight": 20.171055787678437,
      "p_total_weight": 9510.19,
      "d_total_weight": 4543.6900000000005,
      "p_mean_taxability": 84.90853330543933,
      "d_mean_taxability": 94.324914,
      "p_total_taxability": 20293.139460000002,
      "d_total_taxability": 11318.98968,
      "p_mean_volume": 0.2536865271966527,
      "d_mean_volume": 0.283258,
      "p_median_volume": 0.2497,
      "d_median_volume": 0.28403,
      "p_std_volume": 0.17309791431074295,
      "d_std_volume": 0.15363229306782256,
      "p_total_volume": 60.63108,
      "d_total_volume": 33.99096,
      "d_max_priority": 0,
      "used_volume": 0.7427184751451601,
      "used_weight": 0.43228136363636366,
      "unload_obs": 0,
      "hs_cond": 1,
      "p_cond": 1,
      "sub_cond": 1
    },
    {
      "iteration": 21,
      "time": "50.86195778846741",
      "n_placed": 233,
      "n_discard": 126,
      "p_mean_weight": 40.780600858369105,
      "d_mean_weight": 36.12698412698413,
      "p_median_weight": 36.5,
      "d_median_weight": 35.8,
      "p_std_weight": 26.09665448864053,
      "d_std_weight": 19.31467849154487,
      "p_total_weight": 9501.880000000001,
      "d_total_weight": 4552.0,
      "p_mean_taxability": 87.04959965665236,
      "d_mean_taxability": 89.91724142857144,
      "p_total_taxability": 20282.55672,
      "d_total_taxability": 11329.572420000002,
      "p_mean_volume": 0.2600828326180257,
      "d_mean_volume": 0.270021746031746,
      "p_median_volume": 0.255,
      "d_median_volume": 0.27768000000000004,
      "p_std_volume": 0.17673692178033987,
      "d_std_volume": 0.1484575217579998,
      "p_total_volume": 60.5993,
      "d_total_volume": 34.02274,
      "d_max_priority": 0,
      "used_volume": 0.7423291765685867,
      "used_weight": 0.43190363636363643,
      "unload_obs": 2,
      "hs_cond": 1,
      "p_cond": 1,
      "sub_cond": 1
    }
  ],
  "taxability": [
    {
      "iteration": 160,
      "time": "32.22484874725342",
      "n_placed": 239,
      "n_discard": 120,
      "p_mean_weight": 39.86661087866109,
      "d_mean_weight": 37.714666666666666,
      "p_median_weight": 35.5,
      "d_median_weight": 37.0,
      "p_std_weight": 25.724086704583375,
      "d_std_weight": 20.19691244118424,
      "p_total_weight": 9528.12,
      "d_total_weight": 4525.76,
      "p_mean_taxability": 85.35865456066946,
      "d_mean_taxability": 93.4284225,
      "p_total_taxability": 20400.71844,
      "d_total_taxability": 11211.4107,
      "p_mean_volume": 0.25503824267782427,
      "d_mean_volume": 0.28056583333333335,
      "p_median_volume": 0.255,
      "d_median_volume": 0.27836500000000003,
      "p_std_volume": 0.17284170092918008,
      "d_std_volume": 0.15469238046008912,
      "p_total_volume": 60.95414,
      "d_total_volume": 33.6679,
      "d_max_priority": 0,
      "used_volume": 0.746675894847735,
      "used_weight": 0.43309636363636367,
      "unload_obs": 1,
      "hs_cond": 1,
      "p_cond": 1,
      "sub_cond": 1
    },
    {
      "iteration": 52,
      "time": "25.59967565536499",
      "n_placed": 239,
      "n_discard": 120,
      "p_mean_weight": 39.791589958159,
      "d_mean_weight": 37.86408333333334,
      "p_median_weight": 35.5,
      "d_median_weight": 37.0,