{
  "volume": [
    {
      "iteration": 38,
      "time": "66.7741310596466",
      "n_placed": 214,
      "n_discard": 98,
      "p_mean_weight": 45.936214953271026,
      "d_mean_weight": 42.1904081632653,
      "p_median_weight": 40.9,
      "d_median_weight": 42.0,
      "p_std_weight": 27.341173343230246,
      "d_std_weight": 15.29304133368334,
      "p_total_weight": 9830.35,
      "d_total_weight": 4134.66,
      "p_mean_taxability": 100.52534953271028,
      "d_mean_taxability": 104.44307142857143,
      "p_total_taxability": 21512.4248,
      "d_total_taxability": 10235.421,
      "p_mean_volume": 0.3013652336448599,
      "d_mean_volume": 0.31364285714285717,
      "p_median_volume": 0.27768000000000004,
      "d_median_volume": 0.31396500000000005,
      "p_std_volume": 0.21107207048465118,
      "d_std_volume": 0.0898699474670591,
      "p_total_volume": 64.49216000000001,
      "d_total_volume": 30.737000000000002,
      "d_max_priority": 0,
      "used_volume": 0.790015924737242,
      "used_weight": 0.44683409090909093,
      "unload_obs": 2,
      "hs_cond": 1,
      "p_cond": 1,
      "sub_cond": 1
    },
    {
      "iteration": 176,
      "time": "32.27591848373413",
      "n_placed": 215,
      "n_discard": 97,
      "p_mean_weight": 45.64516279069767,
      "d_mean_weight": 42.79690721649484,
      "p_median_weight": 40.5,
      "d_median_weight": 42.0,
      "p_std_weight": 27.375838942404634,
      "d_std_weight": 15.115354249406513,
      "p_total_weight": 9813.71,
      "d_total_weight": 4151.299999999999,
      "p_mean_taxability": 99.99805111627909,
      "d_mean_taxability": 105.6522145360825,
      "p_total_taxability": 21499.580990000002,
      "d_total_taxability": 10248.264810000002,
      "p_mean_volume": 0.29978413953488375,
      "d_mean_volume": 0.3172739175257733,
      "p_median_volume": 0.27768000000000004,
      "d_median_volume": 0.31078,
      "p_std_volume": 0.21021500563803958,
      "d_std_volume": 0.09161935797268207,
      "p_total_volume": 64.45359,
      "d_total_volume": 30.775570000000005,
      "d_max_priority": 0,
      "used_volume": 0.7895434500330745,
      "used_weight": 0.4460777272727272,
      "unload_obs": 2,
      "hs_cond": 1,
      "p_cond": 1,
      "sub_cond": 1
    },
    {
      "iteration": 133,
      "time": "63.1397590637207",
      "n_placed": 212,
      "n_discard": 100,
      "p_mean_weight": 46.04820754716981,
      "d_mean_weight": 42.0279,
      "p_median_weight": 39.5,
      "d_median_weight": 42.0,
      "p_std_weight": 27.58378548017722,
      "d_std_weight": 14.638533713553016,
      "p_total_weight": 9762.22,
      "d_total_weight": 4202.79,
      "p_mean_taxability": 100.98516575471697,
      "d_mean_taxability": 103.38990659999997,
      "p_total_taxability": 21408.85514,
      "d_total_taxability": 10338.990659999998,
      "p_mean_volume": 0.3027412264150943,
      "d_mean_volume": 0.3104802000000001,
      "p_median_volume": 0.27768000000000004,
      "d_median_volume": 0.30525,
      "p_std_volume": 0.2126625629511533,
      "d_std_volume": 0.08624570665912197,
      "p_total_volume": 64.18114,
      "d_total_volume": 31.048020000000008,
      "d_max_priority": 0,
      "used_volume": 0.7862059926011221,
      "used_weight": 0.4437372727272727,
      "unload_obs": 0,
      "hs_cond": 1,
      "p_cond": 1,
      "sub_cond": 1
    }
  ],
  "weight": [
    {
      "iteration": 38,
      "time": "66.7741310596466",
      "n_placed": 214,
      "n_discard": 98,
      "p_mean_weight": 45.936214953271026,
      "d_mean_weight": 42.1904081632653,
      "p_median_weight": 40.9,
      "d_median_weight": 42.0,
      "p_std_weight": 27.341173343230246,
      "d_std_weight": 15.29304133368334,
      "p_total_weight": 9830.35,
      "d_total_weight": 4134.66,
      "p_mean_taxability": 100.52534953271028,
      "d_mean_taxability": 104.44307142857143,
      "p_total_taxability": 21512.4248,
      "d_total_taxability": 10235.421,
      "p_mean_volume": 0.3013652336448599,
      "d_mean_volume": 0.31364285714285717,
      "p_median_volume": 0.27768000000000004,
      "d_median_volume": 0.31396500000000005,
      "p_std_volume": 0.21107207048465118,
      "d_std_volume": 0.0898699474670591,
      "p_total_volume": 64.49216000000001,
      "d_total_volume": 30.737000000000002,
      "d_max_priority": 0,
      "used_volume": 0.790015924737242,
      "used_weight": 0.44683409090909093,
      "unload_obs": 2,
      "hs_cond": 1,
      "p_cond": 1,
      "sub_cond": 1
    },
    {
      "iteration": 176,
      "time": "32.27591848373413",
      "n_placed": 215,
      "n_discard": 97,
      "p_mean_weight": 45.64516279069767,
      "d_mean_weight": 42.79690721649484,
      "p_median_weight": 40.5,
      "d_median_weight": 42.0,
      "p_std_weight": 27.375838942404634,
      "d_std_weight": 15.115354249406513,
      "p_total_weight": 9813.71,
      "d_total_weight": 4151.299999999999,
      "p_mean_taxability": 99.99805111627909,
      "d_mean_taxability": 105.6522145360825,
      "p_total_taxability": 21499.580990000002,
      "d_total_taxability": 10248.264810000002,
      "p_mean_volume": 0.29978413953488375,
      "d_mean_volume": 0.3172739175257733,
      "p_median_volume": 0.27768000000000004,
      "d_median_volume": 0.31078,
      "p_std_volume": 0.21021500563803958,
      "d_std_volume": 0.09161935797268207,
      "p_total_volume": 64.45359,
      "d_total_volume": 30.775570000000005,
      "d_max_priority": 0,
      "used_volume": 0.7895434500330745,
      "used_weight": 0.4460777272727272,
      "unload_obs": 2,
      "hs_cond": 1,
      "p_cond": 1,
      "sub_cond": 1
    },
    {
      "iteration": 29,
      "time": "30.99598264694214",
      "n_placed": 212,
      "n_discard": 100,
      "p_mean_weight": 46.055566037735844,
      "d_mean_weight": 42.012299999999996,
      "p_median_weight": 40.9,
      "d_median_weight": 42.0,
      "p_std_weight": 27.488945958603974,
      "d_std_weight": 15.009717112186983,
      "p_total_weight": 9763.779999999999,
      "d_total_weight": 4201.23,
      "p_mean_taxability": 100.83206429245283,
      "d_mean_taxability": 103.7144817,
      "p_total_taxability": 21376.39763,
      "d_total_taxability": 10371.44817,
      "p_mean_volume": 0.302281462264151,
      "d_mean_volume": 0.31145490000000003,
      "p_median_volume": 0.27768000000000004,
      "d_median_volume": 0.30739000000000005,
      "p_std_volume": 0.21254981400684533,
      "d_std_volume": 0.08674013384346267,
      "p_total_volume": 64.08367000000001,
      "d_total_volume": 31.145490000000006,
      "d_max_priority": 0,
      "used_volume": 0.7850120048019209,
      "used_weight": 0.44380818181818177,
      "unload_obs": 2,
      "hs_cond": 1,
      "p_cond": 1,
      "sub_cond": 1
    }
  ],
  "taxability": [
    {
      "iteration": 38,
      "time": "66.7741310596466",
      "n_placed": 214,
      "n_discard": 98,
      "p_mean_weight": 45.936214953271026,
      "d_mean_weight": 42.1904081632653,
      "p_median_weight": 40.9,
      "d_median_weight": 42.0,
      "p_std_weight": 27.341173343230246,
      "d_std_weight": 15.29304133368334,
      "p_total_weight": 9830.35,
      "d_total_weight": 4134.66,
      "p_mean_taxability": 100.52534953271028,
      "d_mean_taxability": 104.44307142857143,
      "p_total_taxability": 21512.4248,
      "d_total_taxability": 10235.421,
      "p_mean_volume": 0.3013652336448599,
      "d_mean_volume": 0.31364285714285717,
      "p_median_volume": 0.27768000000000004,
      "d_median_volume": 0.31396500000000005,
      "p_std_volume": 0.21107207048465118,
      "d_std_volume": 0.0898699474670591,
      "p_total_volume": 64.49216000000001,
      "d_total_volume": 30.737000000000002,
      "d_max_priority": 0,
      "used_volume": 0.790015924737242,
      "used_weight": 0.44683409090909093,
      "unload_obs": 2,
      "hs_cond": 1,
      "p_cond": 1,
      "sub_cond": 1
    },
    {
      "iteration": 176,