{
  "volume": [
    {
      "iteration": 122,
      "time": "160.28721618652344",
      "n_placed": 440,
      "n_discard": 187,
      "p_mean_weight": 21.22943181818182,
      "d_mean_weight": 21.089839572192513,
      "p_median_weight": 12.12,
      "d_median_weight": 13.7,
      "p_std_weight": 21.839468125702233,
      "d_std_weight": 16.909243812725943,
      "p_total_weight": 9340.95,
      "d_total_weight": 3943.8,
      "p_mean_taxability": 45.95312800000001,
      "d_mean_taxability": 51.92928433155081,
      "p_total_taxability": 20219.376320000003,
      "d_total_taxability": 9710.776170000001,
      "p_mean_volume": 0.13722245454545456,
      "d_mean_volume": 0.15594379679144385,
      "p_median_volume": 0.07045500000000002,
      "d_median_volume": 0.10067000000000001,
      "p_std_volume": 0.16017946351515383,
      "d_std_volume": 0.1170371087692073,
      "p_total_volume": 60.37788000000001,
      "d_total_volume": 29.16149,
      "d_max_priority": 0,
      "used_volume": 0.7396168263223658,
      "used_weight": 0.4245886363636364,
      "unload_obs": 7,
      "hs_cond": 1,
      "p_cond": 1,
      "sub_cond": 1
    },
    {
      "iteration": 27,
      "time": "92.41970920562744",
      "n_placed": 441,
      "n_discard": 186,
      "p_mean_weight": 20.95378684807256,
      "d_mean_weight": 21.74263440860215,
      "p_median_weight": 13.5,
      "d_median_weight": 11.245000000000001,
      "p_std_weight": 19.355203515519808,
      "d_std_weight": 22.97527467813803,
      "p_total_weight": 9240.619999999999,
      "d_total_weight": 4044.1299999999997,
      "p_mean_taxability": 45.438221315192756,
      "d_mean_taxability": 53.18224134408602,
      "p_total_taxability": 20038.255600000004,
      "d_total_taxability": 9891.89689,
      "p_mean_volume": 0.1356930612244898,
      "d_mean_volume": 0.15967059139784945,
      "p_median_volume": 0.0748,
      "d_median_volume": 0.08586500000000001,
      "p_std_volume": 0.13459047265828417,
      "d_std_volume": 0.1772424444443862,
      "p_total_volume": 59.84064,
      "d_total_volume": 29.698729999999998,
      "d_max_priority": 0,
      "used_volume": 0.733035744910209,
      "used_weight": 0.42002818181818175,
      "unload_obs": 7,
      "hs_cond": 1,
      "p_cond": 1,
      "sub_cond": 1
    },
    {
      "iteration": 40,
      "time": "197.85930275917053",
      "n_placed": 425,
      "n_discard": 202,
      "p_mean_weight": 22.10468235294118,
      "d_mean_weight": 19.258712871287127,
      "p_median_weight": 12.9,
      "d_median_weight": 12.0,
      "p_std_weight": 20.940639957857474,
      "d_std_weight": 19.385229524258715,
      "p_total_weight": 9394.490000000002,
      "d_total_weight": 3890.2599999999998,
      "p_mean_taxability": 46.933598094117656,
      "d_mean_taxability": 49.4226400990099,
      "p_total_taxability": 19946.779190000005,
      "d_total_taxability": 9983.3733,
      "p_mean_volume": 0.1401394588235294,
      "d_mean_volume": 0.14841633663366338,
      "p_median_volume": 0.06899000000000001,
      "d_median_volume": 0.09199500000000001,
      "p_std_volume": 0.1424085779939644,
      "d_std_volume": 0.16160270563361562,
      "p_total_volume": 59.55927,
      "d_total_volume": 29.980100000000004,
      "d_max_priority": 0,
      "used_volume": 0.7295890192811818,
      "used_weight": 0.4270222727272728,
      "unload_obs": 4,
      "hs_cond": 1,
      "p_cond": 1,
      "sub_cond": 1
    }
  ],
  "weight": [
    {
      "iteration": 40,
      "time": "197.85930275917053",
      "n_placed": 425,
      "n_discard": 202,
      "p_mean_weight": 22.10468235294118,
      "d_mean_weight": 19.258712871287127,
      "p_median_weight": 12.9,
      "d_median_weight": 12.0,
      "p_std_weight": 20.940639957857474,
      "d_std_weight": 19.385229524258715,
      "p_total_weight": 9394.490000000002,
      "d_total_weight": 3890.2599999999998,
      "p_mean_taxability": 46.933598094117656,
      "d_mean_taxability": 49.4226400990099,
      "p_total_taxability": 19946.779190000005,
      "d_total_taxability": 9983.3733,
      "p_mean_volume": 0.1401394588235294,
      "d_mean_volume": 0.14841633663366338,
      "p_median_volume": 0.06899000000000001,
      "d_median_volume": 0.09199500000000001,
      "p_std_volume": 0.1424085779939644,
      "d_std_volume": 0.16160270563361562,
      "p_total_volume": 59.55927,
      "d_total_volume": 29.980100000000004,
      "d_max_priority": 0,
      "used_volume": 0.7295890192811818,
      "used_weight": 0.4270222727272728,
      "unload_obs": 4,
      "hs_cond": 1,
      "p_cond": 1,
      "sub_cond": 1
    },
    {
      "iteration": 37,
      "time": "201.2318480014801",
      "n_placed": 419,
      "n_discard": 208,
      "p_mean_weight": 22.300525059665873,
      "d_mean_weight": 18.946298076923075,
      "p_median_weight": 13.88,
      "d_median_weight": 11.51,
      "p_std_weight": 20.859138376036494,
      "d_std_weight": 19.55216615123263,
      "p_total_weight": 9343.92,
      "d_total_weight": 3940.8299999999995,
      "p_mean_taxability": 47.426699427207645,
      "d_mean_taxability": 48.35752610576923,
      "p_total_taxability": 19871.787060000002,
      "d_total_taxability": 10058.36543,
      "p_mean_volume": 0.14164241050119333,
      "d_mean_volume": 0.14515,
      "p_median_volume": 0.07652,
      "d_median_volume": 0.08476,
      "p_std_volume": 0.13953079923302314,
      "d_std_volume": 0.166197914931374,
      "p_total_volume": 59.34817,
      "d_total_volume": 30.191200000000002,
      "d_max_priority": 0,
      "used_volume": 0.7270030869490653,
      "used_weight": 0.42472363636363636,
      "unload_obs": 1,
      "hs_cond": 1,
      "p_cond": 1,
      "sub_cond": 1
    },
    {
      "iteration": 122,
      "time": "160.28721618652344",
      "n_placed": 440,
      "n_discard": 187,
      "p_mean_weight": 21.22943181818182,
      "d_mean_weight": 21.089839572192513,
      "p_median_weight": 12.12,
      "d_median_weight": 13.7,
      "p_std_weight": 21.839468125702233,
      "d_std_weight": 16.909243812725943,
      "p_total_weight": 9340.95,
      "d_total_weight": 3943.8,
      "p_mean_taxability": 45.95312800000001,
      "d_mean_taxability": 51.92928433155081,
      "p_total_taxability": 20219.376320000003,
      "d_total_taxability": 9710.776170000001,
      "p_mean_volume": 0.13722245454545456,
      "d_mean_volume": 0.15594379679144385,
      "p_median_volume": 0.07045500000000002,
      "d_median_volume": 0.10067000000000001,
      "p_std_volume": 0.16017946351515383,
      "d_std_volume": 0.1170371087692073,
      "p_total_volume": 60.37788000000001,
      "d_total_volume": 29.16149,
      "d_max_priority": 0,
      "used_volume": 0.7396168263223658,
      "used_weight": 0.4245886363636364,
      "unload_obs": 7,
      "hs_cond": 1,
      "p_cond": 1,
      "sub_cond": 1
    }
  ],
  "taxability": [
    {
      "iteration": 122,
      "time": "160.28721618652344",
      "n_placed": 440,
      "n_discard": 187,
      "p_mean_weight": 21.22943181818182,
      "d_mean_weight": 21.089839572192513,
      "p_median_weight": 12.12,
      "d_median_weight": 13.7,
      "p_std_weight": 21.839468125702233,
      "d_std_weight": 16.909243812725943,
      "p_total_weight": 9340.95,
      "d_total_weight": 3943.8,
      "p_mean_taxability": 45.95312800000001,
      "d_mean_taxability": 51.92928433155081,
      "p_total_taxability": 20219.376320000003,
      "d_total_taxability": 9710.776170000001,
      "p_mean_volume": 0.13722245454545456,
      "d_mean_volume": 0.15594379679144385,
      "p_median_volume": 0.07045500000000002,
      "d_median_volume": 0.10067000000000001,
      "p_std_volume": 0.16017946351515383,
      "d_std_volume": 0.1170371087692073,
      "p_total_volume": 60.37788000000001,
      "d_total_volume": 29.16149,
      "d_max_priority": 0,
      "used_volume": 0.7396168263223658,
      "used_weight": 0.4245886363636364,
      "unload_obs": 7,
      "hs_cond": 1,
      "p_cond": 1,