{
  "volume": [
    {
      "iteration": 145,
      "time": "47.249516248703",
      "n_placed": 305,
      "n_discard": 157,
      "p_mean_weight": 32.4083606557377,
      "d_mean_weight": 26.85828025477707,
      "p_median_weight": 25.42,
      "d_median_weight": 20.0,
      "p_std_weight": 24.15729194017114,
      "d_std_weight": 19.46125457712903,
      "p_total_weight": 9884.55,
      "d_total_weight": 4216.75,
      "p_mean_taxability": 68.23448862295083,
      "d_mean_taxability": 67.84491095541402,
      "p_total_taxability": 20811.519030000003,
      "d_total_taxability": 10651.651020000001,
      "p_mean_volume": 0.20368321311475412,
      "d_mean_volume": 0.20373847133757964,
      "p_median_volume": 0.18,
      "d_median_volume": 0.16878,
      "p_std_volume": 0.15518846372033837,
      "d_std_volume": 0.13463646473414903,
      "p_total_volume": 62.123380000000004,
      "d_total_volume": 31.986940000000004,
      "d_max_priority": 1,
      "used_volume": 0.7609988485189995,
      "used_weight": 0.44929772727272727,
      "unload_obs": 0,
      "hs_cond": 1,
      "p_cond": 0,
      "sub_cond": 0
    },
    {
      "iteration": 75,
      "time": "99.501713514328",
      "n_placed": 298,
      "n_discard": 164,
      "p_mean_weight": 33.031073825503356,
      "d_mean_weight": 25.963658536585367,
      "p_median_weight": 25.884999999999998,
      "d_median_weight": 19.92,
      "p_std_weight": 24.479060498381475,
      "d_std_weight": 18.606278181301818,
      "p_total_weight": 9843.26,
      "d_total_weight": 4258.04,
      "p_mean_taxability": 69.59265775167785,
      "d_mean_taxability": 65.39364658536586,
      "p_total_taxability": 20738.61201,
      "d_total_taxability": 10724.55804,
      "p_mean_volume": 0.2077330201342282,
      "d_mean_volume": 0.19637731707317074,
      "p_median_volume": 0.18,
      "d_median_volume": 0.1668,
      "p_std_volume": 0.1573375579757441,
      "d_std_volume": 0.13067246139955377,
      "p_total_volume": 61.90444000000001,
      "d_total_volume": 32.20588,
      "d_max_priority": 1,
      "used_volume": 0.7583168777715169,
      "used_weight": 0.4474209090909091,
      "unload_obs": 0,
      "hs_cond": 1,
      "p_cond": 0,
      "sub_cond": 0
    },
    {
      "iteration": 165,
      "time": "64.91474533081055",
      "n_placed": 294,
      "n_discard": 168,
      "p_mean_weight": 33.458333333333336,
      "d_mean_weight": 25.384226190476188,
      "p_median_weight": 25.71,
      "d_median_weight": 19.96,
      "p_std_weight": 24.332140325999706,
      "d_std_weight": 18.834584080394915,
      "p_total_weight": 9836.75,
      "d_total_weight": 4264.549999999999,
      "p_mean_taxability": 70.34347969387755,
      "d_mean_taxability": 64.17968464285715,
      "p_total_taxability": 20680.983030000003,
      "d_total_taxability": 10782.187020000001,
      "p_mean_volume": 0.20997068027210888,
      "d_mean_volume": 0.1927317857142857,
      "p_median_volume": 0.18,
      "d_median_volume": 0.157285,
      "p_std_volume": 0.15579918757169375,
      "d_std_volume": 0.13414861075706158,
      "p_total_volume": 61.73138000000001,
      "d_total_volume": 32.37894,
      "d_max_priority": 1,
      "used_volume": 0.7561969277506922,
      "used_weight": 0.447125,
      "unload_obs": 2,
      "hs_cond": 1,
      "p_cond": 0,
      "sub_cond": 0
    }
  ],
  "weight": [
    {
      "iteration": 145,
      "time": "47.249516248703",
      "n_placed": 305,
      "n_discard": 157,
      "p_mean_weight": 32.4083606557377,
      "d_mean_weight": 26.85828025477707,
      "p_median_weight": 25.42,
      "d_median_weight": 20.0,
      "p_std_weight": 24.15729194017114,
      "d_std_weight": 19.46125457712903,
      "p_total_weight": 9884.55,
      "d_total_weight": 4216.75,
      "p_mean_taxability": 68.23448862295083,
      "d_mean_taxability": 67.84491095541402,
      "p_total_taxability": 20811.519030000003,
      "d_total_taxability": 10651.651020000001,
      "p_mean_volume": 0.20368321311475412,
      "d_mean_volume": 0.20373847133757964,
      "p_median_volume": 0.18,
      "d_median_volume": 0.16878,
      "p_std_volume": 0.15518846372033837,
      "d_std_volume": 0.13463646473414903,
      "p_total_volume": 62.123380000000004,
      "d_total_volume": 31.986940000000004,
      "d_max_priority": 1,
      "used_volume": 0.7609988485189995,
      "used_weight": 0.44929772727272727,
      "unload_obs": 0,
      "hs_cond": 1,
      "p_cond": 0,
      "sub_cond": 0
    },
    {
      "iteration": 75,
      "time": "99.501713514328",
      "n_placed": 298,
      "n_discard": 164,
      "p_mean_weight": 33.031073825503356,
      "d_mean_weight": 25.963658536585367,
      "p_median_weight": 25.884999999999998,
      "d_median_weight": 19.92,
      "p_std_weight": 24.479060498381475,
      "d_std_weight": 18.606278181301818,
      "p_total_weight": 9843.26,
      "d_total_weight": 4258.04,
      "p_mean_taxability": 69.59265775167785,
      "d_mean_taxability": 65.39364658536586,
      "p_total_taxability": 20738.61201,
      "d_total_taxability": 10724.55804,
      "p_mean_volume": 0.2077330201342282,
      "d_mean_volume": 0.19637731707317074,
      "p_median_volume": 0.18,
      "d_median_volume": 0.1668,
      "p_std_volume": 0.1573375579757441,
      "d_std_volume": 0.13067246139955377,
      "p_total_volume": 61.90444000000001,
      "d_total_volume": 32.20588,
      "d_max_priority": 1,
      "used_volume": 0.7583168777715169,
      "used_weight": 0.4474209090909091,
      "unload_obs": 0,
      "hs_cond": 1,
      "p_cond": 0,
      "sub_cond": 0
    },
    {
      "iteration": 165,
      "time": "64.91474533081055",
      "n_placed": 294,
      "n_discard": 168,
      "p_mean_weight": 33.458333333333336,
      "d_mean_weight": 25.384226190476188,
      "p_median_weight": 25.71,
      "d_median_weight": 19.96,
      "p_std_weight": 24.332140325999706,
      "d_std_weight": 18.834584080394915,
      "p_total_weight": 9836.75,
      "d_total_weight": 4264.549999999999,
      "p_mean_taxability": 70.34347969387755,
      "d_mean_taxability": 64.17968464285715,
      "p_total_taxability": 20680.983030000003,
      "d_total_taxability": 10782.187020000001,
      "p_mean_volume": 0.20997068027210888,
      "d_mean_volume": 0.1927317857142857,
      "p_median_volume": 0.18,
      "d_median_volume": 0.157285,
      "p_std_volume": 0.15579918757169375,
      "d_std_volume": 0.13414861075706158,
      "p_total_volume": 61.73138000000001,
      "d_total_volume": 32.37894,
      "d_max_priority": 1,
      "used_volume": 0.7561969277506922,
      "used_weight": 0.447125,
      "unload_obs": 2,
      "hs_cond": 1,
      "p_cond": 0,
      "sub_cond": 0
    }
  ],
  "taxability": [
    {
      "iteration": 145,
      "time": "47.249516248703",
      "n_placed": 305,
      "n_discard": 157,
      "p_mean_weight": 32.4083606557377,
      "d_mean_weight": 26.85828025477707,
      "p_median_weight": 25.42,
      "d_median_weight": 20.0,
      "p_std_weight": 24.15729194017114,
      "d_std_weight": 19.46125457712903,
      "p_total_weight": 9884.55,
      "d_total_weight": 4216.75,
      "p_mean_taxability": 68.23448862295083,
      "d_mean_taxability": 67.84491095541402,
      "p_total_taxability": 20811.519030000003,
      "d_total_taxability": 10651.651020000001,
      "p_mean_volume": 0.20368321311475412,
      "d_mean_volume": 0.20373847133757964,
      "p_median_volume": 0.18,
      "d_median_volume": 0.16878,
      "p_std_volume": 0.15518846372033837,
      "d_std_volume": 0.13463646473414903,
      "p_total_volume": 62.123380000000004,
      "d_total_volume": 31.986940000000004,
      "d_max_priority": 1,
      "used_volume": 0.7609988485189995,
      "used_weight": 0.44929772727272727,
      "unload_obs": 0,
      "hs_cond": 1,
      "p_cond": 0,
      "sub_cond": 0
    },
    {
      "iteration": 75,
      "time": "99.501713514328",
      "n_placed": 298,
      "n_discard": 164,