{
  "volume": [
    {
      "iteration": 157,
      "time": "56.90914463996887",
      "n_placed": 337,
      "n_discard": 132,
      "p_mean_weight": 14.994836795252226,
      "d_mean_weight": 17.634242424242426,
      "p_median_weight": 7.7,
      "d_median_weight": 9.57,
      "p_std_weight": 17.46585389921266,
      "d_std_weight": 19.14457279128028,
      "p_total_weight": 5053.26,
      "d_total_weight": 2327.7200000000003,
      "p_mean_taxability": 57.540289436201775,
      "d_mean_taxability": 90.79292931818182,
      "p_total_taxability": 19391.07754,
      "d_total_taxability": 11984.66667,
      "p_mean_volume": 0.17264792284866468,
      "d_mean_volume": 0.27265143939393943,
      "p_median_volume": 0.07673,
      "d_median_volume": 0.194415,
      "p_std_volume": 0.22751549888823636,
      "d_std_volume": 0.24549536906480224,
      "p_total_volume": 58.18235,
      "d_total_volume": 35.989990000000006,
      "d_max_priority": 0,
      "used_volume": 0.7127220275865448,
      "used_weight": 0.22969363636363638,
      "unload_obs": 2,
      "hs_cond": 1,
      "p_cond": 1,
      "sub_cond": 1
    },
    {
      "iteration": 172,
      "time": "46.3836727142334",
      "n_placed": 340,
      "n_discard": 129,
      "p_mean_weight": 14.984205882352944,
      "d_mean_weight": 17.723643410852713,
      "p_median_weight": 7.89,
      "d_median_weight": 8.8,
      "p_std_weight": 17.32856940594354,
      "d_std_weight": 19.50090486434157,
      "p_total_weight": 5094.630000000001,
      "d_total_weight": 2286.35,
      "p_mean_taxability": 56.9285185,
      "d_mean_taxability": 93.17866604651164,
      "p_total_taxability": 19355.69629,
      "d_total_taxability": 12020.04792,
      "p_mean_volume": 0.17081205882352946,
      "d_mean_volume": 0.2798158139534884,
      "p_median_volume": 0.077725,
      "d_median_volume": 0.20064,
      "p_std_volume": 0.22266596083710852,
      "d_std_volume": 0.2549095702637067,
      "p_total_volume": 58.07610000000001,
      "d_total_volume": 36.09624000000001,
      "d_max_priority": 0,
      "used_volume": 0.7114204865619719,
      "used_weight": 0.23157409090909095,
      "unload_obs": 2,
      "hs_cond": 1,
      "p_cond": 1,
      "sub_cond": 1
    },
    {
      "iteration": 63,
      "time": "91.26016235351562",
      "n_placed": 337,
      "n_discard": 132,
      "p_mean_weight": 14.991246290801184,
      "d_mean_weight": 17.64340909090909,
      "p_median_weight": 7.7,
      "d_median_weight": 9.57,
      "p_std_weight": 17.465012855345243,
      "d_std_weight": 19.14526425127672,
      "p_total_weight": 5052.049999999999,
      "d_total_weight": 2328.93,
      "p_mean_taxability": 57.37227759643917,
      "d_mean_taxability": 91.22186863636364,
      "p_total_taxability": 19334.45755,
      "d_total_taxability": 12041.28666,
      "p_mean_volume": 0.1721433827893175,
      "d_mean_volume": 0.27393954545454546,
      "p_median_volume": 0.07629,
      "d_median_volume": 0.194415,
      "p_std_volume": 0.22770833025667853,
      "d_std_volume": 0.24450133587690953,
      "p_total_volume": 58.01232,
      "d_total_volume": 36.16002,
      "d_max_priority": 0,
      "used_volume": 0.7106391944532916,
      "used_weight": 0.22963863636363632,
      "unload_obs": 2,
      "hs_cond": 1,
      "p_cond": 1,
      "sub_cond": 1
    }
  ],
  "weight": [
    {
      "iteration": 164,
      "time": "44.11196756362915",
      "n_placed": 327,
      "n_discard": 142,
      "p_mean_weight": 15.83366972477064,
      "d_mean_weight": 15.51669014084507,
      "p_median_weight": 9.1,
      "d_median_weight": 6.404999999999999,
      "p_std_weight": 17.440164348539856,
      "d_std_weight": 19.205333948872212,
      "p_total_weight": 5177.61,
      "d_total_weight": 2203.37,
      "p_mean_taxability": 59.05670892966361,
      "d_mean_taxability": 84.95915767605634,
      "p_total_taxability": 19311.54382,
      "d_total_taxability": 12064.20039,
      "p_mean_volume": 0.17719727828746176,
      "d_mean_volume": 0.25513260563380286,
      "p_median_volume": 0.0816,
      "d_median_volume": 0.16728500000000002,
      "p_std_volume": 0.22750145247481912,
      "d_std_volume": 0.24928291311515258,
      "p_total_volume": 57.943509999999996,
      "d_total_volume": 36.22883,
      "d_max_priority": 0,
      "used_volume": 0.7097962858612833,
      "used_weight": 0.23534590909090908,
      "unload_obs": 2,
      "hs_cond": 1,
      "p_cond": 1,
      "sub_cond": 1
    },
    {
      "iteration": 73,
      "time": "45.07740235328674",
      "n_placed": 339,
      "n_discard": 130,
      "p_mean_weight": 15.185545722713863,
      "d_mean_weight": 17.17753846153846,
      "p_median_weight": 7.85,
      "d_median_weight": 8.34,
      "p_std_weight": 17.99160637417346,
      "d_std_weight": 17.912419192719856,
      "p_total_weight": 5147.9,
      "d_total_weight": 2233.08,
      "p_mean_taxability": 56.29075622418879,
      "d_mean_taxability": 94.56290653846153,
      "p_total_taxability": 19082.56636,
      "d_total_taxability": 12293.17785,
      "p_mean_volume": 0.16889643067846605,
      "d_mean_volume": 0.2839726923076923,
      "p_median_volume": 0.07497,
      "d_median_volume": 0.20979,
      "p_std_volume": 0.22080181804776558,
      "d_std_volume": 0.25689131491798667,
      "p_total_volume": 57.255889999999994,
      "d_total_volume": 36.91645,
      "d_max_priority": 0,
      "used_volume": 0.7013730798441825,
      "used_weight": 0.23399545454545453,
      "unload_obs": 4,
      "hs_cond": 1,
      "p_cond": 1,
      "sub_cond": 1
    },
    {
      "iteration": 88,
      "time": "95.36136817932129",
      "n_placed": 320,
      "n_discard": 149,
      "p_mean_weight": 15.950375,
      "d_mean_weight": 15.280939597315436,
      "p_median_weight": 9.275,
      "d_median_weight": 6.2,
      "p_std_weight": 17.52402166405108,
      "d_std_weight": 18.953235241990186,
      "p_total_weight": 5104.12,
      "d_total_weight": 2276.86,
      "p_mean_taxability": 59.820259531249995,
      "d_mean_taxability": 82.10242389261747,
      "p_total_taxability": 19142.48305,
      "d_total_taxability": 12233.261160000002,
      "p_mean_volume": 0.17948693749999997,
      "d_mean_volume": 0.2465538255033557,
      "p_median_volume": 0.08336,
      "d_median_volume": 0.15133,
      "p_std_volume": 0.22906452407009015,
      "d_std_volume": 0.24715601933606723,
      "p_total_volume": 57.43581999999999,
      "d_total_volume": 36.73652,
      "d_max_priority": 0,
      "used_volume": 0.7035771859764313,
      "used_weight": 0.23200545454545454,
      "unload_obs": 3,
      "hs_cond": 1,
      "p_cond": 1,
      "sub_cond": 1
    }
  ],
  "taxability": [
    {
      "iteration": 157,
      "time": "56.90914463996887",
      "n_placed": 337,
      "n_discard": 132,
      "p_mean_weight": 14.994836795252226,
      "d_mean_weight": 17.634242424242426,
      "p_median_weight": 7.7,
      "d_median_weight": 9.57,
      "p_std_weight": 17.46585389921266,
      "d_std_weight": 19.14457279128028,
      "p_total_weight": 5053.26,
      "d_total_weight": 2327.7200000000003,
      "p_mean_taxability": 57.540289436201775,
      "d_mean_taxability": 90.79292931818182,
      "p_total_taxability": 19391.07754,
      "d_total_taxability": 11984.66667,
      "p_mean_volume": 0.17264792284866468,
      "d_mean_volume": 0.27265143939393943,
      "p_median_volume": 0.07673,
      "d_median_volume": 0.194415,
      "p_std_volume": 0.22751549888823636,
      "d_std_volume": 0.24549536906480224,
      "p_total_volume": 58.18235,
      "d_total_volume": 35.989990000000006,
      "d_max_priority": 0,
      "used_volume": 0.7127220275865448,
      "used_weight": 0.22969363636363638,
      "unload_obs": 2,
      "hs_cond": 1,
      "p_cond": 1,
      "sub_cond": 1
    },
    {
      "iteration": 172,
      "time": "46.3836727142334",
      "n_placed": 340,
      "n_discard": 129,
      "p_mean_weight": 14.984205882352944,