{
  "volume": [
    {
      "iteration": 75,
      "time": "83.3058214187622",
      "n_placed": 341,
      "n_discard": 178,
      "p_mean_weight": 25.511524926686217,
      "d_mean_weight": 24.16539325842697,
      "p_median_weight": 15.3,
      "d_median_weight": 11.525,
      "p_std_weight": 21.300304140816596,
      "d_std_weight": 21.558985152481693,
      "p_total_weight": 8699.43,
      "d_total_weight": 4301.4400000000005,
      "p_mean_taxability": 54.66531695014663,
      "d_mean_taxability": 57.355115561797746,
      "p_total_taxability": 18640.87308,
      "d_total_taxability": 10209.21057,
      "p_mean_volume": 0.16289618768328445,
      "d_mean_volume": 0.17223758426966293,
      "p_median_volume": 0.1009,
      "d_median_volume": 0.09335500000000001,
      "p_std_volume": 0.13489495101138765,
      "d_std_volume": 0.1457481104966384,
      "p_total_volume": 55.5476,
      "d_total_volume": 30.65829,
      "d_max_priority": 0,
      "used_volume": 0.6804468726266016,
      "used_weight": 0.3954286363636364,
      "unload_obs": 4,
      "hs_cond": 1,
      "p_cond": 1,
      "sub_cond": 1
    },
    {
      "iteration": 65,
      "time": "75.5330879688263",
      "n_placed": 289,
      "n_discard": 230,
      "p_mean_weight": 28.270519031141863,
      "d_mean_weight": 21.002999999999997,
      "p_median_weight": 17.2,
      "d_median_weight": 12.12,
      "p_std_weight": 23.002899833963067,
      "d_std_weight": 18.40636528759648,
      "p_total_weight": 8170.1799999999985,
      "d_total_weight": 4830.69,
      "p_mean_taxability": 58.99158124567475,
      "d_mean_taxability": 51.31094204347826,
      "p_total_taxability": 17048.566980000003,
      "d_total_taxability": 11801.51667,
      "p_mean_volume": 0.175660553633218,
      "d_mean_volume": 0.15408691304347827,
      "p_median_volume": 0.10346000000000001,
      "d_median_volume": 0.0926,
      "p_std_volume": 0.14794580551852682,
      "d_std_volume": 0.12527087295169514,
      "p_total_volume": 50.7659,
      "d_total_volume": 35.43999,
      "d_max_priority": 0,
      "used_volume": 0.6218720141117672,
      "used_weight": 0.37137181818181814,
      "unload_obs": 4,
      "hs_cond": 1,
      "p_cond": 1,
      "sub_cond": 1
    },
    {
      "iteration": 87,
      "time": "75.16013526916504",
      "n_placed": 292,
      "n_discard": 227,
      "p_mean_weight": 27.87102739726027,
      "d_mean_weight": 21.42083700440529,
      "p_median_weight": 16.66,
      "d_median_weight": 12.92,
      "p_std_weight": 23.041280890125577,
      "d_std_weight": 18.45025360654648,
      "p_total_weight": 8138.339999999999,
      "d_total_weight": 4862.530000000001,
      "p_mean_taxability": 57.85296565068494,
      "d_mean_taxability": 52.674086696035246,
      "p_total_taxability": 16893.065970000003,
      "d_total_taxability": 11957.01768,
      "p_mean_volume": 0.17225660958904113,
      "d_mean_volume": 0.1581804405286344,
      "p_median_volume": 0.102205,
      "d_median_volume": 0.09292,
      "p_std_volume": 0.14645039687492487,
      "d_std_volume": 0.12778575226914354,
      "p_total_volume": 50.298930000000006,
      "d_total_volume": 35.906960000000005,
      "d_max_priority": 0,
      "used_volume": 0.6161517259965211,
      "used_weight": 0.3699245454545454,
      "unload_obs": 5,
      "hs_cond": 1,
      "p_cond": 1,
      "sub_cond": 1
    }
  ],
  "weight": [
    {
      "iteration": 75,
      "time": "83.3058214187622",
      "n_placed": 341,
      "n_discard": 178,
      "p_mean_weight": 25.511524926686217,
      "d_mean_weight": 24.16539325842697,
      "p_median_weight": 15.3,
      "d_median_weight": 11.525,
      "p_std_weight": 21.300304140816596,
      "d_std_weight": 21.558985152481693,
      "p_total_weight": 8699.43,
      "d_total_weight": 4301.4400000000005,
      "p_mean_taxability": 54.66531695014663,
      "d_mean_taxability": 57.355115561797746,
      "p_total_taxability": 18640.87308,
      "d_total_taxability": 10209.21057,
      "p_mean_volume": 0.16289618768328445,
      "d_mean_volume": 0.17223758426966293,
      "p_median_volume": 0.1009,
      "d_median_volume": 0.09335500000000001,
      "p_std_volume": 0.13489495101138765,
      "d_std_volume": 0.1457481104966384,
      "p_total_volume": 55.5476,
      "d_total_volume": 30.65829,
      "d_max_priority": 0,
      "used_volume": 0.6804468726266016,
      "used_weight": 0.3954286363636364,
      "unload_obs": 4,
      "hs_cond": 1,
      "p_cond": 1,
      "sub_cond": 1
    },
    {
      "iteration": 65,
      "time": "75.5330879688263",
      "n_placed": 289,
      "n_discard": 230,
      "p_mean_weight": 28.270519031141863,
      "d_mean_weight": 21.002999999999997,
      "p_median_weight": 17.2,
      "d_median_weight": 12.12,
      "p_std_weight": 23.002899833963067,
      "d_std_weight": 18.40636528759648,
      "p_total_weight": 8170.1799999999985,
      "d_total_weight": 4830.69,
      "p_mean_taxability": 58.99158124567475,
      "d_mean_taxability": 51.31094204347826,
      "p_total_taxability": 17048.566980000003,
      "d_total_taxability": 11801.51667,
      "p_mean_volume": 0.175660553633218,
      "d_mean_volume": 0.15408691304347827,
      "p_median_volume": 0.10346000000000001,
      "d_median_volume": 0.0926,
      "p_std_volume": 0.14794580551852682,
      "d_std_volume": 0.12527087295169514,
      "p_total_volume": 50.7659,
      "d_total_volume": 35.43999,
      "d_max_priority": 0,
      "used_volume": 0.6218720141117672,
      "used_weight": 0.37137181818181814,
      "unload_obs": 4,
      "hs_cond": 1,
      "p_cond": 1,
      "sub_cond": 1
    },
    {
      "iteration": 87,
      "time": "75.16013526916504",
      "n_placed": 292,
      "n_discard": 227,
      "p_mean_weight": 27.87102739726027,
      "d_mean_weight": 21.42083700440529,
      "p_median_weight": 16.66,
      "d_median_weight": 12.92,
      "p_std_weight": 23.041280890125577,
      "d_std_weight": 18.45025360654648,
      "p_total_weight": 8138.339999999999,
      "d_total_weight": 4862.530000000001,
      "p_mean_taxability": 57.85296565068494,
      "d_mean_taxability": 52.674086696035246,
      "p_total_taxability": 16893.065970000003,
      "d_total_taxability": 11957.01768,
      "p_mean_volume": 0.17225660958904113,
      "d_mean_volume": 0.1581804405286344,
      "p_median_volume": 0.102205,
      "d_median_volume": 0.09292,
      "p_std_volume": 0.14645039687492487,
      "d_std_volume": 0.12778575226914354,
      "p_total_volume": 50.298930000000006,
      "d_total_volume": 35.906960000000005,
      "d_max_priority": 0,
      "used_volume": 0.6161517259965211,
      "used_weight": 0.3699245454545454,
      "unload_obs": 5,
      "hs_cond": 1,
      "p_cond": 1,
      "sub_cond": 1
    }
  ],
  "taxability": [
    {
      "iteration": 75,
      "time": "83.3058214187622",
      "n_placed": 341,
      "n_discard": 178,
      "p_mean_weight": 25.511524926686217,
      "d_mean_weight": 24.16539325842697,
      "p_median_weight": 15.3,
      "d_median_weight": 11.525,
      "p_std_weight": 21.300304140816596,
      "d_std_weight": 21.558985152481693,
      "p_total_weight": 8699.43,
      "d_total_weight": 4301.4400000000005,
      "p_mean_taxability": 54.66531695014663,
      "d_mean_taxability": 57.355115561797746,
      "p_total_taxability": 18640.87308,
      "d_total_taxability": 10209.21057,
      "p_mean_volume": 0.16289618768328445,
      "d_mean_volume": 0.17223758426966293,
      "p_median_volume": 0.1009,
      "d_median_volume": 0.09335500000000001,
      "p_std_volume": 0.13489495101138765,
      "d_std_volume": 0.1457481104966384,
      "p_total_volume": 55.5476,
      "d_total_volume": 30.65829,
      "d_max_priority": 0,
      "used_volume": 0.6804468726266016,
      "used_weight": 0.3954286363636364,
      "unload_obs": 4,
      "hs_cond": 1,
      "p_cond": 1,
      "sub_cond": 1
    },
    {
      "iteration": 65,
      "time": "75.5330879688263",
      "n_placed": 289,