{
  "volume": [
    {
      "iteration": 52,
      "time": "30.719584465026855",
      "n_placed": 200,
      "n_discard": 112,
      "p_mean_weight": 41.82495,
      "d_mean_weight": 46.25633928571428,
      "p_median_weight": 35.0,
      "d_median_weight": 41.9,
      "p_std_weight": 27.179757968266898,
      "d_std_weight": 18.36932127096481,
      "p_total_weight": 8364.99,
      "d_total_weight": 5180.71,
      "p_mean_taxability": 93.24653695,
      "d_mean_taxability": 110.5432449107143,
      "p_total_taxability": 18649.30739,
      "d_total_taxability": 12380.84343,
      "p_mean_volume": 0.27989195,
      "d_mean_volume": 0.3319616964285715,
      "p_median_volume": 0.25574,
      "d_median_volume": 0.33204500000000003,
      "p_std_volume": 0.20544056999212926,
      "d_std_volume": 0.13649264824533275,
      "p_total_volume": 55.978390000000005,
      "d_total_volume": 37.17971000000001,
      "d_max_priority": 0,
      "used_volume": 0.6857239630546097,
      "used_weight": 0.3802268181818182,
      "unload_obs": 2,
      "hs_cond": 1,
      "p_cond": 1,
      "sub_cond": 1
    },
    {
      "iteration": 53,
      "time": "31.66892147064209",
      "n_placed": 199,
      "n_discard": 113,
      "p_mean_weight": 41.81673366834171,
      "d_mean_weight": 46.23159292035398,
      "p_median_weight": 35.5,
      "d_median_weight": 43.5,
      "p_std_weight": 27.248529733006283,
      "d_std_weight": 18.28778161419588,
      "p_total_weight": 8321.53,
      "d_total_weight": 5224.17,
      "p_mean_taxability": 93.39322366834172,
      "d_mean_taxability": 110.13185230088496,
      "p_total_taxability": 18585.251510000002,
      "d_total_taxability": 12444.89931,
      "p_mean_volume": 0.28033180904522614,
      "d_mean_volume": 0.3307262831858408,
      "p_median_volume": 0.25646,
      "d_median_volume": 0.33434,
      "p_std_volume": 0.20601910025392817,
      "d_std_volume": 0.13610153566097713,
      "p_total_volume": 55.786030000000004,
      "d_total_volume": 37.37207000000001,
      "d_max_priority": 0,
      "used_volume": 0.6833675919347331,
      "used_weight": 0.3782513636363637,
      "unload_obs": 2,
      "hs_cond": 1,
      "p_cond": 1,
      "sub_cond": 1
    },
    {
      "iteration": 152,
      "time": "16.58428931236267",
      "n_placed": 200,
      "n_discard": 112,
      "p_mean_weight": 42.21995,
      "d_mean_weight": 45.550982142857144,
      "p_median_weight": 37.045,
      "d_median_weight": 42.4,
      "p_std_weight": 24.61333158995926,
      "d_std_weight": 24.10933922291202,
      "p_total_weight": 8443.99,
      "d_total_weight": 5101.71,
      "p_mean_taxability": 92.27054725000002,
      "d_mean_taxability": 112.28608366071431,
      "p_total_taxability": 18454.109450000004,
      "d_total_taxability": 12576.041370000003,
      "p_mean_volume": 0.27696105000000004,
      "d_mean_volume": 0.3371954464285714,
      "p_median_volume": 0.26838000000000006,
      "d_median_volume": 0.30878000000000005,
      "p_std_volume": 0.17044533330550776,
      "d_std_volume": 0.20400970538160434,
      "p_total_volume": 55.392210000000006,
      "d_total_volume": 37.76589,
      "d_max_priority": 0,
      "used_volume": 0.6785433765342872,
      "used_weight": 0.3838177272727273,
      "unload_obs": 0,
      "hs_cond": 1,
      "p_cond": 1,
      "sub_cond": 1
    }
  ],
  "weight": [
    {
      "iteration": 152,
      "time": "16.58428931236267",
      "n_placed": 200,
      "n_discard": 112,
      "p_mean_weight": 42.21995,
      "d_mean_weight": 45.550982142857144,
      "p_median_weight": 37.045,
      "d_median_weight": 42.4,
      "p_std_weight": 24.61333158995926,
      "d_std_weight": 24.10933922291202,
      "p_total_weight": 8443.99,
      "d_total_weight": 5101.71,
      "p_mean_taxability": 92.27054725000002,
      "d_mean_taxability": 112.28608366071431,
      "p_total_taxability": 18454.109450000004,
      "d_total_taxability": 12576.041370000003,
      "p_mean_volume": 0.27696105000000004,
      "d_mean_volume": 0.3371954464285714,
      "p_median_volume": 0.26838000000000006,
      "d_median_volume": 0.30878000000000005,
      "p_std_volume": 0.17044533330550776,
      "d_std_volume": 0.20400970538160434,
      "p_total_volume": 55.392210000000006,
      "d_total_volume": 37.76589,
      "d_max_priority": 0,
      "used_volume": 0.6785433765342872,
      "used_weight": 0.3838177272727273,
      "unload_obs": 0,
      "hs_cond": 1,
      "p_cond": 1,
      "sub_cond": 1
    },
    {
      "iteration": 8,
      "time": "32.087172508239746",
      "n_placed": 200,
      "n_discard": 112,
      "p_mean_weight": 42.025,
      "d_mean_weight": 45.89910714285715,
      "p_median_weight": 37.85,
      "d_median_weight": 41.35,
      "p_std_weight": 24.304529056604174,
      "d_std_weight": 24.613232343656765,
      "p_total_weight": 8405.0,
      "d_total_weight": 5140.700000000001,
      "p_mean_taxability": 91.47241285,
      "d_mean_taxability": 113.71132366071431,
      "p_total_taxability": 18294.48257,
      "d_total_taxability": 12735.668250000002,
      "p_mean_volume": 0.27456425,
      "d_mean_volume": 0.3414754464285714,
      "p_median_volume": 0.259745,
      "d_median_volume": 0.33434,
      "p_std_volume": 0.16650004281297082,
      "d_std_volume": 0.20845651493685374,
      "p_total_volume": 54.912850000000006,
      "d_total_volume": 38.24525,
      "d_max_priority": 0,
      "used_volume": 0.6726713134233285,
      "used_weight": 0.3820454545454545,
      "unload_obs": 0,
      "hs_cond": 1,
      "p_cond": 1,
      "sub_cond": 1
    },
    {
      "iteration": 74,
      "time": "27.1654052734375",
      "n_placed": 203,
      "n_discard": 109,
      "p_mean_weight": 41.2164039408867,
      "d_mean_weight": 47.511651376146794,
      "p_median_weight": 37.09,
      "d_median_weight": 43.5,
      "p_std_weight": 24.139796942192397,
      "d_std_weight": 24.59899220736648,
      "p_total_weight": 8366.93,
      "d_total_weight": 5178.77,
      "p_mean_taxability": 90.5380348768473,
      "d_mean_taxability": 116.06357559633028,
      "p_total_taxability": 18379.221080000003,
      "d_total_taxability": 12650.929740000001,
      "p_mean_volume": 0.271760197044335,
      "d_mean_volume": 0.3485392660550459,
      "p_median_volume": 0.25646,
      "d_median_volume": 0.33434,
      "p_std_volume": 0.1651545438203728,
      "d_std_volume": 0.20935836721643206,
      "p_total_volume": 55.167320000000004,
      "d_total_volume": 37.99078000000001,
      "d_max_priority": 0,
      "used_volume": 0.6757885194894284,
      "used_weight": 0.380315,
      "unload_obs": 0,
      "hs_cond": 1,
      "p_cond": 1,
      "sub_cond": 1
    }
  ],
  "taxability": [
    {
      "iteration": 52,
      "time": "30.719584465026855",
      "n_placed": 200,
      "n_discard": 112,
      "p_mean_weight": 41.82495,
      "d_mean_weight": 46.25633928571428,
      "p_median_weight": 35.0,
      "d_median_weight": 41.9,
      "p_std_weight": 27.179757968266898,
      "d_std_weight": 18.36932127096481,
      "p_total_weight": 8364.99,
      "d_total_weight": 5180.71,
      "p_mean_taxability": 93.24653695,
      "d_mean_taxability": 110.5432449107143,
      "p_total_taxability": 18649.30739,
      "d_total_taxability": 12380.84343,
      "p_mean_volume": 0.27989195,
      "d_mean_volume": 0.3319616964285715,
      "p_median_volume": 0.25574,
      "d_median_volume": 0.33204500000000003,
      "p_std_volume": 0.20544056999212926,
      "d_std_volume": 0.13649264824533275,
      "p_total_volume": 55.978390000000005,
      "d_total_volume": 37.17971000000001,
      "d_max_priority": 0,
      "used_volume": 0.6857239630546097,
      "used_weight": 0.3802268181818182,
      "unload_obs": 2,
      "hs_cond": 1,
      "p_cond": 1,
      "sub_cond": 1
    },
    {
      "iteration": 53,
      "time": "31.66892147064209",
      "n_placed": 199,
      "n_discard": 113,
      "p_mean_weight": 41.81673366834171,