{
  "volume": [
    {
      "iteration": 87,
      "time": "328.24232602119446",
      "n_placed": 395,
      "n_discard": 208,
      "p_mean_weight": 23.449620253164557,
      "d_mean_weight": 23.588173076923077,
      "p_median_weight": 11.75,
      "d_median_weight": 19.68,
      "p_std_weight": 25.129207572179435,
      "d_std_weight": 14.818301275276985,
      "p_total_weight": 9262.6,
      "d_total_weight": 4906.34,
      "p_mean_taxability": 49.645113924050634,
      "d_mean_taxability": 56.92951562500001,
      "p_total_taxability": 19609.82,
      "d_total_taxability": 11841.33925,
      "p_mean_volume": 0.1480926329113924,
      "d_mean_volume": 0.17090668269230772,
      "p_median_volume": 0.06954,
      "d_median_volume": 0.12972,
      "p_std_volume": 0.19067835819625872,
      "d_std_volume": 0.11185958216349885,
      "p_total_volume": 58.49659,
      "d_total_volume": 35.548590000000004,
      "d_max_priority": 0,
      "used_volume": 0.7165714040718327,
      "used_weight": 0.42102727272727275,
      "unload_obs": 0,
      "hs_cond": 1,
      "p_cond": 1,
      "sub_cond": 1
    },
    {
      "iteration": 9,
      "time": "324.7985591888428",
      "n_placed": 390,
      "n_discard": 213,
      "p_mean_weight": 23.48882051282051,
      "d_mean_weight": 23.5131455399061,
      "p_median_weight": 12.0,
      "d_median_weight": 19.5,
      "p_std_weight": 25.168157926483847,
      "d_std_weight": 15.023772733051395,
      "p_total_weight": 9160.64,
      "d_total_weight": 5008.299999999999,
      "p_mean_taxability": 50.115239179487176,
      "d_mean_taxability": 55.89772755868545,
      "p_total_taxability": 19544.94328,
      "d_total_taxability": 11906.215970000001,
      "p_mean_volume": 0.1495015641025641,
      "d_mean_volume": 0.16779140845070423,
      "p_median_volume": 0.07071000000000001,
      "d_median_volume": 0.12250000000000001,
      "p_std_volume": 0.19173278418941003,
      "d_std_volume": 0.11158952489338522,
      "p_total_volume": 58.30561,
      "d_total_volume": 35.73957,
      "d_max_priority": 0,
      "used_volume": 0.7142319376730284,
      "used_weight": 0.41639272727272725,
      "unload_obs": 0,
      "hs_cond": 1,
      "p_cond": 1,
      "sub_cond": 1
    },
    {
      "iteration": 40,
      "time": "316.39317083358765",
      "n_placed": 392,
      "n_discard": 211,
      "p_mean_weight": 23.391071428571426,
      "d_mean_weight": 23.69497630331753,
      "p_median_weight": 11.725,
      "d_median_weight": 19.81,
      "p_std_weight": 25.176387373927305,
      "d_std_weight": 14.866046432964444,
      "p_total_weight": 9169.3,
      "d_total_weight": 4999.639999999999,
      "p_mean_taxability": 49.69701630102041,
      "d_mean_taxability": 56.72952066350711,
      "p_total_taxability": 19481.23039,
      "d_total_taxability": 11969.92886,
      "p_mean_volume": 0.1482507142857143,
      "d_mean_volume": 0.17028862559241706,
      "p_median_volume": 0.068085,
      "d_median_volume": 0.12971000000000002,
      "p_std_volume": 0.19132807323863157,
      "d_std_volume": 0.11140723339988429,
      "p_total_volume": 58.11428,
      "d_total_volume": 35.9309,
      "d_max_priority": 0,
      "used_volume": 0.7118881838449665,
      "used_weight": 0.4167863636363636,
      "unload_obs": 0,
      "hs_cond": 1,
      "p_cond": 1,
      "sub_cond": 1
    }
  ],
  "weight": [
    {
      "iteration": 87,
      "time": "328.24232602119446",
      "n_placed": 395,
      "n_discard": 208,
      "p_mean_weight": 23.449620253164557,
      "d_mean_weight": 23.588173076923077,
      "p_median_weight": 11.75,
      "d_median_weight": 19.68,
      "p_std_weight": 25.129207572179435,
      "d_std_weight": 14.818301275276985,
      "p_total_weight": 9262.6,
      "d_total_weight": 4906.34,
      "p_mean_taxability": 49.645113924050634,
      "d_mean_taxability": 56.92951562500001,
      "p_total_taxability": 19609.82,
      "d_total_taxability": 11841.33925,
      "p_mean_volume": 0.1480926329113924,
      "d_mean_volume": 0.17090668269230772,
      "p_median_volume": 0.06954,
      "d_median_volume": 0.12972,
      "p_std_volume": 0.19067835819625872,
      "d_std_volume": 0.11185958216349885,
      "p_total_volume": 58.49659,
      "d_total_volume": 35.548590000000004,
      "d_max_priority": 0,
      "used_volume": 0.7165714040718327,
      "used_weight": 0.42102727272727275,
      "unload_obs": 0,
      "hs_cond": 1,
      "p_cond": 1,
      "sub_cond": 1
    },
    {
      "iteration": 83,
      "time": "334.64738273620605",
      "n_placed": 393,
      "n_discard": 210,
      "p_mean_weight": 23.405470737913486,
      "d_mean_weight": 23.669476190476193,
      "p_median_weight": 11.75,
      "d_median_weight": 19.805,
      "p_std_weight": 25.128422446256636,
      "d_std_weight": 14.952073841594757,
      "p_total_weight": 9198.35,
      "d_total_weight": 4970.59,
      "p_mean_taxability": 49.536316005089056,
      "d_mean_taxability": 57.06374790476191,
      "p_total_taxability": 19467.77219,
      "d_total_taxability": 11983.387060000001,
      "p_mean_volume": 0.1477608651399491,
      "d_mean_volume": 0.17131028571428572,
      "p_median_volume": 0.06685,
      "d_median_volume": 0.12727000000000002,
      "p_std_volume": 0.1911260004171963,
      "d_std_volume": 0.1113388410279588,
      "p_total_volume": 58.07002,
      "d_total_volume": 35.97516,
      "d_max_priority": 0,
      "used_volume": 0.7113460077908714,
      "used_weight": 0.4181068181818182,
      "unload_obs": 0,
      "hs_cond": 1,
      "p_cond": 1,
      "sub_cond": 1
    },
    {
      "iteration": 40,
      "time": "316.39317083358765",
      "n_placed": 392,
      "n_discard": 211,
      "p_mean_weight": 23.391071428571426,
      "d_mean_weight": 23.69497630331753,
      "p_median_weight": 11.725,
      "d_median_weight": 19.81,
      "p_std_weight": 25.176387373927305,
      "d_std_weight": 14.866046432964444,
      "p_total_weight": 9169.3,
      "d_total_weight": 4999.639999999999,
      "p_mean_taxability": 49.69701630102041,
      "d_mean_taxability": 56.72952066350711,
      "p_total_taxability": 19481.23039,
      "d_total_taxability": 11969.92886,
      "p_mean_volume": 0.1482507142857143,
      "d_mean_volume": 0.17028862559241706,
      "p_median_volume": 0.068085,
      "d_median_volume": 0.12971000000000002,
      "p_std_volume": 0.19132807323863157,
      "d_std_volume": 0.11140723339988429,
      "p_total_volume": 58.11428,
      "d_total_volume": 35.9309,
      "d_max_priority": 0,
      "used_volume": 0.7118881838449665,
      "used_weight": 0.4167863636363636,
      "unload_obs": 0,
      "hs_cond": 1,
      "p_cond": 1,
      "sub_cond": 1
    }
  ],
  "taxability": [
    {
      "iteration": 87,
      "time": "328.24232602119446",
      "n_placed": 395,
      "n_discard": 208,
      "p_mean_weight": 23.449620253164557,
      "d_mean_weight": 23.588173076923077,
      "p_median_weight": 11.75,
      "d_median_weight": 19.68,
      "p_std_weight": 25.129207572179435,
      "d_std_weight": 14.818301275276985,
      "p_total_weight": 9262.6,
      "d_total_weight": 4906.34,
      "p_mean_taxability": 49.645113924050634,
      "d_mean_taxability": 56.92951562500001,
      "p_total_taxability": 19609.82,
      "d_total_taxability": 11841.33925,
      "p_mean_volume": 0.1480926329113924,
      "d_mean_volume": 0.17090668269230772,
      "p_median_volume": 0.06954,
      "d_median_volume": 0.12972,
      "p_std_volume": 0.19067835819625872,
      "d_std_volume": 0.11185958216349885,
      "p_total_volume": 58.49659,
      "d_total_volume": 35.548590000000004,
      "d_max_priority": 0,
      "used_volume": 0.7165714040718327,
      "used_weight": 0.42102727272727275,
      "unload_obs": 0,
      "hs_cond": 1,
      "p_cond": 1,
      "sub_cond": 1
    },
    {
      "iteration": 9,
      "time": "324.7985591888428",
      "n_placed": 390,
      "n_discard": 213,
      "p_mean_weight": 23.48882051282051,