{
  "volume": [
    {
      "iteration": 91,
      "time": "291.3507356643677",
      "n_placed": 337,
      "n_discard": 179,
      "p_mean_weight": 30.72323442136499,
      "d_mean_weight": 17.024469273743016,
      "p_median_weight": 20.7,
      "d_median_weight": 9.6,
      "p_std_weight": 23.97536186817133,
      "d_std_weight": 19.553942535392224,
      "p_total_weight": 10353.730000000001,
      "d_total_weight": 3047.38,
      "p_mean_taxability": 65.91499985163205,
      "d_mean_taxability": 47.35922279329609,
      "p_total_taxability": 22213.35495,
      "d_total_taxability": 8477.30088,
      "p_mean_volume": 0.19741729970326413,
      "d_mean_volume": 0.1422198882681564,
      "p_median_volume": 0.13214,
      "d_median_volume": 0.07662000000000001,
      "p_std_volume": 0.16678680910252877,
      "d_std_volume": 0.17707330579369257,
      "p_total_volume": 66.52963000000001,
      "d_total_volume": 25.457359999999998,
      "d_max_priority": 0,
      "used_volume": 0.8149745204204132,
      "used_weight": 0.47062409090909096,
      "unload_obs": 0,
      "hs_cond": 1,
      "p_cond": 1,
      "sub_cond": 1
    },
    {
      "iteration": 1,
      "time": "285.46471214294434",
      "n_placed": 337,
      "n_discard": 179,
      "p_mean_weight": 30.734213649851633,
      "d_mean_weight": 17.003798882681565,
      "p_median_weight": 20.7,
      "d_median_weight": 9.85,
      "p_std_weight": 23.96113859042295,
      "d_std_weight": 19.572264344087277,
      "p_total_weight": 10357.43,
      "d_total_weight": 3043.6800000000003,
      "p_mean_taxability": 65.90622525222552,
      "d_mean_taxability": 47.37574256983241,
      "p_total_taxability": 22210.39791,
      "d_total_taxability": 8480.257920000002,
      "p_mean_volume": 0.19739094955489617,
      "d_mean_volume": 0.1422694972067039,
      "p_median_volume": 0.13214,
      "d_median_volume": 0.07662000000000001,
      "p_std_volume": 0.16678086623456786,
      "d_std_volume": 0.1770994103152674,
      "p_total_volume": 66.52075,
      "d_total_volume": 25.46624,
      "d_max_priority": 0,
      "used_volume": 0.8148657422152535,
      "used_weight": 0.47079227272727275,
      "unload_obs": 0,
      "hs_cond": 1,
      "p_cond": 1,
      "sub_cond": 1
    },
    {
      "iteration": 144,
      "time": "214.0051248073578",
      "n_placed": 335,
      "n_discard": 181,
      "p_mean_weight": 30.548477611940303,
      "d_mean_weight": 17.4992817679558,
      "p_median_weight": 18.44,
      "d_median_weight": 10.0,
      "p_std_weight": 25.979451433338465,
      "d_std_weight": 14.472060708411346,
      "p_total_weight": 10233.740000000002,
      "d_total_weight": 3167.37,
      "p_mean_taxability": 65.99454797014926,
      "d_mean_taxability": 47.41702906077349,
      "p_total_taxability": 22108.17357,
      "d_total_taxability": 8582.48226,
      "p_mean_volume": 0.19765304477611945,
      "d_mean_volume": 0.1423934806629834,
      "p_median_volume": 0.11054000000000001,
      "d_median_volume": 0.078,
      "p_std_volume": 0.19119504384606936,
      "d_std_volume": 0.12283175770828395,
      "p_total_volume": 66.21377000000001,
      "d_total_volume": 25.77322,
      "d_max_priority": 0,
      "used_volume": 0.8111052992625623,
      "used_weight": 0.4651700000000001,
      "unload_obs": 0,
      "hs_cond": 1,
      "p_cond": 1,
      "sub_cond": 1
    }
  ],
  "weight": [
    {
      "iteration": 1,
      "time": "285.46471214294434",
      "n_placed": 337,
      "n_discard": 179,
      "p_mean_weight": 30.734213649851633,
      "d_mean_weight": 17.003798882681565,
      "p_median_weight": 20.7,
      "d_median_weight": 9.85,
      "p_std_weight": 23.96113859042295,
      "d_std_weight": 19.572264344087277,
      "p_total_weight": 10357.43,
      "d_total_weight": 3043.6800000000003,
      "p_mean_taxability": 65.90622525222552,
      "d_mean_taxability": 47.37574256983241,
      "p_total_taxability": 22210.39791,
      "d_total_taxability": 8480.257920000002,
      "p_mean_volume": 0.19739094955489617,
      "d_mean_volume": 0.1422694972067039,
      "p_median_volume": 0.13214,
      "d_median_volume": 0.07662000000000001,
      "p_std_volume": 0.16678086623456786,
      "d_std_volume": 0.1770994103152674,
      "p_total_volume": 66.52075,
      "d_total_volume": 25.46624,
      "d_max_priority": 0,
      "used_volume": 0.8148657422152535,
      "used_weight": 0.47079227272727275,
      "unload_obs": 0,
      "hs_cond": 1,
      "p_cond": 1,
      "sub_cond": 1
    },
    {
      "iteration": 91,
      "time": "291.3507356643677",
      "n_placed": 337,
      "n_discard": 179,
      "p_mean_weight": 30.72323442136499,
      "d_mean_weight": 17.024469273743016,
      "p_median_weight": 20.7,
      "d_median_weight": 9.6,
      "p_std_weight": 23.97536186817133,
      "d_std_weight": 19.553942535392224,
      "p_total_weight": 10353.730000000001,
      "d_total_weight": 3047.38,
      "p_mean_taxability": 65.91499985163205,
      "d_mean_taxability": 47.35922279329609,
      "p_total_taxability": 22213.35495,
      "d_total_taxability": 8477.30088,
      "p_mean_volume": 0.19741729970326413,
      "d_mean_volume": 0.1422198882681564,
      "p_median_volume": 0.13214,
      "d_median_volume": 0.07662000000000001,
      "p_std_volume": 0.16678680910252877,
      "d_std_volume": 0.17707330579369257,
      "p_total_volume": 66.52963000000001,
      "d_total_volume": 25.457359999999998,
      "d_max_priority": 0,
      "used_volume": 0.8149745204204132,
      "used_weight": 0.47062409090909096,
      "unload_obs": 0,
      "hs_cond": 1,
      "p_cond": 1,
      "sub_cond": 1
    },
    {
      "iteration": 144,
      "time": "214.0051248073578",
      "n_placed": 335,
      "n_discard": 181,
      "p_mean_weight": 30.548477611940303,
      "d_mean_weight": 17.4992817679558,
      "p_median_weight": 18.44,
      "d_median_weight": 10.0,
      "p_std_weight": 25.979451433338465,
      "d_std_weight": 14.472060708411346,
      "p_total_weight": 10233.740000000002,
      "d_total_weight": 3167.37,
      "p_mean_taxability": 65.99454797014926,
      "d_mean_taxability": 47.41702906077349,
      "p_total_taxability": 22108.17357,
      "d_total_taxability": 8582.48226,
      "p_mean_volume": 0.19765304477611945,
      "d_mean_volume": 0.1423934806629834,
      "p_median_volume": 0.11054000000000001,
      "d_median_volume": 0.078,
      "p_std_volume": 0.19119504384606936,
      "d_std_volume": 0.12283175770828395,
      "p_total_volume": 66.21377000000001,
      "d_total_volume": 25.77322,
      "d_max_priority": 0,
      "used_volume": 0.8111052992625623,
      "used_weight": 0.4651700000000001,
      "unload_obs": 0,
      "hs_cond": 1,
      "p_cond": 1,
      "sub_cond": 1
    }
  ],
  "taxability": [
    {
      "iteration": 91,
      "time": "291.3507356643677",
      "n_placed": 337,
      "n_discard": 179,
      "p_mean_weight": 30.72323442136499,
      "d_mean_weight": 17.024469273743016,
      "p_median_weight": 20.7,
      "d_median_weight": 9.6,
      "p_std_weight": 23.97536186817133,
      "d_std_weight": 19.553942535392224,
      "p_total_weight": 10353.730000000001,
      "d_total_weight": 3047.38,
      "p_mean_taxability": 65.91499985163205,
      "d_mean_taxability": 47.35922279329609,
      "p_total_taxability": 22213.35495,
      "d_total_taxability": 8477.30088,
      "p_mean_volume": 0.19741729970326413,
      "d_mean_volume": 0.1422198882681564,
      "p_median_volume": 0.13214,
      "d_median_volume": 0.07662000000000001,
      "p_std_volume": 0.16678680910252877,
      "d_std_volume": 0.17707330579369257,
      "p_total_volume": 66.52963000000001,
      "d_total_volume": 25.457359999999998,
      "d_max_priority": 0,
      "used_volume": 0.8149745204204132,
      "used_weight": 0.47062409090909096,
      "unload_obs": 0,
      "hs_cond": 1,
      "p_cond": 1,
      "sub_cond": 1
    },
    {
      "iteration": 1,
      "time": "285.46471214294434",