{
  "volume": [
    {
      "iteration": 89,
      "time": "315.7611379623413",
      "n_placed": 316,
      "n_discard": 287,
      "p_mean_weight": 33.42768987341772,
      "d_mean_weight": 12.563728222996517,
      "p_median_weight": 28.3,
      "d_median_weight": 9.4,
      "p_std_weight": 25.767021066595444,
      "d_std_weight": 8.288236357988291,
      "p_total_weight": 10563.15,
      "d_total_weight": 3605.7900000000004,
      "p_mean_taxability": 70.68061537974684,
      "d_mean_taxability": 31.763361637630666,
      "p_total_taxability": 22335.074460000003,
      "d_total_taxability": 9116.08479,
      "p_mean_volume": 0.210979588607595,
      "d_mean_volume": 0.09538547038327526,
      "p_median_volume": 0.11821000000000001,
      "d_median_volume": 0.07273,
      "p_std_volume": 0.20819349420820976,
      "d_std_volume": 0.06801308628480449,
      "p_total_volume": 66.66955000000002,
      "d_total_volume": 27.37563,
      "d_max_priority": 1,
      "used_volume": 0.8166885121395498,
      "used_weight": 0.4801431818181818,
      "unload_obs": 0,
      "hs_cond": 1,
      "p_cond": 0,
      "sub_cond": 0
    },
    {
      "iteration": 128,
      "time": "182.13719749450684",
      "n_placed": 318,
      "n_discard": 285,
      "p_mean_weight": 33.27594339622642,
      "d_mean_weight": 12.586631578947369,
      "p_median_weight": 28.3,
      "d_median_weight": 9.5,
      "p_std_weight": 25.77646575778157,
      "d_std_weight": 8.243658930199015,
      "p_total_weight": 10581.75,
      "d_total_weight": 3587.19,
      "p_mean_taxability": 70.21906669811321,
      "d_mean_taxability": 32.0052492631579,
      "p_total_taxability": 22329.663210000002,
      "d_total_taxability": 9121.496040000002,
      "p_mean_volume": 0.20960157232704407,
      "d_mean_volume": 0.0961118596491228,
      "p_median_volume": 0.11609000000000001,
      "d_median_volume": 0.07273,
      "p_std_volume": 0.20801047006084392,
      "d_std_volume": 0.068542732494901,
      "p_total_volume": 66.65330000000002,
      "d_total_volume": 27.39188,
      "d_max_priority": 1,
      "used_volume": 0.816489452924027,
      "used_weight": 0.48098863636363637,
      "unload_obs": 0,
      "hs_cond": 1,
      "p_cond": 0,
      "sub_cond": 0
    },
    {
      "iteration": 14,
      "time": "308.5878496170044",
      "n_placed": 318,
      "n_discard": 285,
      "p_mean_weight": 33.26946540880503,
      "d_mean_weight": 12.593859649122807,
      "p_median_weight": 28.3,
      "d_median_weight": 9.45,
      "p_std_weight": 25.78286991592137,
      "d_std_weight": 8.239501932332338,
      "p_total_weight": 10579.69,
      "d_total_weight": 3589.25,
      "p_mean_taxability": 70.21416594339624,
      "d_mean_taxability": 32.01071747368422,
      "p_total_taxability": 22328.10477,
      "d_total_taxability": 9123.054480000003,
      "p_mean_volume": 0.20958685534591198,
      "d_mean_volume": 0.09612828070175439,
      "p_median_volume": 0.11609000000000001,
      "d_median_volume": 0.07273,
      "p_std_volume": 0.2080262067181984,
      "d_std_volume": 0.06851670057179397,
      "p_total_volume": 66.64862000000001,
      "d_total_volume": 27.39656,
      "d_max_priority": 1,
      "used_volume": 0.8164321238699562,
      "used_weight": 0.480895,
      "unload_obs": 0,
      "hs_cond": 1,
      "p_cond": 0,
      "sub_cond": 0
    }
  ],
  "weight": [
    {
      "iteration": 128,
      "time": "182.13719749450684",
      "n_placed": 318,
      "n_discard": 285,
      "p_mean_weight": 33.27594339622642,
      "d_mean_weight": 12.586631578947369,
      "p_median_weight": 28.3,
      "d_median_weight": 9.5,
      "p_std_weight": 25.77646575778157,
      "d_std_weight": 8.243658930199015,
      "p_total_weight": 10581.75,
      "d_total_weight": 3587.19,
      "p_mean_taxability": 70.21906669811321,
      "d_mean_taxability": 32.0052492631579,
      "p_total_taxability": 22329.663210000002,
      "d_total_taxability": 9121.496040000002,
      "p_mean_volume": 0.20960157232704407,
      "d_mean_volume": 0.0961118596491228,
      "p_median_volume": 0.11609000000000001,
      "d_median_volume": 0.07273,
      "p_std_volume": 0.20801047006084392,
      "d_std_volume": 0.068542732494901,
      "p_total_volume": 66.65330000000002,
      "d_total_volume": 27.39188,
      "d_max_priority": 1,
      "used_volume": 0.816489452924027,
      "used_weight": 0.48098863636363637,
      "unload_obs": 0,
      "hs_cond": 1,
      "p_cond": 0,
      "sub_cond": 0
    },
    {
      "iteration": 14,
      "time": "308.5878496170044",
      "n_placed": 318,
      "n_discard": 285,
      "p_mean_weight": 33.26946540880503,
      "d_mean_weight": 12.593859649122807,
      "p_median_weight": 28.3,
      "d_median_weight": 9.45,
      "p_std_weight": 25.78286991592137,
      "d_std_weight": 8.239501932332338,
      "p_total_weight": 10579.69,
      "d_total_weight": 3589.25,
      "p_mean_taxability": 70.21416594339624,
      "d_mean_taxability": 32.01071747368422,
      "p_total_taxability": 22328.10477,
      "d_total_taxability": 9123.054480000003,
      "p_mean_volume": 0.20958685534591198,
      "d_mean_volume": 0.09612828070175439,
      "p_median_volume": 0.11609000000000001,
      "d_median_volume": 0.07273,
      "p_std_volume": 0.2080262067181984,
      "d_std_volume": 0.06851670057179397,
      "p_total_volume": 66.64862000000001,
      "d_total_volume": 27.39656,
      "d_max_priority": 1,
      "used_volume": 0.8164321238699562,
      "used_weight": 0.480895,
      "unload_obs": 0,
      "hs_cond": 1,
      "p_cond": 0,
      "sub_cond": 0
    },
    {
      "iteration": 28,
      "time": "313.0434901714325",
      "n_placed": 315,
      "n_discard": 288,
      "p_mean_weight": 33.56117460317461,
      "d_mean_weight": 12.49017361111111,
      "p_median_weight": 28.3,
      "d_median_weight": 9.4,
      "p_std_weight": 25.742186648703285,
      "d_std_weight": 8.218681509447016,
      "p_total_weight": 10571.77,
      "d_total_weight": 3597.1699999999996,
      "p_mean_taxability": 70.81190628571429,
      "d_mean_taxability": 31.7548915625,
      "p_total_taxability": 22305.750480000002,
      "d_total_taxability": 9145.40877,
      "p_mean_volume": 0.21136980952380957,
      "d_mean_volume": 0.09536003472222222,
      "p_median_volume": 0.1188,
      "d_median_volume": 0.07248,
      "p_std_volume": 0.20823372255138436,
      "d_std_volume": 0.06848163327867167,
      "p_total_volume": 66.58149000000002,
      "d_total_volume": 27.46369,
      "d_max_priority": 1,
      "used_volume": 0.8156097949383837,
      "used_weight": 0.48053500000000005,
      "unload_obs": 0,
      "hs_cond": 1,
      "p_cond": 0,
      "sub_cond": 0
    }
  ],
  "taxability": [
    {
      "iteration": 89,
      "time": "315.7611379623413",
      "n_placed": 316,
      "n_discard": 287,
      "p_mean_weight": 33.42768987341772,
      "d_mean_weight": 12.563728222996517,
      "p_median_weight": 28.3,
      "d_median_weight": 9.4,
      "p_std_weight": 25.767021066595444,
      "d_std_weight": 8.288236357988291,
      "p_total_weight": 10563.15,
      "d_total_weight": 3605.7900000000004,
      "p_mean_taxability": 70.68061537974684,
      "d_mean_taxability": 31.763361637630666,
      "p_total_taxability": 22335.074460000003,
      "d_total_taxability": 9116.08479,
      "p_mean_volume": 0.210979588607595,
      "d_mean_volume": 0.09538547038327526,
      "p_median_volume": 0.11821000000000001,
      "d_median_volume": 0.07273,
      "p_std_volume": 0.20819349420820976,
      "d_std_volume": 0.06801308628480449,
      "p_total_volume": 66.66955000000002,
      "d_total_volume": 27.37563,
      "d_max_priority": 1,
      "used_volume": 0.8166885121395498,
      "used_weight": 0.4801431818181818,
      "unload_obs": 0,
      "hs_cond": 1,
      "p_cond": 0,
      "sub_cond": 0
    },
    {
      "iteration": 128,
      "time": "182.13719749450684",
      "n_placed": 318,
      "n_discard": 285,