{
  "volume": [
    {
      "iteration": 70,
      "time": "95.20802474021912",
      "n_placed": 303,
      "n_discard": 150,
      "p_mean_weight": 30.982574257425746,
      "d_mean_weight": 32.642599999999995,
      "p_median_weight": 19.92,
      "d_median_weight": 32.85,
      "p_std_weight": 27.065600280001526,
      "d_std_weight": 20.90783596176388,
      "p_total_weight": 9387.720000000001,
      "d_total_weight": 4896.389999999999,
      "p_mean_taxability": 67.11342867986798,
      "d_mean_taxability": 80.0347296,
      "p_total_taxability": 20335.368889999998,
      "d_total_taxability": 12005.20944,
      "p_mean_volume": 0.20008782178217824,
      "d_mean_volume": 0.24034453333333336,
      "p_median_volume": 0.13087000000000001,
      "d_median_volume": 0.268635,
      "p_std_volume": 0.19599000200681255,
      "d_std_volume": 0.13724524307149563,
      "p_total_volume": 60.62661000000001,
      "d_total_volume": 36.051680000000005,
      "d_max_priority": 0,
      "used_volume": 0.742663718548644,
      "used_weight": 0.4267145454545455,
      "unload_obs": 1,
      "hs_cond": 1,
      "p_cond": 1,
      "sub_cond": 1
    }
  ],
  "weight": [
    {
      "iteration": 70,
      "time": "95.20802474021912",
      "n_placed": 303,
      "n_discard": 150,
      "p_mean_weight": 30.982574257425746,
      "d_mean_weight": 32.642599999999995,
      "p_median_weight": 19.92,
      "d_median_weight": 32.85,
      "p_std_weight": 27.065600280001526,
      "d_std_weight": 20.90783596176388,
      "p_total_weight": 9387.720000000001,
      "d_total_weight": 4896.389999999999,
      "p_mean_taxability": 67.11342867986798,
      "d_mean_taxability": 80.0347296,
      "p_total_taxability": 20335.368889999998,
      "d_total_taxability": 12005.20944,
      "p_mean_volume": 0.20008782178217824,
      "d_mean_volume": 0.24034453333333336,
      "p_median_volume": 0.13087000000000001,
      "d_median_volume": 0.268635,
      "p_std_volume": 0.19599000200681255,
      "d_std_volume": 0.13724524307149563,
      "p_total_volume": 60.62661000000001,
      "d_total_volume": 36.051680000000005,
      "d_max_priority": 0,
      "used_volume": 0.742663718548644,
      "used_weight": 0.4267145454545455,
      "unload_obs": 1,
      "hs_cond": 1,
      "p_cond": 1,
      "sub_cond": 1
    }
  ],
  "taxability": [
    {
      "iteration": 70,
      "time": "95.20802474021912",
      "n_placed": 303,
      "n_discard": 150,
      "p_mean_weight": 30.982574257425746,
      "d_mean_weight": 32.642599999999995,
      "p_median_weight": 19.92,
      "d_median_weight": 32.85,
      "p_std_weight": 27.065600280001526,
      "d_std_weight": 20.90783596176388,
      "p_total_weight": 9387.720000000001,
      "d_total_weight": 4896.389999999999,
      "p_mean_taxability": 67.11342867986798,
      "d_mean_taxability": 80.0347296,
      "p_total_taxability": 20335.368889999998,
      "d_total_taxability": 12005.20944,
      "p_mean_volume": 0.20008782178217824,
      "d_mean_volume": 0.24034453333333336,
      "p_median_volume": 0.13087000000000001,
      "d_median_volume": 0.268635,
      "p_std_volume": 0.19599000200681255,
      "d_std_volume": 0.13724524307149563,
      "p_total_volume": 60.62661000000001,
      "d_total_volume": 36.051680000000005,
      "d_max_priority": 0,
      "used_volume": 0.742663718548644,
      "used_weight": 0.4267145454545455,
      "unload_obs": 1,
      "hs_cond": 1,
      "p_cond": 1,
      "sub_cond": 1
    }
  ]
}