{
  "volume": [
    {
      "iteration": 9,
      "time": "67.28288078308105",
      "n_placed": 298,
      "n_discard": 162,
      "p_mean_weight": 30.274597315436246,
      "d_mean_weight": 33.424691358024695,
      "p_median_weight": 20.674999999999997,
      "d_median_weight": 29.35,
      "p_std_weight": 24.430253378553598,
      "d_std_weight": 25.262300790080392,
      "p_total_weight": 9021.830000000002,
      "d_total_weight": 5414.8,
      "p_mean_taxability": 66.08438197986578,
      "d_mean_taxability": 80.70109055555557,
      "p_total_taxability": 19693.14583,
      "d_total_taxability": 13073.576670000002,
      "p_mean_volume": 0.19771617449664433,
      "d_mean_volume": 0.24234561728395063,
      "p_median_volume": 0.15106,
      "d_median_volume": 0.22603,
      "p_std_volume": 0.1694168749424997,
      "d_std_volume": 0.18998078997671214,
      "p_total_volume": 58.91942000000001,
      "d_total_volume": 39.25999,
      "d_max_priority": 0,
      "used_volume": 0.7217509861087293,
      "used_weight": 0.4100831818181819,
      "unload_obs": 2,
      "hs_cond": 1,
      "p_cond": 1,
      "sub_cond": 1
    },
    {
      "iteration": 165,
      "time": "40.245630502700806",
      "n_placed": 295,
      "n_discard": 165,
      "p_mean_weight": 30.423593220338986,
      "d_mean_weight": 33.1010303030303,
      "p_median_weight": 20.65,
      "d_median_weight": 28.7,
      "p_std_weight": 24.47584397043869,
      "d_std_weight": 25.20228448859742,
      "p_total_weight": 8974.960000000001,
      "d_total_weight": 5461.669999999999,
      "p_mean_taxability": 66.56494589830508,
      "d_mean_taxability": 79.57614218181818,
      "p_total_taxability": 19636.65904,
      "d_total_taxability": 13130.063460000001,
      "p_mean_volume": 0.19915183050847463,
      "d_mean_volume": 0.23896739393939395,
      "p_median_volume": 0.15153000000000003,
      "d_median_volume": 0.21946000000000002,
      "p_std_volume": 0.16939079857801118,
      "d_std_volume": 0.19032891229650822,
      "p_total_volume": 58.74979000000001,
      "d_total_volume": 39.42962,
      "d_max_priority": 0,
      "used_volume": 0.7196730528946274,
      "used_weight": 0.4079527272727273,
      "unload_obs": 5,
      "hs_cond": 1,
      "p_cond": 1,
      "sub_cond": 1
    },
    {
      "iteration": 126,
      "time": "30.56093168258667",
      "n_placed": 292,
      "n_discard": 168,
      "p_mean_weight": 31.337671232876712,
      "d_mean_weight": 31.46446428571429,
      "p_median_weight": 21.335,
      "d_median_weight": 23.02,
      "p_std_weight": 24.345268231832176,
      "d_std_weight": 25.49798234964697,
      "p_total_weight": 9150.6,
      "d_total_weight": 5286.030000000001,
      "p_mean_taxability": 67.18553952054795,
      "d_mean_taxability": 78.26514857142858,
      "p_total_taxability": 19618.17754,
      "d_total_taxability": 13148.544960000001,
      "p_mean_volume": 0.20100784246575343,
      "d_mean_volume": 0.23503047619047615,
      "p_median_volume": 0.147075,
      "d_median_volume": 0.18,
      "p_std_volume": 0.15879497310788052,
      "d_std_volume": 0.2059478022549988,
      "p_total_volume": 58.69429,
      "d_total_volume": 39.485119999999995,
      "d_max_priority": 0,
      "used_volume": 0.7189931891123796,
      "used_weight": 0.41593636363636366,
      "unload_obs": 2,
      "hs_cond": 1,
      "p_cond": 1,
      "sub_cond": 1
    }
  ],
  "weight": [
    {
      "iteration": 126,
      "time": "30.56093168258667",
      "n_placed": 292,
      "n_discard": 168,
      "p_mean_weight": 31.337671232876712,
      "d_mean_weight": 31.46446428571429,
      "p_median_weight": 21.335,
      "d_median_weight": 23.02,
      "p_std_weight": 24.345268231832176,
      "d_std_weight": 25.49798234964697,
      "p_total_weight": 9150.6,
      "d_total_weight": 5286.030000000001,
      "p_mean_taxability": 67.18553952054795,
      "d_mean_taxability": 78.26514857142858,
      "p_total_taxability": 19618.17754,
      "d_total_taxability": 13148.544960000001,
      "p_mean_volume": 0.20100784246575343,
      "d_mean_volume": 0.23503047619047615,
      "p_median_volume": 0.147075,
      "d_median_volume": 0.18,
      "p_std_volume": 0.15879497310788052,
      "d_std_volume": 0.2059478022549988,
      "p_total_volume": 58.69429,
      "d_total_volume": 39.485119999999995,
      "d_max_priority": 0,
      "used_volume": 0.7189931891123796,
      "used_weight": 0.41593636363636366,
      "unload_obs": 2,
      "hs_cond": 1,
      "p_cond": 1,
      "sub_cond": 1
    },
    {
      "iteration": 87,
      "time": "69.54533386230469",
      "n_placed": 302,
      "n_discard": 158,
      "p_mean_weight": 29.90539735099338,
      "d_mean_weight": 34.21012658227848,
      "p_median_weight": 20.0,
      "d_median_weight": 30.0,
      "p_std_weight": 24.002518631846794,
      "d_std_weight": 25.948882822370173,
      "p_total_weight": 9031.43,
      "d_total_weight": 5405.199999999999,
      "p_mean_taxability": 64.4119430794702,
      "d_mean_taxability": 84.26782082278483,
      "p_total_taxability": 19452.406810000004,
      "d_total_taxability": 13314.315690000003,
      "p_mean_volume": 0.1927035761589404,
      "d_mean_volume": 0.25305651898734177,
      "p_median_volume": 0.12977,
      "d_median_volume": 0.239795,
      "p_std_volume": 0.15921666643984994,
      "d_std_volume": 0.20404048774232,
      "p_total_volume": 58.19648,
      "d_total_volume": 39.982929999999996,
      "d_max_priority": 0,
      "used_volume": 0.7128951172305658,
      "used_weight": 0.41051954545454544,
      "unload_obs": 3,
      "hs_cond": 1,
      "p_cond": 1,
      "sub_cond": 1
    },
    {
      "iteration": 9,
      "time": "67.28288078308105",
      "n_placed": 298,
      "n_discard": 162,
      "p_mean_weight": 30.274597315436246,
      "d_mean_weight": 33.424691358024695,
      "p_median_weight": 20.674999999999997,
      "d_median_weight": 29.35,
      "p_std_weight": 24.430253378553598,
      "d_std_weight": 25.262300790080392,
      "p_total_weight": 9021.830000000002,
      "d_total_weight": 5414.8,
      "p_mean_taxability": 66.08438197986578,
      "d_mean_taxability": 80.70109055555557,
      "p_total_taxability": 19693.14583,
      "d_total_taxability": 13073.576670000002,
      "p_mean_volume": 0.19771617449664433,
      "d_mean_volume": 0.24234561728395063,
      "p_median_volume": 0.15106,
      "d_median_volume": 0.22603,
      "p_std_volume": 0.1694168749424997,
      "d_std_volume": 0.18998078997671214,
      "p_total_volume": 58.91942000000001,
      "d_total_volume": 39.25999,
      "d_max_priority": 0,
      "used_volume": 0.7217509861087293,
      "used_weight": 0.4100831818181819,
      "unload_obs": 2,
      "hs_cond": 1,
      "p_cond": 1,
      "sub_cond": 1
    }
  ],
  "taxability": [
    {
      "iteration": 9,
      "time": "67.28288078308105",
      "n_placed": 298,
      "n_discard": 162,
      "p_mean_weight": 30.274597315436246,
      "d_mean_weight": 33.424691358024695,
      "p_median_weight": 20.674999999999997,
      "d_median_weight": 29.35,
      "p_std_weight": 24.430253378553598,
      "d_std_weight": 25.262300790080392,
      "p_total_weight": 9021.830000000002,
      "d_total_weight": 5414.8,
      "p_mean_taxability": 66.08438197986578,
      "d_mean_taxability": 80.70109055555557,
      "p_total_taxability": 19693.14583,
      "d_total_taxability": 13073.576670000002,
      "p_mean_volume": 0.19771617449664433,
      "d_mean_volume": 0.24234561728395063,
      "p_median_volume": 0.15106,
      "d_median_volume": 0.22603,
      "p_std_volume": 0.1694168749424997,
      "d_std_volume": 0.18998078997671214,
      "p_total_volume": 58.91942000000001,
      "d_total_volume": 39.25999,
      "d_max_priority": 0,
      "used_volume": 0.7217509861087293,
      "used_weight": 0.4100831818181819,
      "unload_obs": 2,
      "hs_cond": 1,
      "p_cond": 1,
      "sub_cond": 1
    },
    {
      "iteration": 165,