{
  "volume": [
    {
      "iteration": 68,
      "time": "190.98169469833374",
      "n_placed": 338,
      "n_discard": 185,
      "p_mean_weight": 28.60207100591716,
      "d_mean_weight": 20.646054054054055,
      "p_median_weight": 18.645,
      "d_median_weight": 12.0,
      "p_std_weight": 25.76675742081401,
      "d_std_weight": 17.540077899326832,
      "p_total_weight": 9667.5,
      "d_total_weight": 3819.52,
      "p_mean_taxability": 62.28636982248521,
      "d_mean_taxability": 52.586172,
      "p_total_taxability": 21052.793,
      "d_total_taxability": 9728.44182,
      "p_mean_volume": 0.18614707100591715,
      "d_mean_volume": 0.15791643243243242,
      "p_median_volume": 0.10739000000000001,
      "d_median_volume": 0.08932000000000001,
      "p_std_volume": 0.1943176600281455,
      "d_std_volume": 0.13248209499296512,
      "p_total_volume": 62.91771,
      "d_total_volume": 29.21454,
      "d_max_priority": 0,
      "used_volume": 0.7707292304676973,
      "used_weight": 0.4394318181818182,
      "unload_obs": 0,
      "hs_cond": 1,
      "p_cond": 1,
      "sub_cond": 1
    },
    {
      "iteration": 170,
      "time": "101.51465153694153",
      "n_placed": 335,
      "n_discard": 188,
      "p_mean_weight": 28.77701492537313,
      "d_mean_weight": 20.461276595744682,
      "p_median_weight": 20.0,
      "d_median_weight": 10.1,
      "p_std_weight": 25.44804986557623,
      "d_std_weight": 18.397364362154917,
      "p_total_weight": 9640.3,
      "d_total_weight": 3846.7200000000003,
      "p_mean_taxability": 62.61774802985075,
      "d_mean_taxability": 52.150474627659584,
      "p_total_taxability": 20976.945590000003,
      "d_total_taxability": 9804.289230000002,
      "p_mean_volume": 0.18713414925373137,
      "d_mean_volume": 0.15660803191489361,
      "p_median_volume": 0.12250000000000001,
      "d_median_volume": 0.08096500000000001,
      "p_std_volume": 0.19368386742265867,
      "d_std_volume": 0.13499776972948407,
      "p_total_volume": 62.68994000000001,
      "d_total_volume": 29.44231,
      "d_max_priority": 0,
      "used_volume": 0.767939094004949,
      "used_weight": 0.4381954545454545,
      "unload_obs": 2,
      "hs_cond": 1,
      "p_cond": 1,
      "sub_cond": 1
    },
    {
      "iteration": 179,
      "time": "89.02946996688843",
      "n_placed": 341,
      "n_discard": 182,
      "p_mean_weight": 28.49357771260997,
      "d_mean_weight": 20.718186813186815,
      "p_median_weight": 17.2,
      "d_median_weight": 13.0,
      "p_std_weight": 26.040235972726254,
      "d_std_weight": 16.652658092811137,
      "p_total_weight": 9716.31,
      "d_total_weight": 3770.71,
      "p_mean_taxability": 61.370894750733136,
      "d_mean_taxability": 54.14153686813187,
      "p_total_taxability": 20927.47511,
      "d_total_taxability": 9853.75971,
      "p_mean_volume": 0.18340580645161292,
      "d_mean_volume": 0.1625871978021978,
      "p_median_volume": 0.09844000000000001,
      "d_median_volume": 0.10599000000000001,
      "p_std_volume": 0.19539920106784128,
      "d_std_volume": 0.12910112573322113,
      "p_total_volume": 62.541380000000004,
      "d_total_volume": 29.59087,
      "d_max_priority": 0,
      "used_volume": 0.7661192640321435,
      "used_weight": 0.44165045454545454,
      "unload_obs": 0,
      "hs_cond": 1,
      "p_cond": 1,
      "sub_cond": 1
    }
  ],
  "weight": [
    {
      "iteration": 179,
      "time": "89.02946996688843",
      "n_placed": 341,
      "n_discard": 182,
      "p_mean_weight": 28.49357771260997,
      "d_mean_weight": 20.718186813186815,
      "p_median_weight": 17.2,
      "d_median_weight": 13.0,
      "p_std_weight": 26.040235972726254,
      "d_std_weight": 16.652658092811137,
      "p_total_weight": 9716.31,
      "d_total_weight": 3770.71,
      "p_mean_taxability": 61.370894750733136,
      "d_mean_taxability": 54.14153686813187,
      "p_total_taxability": 20927.47511,
      "d_total_taxability": 9853.75971,
      "p_mean_volume": 0.18340580645161292,
      "d_mean_volume": 0.1625871978021978,
      "p_median_volume": 0.09844000000000001,
      "d_median_volume": 0.10599000000000001,
      "p_std_volume": 0.19539920106784128,
      "d_std_volume": 0.12910112573322113,
      "p_total_volume": 62.541380000000004,
      "d_total_volume": 29.59087,
      "d_max_priority": 0,
      "used_volume": 0.7661192640321435,
      "used_weight": 0.44165045454545454,
      "unload_obs": 0,
      "hs_cond": 1,
      "p_cond": 1,
      "sub_cond": 1
    },
    {
      "iteration": 68,
      "time": "190.98169469833374",
      "n_placed": 338,
      "n_discard": 185,
      "p_mean_weight": 28.60207100591716,
      "d_mean_weight": 20.646054054054055,
      "p_median_weight": 18.645,
      "d_median_weight": 12.0,
      "p_std_weight": 25.76675742081401,
      "d_std_weight": 17.540077899326832,
      "p_total_weight": 9667.5,
      "d_total_weight": 3819.52,
      "p_mean_taxability": 62.28636982248521,
      "d_mean_taxability": 52.586172,
      "p_total_taxability": 21052.793,
      "d_total_taxability": 9728.44182,
      "p_mean_volume": 0.18614707100591715,
      "d_mean_volume": 0.15791643243243242,
      "p_median_volume": 0.10739000000000001,
      "d_median_volume": 0.08932000000000001,
      "p_std_volume": 0.1943176600281455,
      "d_std_volume": 0.13248209499296512,
      "p_total_volume": 62.91771,
      "d_total_volume": 29.21454,
      "d_max_priority": 0,
      "used_volume": 0.7707292304676973,
      "used_weight": 0.4394318181818182,
      "unload_obs": 0,
      "hs_cond": 1,
      "p_cond": 1,
      "sub_cond": 1
    },
    {
      "iteration": 170,
      "time": "101.51465153694153",
      "n_placed": 335,
      "n_discard": 188,
      "p_mean_weight": 28.77701492537313,
      "d_mean_weight": 20.461276595744682,
      "p_median_weight": 20.0,
      "d_median_weight": 10.1,
      "p_std_weight": 25.44804986557623,
      "d_std_weight": 18.397364362154917,
      "p_total_weight": 9640.3,
      "d_total_weight": 3846.7200000000003,
      "p_mean_taxability": 62.61774802985075,
      "d_mean_taxability": 52.150474627659584,
      "p_total_taxability": 20976.945590000003,
      "d_total_taxability": 9804.289230000002,
      "p_mean_volume": 0.18713414925373137,
      "d_mean_volume": 0.15660803191489361,
      "p_median_volume": 0.12250000000000001,
      "d_median_volume": 0.08096500000000001,
      "p_std_volume": 0.19368386742265867,
      "d_std_volume": 0.13499776972948407,
      "p_total_volume": 62.68994000000001,
      "d_total_volume": 29.44231,
      "d_max_priority": 0,
      "used_volume": 0.767939094004949,
      "used_weight": 0.4381954545454545,
      "unload_obs": 2,
      "hs_cond": 1,
      "p_cond": 1,
      "sub_cond": 1
    }
  ],
  "taxability": [
    {
      "iteration": 68,
      "time": "190.98169469833374",
      "n_placed": 338,
      "n_discard": 185,
      "p_mean_weight": 28.60207100591716,
      "d_mean_weight": 20.646054054054055,
      "p_median_weight": 18.645,
      "d_median_weight": 12.0,
      "p_std_weight": 25.76675742081401,
      "d_std_weight": 17.540077899326832,
      "p_total_weight": 9667.5,
      "d_total_weight": 3819.52,
      "p_mean_taxability": 62.28636982248521,
      "d_mean_taxability": 52.586172,
      "p_total_taxability": 21052.793,
      "d_total_taxability": 9728.44182,
      "p_mean_volume": 0.18614707100591715,
      "d_mean_volume": 0.15791643243243242,
      "p_median_volume": 0.10739000000000001,
      "d_median_volume": 0.08932000000000001,
      "p_std_volume": 0.1943176600281455,
      "d_std_volume": 0.13248209499296512,
      "p_total_volume": 62.91771,
      "d_total_volume": 29.21454,
      "d_max_priority": 0,
      "used_volume": 0.7707292304676973,
      "used_weight": 0.4394318181818182,
      "unload_obs": 0,
      "hs_cond": 1,
      "p_cond": 1,
      "sub_cond": 1
    },
    {
      "iteration": 170,
      "time": "101.51465153694153",
      "n_placed": 335,