{
  "volume": [
    {
      "iteration": 9,
      "time": "38.98366951942444",
      "n_placed": 245,
      "n_discard": 113,
      "p_mean_weight": 38.63689795918368,
      "d_mean_weight": 38.03309734513275,
      "p_median_weight": 35.0,
      "d_median_weight": 37.0,
      "p_std_weight": 24.57719034836718,
      "d_std_weight": 20.66892012348,
      "p_total_weight": 9466.04,
      "d_total_weight": 4297.740000000001,
      "p_mean_taxability": 83.27062587755101,
      "d_mean_taxability": 97.1992521238938,
      "p_total_taxability": 20401.30334,
      "d_total_taxability": 10983.51549,
      "p_mean_volume": 0.2498170612244898,
      "d_mean_volume": 0.2918896460176992,
      "p_median_volume": 0.25646,
      "d_median_volume": 0.29662000000000005,
      "p_std_volume": 0.1544869343125671,
      "d_std_volume": 0.16396840858035303,
      "p_total_volume": 61.20518,
      "d_total_volume": 32.98353000000001,
      "d_max_priority": 0,
      "used_volume": 0.7497510841071122,
      "used_weight": 0.4302745454545455,
      "unload_obs": 3,
      "hs_cond": 1,
      "p_cond": 1,
      "sub_cond": 1
    },
    {
      "iteration": 10,
      "time": "41.025081634521484",
      "n_placed": 236,
      "n_discard": 122,
      "p_mean_weight": 39.78233050847457,
      "d_mean_weight": 35.86188524590164,
      "p_median_weight": 36.75,
      "d_median_weight": 35.0,
      "p_std_weight": 25.88155161732168,
      "d_std_weight": 17.39393768866904,
      "p_total_weight": 9388.63,
      "d_total_weight": 4375.15,
      "p_mean_taxability": 85.54000317796611,
      "d_mean_taxability": 91.78178754098363,
      "p_total_taxability": 20187.44075,
      "d_total_taxability": 11197.378080000002,
      "p_mean_volume": 0.25662266949152546,
      "d_mean_volume": 0.2756209836065574,
      "p_median_volume": 0.26605,
      "d_median_volume": 0.28301000000000004,
      "p_std_volume": 0.17427093797606147,
      "d_std_volume": 0.12214918058682502,
      "p_total_volume": 60.56295000000001,
      "d_total_volume": 33.62576,
      "d_max_priority": 0,
      "used_volume": 0.7418838964157093,
      "used_weight": 0.42675590909090905,
      "unload_obs": 3,
      "hs_cond": 1,
      "p_cond": 1,
      "sub_cond": 1
    },
    {
      "iteration": 32,
      "time": "43.52491855621338",
      "n_placed": 235,
      "n_discard": 123,
      "p_mean_weight": 40.07697872340425,
      "d_mean_weight": 35.33081300813008,
      "p_median_weight": 35.6,
      "d_median_weight": 36.0,
      "p_std_weight": 26.566002384875684,
      "d_std_weight": 15.22927770229435,
      "p_total_weight": 9418.09,
      "d_total_weight": 4345.69,
      "p_mean_taxability": 85.70328212765959,
      "d_mean_taxability": 91.41908560975611,
      "p_total_taxability": 20140.271300000004,
      "d_total_taxability": 11244.547530000002,
      "p_mean_volume": 0.257111914893617,
      "d_mean_volume": 0.27453178861788624,
      "p_median_volume": 0.25766,
      "d_median_volume": 0.28925,
      "p_std_volume": 0.17934352404128867,
      "d_std_volume": 0.10790606449959622,
      "p_total_volume": 60.4213,
      "d_total_volume": 33.767410000000005,
      "d_max_priority": 0,
      "used_volume": 0.740148712546243,
      "used_weight": 0.428095,
      "unload_obs": 0,
      "hs_cond": 1,
      "p_cond": 1,
      "sub_cond": 1
    }
  ],
  "weight": [
    {
      "iteration": 9,
      "time": "38.98366951942444",
      "n_placed": 245,
      "n_discard": 113,
      "p_mean_weight": 38.63689795918368,
      "d_mean_weight": 38.03309734513275,
      "p_median_weight": 35.0,
      "d_median_weight": 37.0,
      "p_std_weight": 24.57719034836718,
      "d_std_weight": 20.66892012348,
      "p_total_weight": 9466.04,
      "d_total_weight": 4297.740000000001,
      "p_mean_taxability": 83.27062587755101,
      "d_mean_taxability": 97.1992521238938,
      "p_total_taxability": 20401.30334,
      "d_total_taxability": 10983.51549,
      "p_mean_volume": 0.2498170612244898,
      "d_mean_volume": 0.2918896460176992,
      "p_median_volume": 0.25646,
      "d_median_volume": 0.29662000000000005,
      "p_std_volume": 0.1544869343125671,
      "d_std_volume": 0.16396840858035303,
      "p_total_volume": 61.20518,
      "d_total_volume": 32.98353000000001,
      "d_max_priority": 0,
      "used_volume": 0.7497510841071122,
      "used_weight": 0.4302745454545455,
      "unload_obs": 3,
      "hs_cond": 1,
      "p_cond": 1,
      "sub_cond": 1
    },
    {
      "iteration": 32,
      "time": "43.52491855621338",
      "n_placed": 235,
      "n_discard": 123,
      "p_mean_weight": 40.07697872340425,
      "d_mean_weight": 35.33081300813008,
      "p_median_weight": 35.6,
      "d_median_weight": 36.0,
      "p_std_weight": 26.566002384875684,
      "d_std_weight": 15.22927770229435,
      "p_total_weight": 9418.09,
      "d_total_weight": 4345.69,
      "p_mean_taxability": 85.70328212765959,
      "d_mean_taxability": 91.41908560975611,
      "p_total_taxability": 20140.271300000004,
      "d_total_taxability": 11244.547530000002,
      "p_mean_volume": 0.257111914893617,
      "d_mean_volume": 0.27453178861788624,
      "p_median_volume": 0.25766,
      "d_median_volume": 0.28925,
      "p_std_volume": 0.17934352404128867,
      "d_std_volume": 0.10790606449959622,
      "p_total_volume": 60.4213,
      "d_total_volume": 33.767410000000005,
      "d_max_priority": 0,
      "used_volume": 0.740148712546243,
      "used_weight": 0.428095,
      "unload_obs": 0,
      "hs_cond": 1,
      "p_cond": 1,
      "sub_cond": 1
    },
    {
      "iteration": 10,
      "time": "41.025081634521484",
      "n_placed": 236,
      "n_discard": 122,
      "p_mean_weight": 39.78233050847457,
      "d_mean_weight": 35.86188524590164,
      "p_median_weight": 36.75,
      "d_median_weight": 35.0,
      "p_std_weight": 25.88155161732168,
      "d_std_weight": 17.39393768866904,
      "p_total_weight": 9388.63,
      "d_total_weight": 4375.15,
      "p_mean_taxability": 85.54000317796611,
      "d_mean_taxability": 91.78178754098363,
      "p_total_taxability": 20187.44075,
      "d_total_taxability": 11197.378080000002,
      "p_mean_volume": 0.25662266949152546,
      "d_mean_volume": 0.2756209836065574,
      "p_median_volume": 0.26605,
      "d_median_volume": 0.28301000000000004,
      "p_std_volume": 0.17427093797606147,
      "d_std_volume": 0.12214918058682502,
      "p_total_volume": 60.56295000000001,
      "d_total_volume": 33.62576,
      "d_max_priority": 0,
      "used_volume": 0.7418838964157093,
      "used_weight": 0.42675590909090905,
      "unload_obs": 3,
      "hs_cond": 1,
      "p_cond": 1,
      "sub_cond": 1
    }
  ],
  "taxability": [
    {
      "iteration": 9,
      "time": "38.98366951942444",
      "n_placed": 245,
      "n_discard": 113,
      "p_mean_weight": 38.63689795918368,
      "d_mean_weight": 38.03309734513275,
      "p_median_weight": 35.0,
      "d_median_weight": 37.0,
      "p_std_weight": 24.57719034836718,
      "d_std_weight": 20.66892012348,
      "p_total_weight": 9466.04,
      "d_total_weight": 4297.740000000001,
      "p_mean_taxability": 83.27062587755101,
      "d_mean_taxability": 97.1992521238938,
      "p_total_taxability": 20401.30334,
      "d_total_taxability": 10983.51549,
      "p_mean_volume": 0.2498170612244898,
      "d_mean_volume": 0.2918896460176992,
      "p_median_volume": 0.25646,
      "d_median_volume": 0.29662000000000005,
      "p_std_volume": 0.1544869343125671,
      "d_std_volume": 0.16396840858035303,
      "p_total_volume": 61.20518,
      "d_total_volume": 32.98353000000001,
      "d_max_priority": 0,
      "used_volume": 0.7497510841071122,
      "used_weight": 0.4302745454545455,
      "unload_obs": 3,
      "hs_cond": 1,
      "p_cond": 1,
      "sub_cond": 1
    },
    {
      "iteration": 10,
      "time": "41.025081634521484",
      "n_placed": 236,
      "n_discard": 122,
      "p_mean_weight": 39.78233050847457,