{
  "volume": [
    {
      "iteration": 160,
      "time": "32.22484874725342",
      "n_placed": 239,
      "n_discard": 120,
      "p_mean_weight": 39.86661087866109,
      "d_mean_weight": 37.714666666666666,
      "p_median_weight": 35.5,
      "d_median_weight": 37.0,
      "p_std_weight": 25.724086704583375,
      "d_std_weight": 20.19691244118424,
      "p_total_weight": 9528.12,
      "d_total_weight": 4525.76,
      "p_mean_taxability": 85.35865456066946,
      "d_mean_taxability": 93.4284225,
      "p_total_taxability": 20400.71844,
      "d_total_taxability": 11211.4107,
      "p_mean_volume": 0.25503824267782427,
      "d_mean_volume": 0.28056583333333335,
      "p_median_volume": 0.255,
      "d_median_volume": 0.27836500000000003,
      "p_std_volume": 0.17284170092918008,
      "d_std_volume": 0.15469238046008912,
      "p_total_volume": 60.95414,
      "d_total_volume": 33.6679,
      "d_max_priority": 0,
      "used_volume": 0.746675894847735,
      "used_weight": 0.43309636363636367,
      "unload_obs": 1,
      "hs_cond": 1,
      "p_cond": 1,
      "sub_cond": 1
    },
    {
      "iteration": 52,
      "time": "25.59967565536499",
      "n_placed": 239,
      "n_discard": 120,
      "p_mean_weight": 39.791589958159,
      "d_mean_weight": 37.86408333333334,
      "p_median_weight": 35.5,
      "d_median_weight": 37.0,
      "p_std_weight": 25.74019924408661,
      "d_std_weight": 20.171055787678437,
      "p_total_weight": 9510.19,
      "d_total_weight": 4543.6900000000005,
      "p_mean_taxability": 84.90853330543933,
      "d_mean_taxability": 94.324914,
      "p_total_taxability": 20293.139460000002,
      "d_total_taxability": 11318.98968,
      "p_mean_volume": 0.2536865271966527,
      "d_mean_volume": 0.283258,
      "p_median_volume": 0.2497,
      "d_median_volume": 0.28403,
      "p_std_volume": 0.17309791431074295,
      "d_std_volume": 0.15363229306782256,
      "p_total_volume": 60.63108,
      "d_total_volume": 33.99096,
      "d_max_priority": 0,
      "used_volume": 0.7427184751451601,
      "used_weight": 0.43228136363636366,
      "unload_obs": 0,
      "hs_cond": 1,
      "p_cond": 1,
      "sub_cond": 1
    },
    {
      "iteration": 21,
      "time": "50.86195778846741",
      "n_placed": 233,
      "n_discard": 126,
      "p_mean_weight": 40.780600858369105,
      "d_mean_weight": 36.12698412698413,
      "p_median_weight": 36.5,
      "d_median_weight": 35.8,
      "p_std_weight": 26.09665448864053,
      "d_std_weight": 19.31467849154487,
      "p_total_weight": 9501.880000000001,
      "d_total_weight": 4552.0,
      "p_mean_taxability": 87.04959965665236,
      "d_mean_taxability": 89.91724142857144,
      "p_total_taxability": 20282.55672,
      "d_total_taxability": 11329.572420000002,
      "p_mean_volume": 0.2600828326180257,
      "d_mean_volume": 0.270021746031746,
      "p_median_volume": 0.255,
      "d_median_volume": 0.27768000000000004,
      "p_std_volume": 0.17673692178033987,
      "d_std_volume": 0.1484575217579998,
      "p_total_volume": 60.5993,
      "d_total_volume": 34.02274,
      "d_max_priority": 0,
      "used_volume": 0.7423291765685867,
      "used_weight": 0.43190363636363643,
      "unload_obs": 2,
      "hs_cond": 1,
      "p_cond": 1,
      "sub_cond": 1
    }
  ],
  "weight": [
    {
      "iteration": 173,
      "time": "30.589380979537964",
      "n_placed": 242,
      "n_discard": 117,
      "p_mean_weight": 39.48157024793389,
      "d_mean_weight": 38.45589743589745,
      "p_median_weight": 34.4,
      "d_median_weight": 37.7,
      "p_std_weight": 24.885805849797187,
      "d_std_weight": 22.180336941015483,
      "p_total_weight": 9554.54,
      "d_total_weight": 4499.340000000001,
      "p_mean_taxability": 82.9639485123967,
      "d_mean_taxability": 98.5884923076923,
      "p_total_taxability": 20077.275540000002,
      "d_total_taxability": 11534.8536,
      "p_mean_volume": 0.2478629752066116,
      "d_mean_volume": 0.2960615384615385,
      "p_median_volume": 0.2477,
      "d_median_volume": 0.28655,
      "p_std_volume": 0.15422568210306956,
      "d_std_volume": 0.1878698528127613,
      "p_total_volume": 59.98284000000001,
      "d_total_volume": 34.6392,
      "d_max_priority": 1,
      "used_volume": 0.7347776661685084,
      "used_weight": 0.43429727272727275,
      "unload_obs": 0,
      "hs_cond": 1,
      "p_cond": 0,
      "sub_cond": 0
    },
    {
      "iteration": 106,
      "time": "48.58802795410156",
      "n_placed": 242,
      "n_discard": 117,
      "p_mean_weight": 39.47644628099173,
      "d_mean_weight": 38.46649572649574,
      "p_median_weight": 34.4,
      "d_median_weight": 37.7,
      "p_std_weight": 24.887316633727163,
      "d_std_weight": 22.17730551387127,
      "p_total_weight": 9553.3,
      "d_total_weight": 4500.580000000001,
      "p_mean_taxability": 82.93923495867769,
      "d_mean_taxability": 98.63960923076925,
      "p_total_taxability": 20071.29486,
      "d_total_taxability": 11540.834280000003,
      "p_mean_volume": 0.24778876033057853,
      "d_mean_volume": 0.2962150427350428,
      "p_median_volume": 0.2477,
      "d_median_volume": 0.28655,
      "p_std_volume": 0.15421104034816,
      "d_std_volume": 0.18785500764586363,
      "p_total_volume": 59.96488000000001,
      "d_total_volume": 34.657160000000005,
      "d_max_priority": 1,
      "used_volume": 0.7345576597986134,
      "used_weight": 0.43424090909090907,
      "unload_obs": 0,
      "hs_cond": 1,
      "p_cond": 0,
      "sub_cond": 0
    },
    {
      "iteration": 22,
      "time": "48.19557166099548",
      "n_placed": 241,
      "n_discard": 118,
      "p_mean_weight": 39.6250622406639,
      "d_mean_weight": 38.171525423728816,
      "p_median_weight": 34.8,
      "d_median_weight": 37.400000000000006,
      "p_std_weight": 24.837073769540766,
      "d_std_weight": 22.300333086589813,
      "p_total_weight": 9549.64,
      "d_total_weight": 4504.240000000001,
      "p_mean_taxability": 83.23001825726142,
      "d_mean_taxability": 97.9126672881356,
      "p_total_taxability": 20058.434400000002,
      "d_total_taxability": 11553.69474,
      "p_mean_volume": 0.2486566804979253,
      "d_mean_volume": 0.2940320338983051,
      "p_median_volume": 0.2497,
      "d_median_volume": 0.28580000000000005,
      "p_std_volume": 0.1539757754072644,
      "d_std_volume": 0.18848529361824976,
      "p_total_volume": 59.92626,
      "d_total_volume": 34.695780000000006,
      "d_max_priority": 1,
      "used_volume": 0.7340845726045521,
      "used_weight": 0.43407454545454544,
      "unload_obs": 0,
      "hs_cond": 1,
      "p_cond": 0,
      "sub_cond": 0
    }
  ],
  "taxability": [
    {
      "iteration": 160,
      "time": "32.22484874725342",
      "n_placed": 239,
      "n_discard": 120,
      "p_mean_weight": 39.86661087866109,
      "d_mean_weight": 37.714666666666666,
      "p_median_weight": 35.5,
      "d_median_weight": 37.0,
      "p_std_weight": 25.724086704583375,
      "d_std_weight": 20.19691244118424,
      "p_total_weight": 9528.12,
      "d_total_weight": 4525.76,
      "p_mean_taxability": 85.35865456066946,
      "d_mean_taxability": 93.4284225,
      "p_total_taxability": 20400.71844,
      "d_total_taxability": 11211.4107,
      "p_mean_volume": 0.25503824267782427,
      "d_mean_volume": 0.28056583333333335,
      "p_median_volume": 0.255,
      "d_median_volume": 0.27836500000000003,
      "p_std_volume": 0.17284170092918008,
      "d_std_volume": 0.15469238046008912,
      "p_total_volume": 60.95414,
      "d_total_volume": 33.6679,
      "d_max_priority": 0,
      "used_volume": 0.746675894847735,
      "used_weight": 0.43309636363636367,
      "unload_obs": 1,
      "hs_cond": 1,
      "p_cond": 1,
      "sub_cond": 1
    },
    {
      "iteration": 52,
      "time": "25.59967565536499",
      "n_placed": 239,
      "n_discard": 120,
      "p_mean_weight": 39.791589958159,
      "d_mean_weight": 37.86408333333334,