{
  "volume": [
    {
      "iteration": 72,
      "time": "133.60063076019287",
      "n_placed": 330,
      "n_discard": 189,
      "p_mean_weight": 29.22845454545455,
      "d_mean_weight": 20.688783068783067,
      "p_median_weight": 18.37,
      "d_median_weight": 11.9,
      "p_std_weight": 24.33710025808522,
      "d_std_weight": 17.57367131566996,
      "p_total_weight": 9645.390000000001,
      "d_total_weight": 3910.1799999999994,
      "p_mean_taxability": 64.27427987878788,
      "d_mean_taxability": 50.297940952380955,
      "p_total_taxability": 21210.51236,
      "d_total_taxability": 9506.31084,
      "p_mean_volume": 0.1917017878787879,
      "d_mean_volume": 0.15104486772486775,
      "p_median_volume": 0.11108000000000001,
      "d_median_volume": 0.0886,
      "p_std_volume": 0.17270015185105472,
      "d_std_volume": 0.12058532932100743,
      "p_total_volume": 63.261590000000005,
      "d_total_volume": 28.547480000000004,
      "d_max_priority": 0,
      "used_volume": 0.7749416909620992,
      "used_weight": 0.4384268181818182,
      "unload_obs": 0,
      "hs_cond": 1,
      "p_cond": 1,
      "sub_cond": 1
    },
    {
      "iteration": 105,
      "time": "128.91903567314148",
      "n_placed": 334,
      "n_discard": 185,
      "p_mean_weight": 28.418023952095805,
      "d_mean_weight": 21.967297297297296,
      "p_median_weight": 16.925,
      "d_median_weight": 12.5,
      "p_std_weight": 24.266346442286736,
      "d_std_weight": 18.15488514456153,
      "p_total_weight": 9491.619999999999,
      "d_total_weight": 4063.95,
      "p_mean_taxability": 63.059185389221554,
      "d_mean_taxability": 52.189488000000004,
      "p_total_taxability": 21061.76792,
      "d_total_taxability": 9655.05528,
      "p_mean_volume": 0.18806859281437127,
      "d_mean_volume": 0.1567251891891892,
      "p_median_volume": 0.10717000000000002,
      "d_median_volume": 0.09801000000000001,
      "p_std_volume": 0.17301628784995143,
      "d_std_volume": 0.12022763053299415,
      "p_total_volume": 62.814910000000005,
      "d_total_volume": 28.994160000000004,
      "d_max_priority": 0,
      "used_volume": 0.7694699512458045,
      "used_weight": 0.43143727272727267,
      "unload_obs": 0,
      "hs_cond": 1,
      "p_cond": 1,
      "sub_cond": 1
    },
    {
      "iteration": 21,
      "time": "66.66620659828186",
      "n_placed": 336,
      "n_discard": 183,
      "p_mean_weight": 28.17860119047619,
      "d_mean_weight": 22.33639344262295,
      "p_median_weight": 16.835,
      "d_median_weight": 13.0,
      "p_std_weight": 24.146795445282116,
      "d_std_weight": 18.50423836505372,
      "p_total_weight": 9468.01,
      "d_total_weight": 4087.56,
      "p_mean_taxability": 62.62551845238096,
      "d_mean_taxability": 52.86693442622951,
      "p_total_taxability": 21042.1742,
      "d_total_taxability": 9674.649000000001,
      "p_mean_volume": 0.18677401785714287,
      "d_mean_volume": 0.15875956284153006,
      "p_median_volume": 0.10574000000000001,
      "d_median_volume": 0.09730000000000001,
      "p_std_volume": 0.17216166779899358,
      "d_std_volume": 0.12230834103453873,
      "p_total_volume": 62.75607000000001,
      "d_total_volume": 29.053,
      "d_max_priority": 0,
      "used_volume": 0.7687491731386433,
      "used_weight": 0.43036409090909095,
      "unload_obs": 0,
      "hs_cond": 1,
      "p_cond": 1,
      "sub_cond": 1
    }
  ],
  "weight": [
    {
      "iteration": 72,
      "time": "133.60063076019287",
      "n_placed": 330,
      "n_discard": 189,
      "p_mean_weight": 29.22845454545455,
      "d_mean_weight": 20.688783068783067,
      "p_median_weight": 18.37,
      "d_median_weight": 11.9,
      "p_std_weight": 24.33710025808522,
      "d_std_weight": 17.57367131566996,
      "p_total_weight": 9645.390000000001,
      "d_total_weight": 3910.1799999999994,
      "p_mean_taxability": 64.27427987878788,
      "d_mean_taxability": 50.297940952380955,
      "p_total_taxability": 21210.51236,
      "d_total_taxability": 9506.31084,
      "p_mean_volume": 0.1917017878787879,
      "d_mean_volume": 0.15104486772486775,
      "p_median_volume": 0.11108000000000001,
      "d_median_volume": 0.0886,
      "p_std_volume": 0.17270015185105472,
      "d_std_volume": 0.12058532932100743,
      "p_total_volume": 63.261590000000005,
      "d_total_volume": 28.547480000000004,
      "d_max_priority": 0,
      "used_volume": 0.7749416909620992,
      "used_weight": 0.4384268181818182,
      "unload_obs": 0,
      "hs_cond": 1,
      "p_cond": 1,
      "sub_cond": 1
    },
    {
      "iteration": 108,
      "time": "112.61774921417236",
      "n_placed": 332,
      "n_discard": 187,
      "p_mean_weight": 28.83114457831325,
      "d_mean_weight": 21.302834224598932,
      "p_median_weight": 18.025,
      "d_median_weight": 11.9,
      "p_std_weight": 24.03351701428051,
      "d_std_weight": 18.509061221475488,
      "p_total_weight": 9571.939999999999,
      "d_total_weight": 3983.63,
      "p_mean_taxability": 63.34817707831326,
      "d_mean_taxability": 51.792665294117654,
      "p_total_taxability": 21031.594790000003,
      "d_total_taxability": 9685.228410000002,
      "p_mean_volume": 0.18892861445783132,
      "d_mean_volume": 0.1555335294117647,
      "p_median_volume": 0.10996500000000001,
      "d_median_volume": 0.09216,
      "p_std_volume": 0.17053318235781428,
      "d_std_volume": 0.12669181811703098,
      "p_total_volume": 62.7243,
      "d_total_volume": 29.08477,
      "d_max_priority": 0,
      "used_volume": 0.7683599970600485,
      "used_weight": 0.43508818181818176,
      "unload_obs": 0,
      "hs_cond": 1,
      "p_cond": 1,
      "sub_cond": 1
    },
    {
      "iteration": 134,
      "time": "114.96531653404236",
      "n_placed": 327,
      "n_discard": 192,
      "p_mean_weight": 29.197339449541285,
      "d_mean_weight": 20.875208333333333,
      "p_median_weight": 18.3,
      "d_median_weight": 12.0,
      "p_std_weight": 24.472722324902524,
      "d_std_weight": 17.43577699238258,
      "p_total_weight": 9547.53,
      "d_total_weight": 4008.04,
      "p_mean_taxability": 64.22299336391438,
      "d_mean_taxability": 50.60366859375001,
      "p_total_taxability": 21000.918830000002,
      "d_total_taxability": 9715.904370000002,
      "p_mean_volume": 0.19153571865443428,
      "d_mean_volume": 0.15196296875,
      "p_median_volume": 0.11086000000000001,
      "d_median_volume": 0.094185,
      "p_std_volume": 0.1735038261278418,
      "d_std_volume": 0.11980895850149804,
      "p_total_volume": 62.632180000000005,
      "d_total_volume": 29.17689,
      "d_max_priority": 0,
      "used_volume": 0.7672315456794964,
      "used_weight": 0.43397863636363637,
      "unload_obs": 0,
      "hs_cond": 1,
      "p_cond": 1,
      "sub_cond": 1
    }
  ],
  "taxability": [
    {
      "iteration": 72,
      "time": "133.60063076019287",
      "n_placed": 330,
      "n_discard": 189,
      "p_mean_weight": 29.22845454545455,
      "d_mean_weight": 20.688783068783067,
      "p_median_weight": 18.37,
      "d_median_weight": 11.9,
      "p_std_weight": 24.33710025808522,
      "d_std_weight": 17.57367131566996,
      "p_total_weight": 9645.390000000001,
      "d_total_weight": 3910.1799999999994,
      "p_mean_taxability": 64.27427987878788,
      "d_mean_taxability": 50.297940952380955,
      "p_total_taxability": 21210.51236,
      "d_total_taxability": 9506.31084,
      "p_mean_volume": 0.1917017878787879,
      "d_mean_volume": 0.15104486772486775,
      "p_median_volume": 0.11108000000000001,
      "d_median_volume": 0.0886,
      "p_std_volume": 0.17270015185105472,
      "d_std_volume": 0.12058532932100743,
      "p_total_volume": 63.261590000000005,
      "d_total_volume": 28.547480000000004,
      "d_max_priority": 0,
      "used_volume": 0.7749416909620992,
      "used_weight": 0.4384268181818182,
      "unload_obs": 0,
      "hs_cond": 1,
      "p_cond": 1,