{
  "volume": [
    {
      "iteration": 110,
      "time": "247.3300015926361",
      "n_placed": 401,
      "n_discard": 250,
      "p_mean_weight": 25.91261845386534,
      "d_mean_weight": 15.203640000000002,
      "p_median_weight": 16.82,
      "d_median_weight": 10.02,
      "p_std_weight": 23.317346469453994,
      "d_std_weight": 12.956369692658951,
      "p_total_weight": 10390.960000000001,
      "d_total_weight": 3800.9100000000003,
      "p_mean_taxability": 54.220841745635916,
      "d_mean_taxability": 39.32952444,
      "p_total_taxability": 21742.55754,
      "d_total_taxability": 9832.38111,
      "p_mean_volume": 0.16126426433915214,
      "d_mean_volume": 0.11810668,
      "p_median_volume": 0.08656000000000001,
      "d_median_volume": 0.074875,
      "p_std_volume": 0.16286424945493702,
      "d_std_volume": 0.1019113268618783,
      "p_total_volume": 64.66697,
      "d_total_volume": 29.526670000000003,
      "d_max_priority": 1,
      "used_volume": 0.7921573119043537,
      "used_weight": 0.4723163636363637,
      "unload_obs": 3,
      "hs_cond": 1,
      "p_cond": 0,
      "sub_cond": 0
    },
    {
      "iteration": 51,
      "time": "260.06434988975525",
      "n_placed": 397,
      "n_discard": 254,
      "p_mean_weight": 26.094156171284638,
      "d_mean_weight": 15.088543307086615,
      "p_median_weight": 17.0,
      "d_median_weight": 9.79,
      "p_std_weight": 23.336129217900275,
      "d_std_weight": 12.964755684721569,
      "p_total_weight": 10359.380000000001,
      "d_total_weight": 3832.4900000000002,
      "p_mean_taxability": 54.61582957178842,
      "d_mean_taxability": 38.94667051181103,
      "p_total_taxability": 21682.484340000003,
      "d_total_taxability": 9892.454310000001,
      "p_mean_volume": 0.16243468513853904,
      "d_mean_volume": 0.11695696850393701,
      "p_median_volume": 0.09091,
      "d_median_volume": 0.07286000000000001,
      "p_std_volume": 0.16297767953148923,
      "d_std_volume": 0.1022285331905119,
      "p_total_volume": 64.48657,
      "d_total_volume": 29.70707,
      "d_max_priority": 1,
      "used_volume": 0.789947448367102,
      "used_weight": 0.4708809090909091,
      "unload_obs": 3,
      "hs_cond": 1,
      "p_cond": 0,
      "sub_cond": 0
    },
    {
      "iteration": 6,
      "time": "273.7895677089691",
      "n_placed": 392,
      "n_discard": 259,
      "p_mean_weight": 26.059132653061226,
      "d_mean_weight": 15.354015444015445,
      "p_median_weight": 17.060000000000002,
      "d_median_weight": 9.73,
      "p_std_weight": 23.189464464738858,
      "d_std_weight": 13.75385572774433,
      "p_total_weight": 10215.18,
      "d_total_weight": 3976.6900000000005,
      "p_mean_taxability": 55.10824984693878,
      "d_mean_taxability": 38.50387918918919,
      "p_total_taxability": 21602.433940000003,
      "d_total_taxability": 9972.504710000001,
      "p_mean_volume": 0.1639292857142857,
      "d_mean_volume": 0.11557281853281853,
      "p_median_volume": 0.09538,
      "d_median_volume": 0.07163,
      "p_std_volume": 0.161908427326641,
      "d_std_volume": 0.10543995052187805,
      "p_total_volume": 64.26028,
      "d_total_volume": 29.93336,
      "d_max_priority": 1,
      "used_volume": 0.7871754416052135,
      "used_weight": 0.46432636363636365,
      "unload_obs": 1,
      "hs_cond": 1,
      "p_cond": 0,
      "sub_cond": 0
    }
  ],
  "weight": [
    {
      "iteration": 110,
      "time": "247.3300015926361",
      "n_placed": 401,
      "n_discard": 250,
      "p_mean_weight": 25.91261845386534,
      "d_mean_weight": 15.203640000000002,
      "p_median_weight": 16.82,
      "d_median_weight": 10.02,
      "p_std_weight": 23.317346469453994,
      "d_std_weight": 12.956369692658951,
      "p_total_weight": 10390.960000000001,
      "d_total_weight": 3800.9100000000003,
      "p_mean_taxability": 54.220841745635916,
      "d_mean_taxability": 39.32952444,
      "p_total_taxability": 21742.55754,
      "d_total_taxability": 9832.38111,
      "p_mean_volume": 0.16126426433915214,
      "d_mean_volume": 0.11810668,
      "p_median_volume": 0.08656000000000001,
      "d_median_volume": 0.074875,
      "p_std_volume": 0.16286424945493702,
      "d_std_volume": 0.1019113268618783,
      "p_total_volume": 64.66697,
      "d_total_volume": 29.526670000000003,
      "d_max_priority": 1,
      "used_volume": 0.7921573119043537,
      "used_weight": 0.4723163636363637,
      "unload_obs": 3,
      "hs_cond": 1,
      "p_cond": 0,
      "sub_cond": 0
    },
    {
      "iteration": 51,
      "time": "260.06434988975525",
      "n_placed": 397,
      "n_discard": 254,
      "p_mean_weight": 26.094156171284638,
      "d_mean_weight": 15.088543307086615,
      "p_median_weight": 17.0,
      "d_median_weight": 9.79,
      "p_std_weight": 23.336129217900275,
      "d_std_weight": 12.964755684721569,
      "p_total_weight": 10359.380000000001,
      "d_total_weight": 3832.4900000000002,
      "p_mean_taxability": 54.61582957178842,
      "d_mean_taxability": 38.94667051181103,
      "p_total_taxability": 21682.484340000003,
      "d_total_taxability": 9892.454310000001,
      "p_mean_volume": 0.16243468513853904,
      "d_mean_volume": 0.11695696850393701,
      "p_median_volume": 0.09091,
      "d_median_volume": 0.07286000000000001,
      "p_std_volume": 0.16297767953148923,
      "d_std_volume": 0.1022285331905119,
      "p_total_volume": 64.48657,
      "d_total_volume": 29.70707,
      "d_max_priority": 1,
      "used_volume": 0.789947448367102,
      "used_weight": 0.4708809090909091,
      "unload_obs": 3,
      "hs_cond": 1,
      "p_cond": 0,
      "sub_cond": 0
    },
    {
      "iteration": 39,
      "time": "273.32485461235046",
      "n_placed": 413,
      "n_discard": 238,
      "p_mean_weight": 24.990000000000002,
      "d_mean_weight": 16.264705882352942,
      "p_median_weight": 14.84,
      "d_median_weight": 10.1,
      "p_std_weight": 22.996886566393567,
      "d_std_weight": 14.165225014173242,
      "p_total_weight": 10320.87,
      "d_total_weight": 3871.0,
      "p_mean_taxability": 52.22203883777241,
      "d_mean_taxability": 42.04721264705882,
      "p_total_taxability": 21567.702040000004,
      "d_total_taxability": 10007.23661,
      "p_mean_volume": 0.1553413559322034,
      "d_mean_volume": 0.1262086554621849,
      "p_median_volume": 0.07812000000000001,
      "d_median_volume": 0.076535,
      "p_std_volume": 0.16057856854911617,
      "d_std_volume": 0.10734740969696813,
      "p_total_volume": 64.15598000000001,
      "d_total_volume": 30.037660000000006,
      "d_max_priority": 1,
      "used_volume": 0.7858977876865033,
      "used_weight": 0.4691304545454546,
      "unload_obs": 3,
      "hs_cond": 1,
      "p_cond": 0,
      "sub_cond": 0
    }
  ],
  "taxability": [
    {
      "iteration": 110,
      "time": "247.3300015926361",
      "n_placed": 401,
      "n_discard": 250,
      "p_mean_weight": 25.91261845386534,
      "d_mean_weight": 15.203640000000002,
      "p_median_weight": 16.82,
      "d_median_weight": 10.02,
      "p_std_weight": 23.317346469453994,
      "d_std_weight": 12.956369692658951,
      "p_total_weight": 10390.960000000001,
      "d_total_weight": 3800.9100000000003,
      "p_mean_taxability": 54.220841745635916,
      "d_mean_taxability": 39.32952444,
      "p_total_taxability": 21742.55754,
      "d_total_taxability": 9832.38111,
      "p_mean_volume": 0.16126426433915214,
      "d_mean_volume": 0.11810668,
      "p_median_volume": 0.08656000000000001,
      "d_median_volume": 0.074875,
      "p_std_volume": 0.16286424945493702,
      "d_std_volume": 0.1019113268618783,
      "p_total_volume": 64.66697,
      "d_total_volume": 29.526670000000003,
      "d_max_priority": 1,
      "used_volume": 0.7921573119043537,
      "used_weight": 0.4723163636363637,
      "unload_obs": 3,
      "hs_cond": 1,
      "p_cond": 0,
      "sub_cond": 0
    },
    {
      "iteration": 51,