{
  "volume": [
    {
      "iteration": 86,
      "time": "45.10883617401123",
      "n_placed": 242,
      "n_discard": 277,
      "p_mean_weight": 31.235495867768595,
      "d_mean_weight": 21.347364620938627,
      "p_median_weight": 21.200000000000003,
      "d_median_weight": 12.12,
      "p_std_weight": 25.66142132382585,
      "d_std_weight": 18.01003771815383,
      "p_total_weight": 7558.99,
      "d_total_weight": 5913.219999999999,
      "p_mean_taxability": 65.57283623966943,
      "d_mean_taxability": 51.09626534296029,
      "p_total_taxability": 15868.62637,
      "d_total_taxability": 14153.6655,
      "p_mean_volume": 0.19574293388429753,
      "d_mean_volume": 0.15344223826714803,
      "p_median_volume": 0.131675,
      "d_median_volume": 0.08568,
      "p_std_volume": 0.17223630039911458,
      "d_std_volume": 0.12179105423664523,
      "p_total_volume": 47.36979,
      "d_total_volume": 42.5035,
      "d_max_priority": 0,
      "used_volume": 0.5802703530391748,
      "used_weight": 0.34359045454545456,
      "unload_obs": 2,
      "hs_cond": 1,
      "p_cond": 1,
      "sub_cond": 1
    },
    {
      "iteration": 136,
      "time": "39.19806385040283",
      "n_placed": 248,
      "n_discard": 271,
      "p_mean_weight": 30.673306451612902,
      "d_mean_weight": 21.642915129151294,
      "p_median_weight": 18.310000000000002,
      "d_median_weight": 13.0,
      "p_std_weight": 26.1445336239878,
      "d_std_weight": 17.36954898208121,
      "p_total_weight": 7606.98,
      "d_total_weight": 5865.2300000000005,
      "p_mean_taxability": 63.80316608870968,
      "d_mean_taxability": 52.395227601476016,
      "p_total_taxability": 15823.18519,
      "d_total_taxability": 14199.10668,
      "p_mean_volume": 0.19045697580645163,
      "d_mean_volume": 0.1573430258302583,
      "p_median_volume": 0.11293,
      "d_median_volume": 0.10201,
      "p_std_volume": 0.1725820328260737,
      "d_std_volume": 0.1213443676533065,
      "p_total_volume": 47.23333,
      "d_total_volume": 42.63996,
      "d_max_priority": 0,
      "used_volume": 0.5785987456206972,
      "used_weight": 0.3457718181818182,
      "unload_obs": 1,
      "hs_cond": 1,
      "p_cond": 1,
      "sub_cond": 1
    },
    {
      "iteration": 177,
      "time": "29.86542797088623",
      "n_placed": 244,
      "n_discard": 275,
      "p_mean_weight": 31.209221311475407,
      "d_mean_weight": 21.298763636363635,
      "p_median_weight": 19.310000000000002,
      "d_median_weight": 12.5,
      "p_std_weight": 26.335397805623696,
      "d_std_weight": 17.04666381937931,
      "p_total_weight": 7615.049999999999,
      "d_total_weight": 5857.16,
      "p_mean_taxability": 64.50389143442624,
      "d_mean_taxability": 51.93942676363636,
      "p_total_taxability": 15738.94951,
      "d_total_taxability": 14283.34236,
      "p_mean_volume": 0.1925425,
      "d_mean_volume": 0.15597425454545455,
      "p_median_volume": 0.115735,
      "d_median_volume": 0.09844000000000001,
      "p_std_volume": 0.17371101220716273,
      "d_std_volume": 0.1203529922923838,
      "p_total_volume": 46.98037,
      "d_total_volume": 42.892920000000004,
      "d_max_priority": 0,
      "used_volume": 0.5755000367493937,
      "used_weight": 0.34613863636363634,
      "unload_obs": 4,
      "hs_cond": 1,
      "p_cond": 1,
      "sub_cond": 1
    }
  ],
  "weight": [
    {
      "iteration": 156,
      "time": "35.30782699584961",
      "n_placed": 242,
      "n_discard": 277,
      "p_mean_weight": 31.66574380165289,
      "d_mean_weight": 20.97148014440433,
      "p_median_weight": 20.950000000000003,
      "d_median_weight": 12.5,
      "p_std_weight": 26.3962009177163,
      "d_std_weight": 16.828446186802402,
      "p_total_weight": 7663.11,
      "d_total_weight": 5809.1,
      "p_mean_taxability": 64.9439203305785,
      "d_mean_taxability": 51.645715342960294,
      "p_total_taxability": 15716.42872,
      "d_total_taxability": 14305.863150000001,
      "p_mean_volume": 0.19385429752066116,
      "d_mean_volume": 0.15509223826714802,
      "p_median_volume": 0.13163000000000002,
      "d_median_volume": 0.09292,
      "p_std_volume": 0.17266563906887972,
      "d_std_volume": 0.12181131942434394,
      "p_total_volume": 46.91274,
      "d_total_volume": 42.960550000000005,
      "d_max_priority": 0,
      "used_volume": 0.5746715829188819,
      "used_weight": 0.3483231818181818,
      "unload_obs": 4,
      "hs_cond": 1,
      "p_cond": 1,
      "sub_cond": 1
    },
    {
      "iteration": 177,
      "time": "29.86542797088623",
      "n_placed": 244,
      "n_discard": 275,
      "p_mean_weight": 31.209221311475407,
      "d_mean_weight": 21.298763636363635,
      "p_median_weight": 19.310000000000002,
      "d_median_weight": 12.5,
      "p_std_weight": 26.335397805623696,
      "d_std_weight": 17.04666381937931,
      "p_total_weight": 7615.049999999999,
      "d_total_weight": 5857.16,
      "p_mean_taxability": 64.50389143442624,
      "d_mean_taxability": 51.93942676363636,
      "p_total_taxability": 15738.94951,
      "d_total_taxability": 14283.34236,
      "p_mean_volume": 0.1925425,
      "d_mean_volume": 0.15597425454545455,
      "p_median_volume": 0.115735,
      "d_median_volume": 0.09844000000000001,
      "p_std_volume": 0.17371101220716273,
      "d_std_volume": 0.1203529922923838,
      "p_total_volume": 46.98037,
      "d_total_volume": 42.892920000000004,
      "d_max_priority": 0,
      "used_volume": 0.5755000367493937,
      "used_weight": 0.34613863636363634,
      "unload_obs": 4,
      "hs_cond": 1,
      "p_cond": 1,
      "sub_cond": 1
    },
    {
      "iteration": 136,
      "time": "39.19806385040283",
      "n_placed": 248,
      "n_discard": 271,
      "p_mean_weight": 30.673306451612902,
      "d_mean_weight": 21.642915129151294,
      "p_median_weight": 18.310000000000002,
      "d_median_weight": 13.0,
      "p_std_weight": 26.1445336239878,
      "d_std_weight": 17.36954898208121,
      "p_total_weight": 7606.98,
      "d_total_weight": 5865.2300000000005,
      "p_mean_taxability": 63.80316608870968,
      "d_mean_taxability": 52.395227601476016,
      "p_total_taxability": 15823.18519,
      "d_total_taxability": 14199.10668,
      "p_mean_volume": 0.19045697580645163,
      "d_mean_volume": 0.1573430258302583,
      "p_median_volume": 0.11293,
      "d_median_volume": 0.10201,
      "p_std_volume": 0.1725820328260737,
      "d_std_volume": 0.1213443676533065,
      "p_total_volume": 47.23333,
      "d_total_volume": 42.63996,
      "d_max_priority": 0,
      "used_volume": 0.5785987456206972,
      "used_weight": 0.3457718181818182,
      "unload_obs": 1,
      "hs_cond": 1,
      "p_cond": 1,
      "sub_cond": 1
    }
  ],
  "taxability": [
    {
      "iteration": 86,
      "time": "45.10883617401123",
      "n_placed": 242,
      "n_discard": 277,
      "p_mean_weight": 31.235495867768595,
      "d_mean_weight": 21.347364620938627,
      "p_median_weight": 21.200000000000003,
      "d_median_weight": 12.12,
      "p_std_weight": 25.66142132382585,
      "d_std_weight": 18.01003771815383,
      "p_total_weight": 7558.99,
      "d_total_weight": 5913.219999999999,
      "p_mean_taxability": 65.57283623966943,
      "d_mean_taxability": 51.09626534296029,
      "p_total_taxability": 15868.62637,
      "d_total_taxability": 14153.6655,
      "p_mean_volume": 0.19574293388429753,
      "d_mean_volume": 0.15344223826714803,
      "p_median_volume": 0.131675,
      "d_median_volume": 0.08568,
      "p_std_volume": 0.17223630039911458,
      "d_std_volume": 0.12179105423664523,
      "p_total_volume": 47.36979,
      "d_total_volume": 42.5035,
      "d_max_priority": 0,
      "used_volume": 0.5802703530391748,
      "used_weight": 0.34359045454545456,
      "unload_obs": 2,
      "hs_cond": 1,
      "p_cond": 1,
      "sub_cond": 1
    },
    {
      "iteration": 136,
      "time": "39.19806385040283",
      "n_placed": 248,