{
  "volume": [
    {
      "iteration": 144,
      "time": "141.8052957057953",
      "n_placed": 426,
      "n_discard": 226,
      "p_mean_weight": 21.393098591549293,
      "d_mean_weight": 18.128407079646017,
      "p_median_weight": 12.22,
      "d_median_weight": 11.0,
      "p_std_weight": 20.59713504405887,
      "d_std_weight": 16.291526089971324,
      "p_total_weight": 9113.46,
      "d_total_weight": 4097.0199999999995,
      "p_mean_taxability": 46.27721406103287,
      "d_mean_taxability": 44.414317035398234,
      "p_total_taxability": 19714.093190000003,
      "d_total_taxability": 10037.63565,
      "p_mean_volume": 0.1383080751173709,
      "d_mean_volume": 0.13337632743362832,
      "p_median_volume": 0.06904500000000001,
      "d_median_volume": 0.081735,
      "p_std_volume": 0.14789556088172967,
      "d_std_volume": 0.11335392477353143,
      "p_total_volume": 58.91924,
      "d_total_volume": 30.143050000000002,
      "d_max_priority": 0,
      "used_volume": 0.7217487811451111,
      "used_weight": 0.4142481818181818,
      "unload_obs": 5,
      "hs_cond": 1,
      "p_cond": 1,
      "sub_cond": 1
    },
    {
      "iteration": 10,
      "time": "175.05088877677917",
      "n_placed": 449,
      "n_discard": 203,
      "p_mean_weight": 20.10249443207127,
      "d_mean_weight": 20.613103448275865,
      "p_median_weight": 11.28,
      "d_median_weight": 13.81,
      "p_std_weight": 20.097846011441977,
      "d_std_weight": 17.320598042751076,
      "p_total_weight": 9026.02,
      "d_total_weight": 4184.460000000001,
      "p_mean_taxability": 43.661277238307356,
      "d_mean_taxability": 49.98923822660099,
      "p_total_taxability": 19603.913480000003,
      "d_total_taxability": 10147.81536,
      "p_mean_volume": 0.1304863474387528,
      "d_mean_volume": 0.15011783251231528,
      "p_median_volume": 0.06586,
      "d_median_volume": 0.10599000000000001,
      "p_std_volume": 0.14498140411244034,
      "d_std_volume": 0.1160412830355907,
      "p_total_volume": 58.58837,
      "d_total_volume": 30.473920000000003,
      "d_max_priority": 0,
      "used_volume": 0.7176956905211064,
      "used_weight": 0.4102736363636364,
      "unload_obs": 6,
      "hs_cond": 1,
      "p_cond": 1,
      "sub_cond": 1
    },
    {
      "iteration": 86,
      "time": "180.63869428634644",
      "n_placed": 440,
      "n_discard": 212,
      "p_mean_weight": 20.41597727272727,
      "d_mean_weight": 19.940801886792453,
      "p_median_weight": 12.105,
      "d_median_weight": 11.575,
      "p_std_weight": 19.86248407823212,
      "d_std_weight": 18.000650510056843,
      "p_total_weight": 8983.029999999999,
      "d_total_weight": 4227.45,
      "p_mean_taxability": 44.30372090909092,
      "d_mean_taxability": 48.38722471698114,
      "p_total_taxability": 19493.637200000005,
      "d_total_taxability": 10258.09164,
      "p_mean_volume": 0.13240275,
      "d_mean_volume": 0.14530698113207546,
      "p_median_volume": 0.068055,
      "d_median_volume": 0.08551500000000001,
      "p_std_volume": 0.14389555146563854,
      "d_std_volume": 0.12075947050215867,
      "p_total_volume": 58.25721000000001,
      "d_total_volume": 30.805079999999997,
      "d_max_priority": 0,
      "used_volume": 0.713639047455717,
      "used_weight": 0.4083195454545454,
      "unload_obs": 2,
      "hs_cond": 1,
      "p_cond": 1,
      "sub_cond": 1
    }
  ],
  "weight": [
    {
      "iteration": 144,
      "time": "141.8052957057953",
      "n_placed": 426,
      "n_discard": 226,
      "p_mean_weight": 21.393098591549293,
      "d_mean_weight": 18.128407079646017,
      "p_median_weight": 12.22,
      "d_median_weight": 11.0,
      "p_std_weight": 20.59713504405887,
      "d_std_weight": 16.291526089971324,
      "p_total_weight": 9113.46,
      "d_total_weight": 4097.0199999999995,
      "p_mean_taxability": 46.27721406103287,
      "d_mean_taxability": 44.414317035398234,
      "p_total_taxability": 19714.093190000003,
      "d_total_taxability": 10037.63565,
      "p_mean_volume": 0.1383080751173709,
      "d_mean_volume": 0.13337632743362832,
      "p_median_volume": 0.06904500000000001,
      "d_median_volume": 0.081735,
      "p_std_volume": 0.14789556088172967,
      "d_std_volume": 0.11335392477353143,
      "p_total_volume": 58.91924,
      "d_total_volume": 30.143050000000002,
      "d_max_priority": 0,
      "used_volume": 0.7217487811451111,
      "used_weight": 0.4142481818181818,
      "unload_obs": 5,
      "hs_cond": 1,
      "p_cond": 1,
      "sub_cond": 1
    },
    {
      "iteration": 10,
      "time": "175.05088877677917",
      "n_placed": 449,
      "n_discard": 203,
      "p_mean_weight": 20.10249443207127,
      "d_mean_weight": 20.613103448275865,
      "p_median_weight": 11.28,
      "d_median_weight": 13.81,
      "p_std_weight": 20.097846011441977,
      "d_std_weight": 17.320598042751076,
      "p_total_weight": 9026.02,
      "d_total_weight": 4184.460000000001,
      "p_mean_taxability": 43.661277238307356,
      "d_mean_taxability": 49.98923822660099,
      "p_total_taxability": 19603.913480000003,
      "d_total_taxability": 10147.81536,
      "p_mean_volume": 0.1304863474387528,
      "d_mean_volume": 0.15011783251231528,
      "p_median_volume": 0.06586,
      "d_median_volume": 0.10599000000000001,
      "p_std_volume": 0.14498140411244034,
      "d_std_volume": 0.1160412830355907,
      "p_total_volume": 58.58837,
      "d_total_volume": 30.473920000000003,
      "d_max_priority": 0,
      "used_volume": 0.7176956905211064,
      "used_weight": 0.4102736363636364,
      "unload_obs": 6,
      "hs_cond": 1,
      "p_cond": 1,
      "sub_cond": 1
    },
    {
      "iteration": 86,
      "time": "180.63869428634644",
      "n_placed": 440,
      "n_discard": 212,
      "p_mean_weight": 20.41597727272727,
      "d_mean_weight": 19.940801886792453,
      "p_median_weight": 12.105,
      "d_median_weight": 11.575,
      "p_std_weight": 19.86248407823212,
      "d_std_weight": 18.000650510056843,
      "p_total_weight": 8983.029999999999,
      "d_total_weight": 4227.45,
      "p_mean_taxability": 44.30372090909092,
      "d_mean_taxability": 48.38722471698114,
      "p_total_taxability": 19493.637200000005,
      "d_total_taxability": 10258.09164,
      "p_mean_volume": 0.13240275,
      "d_mean_volume": 0.14530698113207546,
      "p_median_volume": 0.068055,
      "d_median_volume": 0.08551500000000001,
      "p_std_volume": 0.14389555146563854,
      "d_std_volume": 0.12075947050215867,
      "p_total_volume": 58.25721000000001,
      "d_total_volume": 30.805079999999997,
      "d_max_priority": 0,
      "used_volume": 0.713639047455717,
      "used_weight": 0.4083195454545454,
      "unload_obs": 2,
      "hs_cond": 1,
      "p_cond": 1,
      "sub_cond": 1
    }
  ],
  "taxability": [
    {
      "iteration": 144,
      "time": "141.8052957057953",
      "n_placed": 426,
      "n_discard": 226,
      "p_mean_weight": 21.393098591549293,
      "d_mean_weight": 18.128407079646017,
      "p_median_weight": 12.22,
      "d_median_weight": 11.0,
      "p_std_weight": 20.59713504405887,
      "d_std_weight": 16.291526089971324,
      "p_total_weight": 9113.46,
      "d_total_weight": 4097.0199999999995,
      "p_mean_taxability": 46.27721406103287,
      "d_mean_taxability": 44.414317035398234,
      "p_total_taxability": 19714.093190000003,
      "d_total_taxability": 10037.63565,
      "p_mean_volume": 0.1383080751173709,
      "d_mean_volume": 0.13337632743362832,
      "p_median_volume": 0.06904500000000001,
      "d_median_volume": 0.081735,
      "p_std_volume": 0.14789556088172967,
      "d_std_volume": 0.11335392477353143,
      "p_total_volume": 58.91924,
      "d_total_volume": 30.143050000000002,
      "d_max_priority": 0,
      "used_volume": 0.7217487811451111,
      "used_weight": 0.4142481818181818,
      "unload_obs": 5,
      "hs_cond": 1,
      "p_cond": 1,