{
  "volume": [
    {
      "iteration": 36,
      "time": "70.17662835121155",
      "n_placed": 302,
      "n_discard": 158,
      "p_mean_weight": 29.918443708609267,
      "d_mean_weight": 34.18518987341772,
      "p_median_weight": 18.345,
      "d_median_weight": 32.5,
      "p_std_weight": 26.483676873864763,
      "d_std_weight": 20.81834151882161,
      "p_total_weight": 9035.369999999999,
      "d_total_weight": 5401.26,
      "p_mean_taxability": 65.34988940397352,
      "d_mean_taxability": 82.47503734177216,
      "p_total_taxability": 19735.666600000004,
      "d_total_taxability": 13031.055900000003,
      "p_mean_volume": 0.19552023178807948,
      "d_mean_volume": 0.24767278481012658,
      "p_median_volume": 0.12677,
      "d_median_volume": 0.26612,
      "p_std_volume": 0.19448365859734307,
      "d_std_volume": 0.1353774710244849,
      "p_total_volume": 59.04711,
      "d_total_volume": 39.1323,
      "d_max_priority": 1,
      "used_volume": 0.7233151627998139,
      "used_weight": 0.4106986363636363,
      "unload_obs": 4,
      "hs_cond": 1,
      "p_cond": 0,
      "sub_cond": 0
    },
    {
      "iteration": 170,
      "time": "39.0095329284668",
      "n_placed": 294,
      "n_discard": 166,
      "p_mean_weight": 30.653231292517006,
      "d_mean_weight": 32.67819277108433,
      "p_median_weight": 21.8,
      "d_median_weight": 22.25,
      "p_std_weight": 22.79836858948959,
      "d_std_weight": 27.88757862494724,
      "p_total_weight": 9012.05,
      "d_total_weight": 5424.58,
      "p_mean_taxability": 67.03087942176872,
      "d_mean_taxability": 78.67255391566266,
      "p_total_taxability": 19707.078550000002,
      "d_total_taxability": 13059.643950000001,
      "p_mean_volume": 0.20054850340136054,
      "d_mean_volume": 0.23625391566265055,
      "p_median_volume": 0.15922000000000003,
      "d_median_volume": 0.18,
      "p_std_volume": 0.15363545114414348,
      "d_std_volume": 0.213105296260491,
      "p_total_volume": 58.96126,
      "d_total_volume": 39.218149999999994,
      "d_max_priority": 1,
      "used_volume": 0.7222635176519587,
      "used_weight": 0.40963863636363634,
      "unload_obs": 1,
      "hs_cond": 1,
      "p_cond": 0,
      "sub_cond": 0
    },
    {
      "iteration": 9,
      "time": "67.28288078308105",
      "n_placed": 298,
      "n_discard": 162,
      "p_mean_weight": 30.274597315436246,
      "d_mean_weight": 33.424691358024695,
      "p_median_weight": 20.674999999999997,
      "d_median_weight": 29.35,
      "p_std_weight": 24.430253378553598,
      "d_std_weight": 25.262300790080392,
      "p_total_weight": 9021.830000000002,
      "d_total_weight": 5414.8,
      "p_mean_taxability": 66.08438197986578,
      "d_mean_taxability": 80.70109055555557,
      "p_total_taxability": 19693.14583,
      "d_total_taxability": 13073.576670000002,
      "p_mean_volume": 0.19771617449664433,
      "d_mean_volume": 0.24234561728395063,
      "p_median_volume": 0.15106,
      "d_median_volume": 0.22603,
      "p_std_volume": 0.1694168749424997,
      "d_std_volume": 0.18998078997671214,
      "p_total_volume": 58.91942000000001,
      "d_total_volume": 39.25999,
      "d_max_priority": 0,
      "used_volume": 0.7217509861087293,
      "used_weight": 0.4100831818181819,
      "unload_obs": 2,
      "hs_cond": 1,
      "p_cond": 1,
      "sub_cond": 1
    }
  ],
  "weight": [
    {
      "iteration": 126,
      "time": "30.56093168258667",
      "n_placed": 292,
      "n_discard": 168,
      "p_mean_weight": 31.337671232876712,
      "d_mean_weight": 31.46446428571429,
      "p_median_weight": 21.335,
      "d_median_weight": 23.02,
      "p_std_weight": 24.345268231832176,
      "d_std_weight": 25.49798234964697,
      "p_total_weight": 9150.6,
      "d_total_weight": 5286.030000000001,
      "p_mean_taxability": 67.18553952054795,
      "d_mean_taxability": 78.26514857142858,
      "p_total_taxability": 19618.17754,
      "d_total_taxability": 13148.544960000001,
      "p_mean_volume": 0.20100784246575343,
      "d_mean_volume": 0.23503047619047615,
      "p_median_volume": 0.147075,
      "d_median_volume": 0.18,
      "p_std_volume": 0.15879497310788052,
      "d_std_volume": 0.2059478022549988,
      "p_total_volume": 58.69429,
      "d_total_volume": 39.485119999999995,
      "d_max_priority": 0,
      "used_volume": 0.7189931891123796,
      "used_weight": 0.41593636363636366,
      "unload_obs": 2,
      "hs_cond": 1,
      "p_cond": 1,
      "sub_cond": 1
    },
    {
      "iteration": 149,
      "time": "51.3493812084198",
      "n_placed": 293,
      "n_discard": 167,
      "p_mean_weight": 30.953412969283278,
      "d_mean_weight": 32.13940119760478,
      "p_median_weight": 22.0,
      "d_median_weight": 23.0,
      "p_std_weight": 23.972819339386685,
      "d_std_weight": 26.100917093720128,
      "p_total_weight": 9069.35,
      "d_total_weight": 5367.279999999999,
      "p_mean_taxability": 66.04782924914677,
      "d_mean_taxability": 80.32759598802397,
      "p_total_taxability": 19352.013970000004,
      "d_total_taxability": 13414.708530000004,
      "p_mean_volume": 0.1975938566552901,
      "d_mean_volume": 0.24122401197604795,
      "p_median_volume": 0.1521,
      "d_median_volume": 0.18743,
      "p_std_volume": 0.15685313722503466,
      "d_std_volume": 0.20765382705752963,
      "p_total_volume": 57.895,
      "d_total_volume": 40.28441000000001,
      "d_max_priority": 1,
      "used_volume": 0.7092020481662052,
      "used_weight": 0.4122431818181818,
      "unload_obs": 3,
      "hs_cond": 1,
      "p_cond": 0,
      "sub_cond": 0
    },
    {
      "iteration": 25,
      "time": "64.65635299682617",
      "n_placed": 280,
      "n_discard": 180,
      "p_mean_weight": 32.38228571428571,
      "d_mean_weight": 29.831055555555558,
      "p_median_weight": 21.57,
      "d_median_weight": 23.77,
      "p_std_weight": 26.721935677822586,
      "d_std_weight": 21.287246306278295,
      "p_total_weight": 9067.039999999999,
      "d_total_weight": 5369.59,
      "p_mean_taxability": 69.89950203571429,
      "d_mean_taxability": 73.30478850000002,
      "p_total_taxability": 19571.86057,
      "d_total_taxability": 13194.861930000003,
      "p_mean_volume": 0.20912571428571428,
      "d_mean_volume": 0.22013449999999998,
      "p_median_volume": 0.15106,
      "d_median_volume": 0.187315,
      "p_std_volume": 0.195707963029194,
      "d_std_volume": 0.1465630200345505,
      "p_total_volume": 58.5552,
      "d_total_volume": 39.62421,
      "d_max_priority": 1,
      "used_volume": 0.717289364725482,
      "used_weight": 0.4121381818181818,
      "unload_obs": 2,
      "hs_cond": 1,
      "p_cond": 0,
      "sub_cond": 0
    }
  ],
  "taxability": [
    {
      "iteration": 36,
      "time": "70.17662835121155",
      "n_placed": 302,
      "n_discard": 158,
      "p_mean_weight": 29.918443708609267,
      "d_mean_weight": 34.18518987341772,
      "p_median_weight": 18.345,
      "d_median_weight": 32.5,
      "p_std_weight": 26.483676873864763,
      "d_std_weight": 20.81834151882161,
      "p_total_weight": 9035.369999999999,
      "d_total_weight": 5401.26,
      "p_mean_taxability": 65.34988940397352,
      "d_mean_taxability": 82.47503734177216,
      "p_total_taxability": 19735.666600000004,
      "d_total_taxability": 13031.055900000003,
      "p_mean_volume": 0.19552023178807948,
      "d_mean_volume": 0.24767278481012658,
      "p_median_volume": 0.12677,
      "d_median_volume": 0.26612,
      "p_std_volume": 0.19448365859734307,
      "d_std_volume": 0.1353774710244849,
      "p_total_volume": 59.04711,
      "d_total_volume": 39.1323,
      "d_max_priority": 1,
      "used_volume": 0.7233151627998139,
      "used_weight": 0.4106986363636363,
      "unload_obs": 4,
      "hs_cond": 1,
      "p_cond": 0,
      "sub_cond": 0
    },
    {
      "iteration": 170,
      "time": "39.0095329284668",
      "n_placed": 294,
      "n_discard": 166,