{
  "volume": [
    {
      "iteration": 95,
      "time": "195.57477259635925",
      "n_placed": 351,
      "n_discard": 172,
      "p_mean_weight": 28.043618233618233,
      "d_mean_weight": 21.184360465116278,
      "p_median_weight": 17.2,
      "d_median_weight": 12.7,
      "p_std_weight": 25.604070184520232,
      "d_std_weight": 17.611680107155887,
      "p_total_weight": 9843.31,
      "d_total_weight": 3643.71,
      "p_mean_taxability": 60.58507185185186,
      "d_mean_taxability": 55.32485232558139,
      "p_total_taxability": 21265.360220000002,
      "d_total_taxability": 9515.8746,
      "p_mean_volume": 0.18107136752136754,
      "d_mean_volume": 0.16614069767441864,
      "p_median_volume": 0.10032,
      "d_median_volume": 0.10599000000000001,
      "p_std_volume": 0.19295892145475338,
      "d_std_volume": 0.1322838248128347,
      "p_total_volume": 63.556050000000006,
      "d_total_volume": 28.576200000000004,
      "d_max_priority": 1,
      "used_volume": 0.7785487664453538,
      "used_weight": 0.4474231818181818,
      "unload_obs": 1,
      "hs_cond": 1,
      "p_cond": 0,
      "sub_cond": 0
    },
    {
      "iteration": 64,
      "time": "191.65719723701477",
      "n_placed": 338,
      "n_discard": 185,
      "p_mean_weight": 28.699349112426038,
      "d_mean_weight": 20.468324324324325,
      "p_median_weight": 18.985,
      "d_median_weight": 11.85,
      "p_std_weight": 25.49041584344642,
      "d_std_weight": 18.18527829408647,
      "p_total_weight": 9700.380000000001,
      "d_total_weight": 3786.6400000000003,
      "p_mean_taxability": 62.70384147928994,
      "d_mean_taxability": 51.82344,
      "p_total_taxability": 21193.89842,
      "d_total_taxability": 9587.3364,
      "p_mean_volume": 0.18740073964497045,
      "d_mean_volume": 0.15562594594594595,
      "p_median_volume": 0.10739000000000001,
      "d_median_volume": 0.08932000000000001,
      "p_std_volume": 0.1949801599319969,
      "d_std_volume": 0.13015740297515233,
      "p_total_volume": 63.34145000000001,
      "d_total_volume": 28.7908,
      "d_max_priority": 1,
      "used_volume": 0.7759199598206631,
      "used_weight": 0.44092636363636367,
      "unload_obs": 0,
      "hs_cond": 1,
      "p_cond": 0,
      "sub_cond": 0
    },
    {
      "iteration": 34,
      "time": "192.38825750350952",
      "n_placed": 330,
      "n_discard": 193,
      "p_mean_weight": 29.28275757575758,
      "d_mean_weight": 19.811968911917095,
      "p_median_weight": 17.299999999999997,
      "d_median_weight": 12.12,
      "p_std_weight": 26.605290923773417,
      "d_std_weight": 15.158276522905297,
      "p_total_weight": 9663.310000000001,
      "d_total_weight": 3823.709999999999,
      "p_mean_taxability": 63.886312969696974,
      "d_mean_taxability": 50.25259865284975,
      "p_total_taxability": 21082.48328,
      "d_total_taxability": 9698.751540000001,
      "p_mean_volume": 0.19092990909090912,
      "d_mean_volume": 0.15090870466321243,
      "p_median_volume": 0.105465,
      "d_median_volume": 0.09384,
      "p_std_volume": 0.2014221428826949,
      "d_std_volume": 0.11426380299953932,
      "p_total_volume": 63.006870000000006,
      "d_total_volume": 29.12538,
      "d_max_priority": 1,
      "used_volume": 0.7718214224465297,
      "used_weight": 0.4392413636363637,
      "unload_obs": 0,
      "hs_cond": 1,
      "p_cond": 0,
      "sub_cond": 0
    }
  ],
  "weight": [
    {
      "iteration": 95,
      "time": "195.57477259635925",
      "n_placed": 351,
      "n_discard": 172,
      "p_mean_weight": 28.043618233618233,
      "d_mean_weight": 21.184360465116278,
      "p_median_weight": 17.2,
      "d_median_weight": 12.7,
      "p_std_weight": 25.604070184520232,
      "d_std_weight": 17.611680107155887,
      "p_total_weight": 9843.31,
      "d_total_weight": 3643.71,
      "p_mean_taxability": 60.58507185185186,
      "d_mean_taxability": 55.32485232558139,
      "p_total_taxability": 21265.360220000002,
      "d_total_taxability": 9515.8746,
      "p_mean_volume": 0.18107136752136754,
      "d_mean_volume": 0.16614069767441864,
      "p_median_volume": 0.10032,
      "d_median_volume": 0.10599000000000001,
      "p_std_volume": 0.19295892145475338,
      "d_std_volume": 0.1322838248128347,
      "p_total_volume": 63.556050000000006,
      "d_total_volume": 28.576200000000004,
      "d_max_priority": 1,
      "used_volume": 0.7785487664453538,
      "used_weight": 0.4474231818181818,
      "unload_obs": 1,
      "hs_cond": 1,
      "p_cond": 0,
      "sub_cond": 0
    },
    {
      "iteration": 7,
      "time": "185.85187435150146",
      "n_placed": 339,
      "n_discard": 184,
      "p_mean_weight": 28.766961651917406,
      "d_mean_weight": 20.29902173913043,
      "p_median_weight": 18.0,
      "d_median_weight": 12.059999999999999,
      "p_std_weight": 26.080558957469222,
      "d_std_weight": 16.440182285281853,
      "p_total_weight": 9752.0,
      "d_total_weight": 3735.0199999999995,
      "p_mean_taxability": 61.95078032448379,
      "d_mean_taxability": 53.15174070652175,
      "p_total_taxability": 21001.314530000003,
      "d_total_taxability": 9779.920290000002,
      "p_mean_volume": 0.18514194690265492,
      "d_mean_volume": 0.15961483695652176,
      "p_median_volume": 0.1009,
      "d_median_volume": 0.10455,
      "p_std_volume": 0.1960731871035203,
      "d_std_volume": 0.12755884527395012,
      "p_total_volume": 62.763120000000015,
      "d_total_volume": 29.369130000000002,
      "d_max_priority": 1,
      "used_volume": 0.7688355342136857,
      "used_weight": 0.44327272727272726,
      "unload_obs": 0,
      "hs_cond": 1,
      "p_cond": 0,
      "sub_cond": 0
    },
    {
      "iteration": 88,
      "time": "191.1638786792755",
      "n_placed": 339,
      "n_discard": 184,
      "p_mean_weight": 28.676401179941,
      "d_mean_weight": 20.465869565217393,
      "p_median_weight": 18.0,
      "d_median_weight": 12.0,
      "p_std_weight": 25.65471764229796,
      "d_std_weight": 17.713518480094304,
      "p_total_weight": 9721.3,
      "d_total_weight": 3765.7200000000003,
      "p_mean_taxability": 61.91970032448377,
      "d_mean_taxability": 53.20900222826087,
      "p_total_taxability": 20990.77841,
      "d_total_taxability": 9790.45641,
      "p_mean_volume": 0.18504861356932154,
      "d_mean_volume": 0.15978679347826089,
      "p_median_volume": 0.10494,
      "d_median_volume": 0.09297000000000001,
      "p_std_volume": 0.193565922639404,
      "d_std_volume": 0.1344783307428703,
      "p_total_volume": 62.731480000000005,
      "d_total_volume": 29.40077,
      "d_max_priority": 1,
      "used_volume": 0.768447950608815,
      "used_weight": 0.4418772727272727,
      "unload_obs": 0,
      "hs_cond": 1,
      "p_cond": 0,
      "sub_cond": 0
    }
  ],
  "taxability": [
    {
      "iteration": 95,
      "time": "195.57477259635925",
      "n_placed": 351,
      "n_discard": 172,
      "p_mean_weight": 28.043618233618233,
      "d_mean_weight": 21.184360465116278,
      "p_median_weight": 17.2,
      "d_median_weight": 12.7,
      "p_std_weight": 25.604070184520232,
      "d_std_weight": 17.611680107155887,
      "p_total_weight": 9843.31,
      "d_total_weight": 3643.71,
      "p_mean_taxability": 60.58507185185186,
      "d_mean_taxability": 55.32485232558139,
      "p_total_taxability": 21265.360220000002,
      "d_total_taxability": 9515.8746,
      "p_mean_volume": 0.18107136752136754,
      "d_mean_volume": 0.16614069767441864,
      "p_median_volume": 0.10032,
      "d_median_volume": 0.10599000000000001,
      "p_std_volume": 0.19295892145475338,
      "d_std_volume": 0.1322838248128347,
      "p_total_volume": 63.556050000000006,
      "d_total_volume": 28.576200000000004,
      "d_max_priority": 1,
      "used_volume": 0.7785487664453538,
      "used_weight": 0.4474231818181818,
      "unload_obs": 1,
      "hs_cond": 1,
      "p_cond": 0,