{
  "volume": [
    {
      "iteration": 153,
      "time": "85.76271080970764",
      "n_placed": 377,
      "n_discard": 125,
      "p_mean_weight": 24.9468700265252,
      "d_mean_weight": 26.592080000000006,
      "p_median_weight": 14.62,
      "d_median_weight": 20.0,
      "p_std_weight": 21.78387154126068,
      "d_std_weight": 19.518548427982136,
      "p_total_weight": 9404.970000000001,
      "d_total_weight": 3324.0100000000007,
      "p_mean_taxability": 53.89472201591512,
      "d_mean_taxability": 67.13096184,
      "p_total_taxability": 20318.3102,
      "d_total_taxability": 8391.37023,
      "p_mean_volume": 0.16090302387267907,
      "d_mean_volume": 0.20159448000000002,
      "p_median_volume": 0.098,
      "d_median_volume": 0.18,
      "p_std_volume": 0.14001608429027293,
      "d_std_volume": 0.14292625829571315,
      "p_total_volume": 60.66044000000001,
      "d_total_volume": 25.199310000000004,
      "d_max_priority": 0,
      "used_volume": 0.7430781292108681,
      "used_weight": 0.42749863636363644,
      "unload_obs": 1,
      "hs_cond": 1,
      "p_cond": 1,
      "sub_cond": 1
    },
    {
      "iteration": 80,
      "time": "173.09822249412537",
      "n_placed": 329,
      "n_discard": 173,
      "p_mean_weight": 28.011854103343463,
      "d_mean_weight": 20.306820809248556,
      "p_median_weight": 18.0,
      "d_median_weight": 12.0,
      "p_std_weight": 23.024058306065164,
      "d_std_weight": 16.231334065062473,
      "p_total_weight": 9215.9,
      "d_total_weight": 3513.0800000000004,
      "p_mean_taxability": 59.465000851063834,
      "d_mean_taxability": 52.86528988439307,
      "p_total_taxability": 19563.98528,
      "d_total_taxability": 9145.695150000001,
      "p_mean_volume": 0.17749300911854107,
      "d_mean_volume": 0.15875462427745665,
      "p_median_volume": 0.11248000000000001,
      "d_median_volume": 0.09487000000000001,
      "p_std_volume": 0.14842686238824024,
      "d_std_volume": 0.12745190401336212,
      "p_total_volume": 58.39520000000001,
      "d_total_volume": 27.46455,
      "d_max_priority": 0,
      "used_volume": 0.7153293970649486,
      "used_weight": 0.4189045454545454,
      "unload_obs": 0,
      "hs_cond": 1,
      "p_cond": 1,
      "sub_cond": 1
    },
    {
      "iteration": 34,
      "time": "85.38652038574219",
      "n_placed": 326,
      "n_discard": 176,
      "p_mean_weight": 27.783067484662578,
      "d_mean_weight": 20.861931818181816,
      "p_median_weight": 18.0,
      "d_median_weight": 11.925,
      "p_std_weight": 22.937853586963413,
      "d_std_weight": 16.809629611485338,
      "p_total_weight": 9057.28,
      "d_total_weight": 3671.7,
      "p_mean_taxability": 59.32445720858897,
      "d_mean_taxability": 53.23811011363637,
      "p_total_taxability": 19339.773050000003,
      "d_total_taxability": 9369.90738,
      "p_mean_volume": 0.17706101226993864,
      "d_mean_volume": 0.15987420454545453,
      "p_median_volume": 0.11070000000000002,
      "d_median_volume": 0.09384,
      "p_std_volume": 0.1483309029948913,
      "d_std_volume": 0.12818206377512165,
      "p_total_volume": 57.72189,
      "d_total_volume": 28.13786,
      "d_max_priority": 0,
      "used_volume": 0.7070814856554867,
      "used_weight": 0.4116945454545455,
      "unload_obs": 0,
      "hs_cond": 1,
      "p_cond": 1,
      "sub_cond": 1
    }
  ],
  "weight": [
    {
      "iteration": 153,
      "time": "85.76271080970764",
      "n_placed": 377,
      "n_discard": 125,
      "p_mean_weight": 24.9468700265252,
      "d_mean_weight": 26.592080000000006,
      "p_median_weight": 14.62,
      "d_median_weight": 20.0,
      "p_std_weight": 21.78387154126068,
      "d_std_weight": 19.518548427982136,
      "p_total_weight": 9404.970000000001,
      "d_total_weight": 3324.0100000000007,
      "p_mean_taxability": 53.89472201591512,
      "d_mean_taxability": 67.13096184,
      "p_total_taxability": 20318.3102,
      "d_total_taxability": 8391.37023,
      "p_mean_volume": 0.16090302387267907,
      "d_mean_volume": 0.20159448000000002,
      "p_median_volume": 0.098,
      "d_median_volume": 0.18,
      "p_std_volume": 0.14001608429027293,
      "d_std_volume": 0.14292625829571315,
      "p_total_volume": 60.66044000000001,
      "d_total_volume": 25.199310000000004,
      "d_max_priority": 0,
      "used_volume": 0.7430781292108681,
      "used_weight": 0.42749863636363644,
      "unload_obs": 1,
      "hs_cond": 1,
      "p_cond": 1,
      "sub_cond": 1
    },
    {
      "iteration": 80,
      "time": "173.09822249412537",
      "n_placed": 329,
      "n_discard": 173,
      "p_mean_weight": 28.011854103343463,
      "d_mean_weight": 20.306820809248556,
      "p_median_weight": 18.0,
      "d_median_weight": 12.0,
      "p_std_weight": 23.024058306065164,
      "d_std_weight": 16.231334065062473,
      "p_total_weight": 9215.9,
      "d_total_weight": 3513.0800000000004,
      "p_mean_taxability": 59.465000851063834,
      "d_mean_taxability": 52.86528988439307,
      "p_total_taxability": 19563.98528,
      "d_total_taxability": 9145.695150000001,
      "p_mean_volume": 0.17749300911854107,
      "d_mean_volume": 0.15875462427745665,
      "p_median_volume": 0.11248000000000001,
      "d_median_volume": 0.09487000000000001,
      "p_std_volume": 0.14842686238824024,
      "d_std_volume": 0.12745190401336212,
      "p_total_volume": 58.39520000000001,
      "d_total_volume": 27.46455,
      "d_max_priority": 0,
      "used_volume": 0.7153293970649486,
      "used_weight": 0.4189045454545454,
      "unload_obs": 0,
      "hs_cond": 1,
      "p_cond": 1,
      "sub_cond": 1
    },
    {
      "iteration": 34,
      "time": "85.38652038574219",
      "n_placed": 326,
      "n_discard": 176,
      "p_mean_weight": 27.783067484662578,
      "d_mean_weight": 20.861931818181816,
      "p_median_weight": 18.0,
      "d_median_weight": 11.925,
      "p_std_weight": 22.937853586963413,
      "d_std_weight": 16.809629611485338,
      "p_total_weight": 9057.28,
      "d_total_weight": 3671.7,
      "p_mean_taxability": 59.32445720858897,
      "d_mean_taxability": 53.23811011363637,
      "p_total_taxability": 19339.773050000003,
      "d_total_taxability": 9369.90738,
      "p_mean_volume": 0.17706101226993864,
      "d_mean_volume": 0.15987420454545453,
      "p_median_volume": 0.11070000000000002,
      "d_median_volume": 0.09384,
      "p_std_volume": 0.1483309029948913,
      "d_std_volume": 0.12818206377512165,
      "p_total_volume": 57.72189,
      "d_total_volume": 28.13786,
      "d_max_priority": 0,
      "used_volume": 0.7070814856554867,
      "used_weight": 0.4116945454545455,
      "unload_obs": 0,
      "hs_cond": 1,
      "p_cond": 1,
      "sub_cond": 1
    }
  ],
  "taxability": [
    {
      "iteration": 153,
      "time": "85.76271080970764",
      "n_placed": 377,
      "n_discard": 125,
      "p_mean_weight": 24.9468700265252,
      "d_mean_weight": 26.592080000000006,
      "p_median_weight": 14.62,
      "d_median_weight": 20.0,
      "p_std_weight": 21.78387154126068,
      "d_std_weight": 19.518548427982136,
      "p_total_weight": 9404.970000000001,
      "d_total_weight": 3324.0100000000007,
      "p_mean_taxability": 53.89472201591512,
      "d_mean_taxability": 67.13096184,
      "p_total_taxability": 20318.3102,
      "d_total_taxability": 8391.37023,
      "p_mean_volume": 0.16090302387267907,
      "d_mean_volume": 0.20159448000000002,
      "p_median_volume": 0.098,
      "d_median_volume": 0.18,
      "p_std_volume": 0.14001608429027293,
      "d_std_volume": 0.14292625829571315,
      "p_total_volume": 60.66044000000001,
      "d_total_volume": 25.199310000000004,
      "d_max_priority": 0,
      "used_volume": 0.7430781292108681,
      "used_weight": 0.42749863636363644,
      "unload_obs": 1,
      "hs_cond": 1,
      "p_cond": 1,
      "sub_cond": 1
    },
    {
      "iteration": 80,
      "time": "173.09822249412537",
      "n_placed": 329,