{
  "volume": [
    {
      "iteration": 144,
      "time": "141.8052957057953",
      "n_placed": 426,
      "n_discard": 226,
      "p_mean_weight": 21.393098591549293,
      "d_mean_weight": 18.128407079646017,
      "p_median_weight": 12.22,
      "d_median_weight": 11.0,
      "p_std_weight": 20.59713504405887,
      "d_std_weight": 16.291526089971324,
      "p_total_weight": 9113.46,
      "d_total_weight": 4097.0199999999995,
      "p_mean_taxability": 46.27721406103287,
      "d_mean_taxability": 44.414317035398234,
      "p_total_taxability": 19714.093190000003,
      "d_total_taxability": 10037.63565,
      "p_mean_volume": 0.1383080751173709,
      "d_mean_volume": 0.13337632743362832,
      "p_median_volume": 0.06904500000000001,
      "d_median_volume": 0.081735,
      "p_std_volume": 0.14789556088172967,
      "d_std_volume": 0.11335392477353143,
      "p_total_volume": 58.91924,
      "d_total_volume": 30.143050000000002,
      "d_max_priority": 0,
      "used_volume": 0.7217487811451111,
      "used_weight": 0.4142481818181818,
      "unload_obs": 5,
      "hs_cond": 1,
      "p_cond": 1,
      "sub_cond": 1
    },
    {
      "iteration": 10,
      "time": "175.05088877677917",
      "n_placed": 449,
      "n_discard": 203,
      "p_mean_weight": 20.10249443207127,
      "d_mean_weight": 20.613103448275865,
      "p_median_weight": 11.28,
      "d_median_weight": 13.81,
      "p_std_weight": 20.097846011441977,
      "d_std_weight": 17.320598042751076,
      "p_total_weight": 9026.02,
      "d_total_weight": 4184.460000000001,
      "p_mean_taxability": 43.661277238307356,
      "d_mean_taxability": 49.98923822660099,
      "p_total_taxability": 19603.913480000003,
      "d_total_taxability": 10147.81536,
      "p_mean_volume": 0.1304863474387528,
      "d_mean_volume": 0.15011783251231528,
      "p_median_volume": 0.06586,
      "d_median_volume": 0.10599000000000001,
      "p_std_volume": 0.14498140411244034,
      "d_std_volume": 0.1160412830355907,
      "p_total_volume": 58.58837,
      "d_total_volume": 30.473920000000003,
      "d_max_priority": 0,
      "used_volume": 0.7176956905211064,
      "used_weight": 0.4102736363636364,
      "unload_obs": 6,
      "hs_cond": 1,
      "p_cond": 1,
      "sub_cond": 1
    },
    {
      "iteration": 159,
      "time": "138.194030046463",
      "n_placed": 446,
      "n_discard": 206,
      "p_mean_weight": 20.18085201793722,
      "d_mean_weight": 20.436019417475727,
      "p_median_weight": 12.15,
      "d_median_weight": 11.5,
      "p_std_weight": 19.529076960083994,
      "d_std_weight": 18.72383835153079,
      "p_total_weight": 9000.66,
      "d_total_weight": 4209.82,
      "p_mean_taxability": 43.720017959641254,
      "d_mean_taxability": 49.76990694174758,
      "p_total_taxability": 19499.12801,
      "d_total_taxability": 10252.600830000001,
      "p_mean_volume": 0.13071896860986548,
      "d_mean_volume": 0.1493283009708738,
      "p_median_volume": 0.06904500000000001,
      "d_median_volume": 0.08441000000000001,
      "p_std_volume": 0.139276598691968,
      "d_std_volume": 0.13084735613805398,
      "p_total_volume": 58.30066,
      "d_total_volume": 30.761630000000004,
      "d_max_priority": 1,
      "used_volume": 0.7141713011735307,
      "used_weight": 0.4091209090909091,
      "unload_obs": 7,
      "hs_cond": 1,
      "p_cond": 0,
      "sub_cond": 0
    }
  ],
  "weight": [
    {
      "iteration": 144,
      "time": "141.8052957057953",
      "n_placed": 426,
      "n_discard": 226,
      "p_mean_weight": 21.393098591549293,
      "d_mean_weight": 18.128407079646017,
      "p_median_weight": 12.22,
      "d_median_weight": 11.0,
      "p_std_weight": 20.59713504405887,
      "d_std_weight": 16.291526089971324,
      "p_total_weight": 9113.46,
      "d_total_weight": 4097.0199999999995,
      "p_mean_taxability": 46.27721406103287,
      "d_mean_taxability": 44.414317035398234,
      "p_total_taxability": 19714.093190000003,
      "d_total_taxability": 10037.63565,
      "p_mean_volume": 0.1383080751173709,
      "d_mean_volume": 0.13337632743362832,
      "p_median_volume": 0.06904500000000001,
      "d_median_volume": 0.081735,
      "p_std_volume": 0.14789556088172967,
      "d_std_volume": 0.11335392477353143,
      "p_total_volume": 58.91924,
      "d_total_volume": 30.143050000000002,
      "d_max_priority": 0,
      "used_volume": 0.7217487811451111,
      "used_weight": 0.4142481818181818,
      "unload_obs": 5,
      "hs_cond": 1,
      "p_cond": 1,
      "sub_cond": 1
    },
    {
      "iteration": 47,
      "time": "189.9764142036438",
      "n_placed": 434,
      "n_discard": 218,
      "p_mean_weight": 20.814838709677417,
      "d_mean_weight": 19.15981651376147,
      "p_median_weight": 13.5,
      "d_median_weight": 10.115,
      "p_std_weight": 18.801455525611484,
      "d_std_weight": 20.153109466390898,
      "p_total_weight": 9033.64,
      "d_total_weight": 4176.84,
      "p_mean_taxability": 44.873254677419354,
      "d_mean_taxability": 47.14099224770642,
      "p_total_taxability": 19474.99253,
      "d_total_taxability": 10276.73631,
      "p_mean_volume": 0.13410419354838712,
      "d_mean_volume": 0.14156454128440368,
      "p_median_volume": 0.07309500000000001,
      "d_median_volume": 0.07805500000000001,
      "p_std_volume": 0.12985488603505543,
      "d_std_volume": 0.14998094125010644,
      "p_total_volume": 58.201220000000006,
      "d_total_volume": 30.861070000000005,
      "d_max_priority": 1,
      "used_volume": 0.7129531812725091,
      "used_weight": 0.41062,
      "unload_obs": 4,
      "hs_cond": 1,
      "p_cond": 0,
      "sub_cond": 0
    },
    {
      "iteration": 10,
      "time": "175.05088877677917",
      "n_placed": 449,
      "n_discard": 203,
      "p_mean_weight": 20.10249443207127,
      "d_mean_weight": 20.613103448275865,
      "p_median_weight": 11.28,
      "d_median_weight": 13.81,
      "p_std_weight": 20.097846011441977,
      "d_std_weight": 17.320598042751076,
      "p_total_weight": 9026.02,
      "d_total_weight": 4184.460000000001,
      "p_mean_taxability": 43.661277238307356,
      "d_mean_taxability": 49.98923822660099,
      "p_total_taxability": 19603.913480000003,
      "d_total_taxability": 10147.81536,
      "p_mean_volume": 0.1304863474387528,
      "d_mean_volume": 0.15011783251231528,
      "p_median_volume": 0.06586,
      "d_median_volume": 0.10599000000000001,
      "p_std_volume": 0.14498140411244034,
      "d_std_volume": 0.1160412830355907,
      "p_total_volume": 58.58837,
      "d_total_volume": 30.473920000000003,
      "d_max_priority": 0,
      "used_volume": 0.7176956905211064,
      "used_weight": 0.4102736363636364,
      "unload_obs": 6,
      "hs_cond": 1,
      "p_cond": 1,
      "sub_cond": 1
    }
  ],
  "taxability": [
    {
      "iteration": 144,
      "time": "141.8052957057953",
      "n_placed": 426,
      "n_discard": 226,
      "p_mean_weight": 21.393098591549293,
      "d_mean_weight": 18.128407079646017,
      "p_median_weight": 12.22,
      "d_median_weight": 11.0,
      "p_std_weight": 20.59713504405887,
      "d_std_weight": 16.291526089971324,
      "p_total_weight": 9113.46,
      "d_total_weight": 4097.0199999999995,
      "p_mean_taxability": 46.27721406103287,
      "d_mean_taxability": 44.414317035398234,
      "p_total_taxability": 19714.093190000003,
      "d_total_taxability": 10037.63565,
      "p_mean_volume": 0.1383080751173709,
      "d_mean_volume": 0.13337632743362832,
      "p_median_volume": 0.06904500000000001,
      "d_median_volume": 0.081735,
      "p_std_volume": 0.14789556088172967,
      "d_std_volume": 0.11335392477353143,
      "p_total_volume": 58.91924,
      "d_total_volume": 30.143050000000002,
      "d_max_priority": 0,
      "used_volume": 0.7217487811451111,
      "used_weight": 0.4142481818181818,
      "unload_obs": 5,
      "hs_cond": 1,
      "p_cond": 1,
      "sub_cond": 1
    },
    {
      "iteration": 10,