{
  "volume": [
    {
      "iteration": 47,
      "time": "100.05109167098999",
      "n_placed": 308,
      "n_discard": 154,
      "p_mean_weight": 30.488084415584414,
      "d_mean_weight": 30.590714285714288,
      "p_median_weight": 20.0,
      "d_median_weight": 29.049999999999997,
      "p_std_weight": 24.511098567712306,
      "d_std_weight": 19.00087583489238,
      "p_total_weight": 9390.33,
      "d_total_weight": 4710.97,
      "p_mean_taxability": 64.5873113961039,
      "d_mean_taxability": 75.13167623376624,
      "p_total_taxability": 19892.891910000002,
      "d_total_taxability": 11570.27814,
      "p_mean_volume": 0.19274266233766232,
      "d_mean_volume": 0.22562064935064938,
      "p_median_volume": 0.13549,
      "d_median_volume": 0.244455,
      "p_std_volume": 0.15592306550895452,
      "d_std_volume": 0.12971605375661863,
      "p_total_volume": 59.36474,
      "d_total_volume": 34.745580000000004,
      "d_max_priority": 0,
      "used_volume": 0.7272060660999093,
      "used_weight": 0.4268331818181818,
      "unload_obs": 3,
      "hs_cond": 1,
      "p_cond": 1,
      "sub_cond": 1
    }
  ],
  "weight": [
    {
      "iteration": 47,
      "time": "100.05109167098999",
      "n_placed": 308,
      "n_discard": 154,
      "p_mean_weight": 30.488084415584414,
      "d_mean_weight": 30.590714285714288,
      "p_median_weight": 20.0,
      "d_median_weight": 29.049999999999997,
      "p_std_weight": 24.511098567712306,
      "d_std_weight": 19.00087583489238,
      "p_total_weight": 9390.33,
      "d_total_weight": 4710.97,
      "p_mean_taxability": 64.5873113961039,
      "d_mean_taxability": 75.13167623376624,
      "p_total_taxability": 19892.891910000002,
      "d_total_taxability": 11570.27814,
      "p_mean_volume": 0.19274266233766232,
      "d_mean_volume": 0.22562064935064938,
      "p_median_volume": 0.13549,
      "d_median_volume": 0.244455,
      "p_std_volume": 0.15592306550895452,
      "d_std_volume": 0.12971605375661863,
      "p_total_volume": 59.36474,
      "d_total_volume": 34.745580000000004,
      "d_max_priority": 0,
      "used_volume": 0.7272060660999093,
      "used_weight": 0.4268331818181818,
      "unload_obs": 3,
      "hs_cond": 1,
      "p_cond": 1,
      "sub_cond": 1
    }
  ],
  "taxability": [
    {
      "iteration": 47,
      "time": "100.05109167098999",
      "n_placed": 308,
      "n_discard": 154,
      "p_mean_weight": 30.488084415584414,
      "d_mean_weight": 30.590714285714288,
      "p_median_weight": 20.0,
      "d_median_weight": 29.049999999999997,
      "p_std_weight": 24.511098567712306,
      "d_std_weight": 19.00087583489238,
      "p_total_weight": 9390.33,
      "d_total_weight": 4710.97,
      "p_mean_taxability": 64.5873113961039,
      "d_mean_taxability": 75.13167623376624,
      "p_total_taxability": 19892.891910000002,
      "d_total_taxability": 11570.27814,
      "p_mean_volume": 0.19274266233766232,
      "d_mean_volume": 0.22562064935064938,
      "p_median_volume": 0.13549,
      "d_median_volume": 0.244455,
      "p_std_volume": 0.15592306550895452,
      "d_std_volume": 0.12971605375661863,
      "p_total_volume": 59.36474,
      "d_total_volume": 34.745580000000004,
      "d_max_priority": 0,
      "used_volume": 0.7272060660999093,
      "used_weight": 0.4268331818181818,
      "unload_obs": 3,
      "hs_cond": 1,
      "p_cond": 1,
      "sub_cond": 1
    }
  ]
}