{
  "volume": [
    {
      "iteration": 102,
      "time": "84.76772141456604",
      "n_placed": 339,
      "n_discard": 163,
      "p_mean_weight": 28.911445427728612,
      "d_mean_weight": 17.96319018404908,
      "p_median_weight": 19.92,
      "d_median_weight": 12.0,
      "p_std_weight": 23.231409020210563,
      "d_std_weight": 13.67813758464925,
      "p_total_weight": 9800.98,
      "d_total_weight": 2928.0,
      "p_mean_taxability": 61.99612917404131,
      "d_mean_taxability": 47.196273865030676,
      "p_total_taxability": 21016.687790000004,
      "d_total_taxability": 7692.99264,
      "p_mean_volume": 0.18512587020648968,
      "d_mean_volume": 0.14173055214723926,
      "p_median_volume": 0.12190000000000001,
      "d_median_volume": 0.0886,
      "p_std_volume": 0.15140474615818922,
      "d_std_volume": 0.11397416607463862,
      "p_total_volume": 62.757670000000005,
      "d_total_volume": 23.10208,
      "d_max_priority": 1,
      "used_volume": 0.7687687728152486,
      "used_weight": 0.4454990909090909,
      "unload_obs": 0,
      "hs_cond": 1,
      "p_cond": 0,
      "sub_cond": 0
    },
    {
      "iteration": 46,
      "time": "174.76475191116333",
      "n_placed": 338,
      "n_discard": 164,
      "p_mean_weight": 28.989142011834318,
      "d_mean_weight": 17.869817073170736,
      "p_median_weight": 19.96,
      "d_median_weight": 11.15,
      "p_std_weight": 23.054071767861217,
      "d_std_weight": 14.26222779526831,
      "p_total_weight": 9798.33,
      "d_total_weight": 2930.6500000000005,
      "p_mean_taxability": 62.09146230769231,
      "d_mean_taxability": 47.090037621951225,
      "p_total_taxability": 20986.91426,
      "d_total_taxability": 7722.766170000001,
      "p_mean_volume": 0.18540905325443788,
      "d_mean_volume": 0.1414115243902439,
      "p_median_volume": 0.12473500000000001,
      "d_median_volume": 0.07954,
      "p_std_volume": 0.14966001211149815,
      "d_std_volume": 0.11873236601957685,
      "p_total_volume": 62.668260000000004,
      "d_total_volume": 23.19149,
      "d_max_priority": 1,
      "used_volume": 0.7676735183869466,
      "used_weight": 0.44537863636363634,
      "unload_obs": 0,
      "hs_cond": 1,
      "p_cond": 0,
      "sub_cond": 0
    },
    {
      "iteration": 11,
      "time": "144.3194489479065",
      "n_placed": 335,
      "n_discard": 167,
      "p_mean_weight": 29.09116417910448,
      "d_mean_weight": 17.86491017964072,
      "p_median_weight": 20.0,
      "d_median_weight": 11.9,
      "p_std_weight": 23.1708215649321,
      "d_std_weight": 14.004160477681438,
      "p_total_weight": 9745.54,
      "d_total_weight": 2983.4400000000005,
      "p_mean_taxability": 62.30627468656716,
      "d_mean_taxability": 46.928613233532936,
      "p_total_taxability": 20872.60202,
      "d_total_taxability": 7837.07841,
      "p_mean_volume": 0.18604471641791048,
      "d_mean_volume": 0.14092676646706587,
      "p_median_volume": 0.125,
      "d_median_volume": 0.0843,
      "p_std_volume": 0.15096063734427395,
      "d_std_volume": 0.11567946523663172,
      "p_total_volume": 62.32498000000001,
      "d_total_volume": 23.53477,
      "d_max_priority": 1,
      "used_volume": 0.7634684077712719,
      "used_weight": 0.44297909090909093,
      "unload_obs": 0,
      "hs_cond": 1,
      "p_cond": 0,
      "sub_cond": 0
    }
  ],
  "weight": [
    {
      "iteration": 102,
      "time": "84.76772141456604",
      "n_placed": 339,
      "n_discard": 163,
      "p_mean_weight": 28.911445427728612,
      "d_mean_weight": 17.96319018404908,
      "p_median_weight": 19.92,
      "d_median_weight": 12.0,
      "p_std_weight": 23.231409020210563,
      "d_std_weight": 13.67813758464925,
      "p_total_weight": 9800.98,
      "d_total_weight": 2928.0,
      "p_mean_taxability": 61.99612917404131,
      "d_mean_taxability": 47.196273865030676,
      "p_total_taxability": 21016.687790000004,
      "d_total_taxability": 7692.99264,
      "p_mean_volume": 0.18512587020648968,
      "d_mean_volume": 0.14173055214723926,
      "p_median_volume": 0.12190000000000001,
      "d_median_volume": 0.0886,
      "p_std_volume": 0.15140474615818922,
      "d_std_volume": 0.11397416607463862,
      "p_total_volume": 62.757670000000005,
      "d_total_volume": 23.10208,
      "d_max_priority": 1,
      "used_volume": 0.7687687728152486,
      "used_weight": 0.4454990909090909,
      "unload_obs": 0,
      "hs_cond": 1,
      "p_cond": 0,
      "sub_cond": 0
    },
    {
      "iteration": 46,
      "time": "174.76475191116333",
      "n_placed": 338,
      "n_discard": 164,
      "p_mean_weight": 28.989142011834318,
      "d_mean_weight": 17.869817073170736,
      "p_median_weight": 19.96,
      "d_median_weight": 11.15,
      "p_std_weight": 23.054071767861217,
      "d_std_weight": 14.26222779526831,
      "p_total_weight": 9798.33,
      "d_total_weight": 2930.6500000000005,
      "p_mean_taxability": 62.09146230769231,
      "d_mean_taxability": 47.090037621951225,
      "p_total_taxability": 20986.91426,
      "d_total_taxability": 7722.766170000001,
      "p_mean_volume": 0.18540905325443788,
      "d_mean_volume": 0.1414115243902439,
      "p_median_volume": 0.12473500000000001,
      "d_median_volume": 0.07954,
      "p_std_volume": 0.14966001211149815,
      "d_std_volume": 0.11873236601957685,
      "p_total_volume": 62.668260000000004,
      "d_total_volume": 23.19149,
      "d_max_priority": 1,
      "used_volume": 0.7676735183869466,
      "used_weight": 0.44537863636363634,
      "unload_obs": 0,
      "hs_cond": 1,
      "p_cond": 0,
      "sub_cond": 0
    },
    {
      "iteration": 11,
      "time": "144.3194489479065",
      "n_placed": 335,
      "n_discard": 167,
      "p_mean_weight": 29.09116417910448,
      "d_mean_weight": 17.86491017964072,
      "p_median_weight": 20.0,
      "d_median_weight": 11.9,
      "p_std_weight": 23.1708215649321,
      "d_std_weight": 14.004160477681438,
      "p_total_weight": 9745.54,
      "d_total_weight": 2983.4400000000005,
      "p_mean_taxability": 62.30627468656716,
      "d_mean_taxability": 46.928613233532936,
      "p_total_taxability": 20872.60202,
      "d_total_taxability": 7837.07841,
      "p_mean_volume": 0.18604471641791048,
      "d_mean_volume": 0.14092676646706587,
      "p_median_volume": 0.125,
      "d_median_volume": 0.0843,
      "p_std_volume": 0.15096063734427395,
      "d_std_volume": 0.11567946523663172,
      "p_total_volume": 62.32498000000001,
      "d_total_volume": 23.53477,
      "d_max_priority": 1,
      "used_volume": 0.7634684077712719,
      "used_weight": 0.44297909090909093,
      "unload_obs": 0,
      "hs_cond": 1,
      "p_cond": 0,
      "sub_cond": 0
    }
  ],
  "taxability": [
    {
      "iteration": 102,
      "time": "84.76772141456604",
      "n_placed": 339,
      "n_discard": 163,
      "p_mean_weight": 28.911445427728612,
      "d_mean_weight": 17.96319018404908,
      "p_median_weight": 19.92,
      "d_median_weight": 12.0,
      "p_std_weight": 23.231409020210563,
      "d_std_weight": 13.67813758464925,
      "p_total_weight": 9800.98,
      "d_total_weight": 2928.0,
      "p_mean_taxability": 61.99612917404131,
      "d_mean_taxability": 47.196273865030676,
      "p_total_taxability": 21016.687790000004,
      "d_total_taxability": 7692.99264,
      "p_mean_volume": 0.18512587020648968,
      "d_mean_volume": 0.14173055214723926,
      "p_median_volume": 0.12190000000000001,
      "d_median_volume": 0.0886,
      "p_std_volume": 0.15140474615818922,
      "d_std_volume": 0.11397416607463862,
      "p_total_volume": 62.757670000000005,
      "d_total_volume": 23.10208,
      "d_max_priority": 1,
      "used_volume": 0.7687687728152486,
      "used_weight": 0.4454990909090909,
      "unload_obs": 0,
      "hs_cond": 1,
      "p_cond": 0,
      "sub_cond": 0
    },
    {
      "iteration": 46,
      "time": "174.76475191116333",
      "n_placed": 338,
      "n_discard": 164,