{
  "volume": [
    {
      "iteration": 69,
      "time": "125.44555139541626",
      "n_placed": 300,
      "n_discard": 145,
      "p_mean_weight": 18.603433333333335,
      "d_mean_weight": 12.503862068965518,
      "p_median_weight": 13.61,
      "d_median_weight": 6.38,
      "p_std_weight": 18.298630974219293,
      "d_std_weight": 17.010391929404626,
      "p_total_weight": 5581.030000000001,
      "d_total_weight": 1813.06,
      "p_mean_taxability": 67.73797760000001,
      "d_mean_taxability": 76.1781364137931,
      "p_total_taxability": 20321.39328,
      "d_total_taxability": 11045.82978,
      "p_mean_volume": 0.20336390000000001,
      "d_mean_volume": 0.2287631724137931,
      "p_median_volume": 0.100055,
      "d_median_volume": 0.1372,
      "p_std_volume": 0.23537707132487418,
      "d_std_volume": 0.2452063549557785,
      "p_total_volume": 61.009170000000005,
      "d_total_volume": 33.17066,
      "d_max_priority": 0,
      "used_volume": 0.7473500012249799,
      "used_weight": 0.25368318181818184,
      "unload_obs": 0,
      "hs_cond": 1,
      "p_cond": 1,
      "sub_cond": 1
    },
    {
      "iteration": 178,
      "time": "55.34135127067566",
      "n_placed": 303,
      "n_discard": 142,
      "p_mean_weight": 18.296402640264027,
      "d_mean_weight": 13.030140845070424,
      "p_median_weight": 12.72,
      "d_median_weight": 6.6899999999999995,
      "p_std_weight": 18.3227612745667,
      "d_std_weight": 17.1250893453554,
      "p_total_weight": 5543.81,
      "d_total_weight": 1850.2800000000002,
      "p_mean_taxability": 66.9282907920792,
      "d_mean_taxability": 78.0841616197183,
      "p_total_taxability": 20279.272109999998,
      "d_total_taxability": 11087.950949999999,
      "p_mean_volume": 0.2009329372937294,
      "d_mean_volume": 0.23448697183098594,
      "p_median_volume": 0.09702,
      "d_median_volume": 0.144115,
      "p_std_volume": 0.235114643244171,
      "d_std_volume": 0.24528825154805672,
      "p_total_volume": 60.88268000000001,
      "d_total_volume": 33.29715,
      "d_max_priority": 1,
      "used_volume": 0.7458005242913492,
      "used_weight": 0.25199136363636365,
      "unload_obs": 1,
      "hs_cond": 1,
      "p_cond": 0,
      "sub_cond": 0
    },
    {
      "iteration": 13,
      "time": "124.07267260551453",
      "n_placed": 300,
      "n_discard": 145,
      "p_mean_weight": 18.5343,
      "d_mean_weight": 12.646896551724137,
      "p_median_weight": 13.5,
      "d_median_weight": 6.43,
      "p_std_weight": 18.34475972062207,
      "d_std_weight": 16.95789321776315,
      "p_total_weight": 5560.290000000001,
      "d_total_weight": 1833.7999999999997,
      "p_mean_taxability": 67.5543392,
      "d_mean_taxability": 76.55807793103448,
      "p_total_taxability": 20266.301760000002,
      "d_total_taxability": 11100.921299999998,
      "p_mean_volume": 0.20281243333333335,
      "d_mean_volume": 0.2299041379310345,
      "p_median_volume": 0.0978,
      "d_median_volume": 0.1372,
      "p_std_volume": 0.2356922613876102,
      "d_std_volume": 0.24445358561546734,
      "p_total_volume": 60.84373,
      "d_total_volume": 33.3361,
      "d_max_priority": 0,
      "used_volume": 0.745323394663988,
      "used_weight": 0.2527404545454546,
      "unload_obs": 1,
      "hs_cond": 1,
      "p_cond": 1,
      "sub_cond": 1
    }
  ],
  "weight": [
    {
      "iteration": 164,
      "time": "63.38383960723877",
      "n_placed": 295,
      "n_discard": 150,
      "p_mean_weight": 18.925457627118647,
      "d_mean_weight": 12.073866666666666,
      "p_median_weight": 13.6,
      "d_median_weight": 5.725,
      "p_std_weight": 19.416869560110737,
      "d_std_weight": 14.168326325102274,
      "p_total_weight": 5583.01,
      "d_total_weight": 1811.08,
      "p_mean_taxability": 67.75332579661017,
      "d_mean_taxability": 75.866613,
      "p_total_taxability": 19987.23111,
      "d_total_taxability": 11379.99195,
      "p_mean_volume": 0.20340908474576272,
      "d_mean_volume": 0.22782766666666665,
      "p_median_volume": 0.0971,
      "d_median_volume": 0.146905,
      "p_std_volume": 0.24819399565479305,
      "d_std_volume": 0.21854872835363012,
      "p_total_volume": 60.00568,
      "d_total_volume": 34.17415,
      "d_max_priority": 1,
      "used_volume": 0.7350574515520494,
      "used_weight": 0.2537731818181818,
      "unload_obs": 0,
      "hs_cond": 1,
      "p_cond": 0,
      "sub_cond": 0
    },
    {
      "iteration": 69,
      "time": "125.44555139541626",
      "n_placed": 300,
      "n_discard": 145,
      "p_mean_weight": 18.603433333333335,
      "d_mean_weight": 12.503862068965518,
      "p_median_weight": 13.61,
      "d_median_weight": 6.38,
      "p_std_weight": 18.298630974219293,
      "d_std_weight": 17.010391929404626,
      "p_total_weight": 5581.030000000001,
      "d_total_weight": 1813.06,
      "p_mean_taxability": 67.73797760000001,
      "d_mean_taxability": 76.1781364137931,
      "p_total_taxability": 20321.39328,
      "d_total_taxability": 11045.82978,
      "p_mean_volume": 0.20336390000000001,
      "d_mean_volume": 0.2287631724137931,
      "p_median_volume": 0.100055,
      "d_median_volume": 0.1372,
      "p_std_volume": 0.23537707132487418,
      "d_std_volume": 0.2452063549557785,
      "p_total_volume": 61.009170000000005,
      "d_total_volume": 33.17066,
      "d_max_priority": 0,
      "used_volume": 0.7473500012249799,
      "used_weight": 0.25368318181818184,
      "unload_obs": 0,
      "hs_cond": 1,
      "p_cond": 1,
      "sub_cond": 1
    },
    {
      "iteration": 94,
      "time": "119.13663411140442",
      "n_placed": 297,
      "n_discard": 148,
      "p_mean_weight": 18.73,
      "d_mean_weight": 12.373513513513515,
      "p_median_weight": 13.6,
      "d_median_weight": 6.29,
      "p_std_weight": 18.33761724109981,
      "d_std_weight": 16.881823492798194,
      "p_total_weight": 5562.81,
      "d_total_weight": 1831.2800000000002,
      "p_mean_taxability": 68.14204232323232,
      "d_mean_taxability": 75.19619250000001,
      "p_total_taxability": 20238.186569999998,
      "d_total_taxability": 11129.036490000002,
      "p_mean_volume": 0.20457676767676766,
      "d_mean_volume": 0.2258143918918919,
      "p_median_volume": 0.09979,
      "d_median_volume": 0.135775,
      "p_std_volume": 0.23624258924239128,
      "d_std_volume": 0.243585157223004,
      "p_total_volume": 60.759299999999996,
      "d_total_volume": 33.42053,
      "d_max_priority": 0,
      "used_volume": 0.7442891442291202,
      "used_weight": 0.252855,
      "unload_obs": 1,
      "hs_cond": 1,
      "p_cond": 1,
      "sub_cond": 1
    }
  ],
  "taxability": [
    {
      "iteration": 69,
      "time": "125.44555139541626",
      "n_placed": 300,
      "n_discard": 145,
      "p_mean_weight": 18.603433333333335,
      "d_mean_weight": 12.503862068965518,
      "p_median_weight": 13.61,
      "d_median_weight": 6.38,
      "p_std_weight": 18.298630974219293,
      "d_std_weight": 17.010391929404626,
      "p_total_weight": 5581.030000000001,
      "d_total_weight": 1813.06,
      "p_mean_taxability": 67.73797760000001,
      "d_mean_taxability": 76.1781364137931,
      "p_total_taxability": 20321.39328,
      "d_total_taxability": 11045.82978,
      "p_mean_volume": 0.20336390000000001,
      "d_mean_volume": 0.2287631724137931,
      "p_median_volume": 0.100055,
      "d_median_volume": 0.1372,
      "p_std_volume": 0.23537707132487418,
      "d_std_volume": 0.2452063549557785,
      "p_total_volume": 61.009170000000005,
      "d_total_volume": 33.17066,
      "d_max_priority": 0,
      "used_volume": 0.7473500012249799,
      "used_weight": 0.25368318181818184,
      "unload_obs": 0,
      "hs_cond": 1,
      "p_cond": 1,
      "sub_cond": 1
    },
    {
      "iteration": 178,
      "time": "55.34135127067566",
      "n_placed": 303,
      "n_discard": 142,
      "p_mean_weight": 18.296402640264027,