{
  "volume": [
    {
      "iteration": 135,
      "time": "139.0467231273651",
      "n_placed": 434,
      "n_discard": 179,
      "p_mean_weight": 13.145506912442395,
      "d_mean_weight": 16.711787709497205,
      "p_median_weight": 7.6,
      "d_median_weight": 9.24,
      "p_std_weight": 15.112207073398721,
      "d_std_weight": 17.000014280881803,
      "p_total_weight": 5705.15,
      "d_total_weight": 2991.41,
      "p_mean_taxability": 42.4098338248848,
      "d_mean_taxability": 77.08696994413408,
      "p_total_taxability": 18405.86788,
      "d_total_taxability": 13798.567620000002,
      "p_mean_volume": 0.12661209677419355,
      "d_mean_volume": 0.23149240223463688,
      "p_median_volume": 0.05778,
      "d_median_volume": 0.14338,
      "p_std_volume": 0.19137837109707279,
      "d_std_volume": 0.23115963146838883,
      "p_total_volume": 54.94965,
      "d_total_volume": 41.43714,
      "d_max_priority": 1,
      "used_volume": 0.6731221059852512,
      "used_weight": 0.25932499999999997,
      "unload_obs": 6,
      "hs_cond": 1,
      "p_cond": 0,
      "sub_cond": 0
    },
    {
      "iteration": 12,
      "time": "153.27687764167786",
      "n_placed": 434,
      "n_discard": 179,
      "p_mean_weight": 13.058110599078342,
      "d_mean_weight": 16.92368715083799,
      "p_median_weight": 7.495,
      "d_median_weight": 9.4,
      "p_std_weight": 15.103619180754478,
      "d_std_weight": 16.971978784356047,
      "p_total_weight": 5667.22,
      "d_total_weight": 3029.34,
      "p_mean_taxability": 42.36402714285715,
      "d_mean_taxability": 77.19803195530726,
      "p_total_taxability": 18385.987780000003,
      "d_total_taxability": 13818.44772,
      "p_mean_volume": 0.1264745391705069,
      "d_mean_volume": 0.2318259217877095,
      "p_median_volume": 0.05745,
      "d_median_volume": 0.14338,
      "p_std_volume": 0.1915072095360658,
      "d_std_volume": 0.23074718767958755,
      "p_total_volume": 54.88995,
      "d_total_volume": 41.49684,
      "d_max_priority": 1,
      "used_volume": 0.6723907930519146,
      "used_weight": 0.2576009090909091,
      "unload_obs": 5,
      "hs_cond": 1,
      "p_cond": 0,
      "sub_cond": 0
    },
    {
      "iteration": 79,
      "time": "70.78011512756348",
      "n_placed": 429,
      "n_discard": 184,
      "p_mean_weight": 13.24237762237762,
      "d_mean_weight": 16.389021739130435,
      "p_median_weight": 7.6,
      "d_median_weight": 9.1,
      "p_std_weight": 15.11124441881295,
      "d_std_weight": 17.00743039542607,
      "p_total_weight": 5680.98,
      "d_total_weight": 3015.58,
      "p_mean_taxability": 42.82819848484848,
      "d_mean_taxability": 75.16923016304348,
      "p_total_taxability": 18373.29715,
      "d_total_taxability": 13831.138350000001,
      "p_mean_volume": 0.12785976689976689,
      "d_mean_volume": 0.22573342391304352,
      "p_median_volume": 0.05802,
      "d_median_volume": 0.13724,
      "p_std_volume": 0.1923503720954879,
      "d_std_volume": 0.23017437515464279,
      "p_total_volume": 54.851839999999996,
      "d_total_volume": 41.53495000000001,
      "d_max_priority": 0,
      "used_volume": 0.6719239532547713,
      "used_weight": 0.25822636363636364,
      "unload_obs": 4,
      "hs_cond": 1,
      "p_cond": 1,
      "sub_cond": 1
    }
  ],
  "weight": [
    {
      "iteration": 143,
      "time": "139.8412046432495",
      "n_placed": 435,
      "n_discard": 178,
      "p_mean_weight": 13.228896551724137,
      "d_mean_weight": 16.528033707865166,
      "p_median_weight": 8.03,
      "d_median_weight": 7.970000000000001,
      "p_std_weight": 14.156506789949352,
      "d_std_weight": 18.95438822106943,
      "p_total_weight": 5754.57,
      "d_total_weight": 2941.99,
      "p_mean_taxability": 41.56992602298851,
      "d_mean_taxability": 79.33436898876406,
      "p_total_taxability": 18082.917820000002,
      "d_total_taxability": 14121.51768,
      "p_mean_volume": 0.12409156321839081,
      "d_mean_volume": 0.23824134831460672,
      "p_median_volume": 0.0578,
      "d_median_volume": 0.144115,
      "p_std_volume": 0.18107877282823434,
      "d_std_volume": 0.24801810991008202,
      "p_total_volume": 53.97983,
      "d_total_volume": 42.40696,
      "d_max_priority": 1,
      "used_volume": 0.6612420070068844,
      "used_weight": 0.26157136363636363,
      "unload_obs": 2,
      "hs_cond": 1,
      "p_cond": 0,
      "sub_cond": 0
    },
    {
      "iteration": 65,
      "time": "150.3390655517578",
      "n_placed": 437,
      "n_discard": 176,
      "p_mean_weight": 13.167459954233408,
      "d_mean_weight": 16.718068181818182,
      "p_median_weight": 8.03,
      "d_median_weight": 7.970000000000001,
      "p_std_weight": 14.153613543245232,
      "d_std_weight": 18.976460447193414,
      "p_total_weight": 5754.179999999999,
      "d_total_weight": 2942.38,
      "p_mean_taxability": 41.55733052631579,
      "d_mean_taxability": 79.79478443181819,
      "p_total_taxability": 18160.55344,
      "d_total_taxability": 14043.88206,
      "p_mean_volume": 0.12405713958810069,
      "d_mean_volume": 0.23962397727272727,
      "p_median_volume": 0.05848,
      "d_median_volume": 0.145275,
      "p_std_volume": 0.18065279265575226,
      "d_std_volume": 0.24910778745200593,
      "p_total_volume": 54.21297,
      "d_total_volume": 42.17382,
      "d_max_priority": 1,
      "used_volume": 0.6640979248842394,
      "used_weight": 0.2615536363636363,
      "unload_obs": 3,
      "hs_cond": 1,
      "p_cond": 0,
      "sub_cond": 0
    },
    {
      "iteration": 44,
      "time": "151.15606904029846",
      "n_placed": 436,
      "n_discard": 177,
      "p_mean_weight": 13.194816513761467,
      "d_mean_weight": 16.630621468926552,
      "p_median_weight": 8.015,
      "d_median_weight": 8.0,
      "p_std_weight": 14.155711985108198,
      "d_std_weight": 18.96298260481913,
      "p_total_weight": 5752.94,
      "d_total_weight": 2943.62,
      "p_mean_taxability": 41.50686635321102,
      "d_mean_taxability": 79.70306084745764,
      "p_total_taxability": 18096.993730000002,
      "d_total_taxability": 14107.441770000001,
      "p_mean_volume": 0.1239038990825688,
      "d_mean_volume": 0.2393485310734463,
      "p_median_volume": 0.05778,
      "d_median_volume": 0.14485,
      "p_std_volume": 0.180933454803309,
      "d_std_volume": 0.24824326081919762,
      "p_total_volume": 54.022099999999995,
      "d_total_volume": 42.364689999999996,
      "d_max_priority": 1,
      "used_volume": 0.6617598059632015,
      "used_weight": 0.2614972727272727,
      "unload_obs": 5,
      "hs_cond": 1,
      "p_cond": 0,
      "sub_cond": 0
    }
  ],
  "taxability": [
    {
      "iteration": 135,
      "time": "139.0467231273651",
      "n_placed": 434,
      "n_discard": 179,
      "p_mean_weight": 13.145506912442395,
      "d_mean_weight": 16.711787709497205,
      "p_median_weight": 7.6,
      "d_median_weight": 9.24,
      "p_std_weight": 15.112207073398721,
      "d_std_weight": 17.000014280881803,
      "p_total_weight": 5705.15,
      "d_total_weight": 2991.41,
      "p_mean_taxability": 42.4098338248848,
      "d_mean_taxability": 77.08696994413408,
      "p_total_taxability": 18405.86788,
      "d_total_taxability": 13798.567620000002,
      "p_mean_volume": 0.12661209677419355,
      "d_mean_volume": 0.23149240223463688,
      "p_median_volume": 0.05778,
      "d_median_volume": 0.14338,
      "p_std_volume": 0.19137837109707279,
      "d_std_volume": 0.23115963146838883,
      "p_total_volume": 54.94965,
      "d_total_volume": 41.43714,
      "d_max_priority": 1,
      "used_volume": 0.6731221059852512,
      "used_weight": 0.25932499999999997,
      "unload_obs": 6,
      "hs_cond": 1,
      "p_cond": 0,
      "sub_cond": 0
    },
    {
      "iteration": 12,
      "time": "153.27687764167786",
      "n_placed": 434,
      "n_discard": 179,
      "p_mean_weight": 13.058110599078342,