{
  "volume": [
    {
      "iteration": 79,
      "time": "70.78011512756348",
      "n_placed": 429,
      "n_discard": 184,
      "p_mean_weight": 13.24237762237762,
      "d_mean_weight": 16.389021739130435,
      "p_median_weight": 7.6,
      "d_median_weight": 9.1,
      "p_std_weight": 15.11124441881295,
      "d_std_weight": 17.00743039542607,
      "p_total_weight": 5680.98,
      "d_total_weight": 3015.58,
      "p_mean_taxability": 42.82819848484848,
      "d_mean_taxability": 75.16923016304348,
      "p_total_taxability": 18373.29715,
      "d_total_taxability": 13831.138350000001,
      "p_mean_volume": 0.12785976689976689,
      "d_mean_volume": 0.22573342391304352,
      "p_median_volume": 0.05802,
      "d_median_volume": 0.13724,
      "p_std_volume": 0.1923503720954879,
      "d_std_volume": 0.23017437515464279,
      "p_total_volume": 54.851839999999996,
      "d_total_volume": 41.53495000000001,
      "d_max_priority": 0,
      "used_volume": 0.6719239532547713,
      "used_weight": 0.25822636363636364,
      "unload_obs": 4,
      "hs_cond": 1,
      "p_cond": 1,
      "sub_cond": 1
    },
    {
      "iteration": 36,
      "time": "147.84508061408997",
      "n_placed": 436,
      "n_discard": 177,
      "p_mean_weight": 12.993211009174312,
      "d_mean_weight": 17.127231638418078,
      "p_median_weight": 7.41,
      "d_median_weight": 9.4,
      "p_std_weight": 15.095072371327099,
      "d_std_weight": 16.967678824134822,
      "p_total_weight": 5665.04,
      "d_total_weight": 3031.5199999999995,
      "p_mean_taxability": 42.04201110091743,
      "d_mean_taxability": 78.38485118644068,
      "p_total_taxability": 18330.31684,
      "d_total_taxability": 13874.11866,
      "p_mean_volume": 0.12551094036697247,
      "d_mean_volume": 0.23538994350282486,
      "p_median_volume": 0.05745,
      "d_median_volume": 0.1457,
      "p_std_volume": 0.1909416128589644,
      "d_std_volume": 0.2309177759174375,
      "p_total_volume": 54.72277,
      "d_total_volume": 41.66402,
      "d_max_priority": 0,
      "used_volume": 0.6703428718426145,
      "used_weight": 0.25750181818181817,
      "unload_obs": 5,
      "hs_cond": 1,
      "p_cond": 1,
      "sub_cond": 1
    },
    {
      "iteration": 148,
      "time": "135.79643392562866",
      "n_placed": 432,
      "n_discard": 181,
      "p_mean_weight": 13.196597222222223,
      "d_mean_weight": 16.550441988950276,
      "p_median_weight": 7.6,
      "d_median_weight": 9.1,
      "p_std_weight": 15.118102952623307,
      "d_std_weight": 16.996575662409324,
      "p_total_weight": 5700.93,
      "d_total_weight": 2995.63,
      "p_mean_taxability": 42.42296398148148,
      "d_mean_taxability": 76.67245889502763,
      "p_total_taxability": 18326.72044,
      "d_total_taxability": 13877.715060000002,
      "p_mean_volume": 0.1266480787037037,
      "d_mean_volume": 0.23024762430939225,
      "p_median_volume": 0.05789,
      "d_median_volume": 0.14127,
      "p_std_volume": 0.19156207756443133,
      "d_std_volume": 0.23069099572177174,
      "p_total_volume": 54.71197,
      "d_total_volume": 41.67482,
      "d_max_priority": 0,
      "used_volume": 0.6702105740255286,
      "used_weight": 0.25913318181818185,
      "unload_obs": 5,
      "hs_cond": 1,
      "p_cond": 1,
      "sub_cond": 1
    }
  ],
  "weight": [
    {
      "iteration": 33,
      "time": "70.0355396270752",
      "n_placed": 429,
      "n_discard": 184,
      "p_mean_weight": 13.302634032634032,
      "d_mean_weight": 16.24853260869565,
      "p_median_weight": 7.76,
      "d_median_weight": 8.75,
      "p_std_weight": 15.128952462913642,
      "d_std_weight": 16.995907978067276,
      "p_total_weight": 5706.83,
      "d_total_weight": 2989.73,
      "p_mean_taxability": 42.58558974358974,
      "d_mean_taxability": 75.7348777173913,
      "p_total_taxability": 18269.218,
      "d_total_taxability": 13935.217499999999,
      "p_mean_volume": 0.12713121212121212,
      "d_mean_volume": 0.2274320652173913,
      "p_median_volume": 0.05776,
      "d_median_volume": 0.13763,
      "p_std_volume": 0.19218454074490765,
      "d_std_volume": 0.22976273937120842,
      "p_total_volume": 54.539289999999994,
      "d_total_volume": 41.8475,
      "d_max_priority": 0,
      "used_volume": 0.6680952789278977,
      "used_weight": 0.2594013636363636,
      "unload_obs": 6,
      "hs_cond": 1,
      "p_cond": 1,
      "sub_cond": 1
    },
    {
      "iteration": 32,
      "time": "151.02571368217468",
      "n_placed": 434,
      "n_discard": 179,
      "p_mean_weight": 13.14615207373272,
      "d_mean_weight": 16.71022346368715,
      "p_median_weight": 7.5649999999999995,
      "d_median_weight": 9.31,
      "p_std_weight": 15.137481865049269,
      "d_std_weight": 16.945555711653416,
      "p_total_weight": 5705.43,
      "d_total_weight": 2991.13,
      "p_mean_taxability": 42.18814329493088,
      "d_mean_taxability": 77.62447659217878,
      "p_total_taxability": 18309.65419,
      "d_total_taxability": 13894.781310000002,
      "p_mean_volume": 0.1259463594470046,
      "d_mean_volume": 0.23310653631284917,
      "p_median_volume": 0.05745,
      "d_median_volume": 0.14485,
      "p_std_volume": 0.19128560713285406,
      "d_std_volume": 0.23060126000772188,
      "p_total_volume": 54.66072,
      "d_total_volume": 41.72607,
      "d_max_priority": 0,
      "used_volume": 0.6695827718842638,
      "used_weight": 0.2593377272727273,
      "unload_obs": 6,
      "hs_cond": 1,
      "p_cond": 1,
      "sub_cond": 1
    },
    {
      "iteration": 148,
      "time": "135.79643392562866",
      "n_placed": 432,
      "n_discard": 181,
      "p_mean_weight": 13.196597222222223,
      "d_mean_weight": 16.550441988950276,
      "p_median_weight": 7.6,
      "d_median_weight": 9.1,
      "p_std_weight": 15.118102952623307,
      "d_std_weight": 16.996575662409324,
      "p_total_weight": 5700.93,
      "d_total_weight": 2995.63,
      "p_mean_taxability": 42.42296398148148,
      "d_mean_taxability": 76.67245889502763,
      "p_total_taxability": 18326.72044,
      "d_total_taxability": 13877.715060000002,
      "p_mean_volume": 0.1266480787037037,
      "d_mean_volume": 0.23024762430939225,
      "p_median_volume": 0.05789,
      "d_median_volume": 0.14127,
      "p_std_volume": 0.19156207756443133,
      "d_std_volume": 0.23069099572177174,
      "p_total_volume": 54.71197,
      "d_total_volume": 41.67482,
      "d_max_priority": 0,
      "used_volume": 0.6702105740255286,
      "used_weight": 0.25913318181818185,
      "unload_obs": 5,
      "hs_cond": 1,
      "p_cond": 1,
      "sub_cond": 1
    }
  ],
  "taxability": [
    {
      "iteration": 79,
      "time": "70.78011512756348",
      "n_placed": 429,
      "n_discard": 184,
      "p_mean_weight": 13.24237762237762,
      "d_mean_weight": 16.389021739130435,
      "p_median_weight": 7.6,
      "d_median_weight": 9.1,
      "p_std_weight": 15.11124441881295,
      "d_std_weight": 17.00743039542607,
      "p_total_weight": 5680.98,
      "d_total_weight": 3015.58,
      "p_mean_taxability": 42.82819848484848,
      "d_mean_taxability": 75.16923016304348,
      "p_total_taxability": 18373.29715,
      "d_total_taxability": 13831.138350000001,
      "p_mean_volume": 0.12785976689976689,
      "d_mean_volume": 0.22573342391304352,
      "p_median_volume": 0.05802,
      "d_median_volume": 0.13724,
      "p_std_volume": 0.1923503720954879,
      "d_std_volume": 0.23017437515464279,
      "p_total_volume": 54.851839999999996,
      "d_total_volume": 41.53495000000001,
      "d_max_priority": 0,
      "used_volume": 0.6719239532547713,
      "used_weight": 0.25822636363636364,
      "unload_obs": 4,
      "hs_cond": 1,
      "p_cond": 1,
      "sub_cond": 1
    },
    {
      "iteration": 36,
      "time": "147.84508061408997",
      "n_placed": 436,
      "n_discard": 177,
      "p_mean_weight": 12.993211009174312,
      "d_mean_weight": 17.127231638418078,