{
  "volume": [
    {
      "iteration": 69,
      "time": "125.44555139541626",
      "n_placed": 300,
      "n_discard": 145,
      "p_mean_weight": 18.603433333333335,
      "d_mean_weight": 12.503862068965518,
      "p_median_weight": 13.61,
      "d_median_weight": 6.38,
      "p_std_weight": 18.298630974219293,
      "d_std_weight": 17.010391929404626,
      "p_total_weight": 5581.030000000001,
      "d_total_weight": 1813.06,
      "p_mean_taxability": 67.73797760000001,
      "d_mean_taxability": 76.1781364137931,
      "p_total_taxability": 20321.39328,
      "d_total_taxability": 11045.82978,
      "p_mean_volume": 0.20336390000000001,
      "d_mean_volume": 0.2287631724137931,
      "p_median_volume": 0.100055,
      "d_median_volume": 0.1372,
      "p_std_volume": 0.23537707132487418,
      "d_std_volume": 0.2452063549557785,
      "p_total_volume": 61.009170000000005,
      "d_total_volume": 33.17066,
      "d_max_priority": 0,
      "used_volume": 0.7473500012249799,
      "used_weight": 0.25368318181818184,
      "unload_obs": 0,
      "hs_cond": 1,
      "p_cond": 1,
      "sub_cond": 1
    },
    {
      "iteration": 13,
      "time": "124.07267260551453",
      "n_placed": 300,
      "n_discard": 145,
      "p_mean_weight": 18.5343,
      "d_mean_weight": 12.646896551724137,
      "p_median_weight": 13.5,
      "d_median_weight": 6.43,
      "p_std_weight": 18.34475972062207,
      "d_std_weight": 16.95789321776315,
      "p_total_weight": 5560.290000000001,
      "d_total_weight": 1833.7999999999997,
      "p_mean_taxability": 67.5543392,
      "d_mean_taxability": 76.55807793103448,
      "p_total_taxability": 20266.301760000002,
      "d_total_taxability": 11100.921299999998,
      "p_mean_volume": 0.20281243333333335,
      "d_mean_volume": 0.2299041379310345,
      "p_median_volume": 0.0978,
      "d_median_volume": 0.1372,
      "p_std_volume": 0.2356922613876102,
      "d_std_volume": 0.24445358561546734,
      "p_total_volume": 60.84373,
      "d_total_volume": 33.3361,
      "d_max_priority": 0,
      "used_volume": 0.745323394663988,
      "used_weight": 0.2527404545454546,
      "unload_obs": 1,
      "hs_cond": 1,
      "p_cond": 1,
      "sub_cond": 1
    },
    {
      "iteration": 60,
      "time": "124.17257189750671",
      "n_placed": 299,
      "n_discard": 146,
      "p_mean_weight": 18.48876254180602,
      "d_mean_weight": 12.780479452054797,
      "p_median_weight": 13.4,
      "d_median_weight": 6.6899999999999995,
      "p_std_weight": 18.364848430072374,
      "d_std_weight": 16.962154520444532,
      "p_total_weight": 5528.14,
      "d_total_weight": 1865.9500000000003,
      "p_mean_taxability": 67.71878538461539,
      "d_mean_taxability": 76.15963171232877,
      "p_total_taxability": 20247.916830000002,
      "d_total_taxability": 11119.30623,
      "p_mean_volume": 0.20330608695652175,
      "d_mean_volume": 0.228707602739726,
      "p_median_volume": 0.09979,
      "d_median_volume": 0.139235,
      "p_std_volume": 0.23595471092092574,
      "d_std_volume": 0.2439926654785282,
      "p_total_volume": 60.788520000000005,
      "d_total_volume": 33.39131,
      "d_max_priority": 0,
      "used_volume": 0.7446470833231252,
      "used_weight": 0.2512790909090909,
      "unload_obs": 1,
      "hs_cond": 1,
      "p_cond": 1,
      "sub_cond": 1
    }
  ],
  "weight": [
    {
      "iteration": 69,
      "time": "125.44555139541626",
      "n_placed": 300,
      "n_discard": 145,
      "p_mean_weight": 18.603433333333335,
      "d_mean_weight": 12.503862068965518,
      "p_median_weight": 13.61,
      "d_median_weight": 6.38,
      "p_std_weight": 18.298630974219293,
      "d_std_weight": 17.010391929404626,
      "p_total_weight": 5581.030000000001,
      "d_total_weight": 1813.06,
      "p_mean_taxability": 67.73797760000001,
      "d_mean_taxability": 76.1781364137931,
      "p_total_taxability": 20321.39328,
      "d_total_taxability": 11045.82978,
      "p_mean_volume": 0.20336390000000001,
      "d_mean_volume": 0.2287631724137931,
      "p_median_volume": 0.100055,
      "d_median_volume": 0.1372,
      "p_std_volume": 0.23537707132487418,
      "d_std_volume": 0.2452063549557785,
      "p_total_volume": 61.009170000000005,
      "d_total_volume": 33.17066,
      "d_max_priority": 0,
      "used_volume": 0.7473500012249799,
      "used_weight": 0.25368318181818184,
      "unload_obs": 0,
      "hs_cond": 1,
      "p_cond": 1,
      "sub_cond": 1
    },
    {
      "iteration": 94,
      "time": "119.13663411140442",
      "n_placed": 297,
      "n_discard": 148,
      "p_mean_weight": 18.73,
      "d_mean_weight": 12.373513513513515,
      "p_median_weight": 13.6,
      "d_median_weight": 6.29,
      "p_std_weight": 18.33761724109981,
      "d_std_weight": 16.881823492798194,
      "p_total_weight": 5562.81,
      "d_total_weight": 1831.2800000000002,
      "p_mean_taxability": 68.14204232323232,
      "d_mean_taxability": 75.19619250000001,
      "p_total_taxability": 20238.186569999998,
      "d_total_taxability": 11129.036490000002,
      "p_mean_volume": 0.20457676767676766,
      "d_mean_volume": 0.2258143918918919,
      "p_median_volume": 0.09979,
      "d_median_volume": 0.135775,
      "p_std_volume": 0.23624258924239128,
      "d_std_volume": 0.243585157223004,
      "p_total_volume": 60.759299999999996,
      "d_total_volume": 33.42053,
      "d_max_priority": 0,
      "used_volume": 0.7442891442291202,
      "used_weight": 0.252855,
      "unload_obs": 1,
      "hs_cond": 1,
      "p_cond": 1,
      "sub_cond": 1
    },
    {
      "iteration": 13,
      "time": "124.07267260551453",
      "n_placed": 300,
      "n_discard": 145,
      "p_mean_weight": 18.5343,
      "d_mean_weight": 12.646896551724137,
      "p_median_weight": 13.5,
      "d_median_weight": 6.43,
      "p_std_weight": 18.34475972062207,
      "d_std_weight": 16.95789321776315,
      "p_total_weight": 5560.290000000001,
      "d_total_weight": 1833.7999999999997,
      "p_mean_taxability": 67.5543392,
      "d_mean_taxability": 76.55807793103448,
      "p_total_taxability": 20266.301760000002,
      "d_total_taxability": 11100.921299999998,
      "p_mean_volume": 0.20281243333333335,
      "d_mean_volume": 0.2299041379310345,
      "p_median_volume": 0.0978,
      "d_median_volume": 0.1372,
      "p_std_volume": 0.2356922613876102,
      "d_std_volume": 0.24445358561546734,
      "p_total_volume": 60.84373,
      "d_total_volume": 33.3361,
      "d_max_priority": 0,
      "used_volume": 0.745323394663988,
      "used_weight": 0.2527404545454546,
      "unload_obs": 1,
      "hs_cond": 1,
      "p_cond": 1,
      "sub_cond": 1
    }
  ],
  "taxability": [
    {
      "iteration": 69,
      "time": "125.44555139541626",
      "n_placed": 300,
      "n_discard": 145,
      "p_mean_weight": 18.603433333333335,
      "d_mean_weight": 12.503862068965518,
      "p_median_weight": 13.61,
      "d_median_weight": 6.38,
      "p_std_weight": 18.298630974219293,
      "d_std_weight": 17.010391929404626,
      "p_total_weight": 5581.030000000001,
      "d_total_weight": 1813.06,
      "p_mean_taxability": 67.73797760000001,
      "d_mean_taxability": 76.1781364137931,
      "p_total_taxability": 20321.39328,
      "d_total_taxability": 11045.82978,
      "p_mean_volume": 0.20336390000000001,
      "d_mean_volume": 0.2287631724137931,
      "p_median_volume": 0.100055,
      "d_median_volume": 0.1372,
      "p_std_volume": 0.23537707132487418,
      "d_std_volume": 0.2452063549557785,
      "p_total_volume": 61.009170000000005,
      "d_total_volume": 33.17066,
      "d_max_priority": 0,
      "used_volume": 0.7473500012249799,
      "used_weight": 0.25368318181818184,
      "unload_obs": 0,
      "hs_cond": 1,
      "p_cond": 1,
      "sub_cond": 1
    },
    {
      "iteration": 13,
      "time": "124.07267260551453",
      "n_placed": 300,
      "n_discard": 145,
      "p_mean_weight": 18.5343,