{
  "volume": [
    {
      "iteration": 461,
      "time": "74.84067678451538",
      "p_mean_weight": 16.68606617647059,
      "d_mean_weight": 9.680546875000001,
      "p_median_weight": 17.658,
      "d_median_weight": 9.457,
      "p_std_weight": 5.999914841620616,
      "d_std_weight": 5.176871221941059,
      "p_total_weight": 2269.3050000000003,
      "d_total_weight": 619.5550000000001,
      "p_mean_taxability": 157.31801470588235,
      "d_mean_taxability": 97.69907812499999,
      "p_total_taxability": 21395.25,
      "d_total_taxability": 6252.740999999999,
      "p_mean_volume": 0.4724264705882353,
      "d_mean_volume": 0.2933906249999999,
      "p_median_volume": 0.491,
      "d_median_volume": 0.274,
      "p_std_volume": 0.18077977731679568,
      "d_std_volume": 0.16096845961268116,
      "p_total_volume": 64.25,
      "d_total_volume": 18.776999999999994,
      "d_max_priority": 0,
      "used_volume": 0.7870495136830242,
      "used_weight": 0.10315022727272728,
      "hs_cond": 1,
      "p_cond": 1
    },
    {
      "iteration": 28,
      "time": "76.4285409450531",
      "p_mean_weight": 16.70729323308271,
      "d_mean_weight": 9.952089552238805,
      "p_median_weight": 17.658,
      "d_median_weight": 9.457,
      "p_std_weight": 6.078814811445386,
      "d_std_weight": 5.183416025058049,
      "p_total_weight": 2222.07,
      "d_total_weight": 666.79,
      "p_mean_taxability": 158.13243609022558,
      "d_mean_taxability": 98.75189552238805,
      "p_total_taxability": 21031.614,
      "d_total_taxability": 6616.3769999999995,
      "p_mean_volume": 0.47487218045112783,
      "d_mean_volume": 0.29655223880597004,
      "p_median_volume": 0.491,
      "d_median_volume": 0.274,
      "p_std_volume": 0.18160256362218297,
      "d_std_volume": 0.15903556716564907,
      "p_total_volume": 63.158,
      "d_total_volume": 19.868999999999993,
      "d_max_priority": 0,
      "used_volume": 0.7736727343998824,
      "used_weight": 0.10100318181818183,
      "hs_cond": 1,
      "p_cond": 1
    },
    {
      "iteration": 109,
      "time": "75.51271796226501",
      "p_mean_weight": 16.704157894736845,
      "d_mean_weight": 9.958313432835821,
      "p_median_weight": 17.658,
      "d_median_weight": 9.457,
      "p_std_weight": 6.2692362565173685,
      "d_std_weight": 4.717036814501482,
      "p_total_weight": 2221.6530000000002,
      "d_total_weight": 667.207,
      "p_mean_taxability": 157.9721954887218,
      "d_mean_taxability": 99.06998507462684,
      "p_total_taxability": 21010.302,
      "d_total_taxability": 6637.6889999999985,
      "p_mean_volume": 0.474390977443609,
      "d_mean_volume": 0.2975074626865671,
      "p_median_volume": 0.491,
      "d_median_volume": 0.278,
      "p_std_volume": 0.18789982963957902,
      "d_std_volume": 0.14485524364043972,
      "p_total_volume": 63.093999999999994,
      "d_total_volume": 19.932999999999993,
      "d_max_priority": 0,
      "used_volume": 0.7728887473356689,
      "used_weight": 0.10098422727272728,
      "hs_cond": 1,
      "p_cond": 1
    },
    {
      "iteration": 334,
      "time": "68.71682906150818",
      "p_mean_weight": 17.368148437499997,
      "d_mean_weight": 9.246347222222221,
      "p_median_weight": 17.658,
      "d_median_weight": 9.457,
      "p_std_weight": 5.60407410025063,
      "d_std_weight": 4.829462930977141,
      "p_total_weight": 2223.1229999999996,
      "d_total_weight": 665.737,
      "p_mean_taxability": 164.12997656250002,
      "d_mean_taxability": 92.21324999999999,
      "p_total_taxability": 21008.637000000002,
      "d_total_taxability": 6639.353999999999,
      "p_mean_volume": 0.4928828125,
      "d_mean_volume": 0.2769166666666666,
      "p_median_volume": 0.491,
      "d_median_volume": 0.274,
      "p_std_volume": 0.17316191599506708,
      "d_std_volume": 0.1444762030212471,
      "p_total_volume": 63.089,
      "d_total_volume": 19.937999999999995,
      "d_max_priority": 0,
      "used_volume": 0.7728274983462773,
      "used_weight": 0.10105104545454544,
      "hs_cond": 1,
      "p_cond": 1
    },
    {
      "iteration": 282,
      "time": "67.10428810119629",
      "p_mean_weight": 17.019176923076927,
      "d_mean_weight": 9.662385714285717,
      "p_median_weight": 17.658,
      "d_median_weight": 9.457,
      "p_std_weight": 5.821450198216596,
      "d_std_weight": 5.177739863632118,
      "p_total_weight": 2212.4930000000004,
      "d_total_weight": 676.3670000000002,
      "p_mean_taxability": 160.46245384615384,
      "d_mean_taxability": 96.96959999999999,
      "p_total_taxability": 20860.119,
      "d_total_taxability": 6787.871999999999,
      "p_mean_volume": 0.48186923076923077,
      "d_mean_volume": 0.2911999999999998,
      "p_median_volume": 0.491,
      "d_median_volume": 0.274,
      "p_std_volume": 0.1771364992202139,
      "d_std_volume": 0.1586869674018267,
      "p_total_volume": 62.643,
      "d_total_volume": 20.383999999999986,
      "d_max_priority": 0,
      "used_volume": 0.7673640884925399,
      "used_weight": 0.10056786363636365,
      "hs_cond": 1,
      "p_cond": 1
    }
  ],
  "weight": [
    {
      "iteration": 461,
      "time": "74.84067678451538",
      "p_mean_weight": 16.68606617647059,
      "d_mean_weight": 9.680546875000001,
      "p_median_weight": 17.658,
      "d_median_weight": 9.457,
      "p_std_weight": 5.999914841620616,
      "d_std_weight": 5.176871221941059,
      "p_total_weight": 2269.3050000000003,
      "d_total_weight": 619.5550000000001,
      "p_mean_taxability": 157.31801470588235,
      "d_mean_taxability": 97.69907812499999,
      "p_total_taxability": 21395.25,
      "d_total_taxability": 6252.740999999999,
      "p_mean_volume": 0.4724264705882353,
      "d_mean_volume": 0.2933906249999999,
      "p_median_volume": 0.491,
      "d_median_volume": 0.274,
      "p_std_volume": 0.18077977731679568,
      "d_std_volume": 0.16096845961268116,
      "p_total_volume": 64.25,
      "d_total_volume": 18.776999999999994,
      "d_max_priority": 0,
      "used_volume": 0.7870495136830242,
      "used_weight": 0.10315022727272728,
      "hs_cond": 1,
      "p_cond": 1
    },
    {
      "iteration": 334,
      "time": "68.71682906150818",
      "p_mean_weight": 17.368148437499997,
      "d_mean_weight": 9.246347222222221,
      "p_median_weight": 17.658,
      "d_median_weight": 9.457,
      "p_std_weight": 5.60407410025063,
      "d_std_weight": 4.829462930977141,
      "p_total_weight": 2223.1229999999996,
      "d_total_weight": 665.737,
      "p_mean_taxability": 164.12997656250002,
      "d_mean_taxability": 92.21324999999999,
      "p_total_taxability": 21008.637000000002,
      "d_total_taxability": 6639.353999999999,
      "p_mean_volume": 0.4928828125,
      "d_mean_volume": 0.2769166666666666,
      "p_median_volume": 0.491,
      "d_median_volume": 0.274,
      "p_std_volume": 0.17316191599506708,
      "d_std_volume": 0.1444762030212471,
      "p_total_volume": 63.089,
      "d_total_volume": 19.937999999999995,
      "d_max_priority": 0,
      "used_volume": 0.7728274983462773,
      "used_weight": 0.10105104545454544,
      "hs_cond": 1,
      "p_cond": 1
    },
    {
      "iteration": 28,
      "time": "76.4285409450531",
      "p_mean_weight": 16.70729323308271,
      "d_mean_weight": 9.952089552238805,
      "p_median_weight": 17.658,
      "d_median_weight": 9.457,
      "p_std_weight": 6.078814811445386,
      "d_std_weight": 5.183416025058049,
      "p_total_weight": 2222.07,
      "d_total_weight": 666.79,
      "p_mean_taxability": 158.13243609022558,
      "d_mean_taxability": 98.75189552238805,
      "p_total_taxability": 21031.614,
      "d_total_taxability": 6616.3769999999995,
      "p_mean_volume": 0.47487218045112783,
      "d_mean_volume": 0.29655223880597004,
      "p_median_volume": 0.491,
      "d_median_volume": 0.274,
      "p_std_volume": 0.18160256362218297,
      "d_std_volume": 0.15903556716564907,