{
  "volume": [
    {
      "iteration": 20,
      "time": "51.41222906112671",
      "p_mean_weight": 16.46460759493671,
      "d_mean_weight": 12.517115384615384,
      "p_median_weight": 16.79,
      "d_median_weight": 13.5565,
      "p_std_weight": 6.820220485850199,
      "d_std_weight": 4.840254800673715,
      "p_total_weight": 2601.408,
      "d_total_weight": 650.89,
      "p_mean_taxability": 139.24668987341772,
      "d_mean_taxability": 105.30484615384616,
      "p_total_taxability": 22000.977,
      "d_total_taxability": 5475.852,
      "p_mean_volume": 0.41815822784810136,
      "d_mean_volume": 0.3162307692307692,
      "p_median_volume": 0.399,
      "d_median_volume": 0.352,
      "p_std_volume": 0.16491945620145051,
      "d_std_volume": 0.09364296302919338,
      "p_total_volume": 66.06900000000002,
      "d_total_volume": 16.444,
      "d_max_priority": 0,
      "used_volume": 0.8093318960237158,
      "used_weight": 0.11824581818181817
    },
    {
      "iteration": 14,
      "time": "50.738685846328735",
      "p_mean_weight": 16.244245283018866,
      "d_mean_weight": 13.126725490196078,
      "p_median_weight": 16.79,
      "d_median_weight": 16.79,
      "p_std_weight": 7.000300607213535,
      "d_std_weight": 4.448483481270585,
      "p_total_weight": 2582.835,
      "d_total_weight": 669.463,
      "p_mean_taxability": 137.15201886792454,
      "d_mean_taxability": 111.16976470588236,
      "p_total_taxability": 21807.171000000002,
      "d_total_taxability": 5669.658,
      "p_mean_volume": 0.41186792452830184,
      "d_mean_volume": 0.333843137254902,
      "p_median_volume": 0.391,
      "d_median_volume": 0.352,
      "p_std_volume": 0.1705210968501599,
      "d_std_volume": 0.07674929903237412,
      "p_total_volume": 65.487,
      "d_total_volume": 17.026000000000003,
      "d_max_priority": 0,
      "used_volume": 0.8022025136585246,
      "used_weight": 0.11740159090909091
    },
    {
      "iteration": 16,
      "time": "48.4433069229126",
      "p_mean_weight": 16.22809493670886,
      "d_mean_weight": 13.23575,
      "p_median_weight": 16.79,
      "d_median_weight": 16.79,
      "p_std_weight": 6.967593690198499,
      "d_std_weight": 4.71782047915448,
      "p_total_weight": 2564.0389999999998,
      "d_total_weight": 688.259,
      "p_mean_taxability": 137.79455696202533,
      "d_mean_taxability": 109.71709615384614,
      "p_total_taxability": 21771.54,
      "d_total_taxability": 5705.289,
      "p_mean_volume": 0.4137974683544304,
      "d_mean_volume": 0.3294807692307692,
      "p_median_volume": 0.395,
      "d_median_volume": 0.352,
      "p_std_volume": 0.16609719200215933,
      "d_std_volume": 0.1004240988156035,
      "p_total_volume": 65.38,
      "d_total_volume": 17.133,
      "d_max_priority": 0,
      "used_volume": 0.8008917852855427,
      "used_weight": 0.11654722727272726
    },
    {
      "iteration": 3,
      "time": "44.19241189956665",
      "p_mean_weight": 16.119213836477986,
      "d_mean_weight": 13.516529411764708,
      "p_median_weight": 16.79,
      "d_median_weight": 16.79,
      "p_std_weight": 7.051736599441914,
      "d_std_weight": 4.447400608683418,
      "p_total_weight": 2562.955,
      "d_total_weight": 689.3430000000001,
      "p_mean_taxability": 136.91745283018867,
      "d_mean_taxability": 111.90105882352941,
      "p_total_taxability": 21769.875,
      "d_total_taxability": 5706.954,
      "p_mean_volume": 0.4111635220125786,
      "d_mean_volume": 0.33603921568627454,
      "p_median_volume": 0.391,
      "d_median_volume": 0.352,
      "p_std_volume": 0.1702956429351814,
      "d_std_volume": 0.08047557661410416,
      "p_total_volume": 65.375,
      "d_total_volume": 17.138,
      "d_max_priority": 0,
      "used_volume": 0.8008305362961511,
      "used_weight": 0.11649795454545454
    },
    {
      "iteration": 21,
      "time": "48.25470590591431",
      "p_mean_weight": 16.129598726114647,
      "d_mean_weight": 13.583981132075474,
      "p_median_weight": 16.79,
      "d_median_weight": 16.79,
      "p_std_weight": 7.010414239251188,
      "d_std_weight": 4.771457910931521,
      "p_total_weight": 2532.3469999999998,
      "d_total_weight": 719.9510000000001,
      "p_mean_taxability": 138.57254140127387,
      "d_mean_taxability": 107.94226415094339,
      "p_total_taxability": 21755.889,
      "d_total_taxability": 5720.94,
      "p_mean_volume": 0.4161337579617834,
      "d_mean_volume": 0.32415094339622647,
      "p_median_volume": 0.399,
      "d_median_volume": 0.349,
      "p_std_volume": 0.16730975018492208,
      "d_std_volume": 0.09005861258655924,
      "p_total_volume": 65.333,
      "d_total_volume": 17.180000000000003,
      "d_max_priority": 0,
      "used_volume": 0.800316044785261,
      "used_weight": 0.1151066818181818
    }
  ],
  "weight": [
    {
      "iteration": 20,
      "time": "51.41222906112671",
      "p_mean_weight": 16.46460759493671,
      "d_mean_weight": 12.517115384615384,
      "p_median_weight": 16.79,
      "d_median_weight": 13.5565,
      "p_std_weight": 6.820220485850199,
      "d_std_weight": 4.840254800673715,
      "p_total_weight": 2601.408,
      "d_total_weight": 650.89,
      "p_mean_taxability": 139.24668987341772,
      "d_mean_taxability": 105.30484615384616,
      "p_total_taxability": 22000.977,
      "d_total_taxability": 5475.852,
      "p_mean_volume": 0.41815822784810136,
      "d_mean_volume": 0.3162307692307692,
      "p_median_volume": 0.399,
      "d_median_volume": 0.352,
      "p_std_volume": 0.16491945620145051,
      "d_std_volume": 0.09364296302919338,
      "p_total_volume": 66.06900000000002,
      "d_total_volume": 16.444,
      "d_max_priority": 0,
      "used_volume": 0.8093318960237158,
      "used_weight": 0.11824581818181817
    },
    {
      "iteration": 2,
      "time": "54.55982208251953",
      "p_mean_weight": 15.939294478527605,
      "d_mean_weight": 13.919,
      "p_median_weight": 16.79,
      "d_median_weight": 16.79,
      "p_std_weight": 7.160761311974314,
      "d_std_weight": 3.763991434865271,
      "p_total_weight": 2598.1049999999996,
      "d_total_weight": 654.193,
      "p_mean_taxability": 133.16935582822083,
      "d_mean_taxability": 122.77072340425532,
      "p_total_taxability": 21706.604999999996,
      "d_total_taxability": 5770.224,
      "p_mean_volume": 0.3999079754601227,
      "d_mean_volume": 0.36868085106383003,
      "p_median_volume": 0.391,
      "d_median_volume": 0.352,
      "p_std_volume": 0.1719217382177189,
      "d_std_volume": 0.08075946744418663,
      "p_total_volume": 65.185,
      "d_total_volume": 17.32800000000001,
      "d_max_priority": 0,
      "used_volume": 0.7985030746992675,
      "used_weight": 0.1180956818181818
    },
    {
      "iteration": 14,
      "time": "50.738685846328735",
      "p_mean_weight": 16.244245283018866,
      "d_mean_weight": 13.126725490196078,
      "p_median_weight": 16.79,
      "d_median_weight": 16.79,
      "p_std_weight": 7.000300607213535,
      "d_std_weight": 4.448483481270585,
      "p_total_weight": 2582.835,
      "d_total_weight": 669.463,
      "p_mean_taxability": 137.15201886792454,
      "d_mean_taxability": 111.16976470588236,
      "p_total_taxability": 21807.171000000002,
      "d_total_taxability": 5669.658,
      "p_mean_volume": 0.41186792452830184,
      "d_mean_volume": 0.333843137254902,
      "p_median_volume": 0.391,
      "d_median_volume": 0.352,
      "p_std_volume": 0.1705210968501599,
      "d_std_volume": 0.07674929903237412,
      "p_total_volume": 65.487,
      "d_total_volume": 17.026000000000003,
      "d_max_priority": 0,
      "used_volume": 0.8022025136585246,
      "used_weight": 0.11740159090909091
    },
    {
      "iteration": 7,
      "time": "53.97966384887695",
      "p_mean_weight": 16.376624203821653,
      "d_mean_weight": 12.852226415094341,
      "p_median_weight": 17.409,
      "d_median_weight": 15.124,