{
  "volume": [
    {
      "iteration": 0,
      "time": "41.47112798690796",
      "p_mean_weight": 15.917056249999998,
      "d_mean_weight": 14.111379999999999,
      "p_median_weight": 16.79,
      "d_median_weight": 15.124,
      "p_std_weight": 7.263393643692398,
      "d_std_weight": 3.484225161366877,
      "p_total_weight": 2546.729,
      "d_total_weight": 705.569,
      "p_mean_taxability": 129.53491875,
      "d_mean_taxability": 135.02484,
      "p_total_taxability": 20725.587,
      "d_total_taxability": 6751.242,
      "p_mean_volume": 0.38899375,
      "d_mean_volume": 0.40548,
      "p_median_volume": 0.391,
      "d_median_volume": 0.399,
      "p_std_volume": 0.1693145075781018,
      "d_std_volume": 0.10646130656683851,
      "p_total_volume": 62.239000000000004,
      "d_total_volume": 20.274,
      "d_max_priority": 0,
      "used_volume": 0.7624151701496926,
      "used_weight": 0.11576040909090908
    }
  ],
  "weight": [
    {
      "iteration": 0,
      "time": "41.47112798690796",
      "p_mean_weight": 15.917056249999998,
      "d_mean_weight": 14.111379999999999,
      "p_median_weight": 16.79,
      "d_median_weight": 15.124,
      "p_std_weight": 7.263393643692398,
      "d_std_weight": 3.484225161366877,
      "p_total_weight": 2546.729,
      "d_total_weight": 705.569,
      "p_mean_taxability": 129.53491875,
      "d_mean_taxability": 135.02484,
      "p_total_taxability": 20725.587,
      "d_total_taxability": 6751.242,
      "p_mean_volume": 0.38899375,
      "d_mean_volume": 0.40548,
      "p_median_volume": 0.391,
      "d_median_volume": 0.399,
      "p_std_volume": 0.1693145075781018,
      "d_std_volume": 0.10646130656683851,
      "p_total_volume": 62.239000000000004,
      "d_total_volume": 20.274,
      "d_max_priority": 0,
      "used_volume": 0.7624151701496926,
      "used_weight": 0.11576040909090908
    }
  ],
  "taxability": [
    {
      "iteration": 0,
      "time": "41.47112798690796",
      "p_mean_weight": 15.917056249999998,
      "d_mean_weight": 14.111379999999999,
      "p_median_weight": 16.79,
      "d_median_weight": 15.124,
      "p_std_weight": 7.263393643692398,
      "d_std_weight": 3.484225161366877,
      "p_total_weight": 2546.729,
      "d_total_weight": 705.569,
      "p_mean_taxability": 129.53491875,
      "d_mean_taxability": 135.02484,
      "p_total_taxability": 20725.587,
      "d_total_taxability": 6751.242,
      "p_mean_volume": 0.38899375,
      "d_mean_volume": 0.40548,
      "p_median_volume": 0.391,
      "d_median_volume": 0.399,
      "p_std_volume": 0.1693145075781018,
      "d_std_volume": 0.10646130656683851,
      "p_total_volume": 62.239000000000004,
      "d_total_volume": 20.274,
      "d_max_priority": 0,
      "used_volume": 0.7624151701496926,
      "used_weight": 0.11576040909090908
    }
  ]
}