{
  "volume": [
    {
      "iteration": 0,
      "time": "28.84233808517456",
      "p_mean_weight": 17.1769037037037,
      "d_mean_weight": 12.445546666666669,
      "p_median_weight": 17.409,
      "d_median_weight": 14.161,
      "p_std_weight": 6.778266127824508,
      "d_std_weight": 5.028938989417079,
      "p_total_weight": 2318.8819999999996,
      "d_total_weight": 933.4160000000002,
      "p_mean_taxability": 142.61033333333333,
      "d_mean_taxability": 109.65911999999999,
      "p_total_taxability": 19252.395,
      "d_total_taxability": 8224.434,
      "p_mean_volume": 0.42825925925925923,
      "d_mean_volume": 0.3293066666666667,
      "p_median_volume": 0.391,
      "d_median_volume": 0.352,
      "p_std_volume": 0.15521035138982092,
      "d_std_volume": 0.13870286862846698,
      "p_total_volume": 57.815,
      "d_total_volume": 24.698000000000004,
      "d_max_priority": 0,
      "used_volume": 0.7082220643359384,
      "used_weight": 0.10540372727272726
    }
  ],
  "weight": [
    {
      "iteration": 0,
      "time": "28.84233808517456",
      "p_mean_weight": 17.1769037037037,
      "d_mean_weight": 12.445546666666669,
      "p_median_weight": 17.409,
      "d_median_weight": 14.161,
      "p_std_weight": 6.778266127824508,
      "d_std_weight": 5.028938989417079,
      "p_total_weight": 2318.8819999999996,
      "d_total_weight": 933.4160000000002,
      "p_mean_taxability": 142.61033333333333,
      "d_mean_taxability": 109.65911999999999,
      "p_total_taxability": 19252.395,
      "d_total_taxability": 8224.434,
      "p_mean_volume": 0.42825925925925923,
      "d_mean_volume": 0.3293066666666667,
      "p_median_volume": 0.391,
      "d_median_volume": 0.352,
      "p_std_volume": 0.15521035138982092,
      "d_std_volume": 0.13870286862846698,
      "p_total_volume": 57.815,
      "d_total_volume": 24.698000000000004,
      "d_max_priority": 0,
      "used_volume": 0.7082220643359384,
      "used_weight": 0.10540372727272726
    }
  ],
  "taxability": [
    {
      "iteration": 0,
      "time": "28.84233808517456",
      "p_mean_weight": 17.1769037037037,
      "d_mean_weight": 12.445546666666669,
      "p_median_weight": 17.409,
      "d_median_weight": 14.161,
      "p_std_weight": 6.778266127824508,
      "d_std_weight": 5.028938989417079,
      "p_total_weight": 2318.8819999999996,
      "d_total_weight": 933.4160000000002,
      "p_mean_taxability": 142.61033333333333,
      "d_mean_taxability": 109.65911999999999,
      "p_total_taxability": 19252.395,
      "d_total_taxability": 8224.434,
      "p_mean_volume": 0.42825925925925923,
      "d_mean_volume": 0.3293066666666667,
      "p_median_volume": 0.391,
      "d_median_volume": 0.352,
      "p_std_volume": 0.15521035138982092,
      "d_std_volume": 0.13870286862846698,
      "p_total_volume": 57.815,
      "d_total_volume": 24.698000000000004,
      "d_max_priority": 0,
      "used_volume": 0.7082220643359384,
      "used_weight": 0.10540372727272726
    }
  ]
}