{
  "volume": [
    {
      "iteration": 0,
      "time": "53.97939324378967",
      "p_mean_weight": 16.67217322834646,
      "d_mean_weight": 10.568410958904108,
      "p_median_weight": 17.658,
      "d_median_weight": 12.566,
      "p_std_weight": 6.109555703190593,
      "d_std_weight": 5.595071588350511,
      "p_total_weight": 2117.3660000000004,
      "d_total_weight": 771.4939999999999,
      "p_mean_taxability": 157.50637795275586,
      "d_mean_taxability": 104.72165753424657,
      "p_total_taxability": 20003.309999999994,
      "d_total_taxability": 7644.681,
      "p_mean_volume": 0.4729921259842521,
      "d_mean_volume": 0.31447945205479444,
      "p_median_volume": 0.491,
      "d_median_volume": 0.274,
      "p_std_volume": 0.17928165727681267,
      "d_std_volume": 0.1757814385970576,
      "p_total_volume": 60.070000000000014,
      "d_total_volume": 22.956999999999994,
      "d_max_priority": 0,
      "used_volume": 0.7358453585515841,
      "used_weight": 0.09624390909090912,
      "hs_cond": 1,
      "p_cond": 1
    },
    {
      "iteration": 1,
      "time": "60.91610336303711",
      "p_mean_weight": 15.170545454545456,
      "d_mean_weight": 13.034529411764705,
      "p_median_weight": 13.95,
      "d_median_weight": 12.566,
      "p_std_weight": 6.540160020176965,
      "d_std_weight": 6.551727816933618,
      "p_total_weight": 2002.5120000000002,
      "d_total_weight": 886.348,
      "p_mean_taxability": 139.36049999999997,
      "d_mean_taxability": 136.06477941176465,
      "p_total_taxability": 18395.585999999996,
      "d_total_taxability": 9252.404999999995,
      "p_mean_volume": 0.41849999999999987,
      "d_mean_volume": 0.4086029411764705,
      "p_median_volume": 0.415,
      "d_median_volume": 0.353,
      "p_std_volume": 0.1860197190565091,
      "d_std_volume": 0.20811564951562372,
      "p_total_volume": 55.24199999999998,
      "d_total_volume": 27.784999999999993,
      "d_max_priority": 0,
      "used_volume": 0.6767033343949823,
      "used_weight": 0.09102327272727273,
      "hs_cond": 1,
      "p_cond": 1
    }
  ],
  "weight": [
    {
      "iteration": 0,
      "time": "53.97939324378967",
      "p_mean_weight": 16.67217322834646,
      "d_mean_weight": 10.568410958904108,
      "p_median_weight": 17.658,
      "d_median_weight": 12.566,
      "p_std_weight": 6.109555703190593,
      "d_std_weight": 5.595071588350511,
      "p_total_weight": 2117.3660000000004,
      "d_total_weight": 771.4939999999999,
      "p_mean_taxability": 157.50637795275586,
      "d_mean_taxability": 104.72165753424657,
      "p_total_taxability": 20003.309999999994,
      "d_total_taxability": 7644.681,
      "p_mean_volume": 0.4729921259842521,
      "d_mean_volume": 0.31447945205479444,
      "p_median_volume": 0.491,
      "d_median_volume": 0.274,
      "p_std_volume": 0.17928165727681267,
      "d_std_volume": 0.1757814385970576,
      "p_total_volume": 60.070000000000014,
      "d_total_volume": 22.956999999999994,
      "d_max_priority": 0,
      "used_volume": 0.7358453585515841,
      "used_weight": 0.09624390909090912,
      "hs_cond": 1,
      "p_cond": 1
    },
    {
      "iteration": 1,
      "time": "60.91610336303711",
      "p_mean_weight": 15.170545454545456,
      "d_mean_weight": 13.034529411764705,
      "p_median_weight": 13.95,
      "d_median_weight": 12.566,
      "p_std_weight": 6.540160020176965,
      "d_std_weight": 6.551727816933618,
      "p_total_weight": 2002.5120000000002,
      "d_total_weight": 886.348,
      "p_mean_taxability": 139.36049999999997,
      "d_mean_taxability": 136.06477941176465,
      "p_total_taxability": 18395.585999999996,
      "d_total_taxability": 9252.404999999995,
      "p_mean_volume": 0.41849999999999987,
      "d_mean_volume": 0.4086029411764705,
      "p_median_volume": 0.415,
      "d_median_volume": 0.353,
      "p_std_volume": 0.1860197190565091,
      "d_std_volume": 0.20811564951562372,
      "p_total_volume": 55.24199999999998,
      "d_total_volume": 27.784999999999993,
      "d_max_priority": 0,
      "used_volume": 0.6767033343949823,
      "used_weight": 0.09102327272727273,
      "hs_cond": 1,
      "p_cond": 1
    }
  ],
  "taxability": [
    {
      "iteration": 0,
      "time": "53.97939324378967",
      "p_mean_weight": 16.67217322834646,
      "d_mean_weight": 10.568410958904108,
      "p_median_weight": 17.658,
      "d_median_weight": 12.566,
      "p_std_weight": 6.109555703190593,
      "d_std_weight": 5.595071588350511,
      "p_total_weight": 2117.3660000000004,
      "d_total_weight": 771.4939999999999,
      "p_mean_taxability": 157.50637795275586,
      "d_mean_taxability": 104.72165753424657,
      "p_total_taxability": 20003.309999999994,
      "d_total_taxability": 7644.681,
      "p_mean_volume": 0.4729921259842521,
      "d_mean_volume": 0.31447945205479444,
      "p_median_volume": 0.491,
      "d_median_volume": 0.274,
      "p_std_volume": 0.17928165727681267,
      "d_std_volume": 0.1757814385970576,
      "p_total_volume": 60.070000000000014,
      "d_total_volume": 22.956999999999994,
      "d_max_priority": 0,
      "used_volume": 0.7358453585515841,
      "used_weight": 0.09624390909090912,
      "hs_cond": 1,
      "p_cond": 1
    },
    {
      "iteration": 1,
      "time": "60.91610336303711",
      "p_mean_weight": 15.170545454545456,
      "d_mean_weight": 13.034529411764705,
      "p_median_weight": 13.95,
      "d_median_weight": 12.566,
      "p_std_weight": 6.540160020176965,
      "d_std_weight": 6.551727816933618,
      "p_total_weight": 2002.5120000000002,
      "d_total_weight": 886.348,
      "p_mean_taxability": 139.36049999999997,
      "d_mean_taxability": 136.06477941176465,
      "p_total_taxability": 18395.585999999996,
      "d_total_taxability": 9252.404999999995,
      "p_mean_volume": 0.41849999999999987,
      "d_mean_volume": 0.4086029411764705,
      "p_median_volume": 0.415,
      "d_median_volume": 0.353,
      "p_std_volume": 0.1860197190565091,
      "d_std_volume": 0.20811564951562372,
      "p_total_volume": 55.24199999999998,
      "d_total_volume": 27.784999999999993,
      "d_max_priority": 0,
      "used_volume": 0.6767033343949823,
      "used_weight": 0.09102327272727273,
      "hs_cond": 1,
      "p_cond": 1
    }
  ]
}