{
  "volume": [
    {
      "iteration": 0,
      "time": "31.01620602607727",
      "p_mean_weight": 16.272085526315788,
      "d_mean_weight": 13.43001724137931,
      "p_median_weight": 16.79,
      "d_median_weight": 15.124,
      "p_std_weight": 6.932101845707355,
      "d_std_weight": 5.150626562094525,
      "p_total_weight": 2473.357,
      "d_total_weight": 778.941,
      "p_mean_taxability": 137.34497368421054,
      "d_mean_taxability": 113.79987931034483,
      "p_total_taxability": 20876.436,
      "d_total_taxability": 6600.393,
      "p_mean_volume": 0.41244736842105256,
      "d_mean_volume": 0.3417413793103449,
      "p_median_volume": 0.391,
      "d_median_volume": 0.349,
      "p_std_volume": 0.15967901534030324,
      "d_std_volume": 0.13661670807181647,
      "p_total_volume": 62.69199999999999,
      "d_total_volume": 19.821,
      "d_max_priority": 0,
      "used_volume": 0.7679643285885782,
      "used_weight": 0.11242531818181818
    }
  ],
  "weight": [
    {
      "iteration": 0,
      "time": "31.01620602607727",
      "p_mean_weight": 16.272085526315788,
      "d_mean_weight": 13.43001724137931,
      "p_median_weight": 16.79,
      "d_median_weight": 15.124,
      "p_std_weight": 6.932101845707355,
      "d_std_weight": 5.150626562094525,
      "p_total_weight": 2473.357,
      "d_total_weight": 778.941,
      "p_mean_taxability": 137.34497368421054,
      "d_mean_taxability": 113.79987931034483,
      "p_total_taxability": 20876.436,
      "d_total_taxability": 6600.393,
      "p_mean_volume": 0.41244736842105256,
      "d_mean_volume": 0.3417413793103449,
      "p_median_volume": 0.391,
      "d_median_volume": 0.349,
      "p_std_volume": 0.15967901534030324,
      "d_std_volume": 0.13661670807181647,
      "p_total_volume": 62.69199999999999,
      "d_total_volume": 19.821,
      "d_max_priority": 0,
      "used_volume": 0.7679643285885782,
      "used_weight": 0.11242531818181818
    }
  ],
  "taxability": [
    {
      "iteration": 0,
      "time": "31.01620602607727",
      "p_mean_weight": 16.272085526315788,
      "d_mean_weight": 13.43001724137931,
      "p_median_weight": 16.79,
      "d_median_weight": 15.124,
      "p_std_weight": 6.932101845707355,
      "d_std_weight": 5.150626562094525,
      "p_total_weight": 2473.357,
      "d_total_weight": 778.941,
      "p_mean_taxability": 137.34497368421054,
      "d_mean_taxability": 113.79987931034483,
      "p_total_taxability": 20876.436,
      "d_total_taxability": 6600.393,
      "p_mean_volume": 0.41244736842105256,
      "d_mean_volume": 0.3417413793103449,
      "p_median_volume": 0.391,
      "d_median_volume": 0.349,
      "p_std_volume": 0.15967901534030324,
      "d_std_volume": 0.13661670807181647,
      "p_total_volume": 62.69199999999999,
      "d_total_volume": 19.821,
      "d_max_priority": 0,
      "used_volume": 0.7679643285885782,
      "used_weight": 0.11242531818181818
    }
  ]
}