{
  "volume": [
    {
      "iteration": 8,
      "time": "52.882664918899536",
      "p_mean_weight": 14.737929133858264,
      "d_mean_weight": 20.518715447154474,
      "p_total_weight": 1871.7169999999996,
      "d_total_weight": 2523.802,
      "p_mean_taxability": 115.87351181102363,
      "d_mean_taxability": 181.3875365853658,
      "p_total_taxability": 14715.936000000002,
      "d_total_taxability": 22310.666999999994,
      "p_mean_volume": 0.34796850393700784,
      "d_mean_volume": 0.5447073170731708,
      "p_total_volume": 44.19199999999999,
      "d_total_volume": 66.99900000000001,
      "p_cumulative_priority": 0.0,
      "p_mean_priority": 0.0,
      "d_max_priority": 0,
      "used_volume": 0.5413430678393806,
      "used_weight": 0.08507804545454543
    },
    {
      "iteration": 7,
      "time": "65.37674975395203",
      "p_mean_weight": 15.054915094339622,
      "d_mean_weight": 19.442347222222224,
      "p_total_weight": 1595.821,
      "d_total_weight": 2799.6980000000003,
      "p_mean_taxability": 126.75048113207546,
      "d_mean_taxability": 163.82675,
      "p_total_taxability": 13435.551,
      "d_total_taxability": 23591.052,
      "p_mean_volume": 0.3806320754716981,
      "d_mean_volume": 0.4919722222222222,
      "p_total_volume": 40.346999999999994,
      "d_total_volume": 70.844,
      "p_cumulative_priority": 0.0,
      "p_mean_priority": 0.0,
      "d_max_priority": 0,
      "used_volume": 0.4942425949971825,
      "used_weight": 0.07253731818181818
    },
    {
      "iteration": 5,
      "time": "43.33664393424988",
      "p_mean_weight": 16.721977777777777,
      "d_mean_weight": 18.06588125,
      "p_total_weight": 1504.9779999999998,
      "d_total_weight": 2890.541,
      "p_mean_taxability": 148.23680000000002,
      "d_mean_taxability": 148.03306874999998,
      "p_total_taxability": 13341.312000000002,
      "d_total_taxability": 23685.290999999997,
      "p_mean_volume": 0.44515555555555547,
      "d_mean_volume": 0.44454374999999996,
      "p_total_volume": 40.06399999999999,
      "d_total_volume": 71.127,
      "p_cumulative_priority": 0.0,
      "p_mean_priority": 0.0,
      "d_max_priority": 0,
      "used_volume": 0.49077590219761363,
      "used_weight": 0.0684080909090909
    },
    {
      "iteration": 0,
      "time": "55.06312823295593",
      "p_mean_weight": 15.521292929292931,
      "d_mean_weight": 18.933185430463578,
      "p_total_weight": 1536.6080000000002,
      "d_total_weight": 2858.911,
      "p_mean_taxability": 131.2490909090909,
      "d_mean_taxability": 159.15856291390728,
      "p_total_taxability": 12993.66,
      "d_total_taxability": 24032.943,
      "p_mean_volume": 0.3941414141414141,
      "d_mean_volume": 0.4779536423841059,
      "p_total_volume": 39.019999999999996,
      "d_total_volume": 72.17099999999999,
      "p_cumulative_priority": 0.0,
      "p_mean_priority": 0.0,
      "d_max_priority": 0,
      "used_volume": 0.47798711321263193,
      "used_weight": 0.06984581818181819
    },
    {
      "iteration": 1,
      "time": "43.50557017326355",
      "p_mean_weight": 16.568835294117648,
      "d_mean_weight": 18.104048484848487,
      "p_total_weight": 1408.351,
      "d_total_weight": 2987.168,
      "p_mean_taxability": 148.09881176470589,
      "d_mean_taxability": 148.11032727272732,
      "p_total_taxability": 12588.399000000001,
      "d_total_taxability": 24438.204000000005,
      "p_mean_volume": 0.4447411764705883,
      "d_mean_volume": 0.4447757575757576,
      "p_total_volume": 37.803000000000004,
      "d_total_volume": 73.388,
      "p_cumulative_priority": 0.0,
      "p_mean_priority": 0.0,
      "d_max_priority": 0,
      "used_volume": 0.46307910919469836,
      "used_weight": 0.06401595454545456
    }
  ],
  "weight": [
    {
      "iteration": 8,
      "time": "52.882664918899536",
      "p_mean_weight": 14.737929133858264,
      "d_mean_weight": 20.518715447154474,
      "p_total_weight": 1871.7169999999996,
      "d_total_weight": 2523.802,
      "p_mean_taxability": 115.87351181102363,
      "d_mean_taxability": 181.3875365853658,
      "p_total_taxability": 14715.936000000002,
      "d_total_taxability": 22310.666999999994,
      "p_mean_volume": 0.34796850393700784,
      "d_mean_volume": 0.5447073170731708,
      "p_total_volume": 44.19199999999999,
      "d_total_volume": 66.99900000000001,
      "p_cumulative_priority": 0.0,
      "p_mean_priority": 0.0,
      "d_max_priority": 0,
      "used_volume": 0.5413430678393806,
      "used_weight": 0.08507804545454543
    },
    {
      "iteration": 7,
      "time": "65.37674975395203",
      "p_mean_weight": 15.054915094339622,
      "d_mean_weight": 19.442347222222224,
      "p_total_weight": 1595.821,
      "d_total_weight": 2799.6980000000003,
      "p_mean_taxability": 126.75048113207546,
      "d_mean_taxability": 163.82675,
      "p_total_taxability": 13435.551,
      "d_total_taxability": 23591.052,
      "p_mean_volume": 0.3806320754716981,
      "d_mean_volume": 0.4919722222222222,
      "p_total_volume": 40.346999999999994,
      "d_total_volume": 70.844,
      "p_cumulative_priority": 0.0,
      "p_mean_priority": 0.0,
      "d_max_priority": 0,
      "used_volume": 0.4942425949971825,
      "used_weight": 0.07253731818181818
    },
    {
      "iteration": 9,
      "time": "67.20055818557739",
      "p_mean_weight": 15.149640776699027,
      "d_mean_weight": 19.28643537414966,
      "p_total_weight": 1560.4129999999998,
      "d_total_weight": 2835.106,
      "p_mean_taxability": 120.07074757281553,
      "d_mean_taxability": 167.75044897959185,
      "p_total_taxability": 12367.287,
      "d_total_taxability": 24659.316000000003,
      "p_mean_volume": 0.3605728155339805,
      "d_mean_volume": 0.5037551020408163,
      "p_total_volume": 37.138999999999996,
      "d_total_volume": 74.05199999999999,
      "p_cumulative_priority": 0.0,
      "p_mean_priority": 0.0,
      "d_max_priority": 0,
      "used_volume": 0.4549452434034838,
      "used_weight": 0.07092786363636362
    },
    {
      "iteration": 0,
      "time": "55.06312823295593",
      "p_mean_weight": 15.521292929292931,
      "d_mean_weight": 18.933185430463578,
      "p_total_weight": 1536.6080000000002,
      "d_total_weight": 2858.911,
      "p_mean_taxability": 131.2490909090909,
      "d_mean_taxability": 159.15856291390728,
      "p_total_taxability": 12993.66,
      "d_total_taxability": 24032.943,
      "p_mean_volume": 0.3941414141414141,
      "d_mean_volume": 0.4779536423841059,
      "p_total_volume": 39.019999999999996,
      "d_total_volume": 72.17099999999999,
      "p_cumulative_priority": 0.0,
      "p_mean_priority": 0.0,
      "d_max_priority": 0,
      "used_volume": 0.47798711321263193,
      "used_weight": 0.06984581818181819
    },
    {
      "iteration": 6,
      "time": "52.62492108345032",
      "p_mean_weight": 15.57955670103093,
      "d_mean_weight": 18.85164705882353,
      "p_total_weight": 1511.217,
      "d_total_weight": 2884.302,
      "p_mean_taxability": 125.87056701030927,
      "d_mean_taxability": 162.20364705882352,
      "p_total_taxability": 12209.445,
      "d_total_taxability": 24817.158,
      "p_mean_volume": 0.37798969072164945,
      "d_mean_volume": 0.48709803921568623,
      "p_total_volume": 36.665,
      "d_total_volume": 74.526,
      "p_cumulative_priority": 0.0,
      "p_mean_priority": 0.0,
      "d_max_priority": 0,
      "used_volume": 0.44913883920915304,
      "used_weight": 0.06869168181818182
    }
  ],
  "priority": [
    {
      "iteration": 0,
      "time": "55.06312823295593",
      "p_mean_weight": 15.521292929292931,
      "d_mean_weight": 18.933185430463578,
      "p_total_weight": 1536.6080000000002,
      "d_total_weight": 2858.911,
      "p_mean_taxability": 131.2490909090909,
      "d_mean_taxability": 159.15856291390728,
      "p_total_taxability": 12993.66,
      "d_total_taxability": 24032.943,