{
  "volume": [
    {
      "iteration": 77,
      "time": "104.89962816238403",
      "n_placed": 132,
      "n_discard": 68,
      "p_mean_weight": 16.503530303030306,
      "d_mean_weight": 10.446970588235294,
      "p_median_weight": 17.658,
      "d_median_weight": 11.011500000000002,
      "p_std_weight": 6.340136600545648,
      "d_std_weight": 5.142696629783611,
      "p_total_weight": 2178.4660000000003,
      "d_total_weight": 710.394,
      "p_mean_taxability": 157.0170681818182,
      "d_mean_taxability": 101.79026470588235,
      "p_total_taxability": 20726.253,
      "d_total_taxability": 6921.737999999999,
      "p_mean_volume": 0.47152272727272726,
      "d_mean_volume": 0.30567647058823516,
      "p_median_volume": 0.491,
      "d_median_volume": 0.274,
      "p_std_volume": 0.1877894901460119,
      "d_std_volume": 0.15381811716909968,
      "p_total_volume": 62.241,
      "d_total_volume": 20.78599999999999,
      "d_max_priority": 0,
      "used_volume": 0.7624396697454492,
      "used_weight": 0.09902118181818183,
      "unload_obs": 0,
      "hs_cond": 1,
      "p_cond": 1
    },
    {
      "iteration": 93,
      "time": "92.99819874763489",
      "n_placed": 133,
      "n_discard": 67,
      "p_mean_weight": 16.40901503759399,
      "d_mean_weight": 10.544194029850747,
      "p_median_weight": 17.658,
      "d_median_weight": 9.457,
      "p_std_weight": 6.052203392886187,
      "d_std_weight": 5.9244442604446315,
      "p_total_weight": 2182.3990000000003,
      "d_total_weight": 706.461,
      "p_mean_taxability": 154.98020300751878,
      "d_mean_taxability": 105.00931343283582,
      "p_total_taxability": 20612.367,
      "d_total_taxability": 7035.624,
      "p_mean_volume": 0.46540601503759393,
      "d_mean_volume": 0.3153432835820894,
      "p_median_volume": 0.491,
      "d_median_volume": 0.274,
      "p_std_volume": 0.1831885118467753,
      "d_std_volume": 0.17435418082418588,
      "p_total_volume": 61.898999999999994,
      "d_total_volume": 21.12799999999999,
      "d_max_priority": 0,
      "used_volume": 0.7582502388710586,
      "used_weight": 0.09919995454545456,
      "unload_obs": 0,
      "hs_cond": 1,
      "p_cond": 1
    },
    {
      "iteration": 348,
      "time": "94.70718765258789",
      "n_placed": 133,
      "n_discard": 67,
      "p_mean_weight": 16.512872180451133,
      "d_mean_weight": 10.338029850746269,
      "p_median_weight": 17.658,
      "d_median_weight": 9.457,
      "p_std_weight": 5.701801621727855,
      "d_std_weight": 6.388781773119971,
      "p_total_weight": 2196.2120000000004,
      "d_total_weight": 692.648,
      "p_mean_taxability": 154.82246616541352,
      "d_mean_taxability": 105.32243283582088,
      "p_total_taxability": 20591.388,
      "d_total_taxability": 7056.602999999999,
      "p_mean_volume": 0.46493233082706764,
      "d_mean_volume": 0.3162835820895521,
      "p_median_volume": 0.491,
      "d_median_volume": 0.274,
      "p_std_volume": 0.1723023767176657,
      "d_std_volume": 0.19602131964832598,
      "p_total_volume": 61.836,
      "d_total_volume": 21.190999999999992,
      "d_max_priority": 0,
      "used_volume": 0.7574785016047235,
      "used_weight": 0.0998278181818182,
      "unload_obs": 0,
      "hs_cond": 1,
      "p_cond": 1
    },
    {
      "iteration": 136,
      "time": "103.46905827522278",
      "n_placed": 123,
      "n_discard": 77,
      "p_mean_weight": 17.512178861788623,
      "d_mean_weight": 9.543662337662338,
      "p_median_weight": 17.658,
      "d_median_weight": 9.457,
      "p_std_weight": 5.757529288569,
      "d_std_weight": 4.635387125746518,
      "p_total_weight": 2153.9980000000005,
      "d_total_weight": 734.8620000000001,
      "p_mean_taxability": 167.39341463414632,
      "d_mean_taxability": 91.67014285714285,
      "p_total_taxability": 20589.39,
      "d_total_taxability": 7058.601,
      "p_mean_volume": 0.5026829268292683,
      "d_mean_volume": 0.2752857142857141,
      "p_median_volume": 0.491,
      "d_median_volume": 0.274,
      "p_std_volume": 0.1788799541167374,
      "d_std_volume": 0.11958710293325915,
      "p_total_volume": 61.830000000000005,
      "d_total_volume": 21.196999999999985,
      "d_max_priority": 0,
      "used_volume": 0.7574050028174536,
      "used_weight": 0.09790900000000002,
      "unload_obs": 0,
      "hs_cond": 1,
      "p_cond": 1
    },
    {
      "iteration": 194,
      "time": "91.9201295375824",
      "n_placed": 127,
      "n_discard": 73,
      "p_mean_weight": 16.904811023622045,
      "d_mean_weight": 10.163684931506848,
      "p_median_weight": 17.658,
      "d_median_weight": 12.566,
      "p_std_weight": 6.253912367511432,
      "d_std_weight": 4.786507187096965,
      "p_total_weight": 2146.9109999999996,
      "d_total_weight": 741.949,
      "p_mean_taxability": 161.921905511811,
      "d_mean_taxability": 97.0398493150685,
      "p_total_taxability": 20564.081999999995,
      "d_total_taxability": 7083.909,
      "p_mean_volume": 0.48625196850393704,
      "d_mean_volume": 0.29141095890410945,
      "p_median_volume": 0.491,
      "d_median_volume": 0.278,
      "p_std_volume": 0.19011733922676716,
      "d_std_volume": 0.125019424670333,
      "p_total_volume": 61.754000000000005,
      "d_total_volume": 21.27299999999999,
      "d_max_priority": 0,
      "used_volume": 0.7564740181787001,
      "used_weight": 0.09758686363636362,
      "unload_obs": 0,
      "hs_cond": 1,
      "p_cond": 1
    }
  ],
  "weight": [
    {
      "iteration": 10,
      "time": "106.16487240791321",
      "n_placed": 152,
      "n_discard": 48,
      "p_mean_weight": 14.497828947368422,
      "d_mean_weight": 14.274791666666665,
      "p_median_weight": 13.95,
      "d_median_weight": 13.95,
      "p_std_weight": 6.694398384629991,
      "d_std_weight": 6.383540580168069,
      "p_total_weight": 2203.67,
      "d_total_weight": 685.1899999999999,
      "p_mean_taxability": 134.22967105263157,
      "d_mean_taxability": 150.93918749999997,
      "p_total_taxability": 20402.91,
      "d_total_taxability": 7245.080999999999,
      "p_mean_volume": 0.4030921052631579,
      "d_mean_volume": 0.4532708333333333,
      "p_median_volume": 0.415,
      "d_median_volume": 0.415,
      "p_std_volume": 0.19330487039232308,
      "d_std_volume": 0.19047027350390527,
      "p_total_volume": 61.27,
      "d_total_volume": 21.756999999999998,
      "d_max_priority": 0,
      "used_volume": 0.7505451160055859,
      "used_weight": 0.10016681818181819,
      "unload_obs": 0,
      "hs_cond": 1,
      "p_cond": 1
    },
    {
      "iteration": 348,
      "time": "94.70718765258789",
      "n_placed": 133,
      "n_discard": 67,
      "p_mean_weight": 16.512872180451133,
      "d_mean_weight": 10.338029850746269,
      "p_median_weight": 17.658,
      "d_median_weight": 9.457,
      "p_std_weight": 5.701801621727855,
      "d_std_weight": 6.388781773119971,
      "p_total_weight": 2196.2120000000004,
      "d_total_weight": 692.648,
      "p_mean_taxability": 154.82246616541352,
      "d_mean_taxability": 105.32243283582088,
      "p_total_taxability": 20591.388,
      "d_total_taxability": 7056.602999999999,
      "p_mean_volume": 0.46493233082706764,
      "d_mean_volume": 0.3162835820895521,
      "p_median_volume": 0.491,
      "d_median_volume": 0.274,
      "p_std_volume": 0.1723023767176657,
      "d_std_volume": 0.19602131964832598,
      "p_total_volume": 61.836,
      "d_total_volume": 21.190999999999992,
      "d_max_priority": 0,
      "used_volume": 0.7574785016047235,
      "used_weight": 0.0998278181818182,
      "unload_obs": 0,
      "hs_cond": 1,
      "p_cond": 1
    },
    {
      "iteration": 93,
      "time": "92.99819874763489",
      "n_placed": 133,
      "n_discard": 67,
      "p_mean_weight": 16.40901503759399,
      "d_mean_weight": 10.544194029850747,
      "p_median_weight": 17.658,
      "d_median_weight": 9.457,
      "p_std_weight": 6.052203392886187,