{
  "volume": [
    {
      "iteration": 199,
      "time": "108.3385181427002",
      "n_placed": 140,
      "n_discard": 60,
      "p_mean_weight": 15.936057142857145,
      "d_mean_weight": 10.963533333333334,
      "p_median_weight": 13.95,
      "d_median_weight": 9.457,
      "p_std_weight": 6.226007070336226,
      "d_std_weight": 6.185733157337562,
      "p_total_weight": 2231.0480000000002,
      "d_total_weight": 657.812,
      "p_mean_taxability": 147.4857,
      "d_mean_taxability": 116.66655,
      "p_total_taxability": 20647.998,
      "d_total_taxability": 6999.993,
      "p_mean_volume": 0.4429,
      "d_mean_volume": 0.3503499999999998,
      "p_median_volume": 0.415,
      "d_median_volume": 0.353,
      "p_std_volume": 0.1897107339871101,
      "d_std_volume": 0.18762393192369803,
      "p_total_volume": 62.006,
      "d_total_volume": 21.020999999999987,
      "d_max_priority": 0,
      "used_volume": 0.7595609672440404,
      "used_weight": 0.10141127272727274,
      "unload_obs": 0,
      "hs_cond": 1,
      "p_cond": 1
    },
    {
      "iteration": 47,
      "time": "103.63584613800049",
      "n_placed": 125,
      "n_discard": 75,
      "p_mean_weight": 17.195095999999992,
      "d_mean_weight": 9.85964,
      "p_median_weight": 17.658,
      "d_median_weight": 9.457,
      "p_std_weight": 5.6807047941652105,
      "d_std_weight": 5.403055385963,
      "p_total_weight": 2149.3869999999993,
      "d_total_weight": 739.4730000000001,
      "p_mean_taxability": 162.978192,
      "d_mean_taxability": 97.00956,
      "p_total_taxability": 20372.274,
      "d_total_taxability": 7275.717,
      "p_mean_volume": 0.489424,
      "d_mean_volume": 0.29131999999999986,
      "p_median_volume": 0.491,
      "d_median_volume": 0.274,
      "p_std_volume": 0.17385664580430216,
      "d_std_volume": 0.15818592891944627,
      "p_total_volume": 61.178000000000004,
      "d_total_volume": 21.84899999999999,
      "d_max_priority": 0,
      "used_volume": 0.7494181346007791,
      "used_weight": 0.09769940909090906,
      "unload_obs": 0,
      "hs_cond": 1,
      "p_cond": 1
    },
    {
      "iteration": 2,
      "time": "60.86278963088989",
      "n_placed": 126,
      "n_discard": 74,
      "p_mean_weight": 17.07065873015873,
      "d_mean_weight": 9.97239189189189,
      "p_median_weight": 17.658,
      "d_median_weight": 9.457,
      "p_std_weight": 5.951070024340427,
      "d_std_weight": 5.112748787040627,
      "p_total_weight": 2150.903,
      "d_total_weight": 737.9569999999999,
      "p_mean_taxability": 161.1984285714285,
      "d_mean_taxability": 99.1485,
      "p_total_taxability": 20311.001999999993,
      "d_total_taxability": 7336.989,
      "p_mean_volume": 0.4840793650793651,
      "d_mean_volume": 0.29774324324324314,
      "p_median_volume": 0.491,
      "d_median_volume": 0.276,
      "p_std_volume": 0.1854614397948901,
      "d_std_volume": 0.1443526941078226,
      "p_total_volume": 60.99400000000001,
      "d_total_volume": 22.03299999999999,
      "d_max_priority": 0,
      "used_volume": 0.7471641717911656,
      "used_weight": 0.09776831818181818,
      "unload_obs": 0,
      "hs_cond": 1,
      "p_cond": 1
    },
    {
      "iteration": 57,
      "time": "104.95367121696472",
      "n_placed": 128,
      "n_discard": 72,
      "p_mean_weight": 16.865359374999997,
      "d_mean_weight": 10.140194444444445,
      "p_median_weight": 17.658,
      "d_median_weight": 9.457,
      "p_std_weight": 5.864268408277444,
      "d_std_weight": 5.607492587296787,
      "p_total_weight": 2158.7659999999996,
      "d_total_weight": 730.094,
      "p_mean_taxability": 158.6250703125,
      "d_mean_taxability": 101.99975,
      "p_total_taxability": 20304.009,
      "d_total_taxability": 7343.982,
      "p_mean_volume": 0.47635156250000005,
      "d_mean_volume": 0.3063055555555555,
      "p_median_volume": 0.491,
      "d_median_volume": 0.278,
      "p_std_volume": 0.17738447898101498,
      "d_std_volume": 0.17242370338740512,
      "p_total_volume": 60.973000000000006,
      "d_total_volume": 22.053999999999995,
      "d_max_priority": 0,
      "used_volume": 0.7469069260357205,
      "used_weight": 0.09812572727272725,
      "unload_obs": 0,
      "hs_cond": 1,
      "p_cond": 1
    },
    {
      "iteration": 244,
      "time": "64.27848815917969",
      "n_placed": 131,
      "n_discard": 69,
      "p_mean_weight": 16.457122137404582,
      "d_mean_weight": 10.62285507246377,
      "p_median_weight": 17.658,
      "d_median_weight": 9.457,
      "p_std_weight": 6.351076784564114,
      "d_std_weight": 5.288757755497428,
      "p_total_weight": 2155.8830000000003,
      "d_total_weight": 732.9770000000001,
      "p_mean_taxability": 154.9822671755725,
      "d_mean_taxability": 106.45382608695651,
      "p_total_taxability": 20302.677,
      "d_total_taxability": 7345.313999999999,
      "p_mean_volume": 0.465412213740458,
      "d_mean_volume": 0.3196811594202897,
      "p_median_volume": 0.491,
      "d_median_volume": 0.278,
      "p_std_volume": 0.19029519053823915,
      "d_std_volume": 0.16142385682289082,
      "p_total_volume": 60.968999999999994,
      "d_total_volume": 22.05799999999999,
      "d_max_priority": 0,
      "used_volume": 0.746857926844207,
      "used_weight": 0.09799468181818183,
      "unload_obs": 0,
      "hs_cond": 1,
      "p_cond": 1
    }
  ],
  "weight": [
    {
      "iteration": 199,
      "time": "108.3385181427002",
      "n_placed": 140,
      "n_discard": 60,
      "p_mean_weight": 15.936057142857145,
      "d_mean_weight": 10.963533333333334,
      "p_median_weight": 13.95,
      "d_median_weight": 9.457,
      "p_std_weight": 6.226007070336226,
      "d_std_weight": 6.185733157337562,
      "p_total_weight": 2231.0480000000002,
      "d_total_weight": 657.812,
      "p_mean_taxability": 147.4857,
      "d_mean_taxability": 116.66655,
      "p_total_taxability": 20647.998,
      "d_total_taxability": 6999.993,
      "p_mean_volume": 0.4429,
      "d_mean_volume": 0.3503499999999998,
      "p_median_volume": 0.415,
      "d_median_volume": 0.353,
      "p_std_volume": 0.1897107339871101,
      "d_std_volume": 0.18762393192369803,
      "p_total_volume": 62.006,
      "d_total_volume": 21.020999999999987,
      "d_max_priority": 0,
      "used_volume": 0.7595609672440404,
      "used_weight": 0.10141127272727274,
      "unload_obs": 0,
      "hs_cond": 1,
      "p_cond": 1
    },
    {
      "iteration": 293,
      "time": "93.91384220123291",
      "n_placed": 129,
      "n_discard": 71,
      "p_mean_weight": 16.73776744186047,
      "d_mean_weight": 10.27729577464789,
      "p_median_weight": 13.95,
      "d_median_weight": 9.457,
      "p_std_weight": 5.715654436107399,
      "d_std_weight": 6.084093864670791,
      "p_total_weight": 2159.1720000000005,
      "d_total_weight": 729.6880000000001,
      "p_mean_taxability": 156.17441860465115,
      "d_mean_taxability": 105.6548028169014,
      "p_total_taxability": 20146.5,
      "d_total_taxability": 7501.490999999999,
      "p_mean_volume": 0.4689922480620155,
      "d_mean_volume": 0.3172816901408449,
      "p_median_volume": 0.415,
      "d_median_volume": 0.274,
      "p_std_volume": 0.17662320841819737,
      "d_std_volume": 0.1848654478338689,
      "p_total_volume": 60.5,
      "d_total_volume": 22.526999999999987,
      "d_max_priority": 0,
      "used_volume": 0.7411127716392679,
      "used_weight": 0.09814418181818184,
      "unload_obs": 0,
      "hs_cond": 1,
      "p_cond": 1
    },
    {
      "iteration": 57,
      "time": "104.95367121696472",
      "n_placed": 128,
      "n_discard": 72,
      "p_mean_weight": 16.865359374999997,
      "d_mean_weight": 10.140194444444445,
      "p_median_weight": 17.658,
      "d_median_weight": 9.457,
      "p_std_weight": 5.864268408277444,
      "d_std_weight": 5.607492587296787,
      "p_total_weight": 2158.7659999999996,
      "d_total_weight": 730.094,