{
  "volume": [
    {
      "iteration": 0,
      "time": "38.030988931655884",
      "p_mean_weight": 15.6744347826087,
      "d_mean_weight": 11.706258064516133,
      "p_median_weight": 13.95,
      "d_median_weight": 13.95,
      "p_std_weight": 6.78420952579416,
      "d_std_weight": 5.286823124711386,
      "p_total_weight": 2163.0720000000006,
      "d_total_weight": 725.7880000000002,
      "p_mean_taxability": 147.14497826086955,
      "d_mean_taxability": 118.41909677419353,
      "p_total_taxability": 20306.006999999998,
      "d_total_taxability": 7341.9839999999995,
      "p_mean_volume": 0.4418768115942029,
      "d_mean_volume": 0.35561290322580624,
      "p_median_volume": 0.415,
      "d_median_volume": 0.415,
      "p_std_volume": 0.21257347215542305,
      "d_std_volume": 0.12349518538948763,
      "p_total_volume": 60.979,
      "d_total_volume": 22.047999999999988,
      "d_max_priority": 0,
      "used_volume": 0.7469804248229904,
      "used_weight": 0.09832145454545457
    }
  ],
  "weight": [
    {
      "iteration": 0,
      "time": "38.030988931655884",
      "p_mean_weight": 15.6744347826087,
      "d_mean_weight": 11.706258064516133,
      "p_median_weight": 13.95,
      "d_median_weight": 13.95,
      "p_std_weight": 6.78420952579416,
      "d_std_weight": 5.286823124711386,
      "p_total_weight": 2163.0720000000006,
      "d_total_weight": 725.7880000000002,
      "p_mean_taxability": 147.14497826086955,
      "d_mean_taxability": 118.41909677419353,
      "p_total_taxability": 20306.006999999998,
      "d_total_taxability": 7341.9839999999995,
      "p_mean_volume": 0.4418768115942029,
      "d_mean_volume": 0.35561290322580624,
      "p_median_volume": 0.415,
      "d_median_volume": 0.415,
      "p_std_volume": 0.21257347215542305,
      "d_std_volume": 0.12349518538948763,
      "p_total_volume": 60.979,
      "d_total_volume": 22.047999999999988,
      "d_max_priority": 0,
      "used_volume": 0.7469804248229904,
      "used_weight": 0.09832145454545457
    }
  ],
  "taxability": [
    {
      "iteration": 0,
      "time": "38.030988931655884",
      "p_mean_weight": 15.6744347826087,
      "d_mean_weight": 11.706258064516133,
      "p_median_weight": 13.95,
      "d_median_weight": 13.95,
      "p_std_weight": 6.78420952579416,
      "d_std_weight": 5.286823124711386,
      "p_total_weight": 2163.0720000000006,
      "d_total_weight": 725.7880000000002,
      "p_mean_taxability": 147.14497826086955,
      "d_mean_taxability": 118.41909677419353,
      "p_total_taxability": 20306.006999999998,
      "d_total_taxability": 7341.9839999999995,
      "p_mean_volume": 0.4418768115942029,
      "d_mean_volume": 0.35561290322580624,
      "p_median_volume": 0.415,
      "d_median_volume": 0.415,
      "p_std_volume": 0.21257347215542305,
      "d_std_volume": 0.12349518538948763,
      "p_total_volume": 60.979,
      "d_total_volume": 22.047999999999988,
      "d_max_priority": 0,
      "used_volume": 0.7469804248229904,
      "used_weight": 0.09832145454545457
    }
  ]
}