{
  "volume": [
    {
      "iteration": 0,
      "time": "40.07158970832825",
      "p_mean_weight": 15.288943262411351,
      "d_mean_weight": 12.425745762711866,
      "p_median_weight": 13.95,
      "d_median_weight": 13.95,
      "p_std_weight": 7.04125767355018,
      "d_std_weight": 4.916564018152698,
      "p_total_weight": 2155.7410000000004,
      "d_total_weight": 733.1190000000001,
      "p_mean_taxability": 144.42517021276595,
      "d_mean_taxability": 123.45833898305082,
      "p_total_taxability": 20363.949,
      "d_total_taxability": 7284.041999999999,
      "p_mean_volume": 0.43370921985815597,
      "d_mean_volume": 0.37074576271186427,
      "p_median_volume": 0.415,
      "d_median_volume": 0.415,
      "p_std_volume": 0.2163036403830469,
      "d_std_volume": 0.1117439488788819,
      "p_total_volume": 61.15299999999999,
      "d_total_volume": 21.87399999999999,
      "d_max_priority": 0,
      "used_volume": 0.7491118896538206,
      "used_weight": 0.0979882272727273
    }
  ],
  "weight": [
    {
      "iteration": 0,
      "time": "40.07158970832825",
      "p_mean_weight": 15.288943262411351,
      "d_mean_weight": 12.425745762711866,
      "p_median_weight": 13.95,
      "d_median_weight": 13.95,
      "p_std_weight": 7.04125767355018,
      "d_std_weight": 4.916564018152698,
      "p_total_weight": 2155.7410000000004,
      "d_total_weight": 733.1190000000001,
      "p_mean_taxability": 144.42517021276595,
      "d_mean_taxability": 123.45833898305082,
      "p_total_taxability": 20363.949,
      "d_total_taxability": 7284.041999999999,
      "p_mean_volume": 0.43370921985815597,
      "d_mean_volume": 0.37074576271186427,
      "p_median_volume": 0.415,
      "d_median_volume": 0.415,
      "p_std_volume": 0.2163036403830469,
      "d_std_volume": 0.1117439488788819,
      "p_total_volume": 61.15299999999999,
      "d_total_volume": 21.87399999999999,
      "d_max_priority": 0,
      "used_volume": 0.7491118896538206,
      "used_weight": 0.0979882272727273
    }
  ],
  "taxability": [
    {
      "iteration": 0,
      "time": "40.07158970832825",
      "p_mean_weight": 15.288943262411351,
      "d_mean_weight": 12.425745762711866,
      "p_median_weight": 13.95,
      "d_median_weight": 13.95,
      "p_std_weight": 7.04125767355018,
      "d_std_weight": 4.916564018152698,
      "p_total_weight": 2155.7410000000004,
      "d_total_weight": 733.1190000000001,
      "p_mean_taxability": 144.42517021276595,
      "d_mean_taxability": 123.45833898305082,
      "p_total_taxability": 20363.949,
      "d_total_taxability": 7284.041999999999,
      "p_mean_volume": 0.43370921985815597,
      "d_mean_volume": 0.37074576271186427,
      "p_median_volume": 0.415,
      "d_median_volume": 0.415,
      "p_std_volume": 0.2163036403830469,
      "d_std_volume": 0.1117439488788819,
      "p_total_volume": 61.15299999999999,
      "d_total_volume": 21.87399999999999,
      "d_max_priority": 0,
      "used_volume": 0.7491118896538206,
      "used_weight": 0.0979882272727273
    }
  ]
}