{
  "volume": [
    {
      "iteration": 0,
      "time": "31.62687087059021",
      "p_mean_weight": 15.406939999999999,
      "d_mean_weight": 15.687616666666663,
      "p_median_weight": 16.79,
      "d_median_weight": 16.79,
      "p_std_weight": 7.626866484048567,
      "d_std_weight": 2.7210221352893216,
      "p_total_weight": 2311.0409999999997,
      "d_total_weight": 941.2569999999998,
      "p_mean_taxability": 129.39048,
      "d_mean_taxability": 134.47095000000002,
      "p_total_taxability": 19408.572,
      "d_total_taxability": 8068.257000000001,
      "p_mean_volume": 0.38856,
      "d_mean_volume": 0.4038166666666667,
      "p_median_volume": 0.391,
      "d_median_volume": 0.391,
      "p_std_volume": 0.180347854783006,
      "d_std_volume": 0.06734492334664119,
      "p_total_volume": 58.284000000000006,
      "d_total_volume": 24.229000000000003,
      "d_max_priority": 0,
      "used_volume": 0.7139672195408776,
      "used_weight": 0.10504731818181817
    }
  ],
  "weight": [
    {
      "iteration": 0,
      "time": "31.62687087059021",
      "p_mean_weight": 15.406939999999999,
      "d_mean_weight": 15.687616666666663,
      "p_median_weight": 16.79,
      "d_median_weight": 16.79,
      "p_std_weight": 7.626866484048567,
      "d_std_weight": 2.7210221352893216,
      "p_total_weight": 2311.0409999999997,
      "d_total_weight": 941.2569999999998,
      "p_mean_taxability": 129.39048,
      "d_mean_taxability": 134.47095000000002,
      "p_total_taxability": 19408.572,
      "d_total_taxability": 8068.257000000001,
      "p_mean_volume": 0.38856,
      "d_mean_volume": 0.4038166666666667,
      "p_median_volume": 0.391,
      "d_median_volume": 0.391,
      "p_std_volume": 0.180347854783006,
      "d_std_volume": 0.06734492334664119,
      "p_total_volume": 58.284000000000006,
      "d_total_volume": 24.229000000000003,
      "d_max_priority": 0,
      "used_volume": 0.7139672195408776,
      "used_weight": 0.10504731818181817
    }
  ],
  "taxability": [
    {
      "iteration": 0,
      "time": "31.62687087059021",
      "p_mean_weight": 15.406939999999999,
      "d_mean_weight": 15.687616666666663,
      "p_median_weight": 16.79,
      "d_median_weight": 16.79,
      "p_std_weight": 7.626866484048567,
      "d_std_weight": 2.7210221352893216,
      "p_total_weight": 2311.0409999999997,
      "d_total_weight": 941.2569999999998,
      "p_mean_taxability": 129.39048,
      "d_mean_taxability": 134.47095000000002,
      "p_total_taxability": 19408.572,
      "d_total_taxability": 8068.257000000001,
      "p_mean_volume": 0.38856,
      "d_mean_volume": 0.4038166666666667,
      "p_median_volume": 0.391,
      "d_median_volume": 0.391,
      "p_std_volume": 0.180347854783006,
      "d_std_volume": 0.06734492334664119,
      "p_total_volume": 58.284000000000006,
      "d_total_volume": 24.229000000000003,
      "d_max_priority": 0,
      "used_volume": 0.7139672195408776,
      "used_weight": 0.10504731818181817
    }
  ]
}