{
  "volume": [
    {
      "iteration": 103,
      "time": "333.39635491371155",
      "n_placed": 202,
      "n_discard": 148,
      "p_mean_weight": 11.385480198019803,
      "d_mean_weight": 8.566547297297296,
      "p_median_weight": 11.082,
      "d_median_weight": 9.288,
      "p_std_weight": 7.702468194072629,
      "d_std_weight": 3.5035332007709314,
      "p_total_weight": 2299.867,
      "d_total_weight": 1267.849,
      "p_mean_taxability": 100.46873762376237,
      "d_mean_taxability": 77.0805,
      "p_total_taxability": 20294.684999999998,
      "d_total_taxability": 11407.914,
      "p_mean_volume": 0.3017079207920792,
      "d_mean_volume": 0.23147297297297295,
      "p_median_volume": 0.276,
      "d_median_volume": 0.218,
      "p_std_volume": 0.18779927051668935,
      "d_std_volume": 0.0981268404443509,
      "p_total_volume": 60.94499999999999,
      "d_total_volume": 34.257999999999996,
      "d_max_priority": 0,
      "used_volume": 0.7465639316951269,
      "used_weight": 0.1045394090909091,
      "unload_obs": 3,
      "hs_cond": 1,
      "p_cond": 1
    },
    {
      "iteration": 149,
      "time": "319.92026019096375",
      "n_placed": 188,
      "n_discard": 162,
      "p_mean_weight": 12.191313829787235,
      "d_mean_weight": 7.874993827160494,
      "p_median_weight": 11.817,
      "d_median_weight": 7.849,
      "p_std_weight": 7.657113837696556,
      "d_std_weight": 3.3648000069719126,
      "p_total_weight": 2291.967,
      "d_total_weight": 1275.749,
      "p_mean_taxability": 107.94690957446808,
      "d_mean_taxability": 70.42333333333333,
      "p_total_taxability": 20294.019,
      "d_total_taxability": 11408.58,
      "p_mean_volume": 0.3241648936170213,
      "d_mean_volume": 0.21148148148148146,
      "p_median_volume": 0.301,
      "d_median_volume": 0.193,
      "p_std_volume": 0.1842641078309826,
      "d_std_volume": 0.09560596035255563,
      "p_total_volume": 60.943,
      "d_total_volume": 34.26,
      "d_max_priority": 0,
      "used_volume": 0.7465394320993703,
      "used_weight": 0.10418031818181818,
      "unload_obs": 1,
      "hs_cond": 1,
      "p_cond": 1
    },
    {
      "iteration": 178,
      "time": "306.8057587146759",
      "n_placed": 211,
      "n_discard": 139,
      "p_mean_weight": 11.161582938388626,
      "d_mean_weight": 8.723899280575539,
      "p_median_weight": 10.796,
      "d_median_weight": 9.288,
      "p_std_weight": 7.580860878774031,
      "d_std_weight": 3.653014767056494,
      "p_total_weight": 2355.094,
      "d_total_weight": 1212.6219999999998,
      "p_mean_taxability": 96.06024170616112,
      "d_mean_taxability": 82.25818705035971,
      "p_total_taxability": 20268.710999999996,
      "d_total_taxability": 11433.887999999999,
      "p_mean_volume": 0.2884691943127962,
      "d_mean_volume": 0.24702158273381294,
      "p_median_volume": 0.274,
      "d_median_volume": 0.242,
      "p_std_volume": 0.17733737754647794,
      "d_std_volume": 0.1256183238979333,
      "p_total_volume": 60.867,
      "d_total_volume": 34.336,
      "d_max_priority": 0,
      "used_volume": 0.7456084474606168,
      "used_weight": 0.10704972727272727,
      "unload_obs": 1,
      "hs_cond": 1,
      "p_cond": 1
    },
    {
      "iteration": 31,
      "time": "325.876544713974",
      "n_placed": 206,
      "n_discard": 144,
      "p_mean_weight": 11.335063106796117,
      "d_mean_weight": 8.560368055555553,
      "p_median_weight": 11.082,
      "d_median_weight": 9.288,
      "p_std_weight": 7.647689206289578,
      "d_std_weight": 3.513901216410714,
      "p_total_weight": 2335.023,
      "d_total_weight": 1232.6929999999998,
      "p_mean_taxability": 98.38371844660193,
      "d_mean_taxability": 79.4135625,
      "p_total_taxability": 20267.046,
      "d_total_taxability": 11435.553,
      "p_mean_volume": 0.2954466019417476,
      "d_mean_volume": 0.2384791666666667,
      "p_median_volume": 0.274,
      "d_median_volume": 0.22999999999999998,
      "p_std_volume": 0.181714019656207,
      "d_std_volume": 0.114709604084535,
      "p_total_volume": 60.86200000000001,
      "d_total_volume": 34.341,
      "d_max_priority": 0,
      "used_volume": 0.7455471984712253,
      "used_weight": 0.1061374090909091,
      "unload_obs": 0,
      "hs_cond": 1,
      "p_cond": 1
    },
    {
      "iteration": 198,
      "time": "329.40864849090576",
      "n_placed": 204,
      "n_discard": 146,
      "p_mean_weight": 11.33143137254902,
      "d_mean_weight": 8.603452054794522,
      "p_median_weight": 11.082,
      "d_median_weight": 8.016,
      "p_std_weight": 7.443038323025463,
      "d_std_weight": 4.176150471397596,
      "p_total_weight": 2311.612,
      "d_total_weight": 1256.104,
      "p_mean_taxability": 99.03322058823528,
      "d_mean_taxability": 78.76590410958904,
      "p_total_taxability": 20202.777,
      "d_total_taxability": 11499.822,
      "p_mean_volume": 0.29739705882352946,
      "d_mean_volume": 0.2365342465753425,
      "p_median_volume": 0.276,
      "d_median_volume": 0.218,
      "p_std_volume": 0.17873596728459296,
      "d_std_volume": 0.12107029388112892,
      "p_total_volume": 60.669000000000004,
      "d_total_volume": 34.534000000000006,
      "d_max_priority": 0,
      "used_volume": 0.7431829874807067,
      "used_weight": 0.10507327272727274,
      "unload_obs": 1,
      "hs_cond": 1,
      "p_cond": 1
    }
  ],
  "weight": [
    {
      "iteration": 72,
      "time": "317.7212383747101",
      "n_placed": 207,
      "n_discard": 143,
      "p_mean_weight": 11.402314009661836,
      "d_mean_weight": 8.443615384615383,
      "p_median_weight": 11.082,
      "d_median_weight": 8.016,
      "p_std_weight": 7.512267867143411,
      "d_std_weight": 3.792396703864188,
      "p_total_weight": 2360.279,
      "d_total_weight": 1207.4369999999997,
      "p_mean_taxability": 97.3518260869565,
      "d_mean_taxability": 80.77462237762238,
      "p_total_taxability": 20151.827999999998,
      "d_total_taxability": 11550.771,
      "p_mean_volume": 0.29234782608695653,
      "d_mean_volume": 0.24256643356643354,
      "p_median_volume": 0.274,
      "d_median_volume": 0.218,
      "p_std_volume": 0.17546048923927607,
      "d_std_volume": 0.12930472576358765,
      "p_total_volume": 60.516000000000005,
      "d_total_volume": 34.687,
      "d_max_priority": 0,
      "used_volume": 0.7413087684053213,
      "used_weight": 0.10728540909090908,
      "unload_obs": 1,
      "hs_cond": 1,
      "p_cond": 1
    },
    {
      "iteration": 178,
      "time": "306.8057587146759",
      "n_placed": 211,
      "n_discard": 139,
      "p_mean_weight": 11.161582938388626,
      "d_mean_weight": 8.723899280575539,
      "p_median_weight": 10.796,
      "d_median_weight": 9.288,
      "p_std_weight": 7.580860878774031,
      "d_std_weight": 3.653014767056494,
      "p_total_weight": 2355.094,
      "d_total_weight": 1212.6219999999998,
      "p_mean_taxability": 96.06024170616112,
      "d_mean_taxability": 82.25818705035971,
      "p_total_taxability": 20268.710999999996,
      "d_total_taxability": 11433.887999999999,
      "p_mean_volume": 0.2884691943127962,
      "d_mean_volume": 0.24702158273381294,
      "p_median_volume": 0.274,
      "d_median_volume": 0.242,
      "p_std_volume": 0.17733737754647794,
      "d_std_volume": 0.1256183238979333,
      "p_total_volume": 60.867,
      "d_total_volume": 34.336,
      "d_max_priority": 0,
      "used_volume": 0.7456084474606168,
      "used_weight": 0.10704972727272727,
      "unload_obs": 1,
      "hs_cond": 1,
      "p_cond": 1
    },
    {
      "iteration": 153,
      "time": "327.77865386009216",
      "n_placed": 214,
      "n_discard": 136,
      "p_mean_weight": 10.941593457943926,
      "d_mean_weight": 9.01628676470588,
      "p_median_weight": 10.438,
      "d_median_weight": 10.438,
      "p_std_weight": 7.611653422828235,
      "d_std_weight": 3.6098643001233457,
      "p_total_weight": 2341.501,