{
  "volume": [
    {
      "iteration": 297,
      "time": "336.99261474609375",
      "n_placed": 271,
      "n_discard": 129,
      "p_mean_weight": 9.491033210332104,
      "d_mean_weight": 4.875341085271318,
      "p_median_weight": 6.37,
      "d_median_weight": 3.616,
      "p_std_weight": 7.924032635129458,
      "d_std_weight": 3.4899686838139306,
      "p_total_weight": 2572.07,
      "d_total_weight": 628.919,
      "p_mean_taxability": 79.87822140221402,
      "d_mean_taxability": 41.57595348837209,
      "p_total_taxability": 21646.998,
      "d_total_taxability": 5363.298,
      "p_mean_volume": 0.2398745387453875,
      "d_mean_volume": 0.12485271317829459,
      "p_median_volume": 0.15,
      "d_median_volume": 0.108,
      "p_std_volume": 0.19114334096109115,
      "d_std_volume": 0.08805822831860974,
      "p_total_volume": 65.00600000000001,
      "d_total_volume": 16.106,
      "d_max_priority": 0,
      "used_volume": 0.7963103608790457,
      "used_weight": 0.11691227272727274,
      "unload_obs": 0,
      "hs_cond": 1,
      "p_cond": 1
    },
    {
      "iteration": 85,
      "time": "540.7827749252319",
      "n_placed": 264,
      "n_discard": 136,
      "p_mean_weight": 9.82566287878788,
      "d_mean_weight": 4.463338235294118,
      "p_median_weight": 7.643,
      "d_median_weight": 3.19,
      "p_std_weight": 7.788486958250936,
      "d_std_weight": 3.691480281666779,
      "p_total_weight": 2593.975,
      "d_total_weight": 607.014,
      "p_mean_taxability": 81.87385227272728,
      "d_mean_taxability": 39.67352205882353,
      "p_total_taxability": 21614.697,
      "d_total_taxability": 5395.599,
      "p_mean_volume": 0.24586742424242433,
      "d_mean_volume": 0.11913970588235297,
      "p_median_volume": 0.194,
      "d_median_volume": 0.09,
      "p_std_volume": 0.1903987247122403,
      "d_std_volume": 0.08767559504970732,
      "p_total_volume": 64.90900000000002,
      "d_total_volume": 16.203000000000003,
      "d_max_priority": 0,
      "used_volume": 0.7951221304848473,
      "used_weight": 0.11790795454545454,
      "unload_obs": 0,
      "hs_cond": 1,
      "p_cond": 1
    },
    {
      "iteration": 94,
      "time": "498.4461624622345",
      "n_placed": 269,
      "n_discard": 131,
      "p_mean_weight": 9.557985130111524,
      "d_mean_weight": 4.80832824427481,
      "p_median_weight": 5.809,
      "d_median_weight": 3.616,
      "p_std_weight": 8.082963772222516,
      "d_std_weight": 2.5978807648446782,
      "p_total_weight": 2571.098,
      "d_total_weight": 629.8910000000001,
      "p_mean_taxability": 79.99179925650559,
      "d_mean_taxability": 41.92749618320611,
      "p_total_taxability": 21517.794,
      "d_total_taxability": 5492.502,
      "p_mean_volume": 0.24021561338289965,
      "d_mean_volume": 0.1259083969465649,
      "p_median_volume": 0.138,
      "d_median_volume": 0.121,
      "p_std_volume": 0.19619849352069518,
      "d_std_volume": 0.06480912214776789,
      "p_total_volume": 64.61800000000001,
      "d_total_volume": 16.494,
      "d_max_priority": 0,
      "used_volume": 0.7915574393022516,
      "used_weight": 0.11686809090909091,
      "unload_obs": 0,
      "hs_cond": 1,
      "p_cond": 1
    },
    {
      "iteration": 195,
      "time": "547.2151324748993",
      "n_placed": 273,
      "n_discard": 127,
      "p_mean_weight": 9.326750915750914,
      "d_mean_weight": 5.155795275590548,
      "p_median_weight": 5.809,
      "d_median_weight": 3.616,
      "p_std_weight": 8.004791512942116,
      "d_std_weight": 3.3777960536387477,
      "p_total_weight": 2546.2029999999995,
      "d_total_weight": 654.7859999999996,
      "p_mean_taxability": 78.7111978021978,
      "d_mean_taxability": 43.48140944881891,
      "p_total_taxability": 21488.157,
      "d_total_taxability": 5522.139000000001,
      "p_mean_volume": 0.2363699633699634,
      "d_mean_volume": 0.13057480314960634,
      "p_median_volume": 0.138,
      "d_median_volume": 0.109,
      "p_std_volume": 0.19255543160747965,
      "d_std_volume": 0.08720624337677617,
      "p_total_volume": 64.52900000000001,
      "d_total_volume": 16.583000000000006,
      "d_max_priority": 0,
      "used_volume": 0.7904672072910798,
      "used_weight": 0.11573649999999998,
      "unload_obs": 0,
      "hs_cond": 1,
      "p_cond": 1
    },
    {
      "iteration": 357,
      "time": "420.599573135376",
      "n_placed": 261,
      "n_discard": 139,
      "p_mean_weight": 9.814252873563218,
      "d_mean_weight": 4.600496402877698,
      "p_median_weight": 7.643,
      "d_median_weight": 3.616,
      "p_std_weight": 7.922120256042168,
      "d_std_weight": 3.395780980745058,
      "p_total_weight": 2561.52,
      "d_total_weight": 639.469,
      "p_mean_taxability": 82.25355172413794,
      "d_mean_taxability": 39.871359712230216,
      "p_total_taxability": 21468.177,
      "d_total_taxability": 5542.119,
      "p_mean_volume": 0.24700766283524908,
      "d_mean_volume": 0.11973381294964029,
      "p_median_volume": 0.194,
      "d_median_volume": 0.09,
      "p_std_volume": 0.1913120888121566,
      "d_std_volume": 0.08631830003460048,
      "p_total_volume": 64.46900000000001,
      "d_total_volume": 16.643,
      "d_max_priority": 0,
      "used_volume": 0.7897322194183797,
      "used_weight": 0.11643272727272727,
      "unload_obs": 0,
      "hs_cond": 1,
      "p_cond": 1
    }
  ],
  "weight": [
    {
      "iteration": 85,
      "time": "540.7827749252319",
      "n_placed": 264,
      "n_discard": 136,
      "p_mean_weight": 9.82566287878788,
      "d_mean_weight": 4.463338235294118,
      "p_median_weight": 7.643,
      "d_median_weight": 3.19,
      "p_std_weight": 7.788486958250936,
      "d_std_weight": 3.691480281666779,
      "p_total_weight": 2593.975,
      "d_total_weight": 607.014,
      "p_mean_taxability": 81.87385227272728,
      "d_mean_taxability": 39.67352205882353,
      "p_total_taxability": 21614.697,
      "d_total_taxability": 5395.599,
      "p_mean_volume": 0.24586742424242433,
      "d_mean_volume": 0.11913970588235297,
      "p_median_volume": 0.194,
      "d_median_volume": 0.09,
      "p_std_volume": 0.1903987247122403,
      "d_std_volume": 0.08767559504970732,
      "p_total_volume": 64.90900000000002,
      "d_total_volume": 16.203000000000003,
      "d_max_priority": 0,
      "used_volume": 0.7951221304848473,
      "used_weight": 0.11790795454545454,
      "unload_obs": 0,
      "hs_cond": 1,
      "p_cond": 1
    },
    {
      "iteration": 297,
      "time": "336.99261474609375",
      "n_placed": 271,
      "n_discard": 129,
      "p_mean_weight": 9.491033210332104,
      "d_mean_weight": 4.875341085271318,
      "p_median_weight": 6.37,
      "d_median_weight": 3.616,
      "p_std_weight": 7.924032635129458,
      "d_std_weight": 3.4899686838139306,
      "p_total_weight": 2572.07,
      "d_total_weight": 628.919,
      "p_mean_taxability": 79.87822140221402,
      "d_mean_taxability": 41.57595348837209,
      "p_total_taxability": 21646.998,
      "d_total_taxability": 5363.298,
      "p_mean_volume": 0.2398745387453875,
      "d_mean_volume": 0.12485271317829459,
      "p_median_volume": 0.15,
      "d_median_volume": 0.108,
      "p_std_volume": 0.19114334096109115,
      "d_std_volume": 0.08805822831860974,
      "p_total_volume": 65.00600000000001,
      "d_total_volume": 16.106,
      "d_max_priority": 0,
      "used_volume": 0.7963103608790457,
      "used_weight": 0.11691227272727274,
      "unload_obs": 0,
      "hs_cond": 1,
      "p_cond": 1
    },
    {
      "iteration": 94,
      "time": "498.4461624622345",
      "n_placed": 269,
      "n_discard": 131,
      "p_mean_weight": 9.557985130111524,
      "d_mean_weight": 4.80832824427481,
      "p_median_weight": 5.809,
      "d_median_weight": 3.616,
      "p_std_weight": 8.082963772222516,
      "d_std_weight": 2.5978807648446782,
      "p_total_weight": 2571.098,
      "d_total_weight": 629.8910000000001,