{
  "volume": [
    {
      "iteration": 186,
      "time": "340.33151626586914",
      "n_placed": 208,
      "n_discard": 142,
      "p_mean_weight": 10.703096153846154,
      "d_mean_weight": 9.446985915492956,
      "p_median_weight": 9.288,
      "d_median_weight": 10.617,
      "p_std_weight": 7.728939867082072,
      "d_std_weight": 3.6799907723942193,
      "p_total_weight": 2226.244,
      "d_total_weight": 1341.4719999999998,
      "p_mean_taxability": 95.50696153846152,
      "d_mean_taxability": 83.36021830985915,
      "p_total_taxability": 19865.447999999997,
      "d_total_taxability": 11837.151,
      "p_mean_volume": 0.2868076923076923,
      "d_mean_volume": 0.2503309859154929,
      "p_median_volume": 0.269,
      "d_median_volume": 0.269,
      "p_std_volume": 0.18896854922856177,
      "d_std_volume": 0.10041458187395785,
      "p_total_volume": 59.656000000000006,
      "d_total_volume": 35.547,
      "d_max_priority": 1,
      "used_volume": 0.7307739422299533,
      "used_weight": 0.1011929090909091,
      "unload_obs": 1,
      "hs_cond": 1,
      "p_cond": 0
    },
    {
      "iteration": 280,
      "time": "323.30346608161926",
      "n_placed": 206,
      "n_discard": 144,
      "p_mean_weight": 10.880339805825242,
      "d_mean_weight": 9.210875000000001,
      "p_median_weight": 9.288,
      "d_median_weight": 10.438,
      "p_std_weight": 7.765464779397709,
      "d_std_weight": 3.557573880376297,
      "p_total_weight": 2241.35,
      "d_total_weight": 1326.3660000000002,
      "p_mean_taxability": 95.58878155339806,
      "d_mean_taxability": 83.411875,
      "p_total_taxability": 19691.289,
      "d_total_taxability": 12011.31,
      "p_mean_volume": 0.2870533980582525,
      "d_mean_volume": 0.25048611111111113,
      "p_median_volume": 0.269,
      "d_median_volume": 0.269,
      "p_std_volume": 0.18671878441070547,
      "d_std_volume": 0.10791585598781105,
      "p_total_volume": 59.13300000000001,
      "d_total_volume": 36.07,
      "d_max_priority": 1,
      "used_volume": 0.7243672979395841,
      "used_weight": 0.10187954545454544,
      "unload_obs": 1,
      "hs_cond": 1,
      "p_cond": 0
    },
    {
      "iteration": 275,
      "time": "310.2027189731598",
      "n_placed": 212,
      "n_discard": 138,
      "p_mean_weight": 10.538132075471697,
      "d_mean_weight": 9.664,
      "p_median_weight": 9.288,
      "d_median_weight": 10.617,
      "p_std_weight": 7.539894611977318,
      "d_std_weight": 4.140641725362172,
      "p_total_weight": 2234.084,
      "d_total_weight": 1333.632,
      "p_mean_taxability": 92.70123113207548,
      "d_mean_taxability": 87.31839130434781,
      "p_total_taxability": 19652.661,
      "d_total_taxability": 12049.937999999998,
      "p_mean_volume": 0.2783820754716981,
      "d_mean_volume": 0.2622173913043479,
      "p_median_volume": 0.2555,
      "d_median_volume": 0.274,
      "p_std_volume": 0.18293165600091194,
      "d_std_volume": 0.11598645397439217,
      "p_total_volume": 59.016999999999996,
      "d_total_volume": 36.18600000000001,
      "d_max_priority": 1,
      "used_volume": 0.722946321385697,
      "used_weight": 0.10154927272727272,
      "unload_obs": 0,
      "hs_cond": 1,
      "p_cond": 0
    },
    {
      "iteration": 353,
      "time": "238.73972916603088",
      "n_placed": 205,
      "n_discard": 145,
      "p_mean_weight": 10.972687804878047,
      "d_mean_weight": 9.091827586206897,
      "p_median_weight": 10.796,
      "d_median_weight": 9.288,
      "p_std_weight": 7.6031018096265575,
      "d_std_weight": 4.009511021282928,
      "p_total_weight": 2249.401,
      "d_total_weight": 1318.315,
      "p_mean_taxability": 95.79191707317074,
      "d_mean_taxability": 83.20866206896551,
      "p_total_taxability": 19637.343,
      "d_total_taxability": 12065.256,
      "p_mean_volume": 0.2876634146341464,
      "d_mean_volume": 0.2498758620689655,
      "p_median_volume": 0.269,
      "d_median_volume": 0.242,
      "p_std_volume": 0.1846833242948503,
      "d_std_volume": 0.1132382494982384,
      "p_total_volume": 58.97100000000001,
      "d_total_volume": 36.232,
      "d_max_priority": 1,
      "used_volume": 0.7223828306832939,
      "used_weight": 0.10224549999999999,
      "unload_obs": 2,
      "hs_cond": 1,
      "p_cond": 0
    },
    {
      "iteration": 185,
      "time": "338.9070899486542",
      "n_placed": 204,
      "n_discard": 146,
      "p_mean_weight": 11.108651960784314,
      "d_mean_weight": 8.914732876712328,
      "p_median_weight": 10.617,
      "d_median_weight": 9.288,
      "p_std_weight": 7.6606748568587895,
      "d_std_weight": 3.7922188487900543,
      "p_total_weight": 2266.165,
      "d_total_weight": 1301.551,
      "p_mean_taxability": 96.19619117647058,
      "d_mean_taxability": 82.72997260273974,
      "p_total_taxability": 19624.022999999997,
      "d_total_taxability": 12078.576000000001,
      "p_mean_volume": 0.2888774509803922,
      "d_mean_volume": 0.24843835616438356,
      "p_median_volume": 0.274,
      "d_median_volume": 0.242,
      "p_std_volume": 0.18479774506912428,
      "d_std_volume": 0.11308013469874391,
      "p_total_volume": 58.931000000000004,
      "d_total_volume": 36.272,
      "d_max_priority": 1,
      "used_volume": 0.7218928387681603,
      "used_weight": 0.1030075,
      "unload_obs": 0,
      "hs_cond": 1,
      "p_cond": 0
    }
  ],
  "weight": [
    {
      "iteration": 7,
      "time": "351.79425406455994",
      "n_placed": 206,
      "n_discard": 144,
      "p_mean_weight": 11.030669902912623,
      "d_mean_weight": 8.995819444444445,
      "p_median_weight": 10.939,
      "d_median_weight": 9.288,
      "p_std_weight": 7.430205322821494,
      "d_std_weight": 4.376919047091698,
      "p_total_weight": 2272.318,
      "d_total_weight": 1295.3980000000001,
      "p_mean_taxability": 94.85973786407767,
      "d_mean_taxability": 84.45481249999999,
      "p_total_taxability": 19541.106,
      "d_total_taxability": 12161.492999999999,
      "p_mean_volume": 0.2848640776699029,
      "d_mean_volume": 0.25361805555555555,
      "p_median_volume": 0.269,
      "d_median_volume": 0.242,
      "p_std_volume": 0.18021846084716395,
      "d_std_volume": 0.12360850653777995,
      "p_total_volume": 58.682,
      "d_total_volume": 36.521,
      "d_max_priority": 1,
      "used_volume": 0.718842639096455,
      "used_weight": 0.10328718181818183,
      "unload_obs": 1,
      "hs_cond": 1,
      "p_cond": 0
    },
    {
      "iteration": 185,
      "time": "338.9070899486542",
      "n_placed": 204,
      "n_discard": 146,
      "p_mean_weight": 11.108651960784314,
      "d_mean_weight": 8.914732876712328,
      "p_median_weight": 10.617,
      "d_median_weight": 9.288,
      "p_std_weight": 7.6606748568587895,
      "d_std_weight": 3.7922188487900543,
      "p_total_weight": 2266.165,
      "d_total_weight": 1301.551,
      "p_mean_taxability": 96.19619117647058,
      "d_mean_taxability": 82.72997260273974,
      "p_total_taxability": 19624.022999999997,
      "d_total_taxability": 12078.576000000001,
      "p_mean_volume": 0.2888774509803922,
      "d_mean_volume": 0.24843835616438356,
      "p_median_volume": 0.274,
      "d_median_volume": 0.242,
      "p_std_volume": 0.18479774506912428,
      "d_std_volume": 0.11308013469874391,
      "p_total_volume": 58.931000000000004,
      "d_total_volume": 36.272,
      "d_max_priority": 1,
      "used_volume": 0.7218928387681603,
      "used_weight": 0.1030075,
      "unload_obs": 0,
      "hs_cond": 1,
      "p_cond": 0
    },
    {
      "iteration": 201,
      "time": "371.2974486351013",
      "n_placed": 222,
      "n_discard": 128,
      "p_mean_weight": 10.206342342342342,
      "d_mean_weight": 10.17115625,
      "p_median_weight": 8.016,
      "d_median_weight": 11.082,
      "p_std_weight": 7.641540762283345,
      "d_std_weight": 3.4402555147677276,
      "p_total_weight": 2265.808,
      "d_total_weight": 1301.908,