{
  "volume": [
    {
      "iteration": 335,
      "time": "296.77538776397705",
      "n_placed": 203,
      "n_discard": 147,
      "p_mean_weight": 10.889921182266011,
      "d_mean_weight": 9.231714285714284,
      "p_median_weight": 9.288,
      "d_median_weight": 10.438,
      "p_std_weight": 7.874429408446589,
      "d_std_weight": 3.3600186826780005,
      "p_total_weight": 2210.6540000000005,
      "d_total_weight": 1357.062,
      "p_mean_taxability": 95.739960591133,
      "d_mean_taxability": 83.45161224489796,
      "p_total_taxability": 19435.212,
      "d_total_taxability": 12267.387,
      "p_mean_volume": 0.2875073891625616,
      "d_mean_volume": 0.25060544217687075,
      "p_median_volume": 0.269,
      "d_median_volume": 0.269,
      "p_std_volume": 0.18999365204242247,
      "d_std_volume": 0.1019659194893232,
      "p_total_volume": 58.364000000000004,
      "d_total_volume": 36.839,
      "d_max_priority": 0,
      "used_volume": 0.7149472033711445,
      "used_weight": 0.10048427272727274,
      "unload_obs": 2,
      "hs_cond": 1,
      "p_cond": 1
    },
    {
      "iteration": 252,
      "time": "263.3254668712616",
      "n_placed": 208,
      "n_discard": 142,
      "p_mean_weight": 10.515149038461537,
      "d_mean_weight": 9.722288732394366,
      "p_median_weight": 8.016,
      "d_median_weight": 10.796,
      "p_std_weight": 7.832108001721318,
      "d_std_weight": 3.4283450747413604,
      "p_total_weight": 2187.151,
      "d_total_weight": 1380.565,
      "p_mean_taxability": 89.97724038461538,
      "d_mean_taxability": 91.46009154929577,
      "p_total_taxability": 18715.266,
      "d_total_taxability": 12987.332999999999,
      "p_mean_volume": 0.27020192307692303,
      "d_mean_volume": 0.27465492957746485,
      "p_median_volume": 0.218,
      "d_median_volume": 0.276,
      "p_std_volume": 0.18462804387648124,
      "d_std_volume": 0.11510082202506665,
      "p_total_volume": 56.20199999999999,
      "d_total_volume": 39.001000000000005,
      "d_max_priority": 0,
      "used_volume": 0.688463140358184,
      "used_weight": 0.09941595454545454,
      "unload_obs": 0,
      "hs_cond": 1,
      "p_cond": 1
    }
  ],
  "weight": [
    {
      "iteration": 335,
      "time": "296.77538776397705",
      "n_placed": 203,
      "n_discard": 147,
      "p_mean_weight": 10.889921182266011,
      "d_mean_weight": 9.231714285714284,
      "p_median_weight": 9.288,
      "d_median_weight": 10.438,
      "p_std_weight": 7.874429408446589,
      "d_std_weight": 3.3600186826780005,
      "p_total_weight": 2210.6540000000005,
      "d_total_weight": 1357.062,
      "p_mean_taxability": 95.739960591133,
      "d_mean_taxability": 83.45161224489796,
      "p_total_taxability": 19435.212,
      "d_total_taxability": 12267.387,
      "p_mean_volume": 0.2875073891625616,
      "d_mean_volume": 0.25060544217687075,
      "p_median_volume": 0.269,
      "d_median_volume": 0.269,
      "p_std_volume": 0.18999365204242247,
      "d_std_volume": 0.1019659194893232,
      "p_total_volume": 58.364000000000004,
      "d_total_volume": 36.839,
      "d_max_priority": 0,
      "used_volume": 0.7149472033711445,
      "used_weight": 0.10048427272727274,
      "unload_obs": 2,
      "hs_cond": 1,
      "p_cond": 1
    },
    {
      "iteration": 252,
      "time": "263.3254668712616",
      "n_placed": 208,
      "n_discard": 142,
      "p_mean_weight": 10.515149038461537,
      "d_mean_weight": 9.722288732394366,
      "p_median_weight": 8.016,
      "d_median_weight": 10.796,
      "p_std_weight": 7.832108001721318,
      "d_std_weight": 3.4283450747413604,
      "p_total_weight": 2187.151,
      "d_total_weight": 1380.565,
      "p_mean_taxability": 89.97724038461538,
      "d_mean_taxability": 91.46009154929577,
      "p_total_taxability": 18715.266,
      "d_total_taxability": 12987.332999999999,
      "p_mean_volume": 0.27020192307692303,
      "d_mean_volume": 0.27465492957746485,
      "p_median_volume": 0.218,
      "d_median_volume": 0.276,
      "p_std_volume": 0.18462804387648124,
      "d_std_volume": 0.11510082202506665,
      "p_total_volume": 56.20199999999999,
      "d_total_volume": 39.001000000000005,
      "d_max_priority": 0,
      "used_volume": 0.688463140358184,
      "used_weight": 0.09941595454545454,
      "unload_obs": 0,
      "hs_cond": 1,
      "p_cond": 1
    }
  ],
  "taxability": [
    {
      "iteration": 335,
      "time": "296.77538776397705",
      "n_placed": 203,
      "n_discard": 147,
      "p_mean_weight": 10.889921182266011,
      "d_mean_weight": 9.231714285714284,
      "p_median_weight": 9.288,
      "d_median_weight": 10.438,
      "p_std_weight": 7.874429408446589,
      "d_std_weight": 3.3600186826780005,
      "p_total_weight": 2210.6540000000005,
      "d_total_weight": 1357.062,
      "p_mean_taxability": 95.739960591133,
      "d_mean_taxability": 83.45161224489796,
      "p_total_taxability": 19435.212,
      "d_total_taxability": 12267.387,
      "p_mean_volume": 0.2875073891625616,
      "d_mean_volume": 0.25060544217687075,
      "p_median_volume": 0.269,
      "d_median_volume": 0.269,
      "p_std_volume": 0.18999365204242247,
      "d_std_volume": 0.1019659194893232,
      "p_total_volume": 58.364000000000004,
      "d_total_volume": 36.839,
      "d_max_priority": 0,
      "used_volume": 0.7149472033711445,
      "used_weight": 0.10048427272727274,
      "unload_obs": 2,
      "hs_cond": 1,
      "p_cond": 1
    },
    {
      "iteration": 252,
      "time": "263.3254668712616",
      "n_placed": 208,
      "n_discard": 142,
      "p_mean_weight": 10.515149038461537,
      "d_mean_weight": 9.722288732394366,
      "p_median_weight": 8.016,
      "d_median_weight": 10.796,
      "p_std_weight": 7.832108001721318,
      "d_std_weight": 3.4283450747413604,
      "p_total_weight": 2187.151,
      "d_total_weight": 1380.565,
      "p_mean_taxability": 89.97724038461538,
      "d_mean_taxability": 91.46009154929577,
      "p_total_taxability": 18715.266,
      "d_total_taxability": 12987.332999999999,
      "p_mean_volume": 0.27020192307692303,
      "d_mean_volume": 0.27465492957746485,
      "p_median_volume": 0.218,
      "d_median_volume": 0.276,
      "p_std_volume": 0.18462804387648124,
      "d_std_volume": 0.11510082202506665,
      "p_total_volume": 56.20199999999999,
      "d_total_volume": 39.001000000000005,
      "d_max_priority": 0,
      "used_volume": 0.688463140358184,
      "used_weight": 0.09941595454545454,
      "unload_obs": 0,
      "hs_cond": 1,
      "p_cond": 1
    }
  ]
}