{
  "volume": [
    {
      "iteration": 212,
      "time": "483.99623012542725",
      "n_placed": 300,
      "n_discard": 150,
      "p_mean_weight": 8.33883,
      "d_mean_weight": 5.520113333333334,
      "p_median_weight": 6.213,
      "d_median_weight": 4.942,
      "p_std_weight": 6.236204479928873,
      "d_std_weight": 2.741024453408514,
      "p_total_weight": 2501.649,
      "d_total_weight": 828.017,
      "p_mean_taxability": 67.20716999999999,
      "d_mean_taxability": 49.47936,
      "p_total_taxability": 20162.150999999998,
      "d_total_taxability": 7421.904,
      "p_mean_volume": 0.20182333333333338,
      "d_mean_volume": 0.14858666666666664,
      "p_median_volume": 0.163,
      "d_median_volume": 0.144,
      "p_std_volume": 0.1338973004924025,
      "d_std_volume": 0.07338984684332568,
      "p_total_volume": 60.54700000000001,
      "d_total_volume": 22.287999999999997,
      "d_max_priority": 0,
      "used_volume": 0.7416885121395498,
      "used_weight": 0.11371131818181818,
      "unload_obs": 3,
      "hs_cond": 1,
      "p_cond": 1
    },
    {
      "iteration": 347,
      "time": "605.2823424339294",
      "n_placed": 307,
      "n_discard": 143,
      "p_mean_weight": 7.811221498371336,
      "d_mean_weight": 6.514832167832168,
      "p_median_weight": 6.035,
      "d_median_weight": 5.273,
      "p_std_weight": 5.950651757827457,
      "d_std_weight": 4.2315652765783796,
      "p_total_weight": 2398.045,
      "d_total_weight": 931.621,
      "p_mean_taxability": 63.72340065146581,
      "d_mean_taxability": 56.0907062937063,
      "p_total_taxability": 19563.084000000003,
      "d_total_taxability": 8020.9710000000005,
      "p_mean_volume": 0.1913615635179153,
      "d_mean_volume": 0.1684405594405594,
      "p_median_volume": 0.162,
      "d_median_volume": 0.145,
      "p_std_volume": 0.12959107210293946,
      "d_std_volume": 0.09406265685047029,
      "p_total_volume": 58.748,
      "d_total_volume": 24.086999999999996,
      "d_max_priority": 0,
      "used_volume": 0.719651125756425,
      "used_weight": 0.10900204545454546,
      "unload_obs": 2,
      "hs_cond": 1,
      "p_cond": 1
    },
    {
      "iteration": 130,
      "time": "782.1390159130096",
      "n_placed": 300,
      "n_discard": 150,
      "p_mean_weight": 8.060943333333332,
      "d_mean_weight": 6.075886666666667,
      "p_median_weight": 5.381,
      "d_median_weight": 5.273,
      "p_std_weight": 6.246281938907601,
      "d_std_weight": 3.1541266025087267,
      "p_total_weight": 2418.283,
      "d_total_weight": 911.383,
      "p_mean_taxability": 64.8129,
      "d_mean_taxability": 54.2679,
      "p_total_taxability": 19443.87,
      "d_total_taxability": 8140.1849999999995,
      "p_mean_volume": 0.19463333333333332,
      "d_mean_volume": 0.16296666666666668,
      "p_median_volume": 0.162,
      "d_median_volume": 0.145,
      "p_std_volume": 0.13398801507161623,
      "d_std_volume": 0.08103337755150603,
      "p_total_volume": 58.39,
      "d_total_volume": 24.445,
      "d_max_priority": 0,
      "used_volume": 0.7152656981159811,
      "used_weight": 0.10992195454545454,
      "unload_obs": 2,
      "hs_cond": 1,
      "p_cond": 1
    },
    {
      "iteration": 277,
      "time": "724.1534230709076",
      "n_placed": 301,
      "n_discard": 149,
      "p_mean_weight": 7.849242524916943,
      "d_mean_weight": 6.490228187919464,
      "p_median_weight": 6.035,
      "d_median_weight": 4.942,
      "p_std_weight": 5.778907329618545,
      "d_std_weight": 4.750082379258345,
      "p_total_weight": 2362.622,
      "d_total_weight": 967.0440000000001,
      "p_mean_taxability": 64.56770431893688,
      "d_mean_taxability": 54.69245637583893,
      "p_total_taxability": 19434.879,
      "d_total_taxability": 8149.176,
      "p_mean_volume": 0.19389700996677742,
      "d_mean_volume": 0.16424161073825505,
      "p_median_volume": 0.163,
      "d_median_volume": 0.144,
      "p_std_volume": 0.12645072567748764,
      "d_std_volume": 0.10273198211238475,
      "p_total_volume": 58.363,
      "d_total_volume": 24.472,
      "d_max_priority": 0,
      "used_volume": 0.7149349535732661,
      "used_weight": 0.10739190909090908,
      "unload_obs": 2,
      "hs_cond": 1,
      "p_cond": 1
    },
    {
      "iteration": 87,
      "time": "792.5329685211182",
      "n_placed": 303,
      "n_discard": 147,
      "p_mean_weight": 7.974300330033004,
      "d_mean_weight": 6.213965986394558,
      "p_median_weight": 5.381,
      "d_median_weight": 5.381,
      "p_std_weight": 6.296367148110714,
      "d_std_weight": 2.941078744910897,
      "p_total_weight": 2416.213,
      "d_total_weight": 913.453,
      "p_mean_taxability": 63.78763366336633,
      "d_mean_taxability": 56.166,
      "p_total_taxability": 19327.653,
      "d_total_taxability": 8256.402,
      "p_mean_volume": 0.19155445544554456,
      "d_mean_volume": 0.16866666666666666,
      "p_median_volume": 0.145,
      "d_median_volume": 0.162,
      "p_std_volume": 0.13471373686063884,
      "d_std_volume": 0.07912503832225116,
      "p_total_volume": 58.041000000000004,
      "d_total_volume": 24.793999999999997,
      "d_max_priority": 0,
      "used_volume": 0.7109905186564422,
      "used_weight": 0.10982786363636364,
      "unload_obs": 2,
      "hs_cond": 1,
      "p_cond": 1
    }
  ],
  "weight": [
    {
      "iteration": 212,
      "time": "483.99623012542725",
      "n_placed": 300,
      "n_discard": 150,
      "p_mean_weight": 8.33883,
      "d_mean_weight": 5.520113333333334,
      "p_median_weight": 6.213,
      "d_median_weight": 4.942,
      "p_std_weight": 6.236204479928873,
      "d_std_weight": 2.741024453408514,
      "p_total_weight": 2501.649,
      "d_total_weight": 828.017,
      "p_mean_taxability": 67.20716999999999,
      "d_mean_taxability": 49.47936,
      "p_total_taxability": 20162.150999999998,
      "d_total_taxability": 7421.904,
      "p_mean_volume": 0.20182333333333338,
      "d_mean_volume": 0.14858666666666664,
      "p_median_volume": 0.163,
      "d_median_volume": 0.144,
      "p_std_volume": 0.1338973004924025,
      "d_std_volume": 0.07338984684332568,
      "p_total_volume": 60.54700000000001,
      "d_total_volume": 22.287999999999997,
      "d_max_priority": 0,
      "used_volume": 0.7416885121395498,
      "used_weight": 0.11371131818181818,
      "unload_obs": 3,
      "hs_cond": 1,
      "p_cond": 1
    },
    {
      "iteration": 130,
      "time": "782.1390159130096",
      "n_placed": 300,
      "n_discard": 150,
      "p_mean_weight": 8.060943333333332,
      "d_mean_weight": 6.075886666666667,
      "p_median_weight": 5.381,
      "d_median_weight": 5.273,
      "p_std_weight": 6.246281938907601,
      "d_std_weight": 3.1541266025087267,
      "p_total_weight": 2418.283,
      "d_total_weight": 911.383,
      "p_mean_taxability": 64.8129,
      "d_mean_taxability": 54.2679,
      "p_total_taxability": 19443.87,
      "d_total_taxability": 8140.1849999999995,
      "p_mean_volume": 0.19463333333333332,
      "d_mean_volume": 0.16296666666666668,
      "p_median_volume": 0.162,
      "d_median_volume": 0.145,
      "p_std_volume": 0.13398801507161623,
      "d_std_volume": 0.08103337755150603,
      "p_total_volume": 58.39,
      "d_total_volume": 24.445,
      "d_max_priority": 0,
      "used_volume": 0.7152656981159811,
      "used_weight": 0.10992195454545454,
      "unload_obs": 2,
      "hs_cond": 1,
      "p_cond": 1
    },
    {
      "iteration": 87,
      "time": "792.5329685211182",
      "n_placed": 303,
      "n_discard": 147,
      "p_mean_weight": 7.974300330033004,
      "d_mean_weight": 6.213965986394558,
      "p_median_weight": 5.381,
      "d_median_weight": 5.381,
      "p_std_weight": 6.296367148110714,
      "d_std_weight": 2.941078744910897,
      "p_total_weight": 2416.213,
      "d_total_weight": 913.453,
      "p_mean_taxability": 63.78763366336633,
      "d_mean_taxability": 56.166,