{
  "volume": [
    {
      "iteration": 48,
      "time": "323.62361121177673",
      "n_placed": 186,
      "n_discard": 164,
      "p_mean_weight": 12.014204301075267,
      "d_mean_weight": 6.907798780487805,
      "p_median_weight": 11.2975,
      "d_median_weight": 7.386,
      "p_std_weight": 7.174523759027234,
      "d_std_weight": 2.718632562216171,
      "p_total_weight": 2234.642,
      "d_total_weight": 1132.879,
      "p_mean_taxability": 115.52772580645161,
      "d_mean_taxability": 74.00112804878049,
      "p_total_taxability": 21488.157,
      "d_total_taxability": 12136.185,
      "p_mean_volume": 0.3469301075268817,
      "d_mean_volume": 0.22222560975609756,
      "p_median_volume": 0.317,
      "d_median_volume": 0.23,
      "p_std_volume": 0.18825376908610228,
      "d_std_volume": 0.06796691059043906,
      "p_total_volume": 64.529,
      "d_total_volume": 36.445,
      "d_max_priority": 0,
      "used_volume": 0.7904672072910797,
      "used_weight": 0.10157463636363635,
      "unload_obs": 0,
      "hs_cond": 1,
      "p_cond": 1
    },
    {
      "iteration": 222,
      "time": "304.61874437332153",
      "n_placed": 176,
      "n_discard": 174,
      "p_mean_weight": 12.687210227272725,
      "d_mean_weight": 6.520528735632183,
      "p_median_weight": 12.259,
      "d_median_weight": 7.139,
      "p_std_weight": 7.041408853843137,
      "d_std_weight": 2.3992647685916886,
      "p_total_weight": 2232.9489999999996,
      "d_total_weight": 1134.572,
      "p_mean_taxability": 121.20632386363636,
      "d_mean_taxability": 70.64384482758622,
      "p_total_taxability": 21332.313,
      "d_total_taxability": 12292.029000000002,
      "p_mean_volume": 0.3639829545454546,
      "d_mean_volume": 0.21214367816091956,
      "p_median_volume": 0.35,
      "d_median_volume": 0.23,
      "p_std_volume": 0.18181527436798728,
      "d_std_volume": 0.0706058590327002,
      "p_total_volume": 64.061,
      "d_total_volume": 36.913000000000004,
      "d_max_priority": 0,
      "used_volume": 0.784734301884019,
      "used_weight": 0.1014976818181818,
      "unload_obs": 0,
      "hs_cond": 1,
      "p_cond": 1
    },
    {
      "iteration": 140,
      "time": "274.31637358665466",
      "n_placed": 174,
      "n_discard": 176,
      "p_mean_weight": 12.826327586206896,
      "d_mean_weight": 6.453068181818182,
      "p_median_weight": 12.259,
      "d_median_weight": 6.385,
      "p_std_weight": 6.981718149140102,
      "d_std_weight": 2.4061623234422997,
      "p_total_weight": 2231.781,
      "d_total_weight": 1135.74,
      "p_mean_taxability": 122.53443103448275,
      "d_mean_taxability": 69.90540340909091,
      "p_total_taxability": 21320.990999999998,
      "d_total_taxability": 12303.351,
      "p_mean_volume": 0.3679712643678161,
      "d_mean_volume": 0.20992613636363633,
      "p_median_volume": 0.35,
      "d_median_volume": 0.2175,
      "p_std_volume": 0.180343135628541,
      "d_std_volume": 0.06979644034200874,
      "p_total_volume": 64.027,
      "d_total_volume": 36.946999999999996,
      "d_max_priority": 0,
      "used_volume": 0.7843178087561555,
      "used_weight": 0.1014445909090909,
      "unload_obs": 0,
      "hs_cond": 1,
      "p_cond": 1
    },
    {
      "iteration": 102,
      "time": "342.1342215538025",
      "n_placed": 171,
      "n_discard": 179,
      "p_mean_weight": 13.1056783625731,
      "d_mean_weight": 6.293016759776536,
      "p_median_weight": 12.259,
      "d_median_weight": 5.631,
      "p_std_weight": 6.805125759874357,
      "d_std_weight": 2.4498846257513462,
      "p_total_weight": 2241.071,
      "d_total_weight": 1126.4499999999998,
      "p_mean_taxability": 124.58094736842104,
      "d_mean_taxability": 68.83240223463687,
      "p_total_taxability": 21303.341999999997,
      "d_total_taxability": 12321.0,
      "p_mean_volume": 0.3741169590643274,
      "d_mean_volume": 0.20670391061452514,
      "p_median_volume": 0.35,
      "d_median_volume": 0.174,
      "p_std_volume": 0.17592300556541463,
      "d_std_volume": 0.07314105608852509,
      "p_total_volume": 63.97399999999999,
      "d_total_volume": 37.0,
      "d_max_priority": 0,
      "used_volume": 0.7836685694686036,
      "used_weight": 0.10186686363636363,
      "unload_obs": 0,
      "hs_cond": 1,
      "p_cond": 1
    },
    {
      "iteration": 248,
      "time": "233.55040574073792",
      "n_placed": 171,
      "n_discard": 179,
      "p_mean_weight": 13.081649122807017,
      "d_mean_weight": 6.315972067039106,
      "p_median_weight": 12.259,
      "d_median_weight": 5.47,
      "p_std_weight": 6.842979555267432,
      "d_std_weight": 2.4128753732074717,
      "p_total_weight": 2236.962,
      "d_total_weight": 1130.559,
      "p_mean_taxability": 124.13499999999999,
      "d_mean_taxability": 69.25841899441342,
      "p_total_taxability": 21227.085,
      "d_total_taxability": 12397.257000000001,
      "p_mean_volume": 0.37277777777777776,
      "d_mean_volume": 0.20798324022346368,
      "p_median_volume": 0.35,
      "d_median_volume": 0.205,
      "p_std_volume": 0.17828957865284542,
      "d_std_volume": 0.07054367320951899,
      "p_total_volume": 63.745,
      "d_total_volume": 37.229,
      "d_max_priority": 0,
      "used_volume": 0.780863365754465,
      "used_weight": 0.10168009090909091,
      "unload_obs": 0,
      "hs_cond": 1,
      "p_cond": 1
    }
  ],
  "weight": [
    {
      "iteration": 102,
      "time": "342.1342215538025",
      "n_placed": 171,
      "n_discard": 179,
      "p_mean_weight": 13.1056783625731,
      "d_mean_weight": 6.293016759776536,
      "p_median_weight": 12.259,
      "d_median_weight": 5.631,
      "p_std_weight": 6.805125759874357,
      "d_std_weight": 2.4498846257513462,
      "p_total_weight": 2241.071,
      "d_total_weight": 1126.4499999999998,
      "p_mean_taxability": 124.58094736842104,
      "d_mean_taxability": 68.83240223463687,
      "p_total_taxability": 21303.341999999997,
      "d_total_taxability": 12321.0,
      "p_mean_volume": 0.3741169590643274,
      "d_mean_volume": 0.20670391061452514,
      "p_median_volume": 0.35,
      "d_median_volume": 0.174,
      "p_std_volume": 0.17592300556541463,
      "d_std_volume": 0.07314105608852509,
      "p_total_volume": 63.97399999999999,
      "d_total_volume": 37.0,
      "d_max_priority": 0,
      "used_volume": 0.7836685694686036,
      "used_weight": 0.10186686363636363,
      "unload_obs": 0,
      "hs_cond": 1,
      "p_cond": 1
    },
    {
      "iteration": 248,
      "time": "233.55040574073792",
      "n_placed": 171,
      "n_discard": 179,
      "p_mean_weight": 13.081649122807017,
      "d_mean_weight": 6.315972067039106,
      "p_median_weight": 12.259,
      "d_median_weight": 5.47,
      "p_std_weight": 6.842979555267432,
      "d_std_weight": 2.4128753732074717,
      "p_total_weight": 2236.962,
      "d_total_weight": 1130.559,
      "p_mean_taxability": 124.13499999999999,
      "d_mean_taxability": 69.25841899441342,
      "p_total_taxability": 21227.085,
      "d_total_taxability": 12397.257000000001,
      "p_mean_volume": 0.37277777777777776,
      "d_mean_volume": 0.20798324022346368,
      "p_median_volume": 0.35,
      "d_median_volume": 0.205,
      "p_std_volume": 0.17828957865284542,
      "d_std_volume": 0.07054367320951899,
      "p_total_volume": 63.745,
      "d_total_volume": 37.229,
      "d_max_priority": 0,
      "used_volume": 0.780863365754465,
      "used_weight": 0.10168009090909091,
      "unload_obs": 0,
      "hs_cond": 1,
      "p_cond": 1
    },
    {
      "iteration": 113,
      "time": "324.61716747283936",
      "n_placed": 174,
      "n_discard": 176,
      "p_mean_weight": 12.84749425287356,
      "d_mean_weight": 6.432142045454544,
      "p_median_weight": 12.259,
      "d_median_weight": 7.139,
      "p_std_weight": 6.978400578421588,
      "d_std_weight": 2.359291428070075,
      "p_total_weight": 2235.4639999999995,