{
  "volume": [
    {
      "iteration": 86,
      "time": "446.27245807647705",
      "n_placed": 267,
      "n_discard": 183,
      "p_mean_weight": 8.172602996254682,
      "d_mean_weight": 7.044224043715846,
      "p_median_weight": 8.32,
      "d_median_weight": 7.606,
      "p_std_weight": 2.547594219643488,
      "d_std_weight": 1.8468188803997918,
      "p_total_weight": 2182.085,
      "d_total_weight": 1289.0929999999998,
      "p_mean_taxability": 76.34180898876404,
      "d_mean_taxability": 69.72619672131148,
      "p_total_taxability": 20383.263,
      "d_total_taxability": 12759.894000000002,
      "p_mean_volume": 0.22925468164794008,
      "d_mean_volume": 0.2093879781420765,
      "p_median_volume": 0.24,
      "d_median_volume": 0.214,
      "p_std_volume": 0.06143976454910451,
      "d_std_volume": 0.056725745339758805,
      "p_total_volume": 61.211,
      "d_total_volume": 38.318,
      "d_max_priority": 0,
      "used_volume": 0.7498223779307641,
      "used_weight": 0.09918568181818183,
      "unload_obs": 2,
      "hs_cond": 1,
      "p_cond": 1
    },
    {
      "iteration": 10,
      "time": "699.2283661365509",
      "n_placed": 257,
      "n_discard": 193,
      "p_mean_weight": 8.513712062256811,
      "d_mean_weight": 6.648466321243524,
      "p_median_weight": 8.545,
      "d_median_weight": 7.021,
      "p_std_weight": 2.3877758386897407,
      "d_std_weight": 1.829079584152072,
      "p_total_weight": 2188.0240000000003,
      "d_total_weight": 1283.1540000000002,
      "p_mean_taxability": 79.28121011673151,
      "d_mean_taxability": 66.15484974093263,
      "p_total_taxability": 20375.271,
      "d_total_taxability": 12767.885999999999,
      "p_mean_volume": 0.23808171206225687,
      "d_mean_volume": 0.19866321243523316,
      "p_median_volume": 0.249,
      "d_median_volume": 0.2,
      "p_std_volume": 0.059641352711917874,
      "d_std_volume": 0.05355687732099876,
      "p_total_volume": 61.18700000000001,
      "d_total_volume": 38.342,
      "d_max_priority": 0,
      "used_volume": 0.7495283827816842,
      "used_weight": 0.09945563636363638,
      "unload_obs": 0,
      "hs_cond": 1,
      "p_cond": 1
    },
    {
      "iteration": 167,
      "time": "748.0573711395264",
      "n_placed": 263,
      "n_discard": 187,
      "p_mean_weight": 8.272117870722434,
      "d_mean_weight": 6.928401069518717,
      "p_median_weight": 8.337,
      "d_median_weight": 7.498,
      "p_std_weight": 2.448795545458633,
      "d_std_weight": 1.9633242723741469,
      "p_total_weight": 2175.567,
      "d_total_weight": 1295.611,
      "p_mean_taxability": 77.16230418250952,
      "d_mean_taxability": 68.71374866310161,
      "p_total_taxability": 20293.686,
      "d_total_taxability": 12849.471000000001,
      "p_mean_volume": 0.23171863117870722,
      "d_mean_volume": 0.2063475935828877,
      "p_median_volume": 0.24,
      "d_median_volume": 0.206,
      "p_std_volume": 0.05937554109700328,
      "d_std_volume": 0.05859402912886574,
      "p_total_volume": 60.942,
      "d_total_volume": 38.587,
      "d_max_priority": 0,
      "used_volume": 0.7465271823014921,
      "used_weight": 0.0988894090909091,
      "unload_obs": 2,
      "hs_cond": 1,
      "p_cond": 1
    },
    {
      "iteration": 16,
      "time": "724.7129182815552",
      "n_placed": 257,
      "n_discard": 193,
      "p_mean_weight": 8.368482490272372,
      "d_mean_weight": 6.8418549222797935,
      "p_median_weight": 8.397,
      "d_median_weight": 7.021,
      "p_std_weight": 2.483975521476364,
      "d_std_weight": 1.8384822317180094,
      "p_total_weight": 2150.7,
      "d_total_weight": 1320.478,
      "p_mean_taxability": 78.95468871595331,
      "d_mean_taxability": 66.58964766839378,
      "p_total_taxability": 20291.355,
      "d_total_taxability": 12851.802,
      "p_mean_volume": 0.23710116731517508,
      "d_mean_volume": 0.19996891191709842,
      "p_median_volume": 0.246,
      "d_median_volume": 0.2,
      "p_std_volume": 0.05993210252189183,
      "d_std_volume": 0.05405975732308408,
      "p_total_volume": 60.934999999999995,
      "d_total_volume": 38.593999999999994,
      "d_max_priority": 0,
      "used_volume": 0.7464414337163436,
      "used_weight": 0.0977590909090909,
      "unload_obs": 1,
      "hs_cond": 1,
      "p_cond": 1
    },
    {
      "iteration": 121,
      "time": "481.6752016544342",
      "n_placed": 262,
      "n_discard": 188,
      "p_mean_weight": 8.335442748091603,
      "d_mean_weight": 6.847297872340428,
      "p_median_weight": 8.337,
      "d_median_weight": 7.498,
      "p_std_weight": 2.4327915052885056,
      "d_std_weight": 1.932388601598817,
      "p_total_weight": 2183.886,
      "d_total_weight": 1287.2920000000004,
      "p_mean_taxability": 76.99671755725191,
      "d_mean_taxability": 68.98945212765959,
      "p_total_taxability": 20173.14,
      "d_total_taxability": 12970.017000000002,
      "p_mean_volume": 0.2312213740458015,
      "d_mean_volume": 0.2071755319148936,
      "p_median_volume": 0.244,
      "d_median_volume": 0.206,
      "p_std_volume": 0.05769244524821072,
      "d_std_volume": 0.061208821471408534,
      "p_total_volume": 60.58,
      "d_total_volume": 38.949,
      "d_max_priority": 0,
      "used_volume": 0.7420927554695347,
      "used_weight": 0.09926754545454546,
      "unload_obs": 0,
      "hs_cond": 1,
      "p_cond": 1
    }
  ],
  "weight": [
    {
      "iteration": 10,
      "time": "699.2283661365509",
      "n_placed": 257,
      "n_discard": 193,
      "p_mean_weight": 8.513712062256811,
      "d_mean_weight": 6.648466321243524,
      "p_median_weight": 8.545,
      "d_median_weight": 7.021,
      "p_std_weight": 2.3877758386897407,
      "d_std_weight": 1.829079584152072,
      "p_total_weight": 2188.0240000000003,
      "d_total_weight": 1283.1540000000002,
      "p_mean_taxability": 79.28121011673151,
      "d_mean_taxability": 66.15484974093263,
      "p_total_taxability": 20375.271,
      "d_total_taxability": 12767.885999999999,
      "p_mean_volume": 0.23808171206225687,
      "d_mean_volume": 0.19866321243523316,
      "p_median_volume": 0.249,
      "d_median_volume": 0.2,
      "p_std_volume": 0.059641352711917874,
      "d_std_volume": 0.05355687732099876,
      "p_total_volume": 61.18700000000001,
      "d_total_volume": 38.342,
      "d_max_priority": 0,
      "used_volume": 0.7495283827816842,
      "used_weight": 0.09945563636363638,
      "unload_obs": 0,
      "hs_cond": 1,
      "p_cond": 1
    },
    {
      "iteration": 121,
      "time": "481.6752016544342",
      "n_placed": 262,
      "n_discard": 188,
      "p_mean_weight": 8.335442748091603,
      "d_mean_weight": 6.847297872340428,
      "p_median_weight": 8.337,
      "d_median_weight": 7.498,
      "p_std_weight": 2.4327915052885056,
      "d_std_weight": 1.932388601598817,
      "p_total_weight": 2183.886,
      "d_total_weight": 1287.2920000000004,
      "p_mean_taxability": 76.99671755725191,
      "d_mean_taxability": 68.98945212765959,
      "p_total_taxability": 20173.14,
      "d_total_taxability": 12970.017000000002,
      "p_mean_volume": 0.2312213740458015,
      "d_mean_volume": 0.2071755319148936,
      "p_median_volume": 0.244,
      "d_median_volume": 0.206,
      "p_std_volume": 0.05769244524821072,
      "d_std_volume": 0.061208821471408534,
      "p_total_volume": 60.58,
      "d_total_volume": 38.949,
      "d_max_priority": 0,
      "used_volume": 0.7420927554695347,
      "used_weight": 0.09926754545454546,
      "unload_obs": 0,
      "hs_cond": 1,
      "p_cond": 1
    },
    {
      "iteration": 86,
      "time": "446.27245807647705",
      "n_placed": 267,
      "n_discard": 183,
      "p_mean_weight": 8.172602996254682,
      "d_mean_weight": 7.044224043715846,
      "p_median_weight": 8.32,
      "d_median_weight": 7.606,
      "p_std_weight": 2.547594219643488,
      "d_std_weight": 1.8468188803997918,
      "p_total_weight": 2182.085,