{
  "volume": [
    {
      "iteration": 86,
      "time": "446.27245807647705",
      "n_placed": 267,
      "n_discard": 183,
      "p_mean_weight": 8.172602996254682,
      "d_mean_weight": 7.044224043715846,
      "p_median_weight": 8.32,
      "d_median_weight": 7.606,
      "p_std_weight": 2.547594219643488,
      "d_std_weight": 1.8468188803997918,
      "p_total_weight": 2182.085,
      "d_total_weight": 1289.0929999999998,
      "p_mean_taxability": 76.34180898876404,
      "d_mean_taxability": 69.72619672131148,
      "p_total_taxability": 20383.263,
      "d_total_taxability": 12759.894000000002,
      "p_mean_volume": 0.22925468164794008,
      "d_mean_volume": 0.2093879781420765,
      "p_median_volume": 0.24,
      "d_median_volume": 0.214,
      "p_std_volume": 0.06143976454910451,
      "d_std_volume": 0.056725745339758805,
      "p_total_volume": 61.211,
      "d_total_volume": 38.318,
      "d_max_priority": 0,
      "used_volume": 0.7498223779307641,
      "used_weight": 0.09918568181818183,
      "unload_obs": 2,
      "hs_cond": 1,
      "p_cond": 1
    },
    {
      "iteration": 10,
      "time": "699.2283661365509",
      "n_placed": 257,
      "n_discard": 193,
      "p_mean_weight": 8.513712062256811,
      "d_mean_weight": 6.648466321243524,
      "p_median_weight": 8.545,
      "d_median_weight": 7.021,
      "p_std_weight": 2.3877758386897407,
      "d_std_weight": 1.829079584152072,
      "p_total_weight": 2188.0240000000003,
      "d_total_weight": 1283.1540000000002,
      "p_mean_taxability": 79.28121011673151,
      "d_mean_taxability": 66.15484974093263,
      "p_total_taxability": 20375.271,
      "d_total_taxability": 12767.885999999999,
      "p_mean_volume": 0.23808171206225687,
      "d_mean_volume": 0.19866321243523316,
      "p_median_volume": 0.249,
      "d_median_volume": 0.2,
      "p_std_volume": 0.059641352711917874,
      "d_std_volume": 0.05355687732099876,
      "p_total_volume": 61.18700000000001,
      "d_total_volume": 38.342,
      "d_max_priority": 0,
      "used_volume": 0.7495283827816842,
      "used_weight": 0.09945563636363638,
      "unload_obs": 0,
      "hs_cond": 1,
      "p_cond": 1
    },
    {
      "iteration": 291,
      "time": "565.9231386184692",
      "n_placed": 269,
      "n_discard": 181,
      "p_mean_weight": 8.21274721189591,
      "d_mean_weight": 6.9720939226519345,
      "p_median_weight": 8.337,
      "d_median_weight": 7.498,
      "p_std_weight": 2.4900570235711177,
      "d_std_weight": 1.9107338284941076,
      "p_total_weight": 2209.229,
      "d_total_weight": 1261.949,
      "p_mean_taxability": 75.71602973977696,
      "d_mean_taxability": 70.58312154696134,
      "p_total_taxability": 20367.612,
      "d_total_taxability": 12775.545000000002,
      "p_mean_volume": 0.22737546468401487,
      "d_mean_volume": 0.2119613259668508,
      "p_median_volume": 0.24,
      "d_median_volume": 0.206,
      "p_std_volume": 0.057848459972113374,
      "d_std_volume": 0.06280705592357916,
      "p_total_volume": 61.164,
      "d_total_volume": 38.364999999999995,
      "d_max_priority": 1,
      "used_volume": 0.7492466374304824,
      "used_weight": 0.1004195,
      "unload_obs": 0,
      "hs_cond": 1,
      "p_cond": 0
    },
    {
      "iteration": 167,
      "time": "748.0573711395264",
      "n_placed": 263,
      "n_discard": 187,
      "p_mean_weight": 8.272117870722434,
      "d_mean_weight": 6.928401069518717,
      "p_median_weight": 8.337,
      "d_median_weight": 7.498,
      "p_std_weight": 2.448795545458633,
      "d_std_weight": 1.9633242723741469,
      "p_total_weight": 2175.567,
      "d_total_weight": 1295.611,
      "p_mean_taxability": 77.16230418250952,
      "d_mean_taxability": 68.71374866310161,
      "p_total_taxability": 20293.686,
      "d_total_taxability": 12849.471000000001,
      "p_mean_volume": 0.23171863117870722,
      "d_mean_volume": 0.2063475935828877,
      "p_median_volume": 0.24,
      "d_median_volume": 0.206,
      "p_std_volume": 0.05937554109700328,
      "d_std_volume": 0.05859402912886574,
      "p_total_volume": 60.942,
      "d_total_volume": 38.587,
      "d_max_priority": 0,
      "used_volume": 0.7465271823014921,
      "used_weight": 0.0988894090909091,
      "unload_obs": 2,
      "hs_cond": 1,
      "p_cond": 1
    },
    {
      "iteration": 40,
      "time": "712.8367922306061",
      "n_placed": 263,
      "n_discard": 187,
      "p_mean_weight": 8.318570342205321,
      "d_mean_weight": 6.863069518716578,
      "p_median_weight": 8.337,
      "d_median_weight": 7.021,
      "p_std_weight": 2.4464002503512345,
      "d_std_weight": 1.9202339016579852,
      "p_total_weight": 2187.7839999999997,
      "d_total_weight": 1283.3940000000002,
      "p_mean_taxability": 77.15977186311787,
      "d_mean_taxability": 68.71731016042781,
      "p_total_taxability": 20293.02,
      "d_total_taxability": 12850.137000000002,
      "p_mean_volume": 0.23171102661596957,
      "d_mean_volume": 0.20635828877005347,
      "p_median_volume": 0.242,
      "d_median_volume": 0.2,
      "p_std_volume": 0.057722289806842304,
      "d_std_volume": 0.06088103129259143,
      "p_total_volume": 60.94,
      "d_total_volume": 38.589,
      "d_max_priority": 1,
      "used_volume": 0.7465026827057353,
      "used_weight": 0.09944472727272725,
      "unload_obs": 1,
      "hs_cond": 1,
      "p_cond": 0
    }
  ],
  "weight": [
    {
      "iteration": 291,
      "time": "565.9231386184692",
      "n_placed": 269,
      "n_discard": 181,
      "p_mean_weight": 8.21274721189591,
      "d_mean_weight": 6.9720939226519345,
      "p_median_weight": 8.337,
      "d_median_weight": 7.498,
      "p_std_weight": 2.4900570235711177,
      "d_std_weight": 1.9107338284941076,
      "p_total_weight": 2209.229,
      "d_total_weight": 1261.949,
      "p_mean_taxability": 75.71602973977696,
      "d_mean_taxability": 70.58312154696134,
      "p_total_taxability": 20367.612,
      "d_total_taxability": 12775.545000000002,
      "p_mean_volume": 0.22737546468401487,
      "d_mean_volume": 0.2119613259668508,
      "p_median_volume": 0.24,
      "d_median_volume": 0.206,
      "p_std_volume": 0.057848459972113374,
      "d_std_volume": 0.06280705592357916,
      "p_total_volume": 61.164,
      "d_total_volume": 38.364999999999995,
      "d_max_priority": 1,
      "used_volume": 0.7492466374304824,
      "used_weight": 0.1004195,
      "unload_obs": 0,
      "hs_cond": 1,
      "p_cond": 0
    },
    {
      "iteration": 10,
      "time": "699.2283661365509",
      "n_placed": 257,
      "n_discard": 193,
      "p_mean_weight": 8.513712062256811,
      "d_mean_weight": 6.648466321243524,
      "p_median_weight": 8.545,
      "d_median_weight": 7.021,
      "p_std_weight": 2.3877758386897407,
      "d_std_weight": 1.829079584152072,
      "p_total_weight": 2188.0240000000003,
      "d_total_weight": 1283.1540000000002,
      "p_mean_taxability": 79.28121011673151,
      "d_mean_taxability": 66.15484974093263,
      "p_total_taxability": 20375.271,
      "d_total_taxability": 12767.885999999999,
      "p_mean_volume": 0.23808171206225687,
      "d_mean_volume": 0.19866321243523316,
      "p_median_volume": 0.249,
      "d_median_volume": 0.2,
      "p_std_volume": 0.059641352711917874,
      "d_std_volume": 0.05355687732099876,
      "p_total_volume": 61.18700000000001,
      "d_total_volume": 38.342,
      "d_max_priority": 0,
      "used_volume": 0.7495283827816842,
      "used_weight": 0.09945563636363638,
      "unload_obs": 0,
      "hs_cond": 1,
      "p_cond": 1
    },
    {
      "iteration": 40,
      "time": "712.8367922306061",
      "n_placed": 263,
      "n_discard": 187,
      "p_mean_weight": 8.318570342205321,
      "d_mean_weight": 6.863069518716578,
      "p_median_weight": 8.337,
      "d_median_weight": 7.021,
      "p_std_weight": 2.4464002503512345,
      "d_std_weight": 1.9202339016579852,
      "p_total_weight": 2187.7839999999997,