{
  "volume": [
    {
      "iteration": 212,
      "time": "489.0612485408783",
      "n_placed": 246,
      "n_discard": 154,
      "p_mean_weight": 9.82628861788618,
      "d_mean_weight": 7.397792207792209,
      "p_median_weight": 8.379,
      "d_median_weight": 6.652,
      "p_std_weight": 7.106201547572871,
      "d_std_weight": 4.086331508623628,
      "p_total_weight": 2417.2670000000003,
      "d_total_weight": 1139.2600000000002,
      "p_mean_taxability": 85.64732926829268,
      "d_mean_taxability": 66.2324025974026,
      "p_total_taxability": 21069.243,
      "d_total_taxability": 10199.79,
      "p_mean_volume": 0.25719918699186994,
      "d_mean_volume": 0.19889610389610388,
      "p_median_volume": 0.212,
      "d_median_volume": 0.17,
      "p_std_volume": 0.1761784257893742,
      "d_std_volume": 0.10230558918989911,
      "p_total_volume": 63.271,
      "d_total_volume": 30.63,
      "d_max_priority": 1,
      "used_volume": 0.7750569615601343,
      "used_weight": 0.10987577272727274,
      "unload_obs": 0,
      "hs_cond": 1,
      "p_cond": 0
    },
    {
      "iteration": 164,
      "time": "493.82724261283875",
      "n_placed": 265,
      "n_discard": 135,
      "p_mean_weight": 9.122498113207547,
      "d_mean_weight": 8.437518518518518,
      "p_median_weight": 7.388,
      "d_median_weight": 7.528,
      "p_std_weight": 6.9647150848447925,
      "d_std_weight": 4.436556463240401,
      "p_total_weight": 2417.462,
      "d_total_weight": 1139.0649999999998,
      "p_mean_taxability": 79.41610188679245,
      "d_mean_taxability": 75.7316,
      "p_total_taxability": 21045.267,
      "d_total_taxability": 10223.766,
      "p_mean_volume": 0.23848679245283022,
      "d_mean_volume": 0.22742222222222222,
      "p_median_volume": 0.198,
      "d_median_volume": 0.212,
      "p_std_volume": 0.17426997302789246,
      "d_std_volume": 0.10577316384156583,
      "p_total_volume": 63.199000000000005,
      "d_total_volume": 30.701999999999998,
      "d_max_priority": 0,
      "used_volume": 0.7741749761128942,
      "used_weight": 0.10988463636363636,
      "unload_obs": 1,
      "hs_cond": 1,
      "p_cond": 1
    },
    {
      "iteration": 130,
      "time": "487.6499044895172",
      "n_placed": 262,
      "n_discard": 138,
      "p_mean_weight": 9.239603053435113,
      "d_mean_weight": 8.23007971014493,
      "p_median_weight": 7.388,
      "d_median_weight": 7.528,
      "p_std_weight": 6.928825991436608,
      "d_std_weight": 4.571439221475411,
      "p_total_weight": 2420.776,
      "d_total_weight": 1135.7510000000002,
      "p_mean_taxability": 79.89966412213741,
      "d_mean_taxability": 74.89363043478261,
      "p_total_taxability": 20933.712,
      "d_total_taxability": 10335.321,
      "p_mean_volume": 0.23993893129770993,
      "d_mean_volume": 0.2249057971014493,
      "p_median_volume": 0.17,
      "d_median_volume": 0.212,
      "p_std_volume": 0.17339812032925675,
      "d_std_volume": 0.11007402205385164,
      "p_total_volume": 62.864000000000004,
      "d_total_volume": 31.037000000000006,
      "d_max_priority": 0,
      "used_volume": 0.7700712938236519,
      "used_weight": 0.11003527272727272,
      "unload_obs": 2,
      "hs_cond": 1,
      "p_cond": 1
    },
    {
      "iteration": 198,
      "time": "523.8886566162109",
      "n_placed": 266,
      "n_discard": 134,
      "p_mean_weight": 9.174552631578948,
      "d_mean_weight": 8.32907462686567,
      "p_median_weight": 7.388,
      "d_median_weight": 8.089,
      "p_std_weight": 6.930612194844888,
      "d_std_weight": 4.499674176386228,
      "p_total_weight": 2440.431,
      "d_total_weight": 1116.096,
      "p_mean_taxability": 78.42775939849624,
      "d_mean_taxability": 77.66603731343284,
      "p_total_taxability": 20861.784,
      "d_total_taxability": 10407.249,
      "p_mean_volume": 0.2355187969924812,
      "d_mean_volume": 0.23323134328358208,
      "p_median_volume": 0.17,
      "d_median_volume": 0.236,
      "p_std_volume": 0.17179303482723357,
      "d_std_volume": 0.11327164197129726,
      "p_total_volume": 62.648,
      "d_total_volume": 31.253,
      "d_max_priority": 1,
      "used_volume": 0.7674253374819315,
      "used_weight": 0.11092868181818182,
      "unload_obs": 0,
      "hs_cond": 1,
      "p_cond": 0
    },
    {
      "iteration": 303,
      "time": "300.86891984939575",
      "n_placed": 266,
      "n_discard": 134,
      "p_mean_weight": 9.177071428571427,
      "d_mean_weight": 8.324074626865672,
      "p_median_weight": 7.388,
      "d_median_weight": 8.379,
      "p_std_weight": 6.97748165350991,
      "d_std_weight": 4.351974614703138,
      "p_total_weight": 2441.1009999999997,
      "d_total_weight": 1115.426,
      "p_mean_taxability": 78.27753383458646,
      "d_mean_taxability": 77.96424626865671,
      "p_total_taxability": 20821.824,
      "d_total_taxability": 10447.208999999999,
      "p_mean_volume": 0.23506766917293231,
      "d_mean_volume": 0.23412686567164176,
      "p_median_volume": 0.168,
      "d_median_volume": 0.22399999999999998,
      "p_std_volume": 0.17342667181821536,
      "d_std_volume": 0.10821132358031842,
      "p_total_volume": 62.528,
      "d_total_volume": 31.372999999999998,
      "d_max_priority": 0,
      "used_volume": 0.7659553617365313,
      "used_weight": 0.11095913636363634,
      "unload_obs": 1,
      "hs_cond": 1,
      "p_cond": 1
    }
  ],
  "weight": [
    {
      "iteration": 303,
      "time": "300.86891984939575",
      "n_placed": 266,
      "n_discard": 134,
      "p_mean_weight": 9.177071428571427,
      "d_mean_weight": 8.324074626865672,
      "p_median_weight": 7.388,
      "d_median_weight": 8.379,
      "p_std_weight": 6.97748165350991,
      "d_std_weight": 4.351974614703138,
      "p_total_weight": 2441.1009999999997,
      "d_total_weight": 1115.426,
      "p_mean_taxability": 78.27753383458646,
      "d_mean_taxability": 77.96424626865671,
      "p_total_taxability": 20821.824,
      "d_total_taxability": 10447.208999999999,
      "p_mean_volume": 0.23506766917293231,
      "d_mean_volume": 0.23412686567164176,
      "p_median_volume": 0.168,
      "d_median_volume": 0.22399999999999998,
      "p_std_volume": 0.17342667181821536,
      "d_std_volume": 0.10821132358031842,
      "p_total_volume": 62.528,
      "d_total_volume": 31.372999999999998,
      "d_max_priority": 0,
      "used_volume": 0.7659553617365313,
      "used_weight": 0.11095913636363634,
      "unload_obs": 1,
      "hs_cond": 1,
      "p_cond": 1
    },
    {
      "iteration": 198,
      "time": "523.8886566162109",
      "n_placed": 266,
      "n_discard": 134,
      "p_mean_weight": 9.174552631578948,
      "d_mean_weight": 8.32907462686567,
      "p_median_weight": 7.388,
      "d_median_weight": 8.089,
      "p_std_weight": 6.930612194844888,
      "d_std_weight": 4.499674176386228,
      "p_total_weight": 2440.431,
      "d_total_weight": 1116.096,
      "p_mean_taxability": 78.42775939849624,
      "d_mean_taxability": 77.66603731343284,
      "p_total_taxability": 20861.784,
      "d_total_taxability": 10407.249,
      "p_mean_volume": 0.2355187969924812,
      "d_mean_volume": 0.23323134328358208,
      "p_median_volume": 0.17,
      "d_median_volume": 0.236,
      "p_std_volume": 0.17179303482723357,
      "d_std_volume": 0.11327164197129726,
      "p_total_volume": 62.648,
      "d_total_volume": 31.253,
      "d_max_priority": 1,
      "used_volume": 0.7674253374819315,
      "used_weight": 0.11092868181818182,
      "unload_obs": 0,
      "hs_cond": 1,
      "p_cond": 0
    },
    {
      "iteration": 69,
      "time": "472.4727110862732",
      "n_placed": 256,
      "n_discard": 144,
      "p_mean_weight": 9.52972265625,
      "d_mean_weight": 7.756374999999999,
      "p_median_weight": 7.528,
      "d_median_weight": 7.388,
      "p_std_weight": 7.001217978998045,
      "d_std_weight": 4.342211165114791,
      "p_total_weight": 2439.609,