{
  "volume": [
    {
      "iteration": 164,
      "time": "493.82724261283875",
      "n_placed": 265,
      "n_discard": 135,
      "p_mean_weight": 9.122498113207547,
      "d_mean_weight": 8.437518518518518,
      "p_median_weight": 7.388,
      "d_median_weight": 7.528,
      "p_std_weight": 6.9647150848447925,
      "d_std_weight": 4.436556463240401,
      "p_total_weight": 2417.462,
      "d_total_weight": 1139.0649999999998,
      "p_mean_taxability": 79.41610188679245,
      "d_mean_taxability": 75.7316,
      "p_total_taxability": 21045.267,
      "d_total_taxability": 10223.766,
      "p_mean_volume": 0.23848679245283022,
      "d_mean_volume": 0.22742222222222222,
      "p_median_volume": 0.198,
      "d_median_volume": 0.212,
      "p_std_volume": 0.17426997302789246,
      "d_std_volume": 0.10577316384156583,
      "p_total_volume": 63.199000000000005,
      "d_total_volume": 30.701999999999998,
      "d_max_priority": 0,
      "used_volume": 0.7741749761128942,
      "used_weight": 0.10988463636363636,
      "unload_obs": 1,
      "hs_cond": 1,
      "p_cond": 1
    },
    {
      "iteration": 130,
      "time": "487.6499044895172",
      "n_placed": 262,
      "n_discard": 138,
      "p_mean_weight": 9.239603053435113,
      "d_mean_weight": 8.23007971014493,
      "p_median_weight": 7.388,
      "d_median_weight": 7.528,
      "p_std_weight": 6.928825991436608,
      "d_std_weight": 4.571439221475411,
      "p_total_weight": 2420.776,
      "d_total_weight": 1135.7510000000002,
      "p_mean_taxability": 79.89966412213741,
      "d_mean_taxability": 74.89363043478261,
      "p_total_taxability": 20933.712,
      "d_total_taxability": 10335.321,
      "p_mean_volume": 0.23993893129770993,
      "d_mean_volume": 0.2249057971014493,
      "p_median_volume": 0.17,
      "d_median_volume": 0.212,
      "p_std_volume": 0.17339812032925675,
      "d_std_volume": 0.11007402205385164,
      "p_total_volume": 62.864000000000004,
      "d_total_volume": 31.037000000000006,
      "d_max_priority": 0,
      "used_volume": 0.7700712938236519,
      "used_weight": 0.11003527272727272,
      "unload_obs": 2,
      "hs_cond": 1,
      "p_cond": 1
    },
    {
      "iteration": 303,
      "time": "300.86891984939575",
      "n_placed": 266,
      "n_discard": 134,
      "p_mean_weight": 9.177071428571427,
      "d_mean_weight": 8.324074626865672,
      "p_median_weight": 7.388,
      "d_median_weight": 8.379,
      "p_std_weight": 6.97748165350991,
      "d_std_weight": 4.351974614703138,
      "p_total_weight": 2441.1009999999997,
      "d_total_weight": 1115.426,
      "p_mean_taxability": 78.27753383458646,
      "d_mean_taxability": 77.96424626865671,
      "p_total_taxability": 20821.824,
      "d_total_taxability": 10447.208999999999,
      "p_mean_volume": 0.23506766917293231,
      "d_mean_volume": 0.23412686567164176,
      "p_median_volume": 0.168,
      "d_median_volume": 0.22399999999999998,
      "p_std_volume": 0.17342667181821536,
      "d_std_volume": 0.10821132358031842,
      "p_total_volume": 62.528,
      "d_total_volume": 31.372999999999998,
      "d_max_priority": 0,
      "used_volume": 0.7659553617365313,
      "used_weight": 0.11095913636363634,
      "unload_obs": 1,
      "hs_cond": 1,
      "p_cond": 1
    },
    {
      "iteration": 259,
      "time": "459.690411567688",
      "n_placed": 257,
      "n_discard": 143,
      "p_mean_weight": 9.377906614785994,
      "d_mean_weight": 8.016818181818183,
      "p_median_weight": 7.388,
      "d_median_weight": 7.528,
      "p_std_weight": 7.01200813052118,
      "d_std_weight": 4.383164906835261,
      "p_total_weight": 2410.1220000000003,
      "d_total_weight": 1146.4050000000002,
      "p_mean_taxability": 80.70650194552529,
      "d_mean_taxability": 73.61861538461538,
      "p_total_taxability": 20741.571,
      "d_total_taxability": 10527.462,
      "p_mean_volume": 0.24236186770428014,
      "d_mean_volume": 0.22107692307692312,
      "p_median_volume": 0.198,
      "d_median_volume": 0.212,
      "p_std_volume": 0.17433975166036592,
      "d_std_volume": 0.10958449546721424,
      "p_total_volume": 62.287,
      "d_total_volume": 31.614000000000004,
      "d_max_priority": 0,
      "used_volume": 0.7630031604478525,
      "used_weight": 0.10955100000000001,
      "unload_obs": 0,
      "hs_cond": 1,
      "p_cond": 1
    },
    {
      "iteration": 105,
      "time": "505.6972851753235",
      "n_placed": 258,
      "n_discard": 142,
      "p_mean_weight": 9.452562015503876,
      "d_mean_weight": 7.871591549295772,
      "p_median_weight": 7.388,
      "d_median_weight": 7.528,
      "p_std_weight": 7.194157935086761,
      "d_std_weight": 3.723808020348303,
      "p_total_weight": 2438.761,
      "d_total_weight": 1117.7659999999996,
      "p_mean_taxability": 80.3575465116279,
      "d_mean_taxability": 74.20271830985915,
      "p_total_taxability": 20732.247,
      "d_total_taxability": 10536.786,
      "p_mean_volume": 0.2413139534883721,
      "d_mean_volume": 0.22283098591549294,
      "p_median_volume": 0.198,
      "d_median_volume": 0.202,
      "p_std_volume": 0.17585366628142957,
      "d_std_volume": 0.10481100666518767,
      "p_total_volume": 62.259,
      "d_total_volume": 31.641999999999996,
      "d_max_priority": 0,
      "used_volume": 0.7626601661072593,
      "used_weight": 0.11085277272727273,
      "unload_obs": 0,
      "hs_cond": 1,
      "p_cond": 1
    }
  ],
  "weight": [
    {
      "iteration": 303,
      "time": "300.86891984939575",
      "n_placed": 266,
      "n_discard": 134,
      "p_mean_weight": 9.177071428571427,
      "d_mean_weight": 8.324074626865672,
      "p_median_weight": 7.388,
      "d_median_weight": 8.379,
      "p_std_weight": 6.97748165350991,
      "d_std_weight": 4.351974614703138,
      "p_total_weight": 2441.1009999999997,
      "d_total_weight": 1115.426,
      "p_mean_taxability": 78.27753383458646,
      "d_mean_taxability": 77.96424626865671,
      "p_total_taxability": 20821.824,
      "d_total_taxability": 10447.208999999999,
      "p_mean_volume": 0.23506766917293231,
      "d_mean_volume": 0.23412686567164176,
      "p_median_volume": 0.168,
      "d_median_volume": 0.22399999999999998,
      "p_std_volume": 0.17342667181821536,
      "d_std_volume": 0.10821132358031842,
      "p_total_volume": 62.528,
      "d_total_volume": 31.372999999999998,
      "d_max_priority": 0,
      "used_volume": 0.7659553617365313,
      "used_weight": 0.11095913636363634,
      "unload_obs": 1,
      "hs_cond": 1,
      "p_cond": 1
    },
    {
      "iteration": 105,
      "time": "505.6972851753235",
      "n_placed": 258,
      "n_discard": 142,
      "p_mean_weight": 9.452562015503876,
      "d_mean_weight": 7.871591549295772,
      "p_median_weight": 7.388,
      "d_median_weight": 7.528,
      "p_std_weight": 7.194157935086761,
      "d_std_weight": 3.723808020348303,
      "p_total_weight": 2438.761,
      "d_total_weight": 1117.7659999999996,
      "p_mean_taxability": 80.3575465116279,
      "d_mean_taxability": 74.20271830985915,
      "p_total_taxability": 20732.247,
      "d_total_taxability": 10536.786,
      "p_mean_volume": 0.2413139534883721,
      "d_mean_volume": 0.22283098591549294,
      "p_median_volume": 0.198,
      "d_median_volume": 0.202,
      "p_std_volume": 0.17585366628142957,
      "d_std_volume": 0.10481100666518767,
      "p_total_volume": 62.259,
      "d_total_volume": 31.641999999999996,
      "d_max_priority": 0,
      "used_volume": 0.7626601661072593,
      "used_weight": 0.11085277272727273,
      "unload_obs": 0,
      "hs_cond": 1,
      "p_cond": 1
    },
    {
      "iteration": 130,
      "time": "487.6499044895172",
      "n_placed": 262,
      "n_discard": 138,
      "p_mean_weight": 9.239603053435113,
      "d_mean_weight": 8.23007971014493,
      "p_median_weight": 7.388,
      "d_median_weight": 7.528,
      "p_std_weight": 6.928825991436608,