{
  "volume": [
    {
      "iteration": 341,
      "time": "471.4716708660126",
      "n_placed": 264,
      "n_discard": 136,
      "p_mean_weight": 8.766916666666669,
      "d_mean_weight": 6.485698529411765,
      "p_median_weight": 7.67,
      "d_median_weight": 4.65,
      "p_std_weight": 6.441832129087262,
      "d_std_weight": 4.095005377502647,
      "p_total_weight": 2314.4660000000003,
      "d_total_weight": 882.0550000000001,
      "p_mean_taxability": 77.9182159090909,
      "d_mean_taxability": 58.88468382352942,
      "p_total_taxability": 20570.409,
      "d_total_taxability": 8008.317000000001,
      "p_mean_volume": 0.23398863636363637,
      "d_mean_volume": 0.17683088235294117,
      "p_median_volume": 0.178,
      "d_median_volume": 0.16,
      "p_std_volume": 0.17140305561727745,
      "d_std_volume": 0.10340789819731401,
      "p_total_volume": 61.773,
      "d_total_volume": 24.049,
      "d_max_priority": 0,
      "used_volume": 0.7567067643383885,
      "used_weight": 0.10520300000000002,
      "unload_obs": 0,
      "hs_cond": 1,
      "p_cond": 1
    },
    {
      "iteration": 98,
      "time": "447.93695855140686",
      "n_placed": 249,
      "n_discard": 151,
      "p_mean_weight": 9.180016064257027,
      "d_mean_weight": 6.0311059602649015,
      "p_median_weight": 9.161,
      "d_median_weight": 4.589,
      "p_std_weight": 6.464442989855796,
      "d_std_weight": 3.9572487970850285,
      "p_total_weight": 2285.8239999999996,
      "d_total_weight": 910.6970000000001,
      "p_mean_taxability": 81.74815662650603,
      "d_mean_taxability": 54.4598344370861,
      "p_total_taxability": 20355.291,
      "d_total_taxability": 8223.435000000001,
      "p_mean_volume": 0.24548995983935742,
      "d_mean_volume": 0.1635430463576159,
      "p_median_volume": 0.231,
      "d_median_volume": 0.157,
      "p_std_volume": 0.17328647529382218,
      "d_std_volume": 0.09610034582659509,
      "p_total_volume": 61.126999999999995,
      "d_total_volume": 24.695,
      "d_max_priority": 0,
      "used_volume": 0.7487933949089839,
      "used_weight": 0.10390109090909089,
      "unload_obs": 1,
      "hs_cond": 1,
      "p_cond": 1
    },
    {
      "iteration": 359,
      "time": "343.6914384365082",
      "n_placed": 269,
      "n_discard": 131,
      "p_mean_weight": 8.144561338289963,
      "d_mean_weight": 7.676595419847328,
      "p_median_weight": 5.936,
      "d_median_weight": 6.674,
      "p_std_weight": 6.34113623353347,
      "d_std_weight": 4.681485909374413,
      "p_total_weight": 2190.887,
      "d_total_weight": 1005.634,
      "p_mean_taxability": 72.33279925650558,
      "d_mean_taxability": 69.6275038167939,
      "p_total_taxability": 19457.523,
      "d_total_taxability": 9121.203000000001,
      "p_mean_volume": 0.21721561338289966,
      "d_mean_volume": 0.2090916030534351,
      "p_median_volume": 0.164,
      "d_median_volume": 0.178,
      "p_std_volume": 0.16604791043937533,
      "d_std_volume": 0.12613853497592237,
      "p_total_volume": 58.431000000000004,
      "d_total_volume": 27.391,
      "d_max_priority": 0,
      "used_volume": 0.7157679398289929,
      "used_weight": 0.09958577272727273,
      "unload_obs": 0,
      "hs_cond": 1,
      "p_cond": 1
    },
    {
      "iteration": 234,
      "time": "589.1341886520386",
      "n_placed": 267,
      "n_discard": 133,
      "p_mean_weight": 8.112790262172284,
      "d_mean_weight": 7.747413533834586,
      "p_median_weight": 5.936,
      "d_median_weight": 8.083,
      "p_std_weight": 6.45935127339719,
      "d_std_weight": 4.381838645024206,
      "p_total_weight": 2166.115,
      "d_total_weight": 1030.406,
      "p_mean_taxability": 72.36701123595506,
      "d_mean_taxability": 69.5995037593985,
      "p_total_taxability": 19321.992000000002,
      "d_total_taxability": 9256.734,
      "p_mean_volume": 0.21731835205992509,
      "d_mean_volume": 0.20900751879699245,
      "p_median_volume": 0.163,
      "d_median_volume": 0.202,
      "p_std_volume": 0.17148638057317006,
      "d_std_volume": 0.1112926456390648,
      "p_total_volume": 58.024,
      "d_total_volume": 27.797999999999995,
      "d_max_priority": 0,
      "used_volume": 0.7107822720925104,
      "used_weight": 0.09845977272727272,
      "unload_obs": 1,
      "hs_cond": 1,
      "p_cond": 1
    },
    {
      "iteration": 34,
      "time": "536.2036848068237",
      "n_placed": 242,
      "n_discard": 158,
      "p_mean_weight": 9.036239669421487,
      "d_mean_weight": 6.390829113924052,
      "p_median_weight": 8.3505,
      "d_median_weight": 4.671,
      "p_std_weight": 6.528713034299251,
      "d_std_weight": 4.149538429082638,
      "p_total_weight": 2186.77,
      "d_total_weight": 1009.7510000000001,
      "p_mean_taxability": 79.60764049586777,
      "d_mean_taxability": 58.947322784810126,
      "p_total_taxability": 19265.049,
      "d_total_taxability": 9313.677,
      "p_mean_volume": 0.23906198347107435,
      "d_mean_volume": 0.17701898734177218,
      "p_median_volume": 0.2,
      "d_median_volume": 0.157,
      "p_std_volume": 0.1734450068925783,
      "d_std_volume": 0.10841959488202309,
      "p_total_volume": 57.852999999999994,
      "d_total_volume": 27.969000000000005,
      "d_max_priority": 0,
      "used_volume": 0.7086875566553151,
      "used_weight": 0.09939863636363637,
      "unload_obs": 0,
      "hs_cond": 1,
      "p_cond": 1
    }
  ],
  "weight": [
    {
      "iteration": 341,
      "time": "471.4716708660126",
      "n_placed": 264,
      "n_discard": 136,
      "p_mean_weight": 8.766916666666669,
      "d_mean_weight": 6.485698529411765,
      "p_median_weight": 7.67,
      "d_median_weight": 4.65,
      "p_std_weight": 6.441832129087262,
      "d_std_weight": 4.095005377502647,
      "p_total_weight": 2314.4660000000003,
      "d_total_weight": 882.0550000000001,
      "p_mean_taxability": 77.9182159090909,
      "d_mean_taxability": 58.88468382352942,
      "p_total_taxability": 20570.409,
      "d_total_taxability": 8008.317000000001,
      "p_mean_volume": 0.23398863636363637,
      "d_mean_volume": 0.17683088235294117,
      "p_median_volume": 0.178,
      "d_median_volume": 0.16,
      "p_std_volume": 0.17140305561727745,
      "d_std_volume": 0.10340789819731401,
      "p_total_volume": 61.773,
      "d_total_volume": 24.049,
      "d_max_priority": 0,
      "used_volume": 0.7567067643383885,
      "used_weight": 0.10520300000000002,
      "unload_obs": 0,
      "hs_cond": 1,
      "p_cond": 1
    },
    {
      "iteration": 98,
      "time": "447.93695855140686",
      "n_placed": 249,
      "n_discard": 151,
      "p_mean_weight": 9.180016064257027,
      "d_mean_weight": 6.0311059602649015,
      "p_median_weight": 9.161,
      "d_median_weight": 4.589,
      "p_std_weight": 6.464442989855796,
      "d_std_weight": 3.9572487970850285,
      "p_total_weight": 2285.8239999999996,
      "d_total_weight": 910.6970000000001,
      "p_mean_taxability": 81.74815662650603,
      "d_mean_taxability": 54.4598344370861,
      "p_total_taxability": 20355.291,
      "d_total_taxability": 8223.435000000001,
      "p_mean_volume": 0.24548995983935742,
      "d_mean_volume": 0.1635430463576159,
      "p_median_volume": 0.231,
      "d_median_volume": 0.157,
      "p_std_volume": 0.17328647529382218,
      "d_std_volume": 0.09610034582659509,
      "p_total_volume": 61.126999999999995,
      "d_total_volume": 24.695,
      "d_max_priority": 0,
      "used_volume": 0.7487933949089839,
      "used_weight": 0.10390109090909089,
      "unload_obs": 1,
      "hs_cond": 1,
      "p_cond": 1
    },
    {
      "iteration": 359,
      "time": "343.6914384365082",
      "n_placed": 269,
      "n_discard": 131,
      "p_mean_weight": 8.144561338289963,
      "d_mean_weight": 7.676595419847328,
      "p_median_weight": 5.936,
      "d_median_weight": 6.674,
      "p_std_weight": 6.34113623353347,
      "d_std_weight": 4.681485909374413,