{
  "volume": [
    {
      "iteration": 341,
      "time": "471.4716708660126",
      "n_placed": 264,
      "n_discard": 136,
      "p_mean_weight": 8.766916666666669,
      "d_mean_weight": 6.485698529411765,
      "p_median_weight": 7.67,
      "d_median_weight": 4.65,
      "p_std_weight": 6.441832129087262,
      "d_std_weight": 4.095005377502647,
      "p_total_weight": 2314.4660000000003,
      "d_total_weight": 882.0550000000001,
      "p_mean_taxability": 77.9182159090909,
      "d_mean_taxability": 58.88468382352942,
      "p_total_taxability": 20570.409,
      "d_total_taxability": 8008.317000000001,
      "p_mean_volume": 0.23398863636363637,
      "d_mean_volume": 0.17683088235294117,
      "p_median_volume": 0.178,
      "d_median_volume": 0.16,
      "p_std_volume": 0.17140305561727745,
      "d_std_volume": 0.10340789819731401,
      "p_total_volume": 61.773,
      "d_total_volume": 24.049,
      "d_max_priority": 0,
      "used_volume": 0.7567067643383885,
      "used_weight": 0.10520300000000002,
      "unload_obs": 0,
      "hs_cond": 1,
      "p_cond": 1
    },
    {
      "iteration": 98,
      "time": "447.93695855140686",
      "n_placed": 249,
      "n_discard": 151,
      "p_mean_weight": 9.180016064257027,
      "d_mean_weight": 6.0311059602649015,
      "p_median_weight": 9.161,
      "d_median_weight": 4.589,
      "p_std_weight": 6.464442989855796,
      "d_std_weight": 3.9572487970850285,
      "p_total_weight": 2285.8239999999996,
      "d_total_weight": 910.6970000000001,
      "p_mean_taxability": 81.74815662650603,
      "d_mean_taxability": 54.4598344370861,
      "p_total_taxability": 20355.291,
      "d_total_taxability": 8223.435000000001,
      "p_mean_volume": 0.24548995983935742,
      "d_mean_volume": 0.1635430463576159,
      "p_median_volume": 0.231,
      "d_median_volume": 0.157,
      "p_std_volume": 0.17328647529382218,
      "d_std_volume": 0.09610034582659509,
      "p_total_volume": 61.126999999999995,
      "d_total_volume": 24.695,
      "d_max_priority": 0,
      "used_volume": 0.7487933949089839,
      "used_weight": 0.10390109090909089,
      "unload_obs": 1,
      "hs_cond": 1,
      "p_cond": 1
    },
    {
      "iteration": 288,
      "time": "498.84854435920715",
      "n_placed": 270,
      "n_discard": 130,
      "p_mean_weight": 8.374466666666667,
      "d_mean_weight": 7.1955,
      "p_median_weight": 6.9655000000000005,
      "d_median_weight": 5.936,
      "p_std_weight": 6.321514978648616,
      "d_std_weight": 4.636448746683194,
      "p_total_weight": 2261.106,
      "d_total_weight": 935.415,
      "p_mean_taxability": 74.52293333333334,
      "d_mean_taxability": 65.05795384615385,
      "p_total_taxability": 20121.192000000003,
      "d_total_taxability": 8457.534000000001,
      "p_mean_volume": 0.22379259259259263,
      "d_mean_volume": 0.1953692307692308,
      "p_median_volume": 0.178,
      "d_median_volume": 0.1635,
      "p_std_volume": 0.1673912051402619,
      "d_std_volume": 0.11992517941749525,
      "p_total_volume": 60.42400000000001,
      "d_total_volume": 25.398000000000003,
      "d_max_priority": 1,
      "used_volume": 0.7401817870005146,
      "used_weight": 0.10277754545454547,
      "unload_obs": 0,
      "hs_cond": 1,
      "p_cond": 0
    },
    {
      "iteration": 31,
      "time": "606.1533482074738",
      "n_placed": 281,
      "n_discard": 119,
      "p_mean_weight": 8.090839857651245,
      "d_mean_weight": 7.75626050420168,
      "p_median_weight": 5.936,
      "d_median_weight": 7.257,
      "p_std_weight": 6.381543486547076,
      "d_std_weight": 4.349741779715954,
      "p_total_weight": 2273.526,
      "d_total_weight": 922.9949999999999,
      "p_mean_taxability": 71.09964768683274,
      "d_mean_taxability": 72.26659663865549,
      "p_total_taxability": 19979.001,
      "d_total_taxability": 8599.725000000002,
      "p_mean_volume": 0.21351245551601422,
      "d_mean_volume": 0.21701680672268908,
      "p_median_volume": 0.164,
      "d_median_volume": 0.202,
      "p_std_volume": 0.1657148390459356,
      "d_std_volume": 0.12258812003113276,
      "p_total_volume": 59.99699999999999,
      "d_total_volume": 25.825,
      "d_max_priority": 1,
      "used_volume": 0.7349511233064654,
      "used_weight": 0.1033420909090909,
      "unload_obs": 0,
      "hs_cond": 1,
      "p_cond": 0
    },
    {
      "iteration": 88,
      "time": "567.7387104034424",
      "n_placed": 279,
      "n_discard": 121,
      "p_mean_weight": 8.08710394265233,
      "d_mean_weight": 7.770404958677686,
      "p_median_weight": 5.936,
      "d_median_weight": 8.083,
      "p_std_weight": 6.352095571056321,
      "d_std_weight": 4.489966196195157,
      "p_total_weight": 2256.302,
      "d_total_weight": 940.2189999999999,
      "p_mean_taxability": 71.60335483870969,
      "d_mean_taxability": 71.08586776859504,
      "p_total_taxability": 19977.336000000003,
      "d_total_taxability": 8601.39,
      "p_mean_volume": 0.21502508960573477,
      "d_mean_volume": 0.2134710743801653,
      "p_median_volume": 0.164,
      "d_median_volume": 0.2,
      "p_std_volume": 0.1664319683464442,
      "d_std_volume": 0.12120279661103571,
      "p_total_volume": 59.992000000000004,
      "d_total_volume": 25.830000000000002,
      "d_max_priority": 1,
      "used_volume": 0.7348898743170739,
      "used_weight": 0.10255918181818183,
      "unload_obs": 1,
      "hs_cond": 1,
      "p_cond": 0
    }
  ],
  "weight": [
    {
      "iteration": 341,
      "time": "471.4716708660126",
      "n_placed": 264,
      "n_discard": 136,
      "p_mean_weight": 8.766916666666669,
      "d_mean_weight": 6.485698529411765,
      "p_median_weight": 7.67,
      "d_median_weight": 4.65,
      "p_std_weight": 6.441832129087262,
      "d_std_weight": 4.095005377502647,
      "p_total_weight": 2314.4660000000003,
      "d_total_weight": 882.0550000000001,
      "p_mean_taxability": 77.9182159090909,
      "d_mean_taxability": 58.88468382352942,
      "p_total_taxability": 20570.409,
      "d_total_taxability": 8008.317000000001,
      "p_mean_volume": 0.23398863636363637,
      "d_mean_volume": 0.17683088235294117,
      "p_median_volume": 0.178,
      "d_median_volume": 0.16,
      "p_std_volume": 0.17140305561727745,
      "d_std_volume": 0.10340789819731401,
      "p_total_volume": 61.773,
      "d_total_volume": 24.049,
      "d_max_priority": 0,
      "used_volume": 0.7567067643383885,
      "used_weight": 0.10520300000000002,
      "unload_obs": 0,
      "hs_cond": 1,
      "p_cond": 1
    },
    {
      "iteration": 98,
      "time": "447.93695855140686",
      "n_placed": 249,
      "n_discard": 151,
      "p_mean_weight": 9.180016064257027,
      "d_mean_weight": 6.0311059602649015,
      "p_median_weight": 9.161,
      "d_median_weight": 4.589,
      "p_std_weight": 6.464442989855796,
      "d_std_weight": 3.9572487970850285,
      "p_total_weight": 2285.8239999999996,
      "d_total_weight": 910.6970000000001,
      "p_mean_taxability": 81.74815662650603,
      "d_mean_taxability": 54.4598344370861,
      "p_total_taxability": 20355.291,
      "d_total_taxability": 8223.435000000001,
      "p_mean_volume": 0.24548995983935742,
      "d_mean_volume": 0.1635430463576159,
      "p_median_volume": 0.231,
      "d_median_volume": 0.157,
      "p_std_volume": 0.17328647529382218,
      "d_std_volume": 0.09610034582659509,
      "p_total_volume": 61.126999999999995,
      "d_total_volume": 24.695,
      "d_max_priority": 0,
      "used_volume": 0.7487933949089839,
      "used_weight": 0.10390109090909089,
      "unload_obs": 1,
      "hs_cond": 1,
      "p_cond": 1
    },
    {
      "iteration": 31,
      "time": "606.1533482074738",
      "n_placed": 281,
      "n_discard": 119,
      "p_mean_weight": 8.090839857651245,
      "d_mean_weight": 7.75626050420168,
      "p_median_weight": 5.936,
      "d_median_weight": 7.257,
      "p_std_weight": 6.381543486547076,