{
  "volume": [
    {
      "iteration": 123,
      "time": "523.0806517601013",
      "n_placed": 266,
      "n_discard": 134,
      "p_mean_weight": 8.668857142857144,
      "d_mean_weight": 7.8896791044776124,
      "p_median_weight": 8.024,
      "d_median_weight": 6.625500000000001,
      "p_std_weight": 5.468726217309857,
      "d_std_weight": 4.220174807698139,
      "p_total_weight": 2305.916,
      "d_total_weight": 1057.217,
      "p_mean_taxability": 72.99585338345864,
      "d_mean_taxability": 68.37931343283583,
      "p_total_taxability": 19416.896999999997,
      "d_total_taxability": 9162.828000000001,
      "p_mean_volume": 0.2192067669172932,
      "d_mean_volume": 0.20534328358208953,
      "p_median_volume": 0.2115,
      "d_median_volume": 0.188,
      "p_std_volume": 0.128891670586151,
      "d_std_volume": 0.10201379123024051,
      "p_total_volume": 58.309,
      "d_total_volume": 27.516,
      "d_max_priority": 0,
      "used_volume": 0.7142734644878359,
      "used_weight": 0.10481436363636365,
      "unload_obs": 1,
      "hs_cond": 1,
      "p_cond": 1
    },
    {
      "iteration": 214,
      "time": "294.97150564193726",
      "n_placed": 255,
      "n_discard": 145,
      "p_mean_weight": 9.014945098039217,
      "d_mean_weight": 7.340151724137931,
      "p_median_weight": 8.024,
      "d_median_weight": 6.597,
      "p_std_weight": 5.671161608444948,
      "d_std_weight": 3.651209925663597,
      "p_total_weight": 2298.811,
      "d_total_weight": 1064.322,
      "p_mean_taxability": 75.7176705882353,
      "d_mean_taxability": 63.94288965517242,
      "p_total_taxability": 19308.006,
      "d_total_taxability": 9271.719000000001,
      "p_mean_volume": 0.22738039215686273,
      "d_mean_volume": 0.1920206896551724,
      "p_median_volume": 0.211,
      "d_median_volume": 0.178,
      "p_std_volume": 0.13209228016867816,
      "d_std_volume": 0.09340149809688972,
      "p_total_volume": 57.982,
      "d_total_volume": 27.843,
      "d_max_priority": 0,
      "used_volume": 0.7102677805816204,
      "used_weight": 0.1044914090909091,
      "unload_obs": 0,
      "hs_cond": 1,
      "p_cond": 1
    },
    {
      "iteration": 282,
      "time": "442.42257475852966",
      "n_placed": 259,
      "n_discard": 141,
      "p_mean_weight": 8.888289575289575,
      "d_mean_weight": 7.5252907801418445,
      "p_median_weight": 6.818,
      "d_median_weight": 7.116,
      "p_std_weight": 5.66797052439703,
      "d_std_weight": 3.674303536607812,
      "p_total_weight": 2302.067,
      "d_total_weight": 1061.066,
      "p_mean_taxability": 74.38757142857143,
      "d_mean_taxability": 66.05208510638298,
      "p_total_taxability": 19266.381,
      "d_total_taxability": 9313.344,
      "p_mean_volume": 0.2233861003861004,
      "d_mean_volume": 0.19835460992907802,
      "p_median_volume": 0.202,
      "d_median_volume": 0.211,
      "p_std_volume": 0.1328174913465929,
      "d_std_volume": 0.09239837156510106,
      "p_total_volume": 57.857000000000006,
      "d_total_volume": 27.968,
      "d_max_priority": 0,
      "used_volume": 0.7087365558468286,
      "used_weight": 0.10463940909090909,
      "unload_obs": 0,
      "hs_cond": 1,
      "p_cond": 1
    },
    {
      "iteration": 240,
      "time": "341.5950436592102",
      "n_placed": 270,
      "n_discard": 130,
      "p_mean_weight": 8.433329629629629,
      "d_mean_weight": 8.354876923076922,
      "p_median_weight": 7.116,
      "d_median_weight": 7.116,
      "p_std_weight": 5.513389795728148,
      "d_std_weight": 4.102089785083901,
      "p_total_weight": 2276.999,
      "d_total_weight": 1086.134,
      "p_mean_taxability": 70.70576666666668,
      "d_mean_taxability": 72.9936,
      "p_total_taxability": 19090.557,
      "d_total_taxability": 9489.168,
      "p_mean_volume": 0.21232962962962962,
      "d_mean_volume": 0.21919999999999998,
      "p_median_volume": 0.195,
      "d_median_volume": 0.211,
      "p_std_volume": 0.127720996794447,
      "d_std_volume": 0.10460145106972213,
      "p_total_volume": 57.329,
      "d_total_volume": 28.496,
      "d_max_priority": 0,
      "used_volume": 0.7022686625670677,
      "used_weight": 0.10349995454545453,
      "unload_obs": 0,
      "hs_cond": 1,
      "p_cond": 1
    },
    {
      "iteration": 91,
      "time": "519.6686751842499",
      "n_placed": 255,
      "n_discard": 145,
      "p_mean_weight": 8.841270588235293,
      "d_mean_weight": 7.645579310344827,
      "p_median_weight": 7.76,
      "d_median_weight": 6.654,
      "p_std_weight": 5.53183031546451,
      "d_std_weight": 4.1191564546858475,
      "p_total_weight": 2254.524,
      "d_total_weight": 1108.609,
      "p_mean_taxability": 74.12710588235294,
      "d_mean_taxability": 66.74008965517241,
      "p_total_taxability": 18902.412,
      "d_total_taxability": 9677.313,
      "p_mean_volume": 0.2226039215686275,
      "d_mean_volume": 0.2004206896551724,
      "p_median_volume": 0.211,
      "d_median_volume": 0.178,
      "p_std_volume": 0.12937345983834939,
      "d_std_volume": 0.10229598049054064,
      "p_total_volume": 56.76400000000001,
      "d_total_volume": 29.060999999999996,
      "d_max_priority": 0,
      "used_volume": 0.6953475267658085,
      "used_weight": 0.10247836363636363,
      "unload_obs": 0,
      "hs_cond": 1,
      "p_cond": 1
    }
  ],
  "weight": [
    {
      "iteration": 123,
      "time": "523.0806517601013",
      "n_placed": 266,
      "n_discard": 134,
      "p_mean_weight": 8.668857142857144,
      "d_mean_weight": 7.8896791044776124,
      "p_median_weight": 8.024,
      "d_median_weight": 6.625500000000001,
      "p_std_weight": 5.468726217309857,
      "d_std_weight": 4.220174807698139,
      "p_total_weight": 2305.916,
      "d_total_weight": 1057.217,
      "p_mean_taxability": 72.99585338345864,
      "d_mean_taxability": 68.37931343283583,
      "p_total_taxability": 19416.896999999997,
      "d_total_taxability": 9162.828000000001,
      "p_mean_volume": 0.2192067669172932,
      "d_mean_volume": 0.20534328358208953,
      "p_median_volume": 0.2115,
      "d_median_volume": 0.188,
      "p_std_volume": 0.128891670586151,
      "d_std_volume": 0.10201379123024051,
      "p_total_volume": 58.309,
      "d_total_volume": 27.516,
      "d_max_priority": 0,
      "used_volume": 0.7142734644878359,
      "used_weight": 0.10481436363636365,
      "unload_obs": 1,
      "hs_cond": 1,
      "p_cond": 1
    },
    {
      "iteration": 282,
      "time": "442.42257475852966",
      "n_placed": 259,
      "n_discard": 141,
      "p_mean_weight": 8.888289575289575,
      "d_mean_weight": 7.5252907801418445,
      "p_median_weight": 6.818,
      "d_median_weight": 7.116,
      "p_std_weight": 5.66797052439703,
      "d_std_weight": 3.674303536607812,
      "p_total_weight": 2302.067,
      "d_total_weight": 1061.066,
      "p_mean_taxability": 74.38757142857143,
      "d_mean_taxability": 66.05208510638298,
      "p_total_taxability": 19266.381,
      "d_total_taxability": 9313.344,
      "p_mean_volume": 0.2233861003861004,
      "d_mean_volume": 0.19835460992907802,
      "p_median_volume": 0.202,
      "d_median_volume": 0.211,
      "p_std_volume": 0.1328174913465929,
      "d_std_volume": 0.09239837156510106,
      "p_total_volume": 57.857000000000006,
      "d_total_volume": 27.968,
      "d_max_priority": 0,
      "used_volume": 0.7087365558468286,
      "used_weight": 0.10463940909090909,
      "unload_obs": 0,
      "hs_cond": 1,
      "p_cond": 1
    },
    {
      "iteration": 214,
      "time": "294.97150564193726",
      "n_placed": 255,
      "n_discard": 145,
      "p_mean_weight": 9.014945098039217,
      "d_mean_weight": 7.340151724137931,
      "p_median_weight": 8.024,
      "d_median_weight": 6.597,
      "p_std_weight": 5.671161608444948,
      "d_std_weight": 3.651209925663597,
      "p_total_weight": 2298.811,
      "d_total_weight": 1064.322,
      "p_mean_taxability": 75.7176705882353,