{
  "volume": [
    {
      "iteration": 115,
      "time": "605.4195291996002",
      "n_placed": 268,
      "n_discard": 132,
      "p_mean_weight": 8.835059701492538,
      "d_mean_weight": 7.540431818181818,
      "p_median_weight": 8.024,
      "d_median_weight": 6.597,
      "p_std_weight": 5.629979863404486,
      "d_std_weight": 3.641278642952376,
      "p_total_weight": 2367.7960000000003,
      "d_total_weight": 995.337,
      "p_mean_taxability": 73.16308208955223,
      "d_mean_taxability": 67.9698409090909,
      "p_total_taxability": 19607.706,
      "d_total_taxability": 8972.019,
      "p_mean_volume": 0.21970895522388062,
      "d_mean_volume": 0.20411363636363636,
      "p_median_volume": 0.211,
      "d_median_volume": 0.178,
      "p_std_volume": 0.1306413063726001,
      "d_std_volume": 0.09671139466697627,
      "p_total_volume": 58.882000000000005,
      "d_total_volume": 26.942999999999998,
      "d_max_priority": 1,
      "used_volume": 0.7212925986721219,
      "used_weight": 0.10762709090909092,
      "unload_obs": 1,
      "hs_cond": 1,
      "p_cond": 0
    },
    {
      "iteration": 93,
      "time": "511.43654799461365",
      "n_placed": 261,
      "n_discard": 139,
      "p_mean_weight": 8.917501915708812,
      "d_mean_weight": 7.450827338129496,
      "p_median_weight": 8.024,
      "d_median_weight": 6.597,
      "p_std_weight": 5.462484935113549,
      "d_std_weight": 4.1659285026044826,
      "p_total_weight": 2327.468,
      "d_total_weight": 1035.665,
      "p_mean_taxability": 75.10744827586207,
      "d_mean_taxability": 64.58043884892086,
      "p_total_taxability": 19603.044,
      "d_total_taxability": 8976.681,
      "p_mean_volume": 0.2255478927203065,
      "d_mean_volume": 0.19393525179856116,
      "p_median_volume": 0.202,
      "d_median_volume": 0.181,
      "p_std_volume": 0.12975211057036942,
      "d_std_volume": 0.09838538602398383,
      "p_total_volume": 58.868,
      "d_total_volume": 26.957,
      "d_max_priority": 1,
      "used_volume": 0.7211211015018253,
      "used_weight": 0.105794,
      "unload_obs": 1,
      "hs_cond": 1,
      "p_cond": 0
    },
    {
      "iteration": 342,
      "time": "451.788209438324",
      "n_placed": 265,
      "n_discard": 135,
      "p_mean_weight": 8.804018867924528,
      "d_mean_weight": 7.630133333333333,
      "p_median_weight": 7.76,
      "d_median_weight": 6.27,
      "p_std_weight": 5.454447623237632,
      "d_std_weight": 4.2061172860347815,
      "p_total_weight": 2333.065,
      "d_total_weight": 1030.068,
      "p_mean_taxability": 73.81918867924529,
      "d_mean_taxability": 66.79733333333331,
      "p_total_taxability": 19562.085,
      "d_total_taxability": 9017.639999999998,
      "p_mean_volume": 0.22167924528301886,
      "d_mean_volume": 0.20059259259259257,
      "p_median_volume": 0.211,
      "d_median_volume": 0.178,
      "p_std_volume": 0.12782747214817275,
      "d_std_volume": 0.10403080028245197,
      "p_total_volume": 58.745,
      "d_total_volume": 27.08,
      "d_max_priority": 1,
      "used_volume": 0.71961437636279,
      "used_weight": 0.1060484090909091,
      "unload_obs": 0,
      "hs_cond": 1,
      "p_cond": 0
    },
    {
      "iteration": 51,
      "time": "531.2501723766327",
      "n_placed": 259,
      "n_discard": 141,
      "p_mean_weight": 8.988602316602316,
      "d_mean_weight": 7.341028368794326,
      "p_median_weight": 8.024,
      "d_median_weight": 6.445,
      "p_std_weight": 5.6779630102604655,
      "d_std_weight": 3.5683156329467716,
      "p_total_weight": 2328.048,
      "d_total_weight": 1035.085,
      "p_mean_taxability": 75.50742857142856,
      "d_mean_taxability": 63.99504255319149,
      "p_total_taxability": 19556.424,
      "d_total_taxability": 9023.301,
      "p_mean_volume": 0.22674903474903474,
      "d_mean_volume": 0.19217730496453903,
      "p_median_volume": 0.212,
      "d_median_volume": 0.161,
      "p_std_volume": 0.13181550836373052,
      "d_std_volume": 0.09303380980574007,
      "p_total_volume": 58.727999999999994,
      "d_total_volume": 27.097,
      "d_max_priority": 1,
      "used_volume": 0.7194061297988582,
      "used_weight": 0.10582036363636363,
      "unload_obs": 0,
      "hs_cond": 1,
      "p_cond": 0
    },
    {
      "iteration": 162,
      "time": "582.863519191742",
      "n_placed": 265,
      "n_discard": 135,
      "p_mean_weight": 8.752966037735849,
      "d_mean_weight": 7.730348148148148,
      "p_median_weight": 7.76,
      "d_median_weight": 6.597,
      "p_std_weight": 5.528496392896213,
      "d_std_weight": 4.0386776732041385,
      "p_total_weight": 2319.536,
      "d_total_weight": 1043.597,
      "p_mean_taxability": 73.34670566037737,
      "d_mean_taxability": 67.7248,
      "p_total_taxability": 19436.877,
      "d_total_taxability": 9142.848,
      "p_mean_volume": 0.2202603773584906,
      "d_mean_volume": 0.20337777777777777,
      "p_median_volume": 0.212,
      "d_median_volume": 0.161,
      "p_std_volume": 0.12866675057839344,
      "d_std_volume": 0.10249309162497622,
      "p_total_volume": 58.36900000000001,
      "d_total_volume": 27.456,
      "d_max_priority": 1,
      "used_volume": 0.7150084523605361,
      "used_weight": 0.10543345454545455,
      "unload_obs": 0,
      "hs_cond": 1,
      "p_cond": 0
    }
  ],
  "weight": [
    {
      "iteration": 115,
      "time": "605.4195291996002",
      "n_placed": 268,
      "n_discard": 132,
      "p_mean_weight": 8.835059701492538,
      "d_mean_weight": 7.540431818181818,
      "p_median_weight": 8.024,
      "d_median_weight": 6.597,
      "p_std_weight": 5.629979863404486,
      "d_std_weight": 3.641278642952376,
      "p_total_weight": 2367.7960000000003,
      "d_total_weight": 995.337,
      "p_mean_taxability": 73.16308208955223,
      "d_mean_taxability": 67.9698409090909,
      "p_total_taxability": 19607.706,
      "d_total_taxability": 8972.019,
      "p_mean_volume": 0.21970895522388062,
      "d_mean_volume": 0.20411363636363636,
      "p_median_volume": 0.211,
      "d_median_volume": 0.178,
      "p_std_volume": 0.1306413063726001,
      "d_std_volume": 0.09671139466697627,
      "p_total_volume": 58.882000000000005,
      "d_total_volume": 26.942999999999998,
      "d_max_priority": 1,
      "used_volume": 0.7212925986721219,
      "used_weight": 0.10762709090909092,
      "unload_obs": 1,
      "hs_cond": 1,
      "p_cond": 0
    },
    {
      "iteration": 342,
      "time": "451.788209438324",
      "n_placed": 265,
      "n_discard": 135,
      "p_mean_weight": 8.804018867924528,
      "d_mean_weight": 7.630133333333333,
      "p_median_weight": 7.76,
      "d_median_weight": 6.27,
      "p_std_weight": 5.454447623237632,
      "d_std_weight": 4.2061172860347815,
      "p_total_weight": 2333.065,
      "d_total_weight": 1030.068,
      "p_mean_taxability": 73.81918867924529,
      "d_mean_taxability": 66.79733333333331,
      "p_total_taxability": 19562.085,
      "d_total_taxability": 9017.639999999998,
      "p_mean_volume": 0.22167924528301886,
      "d_mean_volume": 0.20059259259259257,
      "p_median_volume": 0.211,
      "d_median_volume": 0.178,
      "p_std_volume": 0.12782747214817275,
      "d_std_volume": 0.10403080028245197,
      "p_total_volume": 58.745,
      "d_total_volume": 27.08,
      "d_max_priority": 1,
      "used_volume": 0.71961437636279,
      "used_weight": 0.1060484090909091,
      "unload_obs": 0,
      "hs_cond": 1,
      "p_cond": 0
    },
    {
      "iteration": 51,
      "time": "531.2501723766327",
      "n_placed": 259,
      "n_discard": 141,
      "p_mean_weight": 8.988602316602316,
      "d_mean_weight": 7.341028368794326,
      "p_median_weight": 8.024,
      "d_median_weight": 6.445,
      "p_std_weight": 5.6779630102604655,
      "d_std_weight": 3.5683156329467716,
      "p_total_weight": 2328.048,
      "d_total_weight": 1035.085,
      "p_mean_taxability": 75.50742857142856,