{
  "volume": [
    {
      "iteration": 90,
      "time": "569.9936830997467",
      "n_placed": 294,
      "n_discard": 106,
      "p_mean_weight": 7.384591836734694,
      "d_mean_weight": 8.630198113207548,
      "p_median_weight": 5.999,
      "d_median_weight": 6.82,
      "p_std_weight": 5.210648190967754,
      "d_std_weight": 5.157529340995987,
      "p_total_weight": 2171.07,
      "d_total_weight": 914.801,
      "p_mean_taxability": 62.9505918367347,
      "d_mean_taxability": 83.4322075471698,
      "p_total_taxability": 18507.474000000002,
      "d_total_taxability": 8843.813999999998,
      "p_mean_volume": 0.1890408163265306,
      "d_mean_volume": 0.25054716981132075,
      "p_median_volume": 0.155,
      "d_median_volume": 0.179,
      "p_std_volume": 0.13436504083521406,
      "d_std_volume": 0.16831111397394954,
      "p_total_volume": 55.578,
      "d_total_volume": 26.558,
      "d_max_priority": 0,
      "used_volume": 0.6808192664821031,
      "used_weight": 0.09868500000000001,
      "unload_obs": 2,
      "hs_cond": 1,
      "p_cond": 1
    },
    {
      "iteration": 104,
      "time": "510.98676800727844",
      "n_placed": 291,
      "n_discard": 109,
      "p_mean_weight": 7.383223367697594,
      "d_mean_weight": 8.599568807339448,
      "p_median_weight": 5.999,
      "d_median_weight": 6.843,
      "p_std_weight": 5.334622077711202,
      "d_std_weight": 4.810189490313424,
      "p_total_weight": 2148.518,
      "d_total_weight": 937.3529999999998,
      "p_mean_taxability": 62.9038144329897,
      "d_mean_taxability": 82.99337614678896,
      "p_total_taxability": 18305.010000000002,
      "d_total_taxability": 9046.277999999997,
      "p_mean_volume": 0.18890034364261166,
      "d_mean_volume": 0.24922935779816513,
      "p_median_volume": 0.155,
      "d_median_volume": 0.189,
      "p_std_volume": 0.13477429548700834,
      "d_std_volume": 0.16674584969167472,
      "p_total_volume": 54.96999999999999,
      "d_total_volume": 27.166,
      "d_max_priority": 0,
      "used_volume": 0.6733713893720753,
      "used_weight": 0.09765990909090909,
      "unload_obs": 2,
      "hs_cond": 1,
      "p_cond": 1
    },
    {
      "iteration": 111,
      "time": "512.1854424476624",
      "n_placed": 281,
      "n_discard": 119,
      "p_mean_weight": 7.449725978647687,
      "d_mean_weight": 8.340319327731091,
      "p_median_weight": 6.09,
      "d_median_weight": 6.843,
      "p_std_weight": 5.350608922590145,
      "d_std_weight": 4.859606577039577,
      "p_total_weight": 2093.373,
      "d_total_weight": 992.4979999999999,
      "p_mean_taxability": 63.999992882562275,
      "d_mean_taxability": 78.71672268907564,
      "p_total_taxability": 17983.998,
      "d_total_taxability": 9367.29,
      "p_mean_volume": 0.19219217081850534,
      "d_mean_volume": 0.23638655462184877,
      "p_median_volume": 0.151,
      "d_median_volume": 0.195,
      "p_std_volume": 0.14028997549432848,
      "d_std_volume": 0.1563627415221857,
      "p_total_volume": 54.006,
      "d_total_volume": 28.130000000000003,
      "d_max_priority": 0,
      "used_volume": 0.6615625842173604,
      "used_weight": 0.09515331818181819,
      "unload_obs": 2,
      "hs_cond": 1,
      "p_cond": 1
    },
    {
      "iteration": 267,
      "time": "510.7694528102875",
      "n_placed": 313,
      "n_discard": 87,
      "p_mean_weight": 6.780134185303513,
      "d_mean_weight": 11.076885057471264,
      "p_median_weight": 5.762,
      "d_median_weight": 11.12,
      "p_std_weight": 4.955415261896225,
      "d_std_weight": 4.762651043628829,
      "p_total_weight": 2122.182,
      "d_total_weight": 963.689,
      "p_mean_taxability": 57.347281150159745,
      "d_mean_taxability": 108.06424137931036,
      "p_total_taxability": 17949.699,
      "d_total_taxability": 9401.589000000002,
      "p_mean_volume": 0.17221405750798718,
      "d_mean_volume": 0.3245172413793103,
      "p_median_volume": 0.149,
      "d_median_volume": 0.271,
      "p_std_volume": 0.1214512492961651,
      "d_std_volume": 0.166278825937316,
      "p_total_volume": 53.90299999999999,
      "d_total_volume": 28.232999999999997,
      "d_max_priority": 0,
      "used_volume": 0.6603008550358918,
      "used_weight": 0.09646281818181818,
      "unload_obs": 0,
      "hs_cond": 1,
      "p_cond": 1
    },
    {
      "iteration": 20,
      "time": "401.6955876350403",
      "n_placed": 305,
      "n_discard": 95,
      "p_mean_weight": 6.769681967213115,
      "d_mean_weight": 10.74861052631579,
      "p_median_weight": 5.922,
      "d_median_weight": 9.743,
      "p_std_weight": 4.900394102086002,
      "d_std_weight": 5.076077075297036,
      "p_total_weight": 2064.753,
      "d_total_weight": 1021.118,
      "p_mean_taxability": 57.76076065573771,
      "d_mean_taxability": 102.46585263157893,
      "p_total_taxability": 17617.032000000003,
      "d_total_taxability": 9734.255999999998,
      "p_mean_volume": 0.173455737704918,
      "d_mean_volume": 0.30770526315789476,
      "p_median_volume": 0.151,
      "d_median_volume": 0.244,
      "p_std_volume": 0.12395016576679188,
      "d_std_volume": 0.16576610500264868,
      "p_total_volume": 52.903999999999996,
      "d_total_volume": 29.232000000000003,
      "d_max_priority": 0,
      "used_volume": 0.6480633069554352,
      "used_weight": 0.0938524090909091,
      "unload_obs": 0,
      "hs_cond": 1,
      "p_cond": 1
    }
  ],
  "weight": [
    {
      "iteration": 90,
      "time": "569.9936830997467",
      "n_placed": 294,
      "n_discard": 106,
      "p_mean_weight": 7.384591836734694,
      "d_mean_weight": 8.630198113207548,
      "p_median_weight": 5.999,
      "d_median_weight": 6.82,
      "p_std_weight": 5.210648190967754,
      "d_std_weight": 5.157529340995987,
      "p_total_weight": 2171.07,
      "d_total_weight": 914.801,
      "p_mean_taxability": 62.9505918367347,
      "d_mean_taxability": 83.4322075471698,
      "p_total_taxability": 18507.474000000002,
      "d_total_taxability": 8843.813999999998,
      "p_mean_volume": 0.1890408163265306,
      "d_mean_volume": 0.25054716981132075,
      "p_median_volume": 0.155,
      "d_median_volume": 0.179,
      "p_std_volume": 0.13436504083521406,
      "d_std_volume": 0.16831111397394954,
      "p_total_volume": 55.578,
      "d_total_volume": 26.558,
      "d_max_priority": 0,
      "used_volume": 0.6808192664821031,
      "used_weight": 0.09868500000000001,
      "unload_obs": 2,
      "hs_cond": 1,
      "p_cond": 1
    },
    {
      "iteration": 104,
      "time": "510.98676800727844",
      "n_placed": 291,
      "n_discard": 109,
      "p_mean_weight": 7.383223367697594,
      "d_mean_weight": 8.599568807339448,
      "p_median_weight": 5.999,
      "d_median_weight": 6.843,
      "p_std_weight": 5.334622077711202,
      "d_std_weight": 4.810189490313424,
      "p_total_weight": 2148.518,
      "d_total_weight": 937.3529999999998,
      "p_mean_taxability": 62.9038144329897,
      "d_mean_taxability": 82.99337614678896,
      "p_total_taxability": 18305.010000000002,
      "d_total_taxability": 9046.277999999997,
      "p_mean_volume": 0.18890034364261166,
      "d_mean_volume": 0.24922935779816513,
      "p_median_volume": 0.155,
      "d_median_volume": 0.189,
      "p_std_volume": 0.13477429548700834,
      "d_std_volume": 0.16674584969167472,
      "p_total_volume": 54.96999999999999,
      "d_total_volume": 27.166,
      "d_max_priority": 0,
      "used_volume": 0.6733713893720753,
      "used_weight": 0.09765990909090909,
      "unload_obs": 2,
      "hs_cond": 1,
      "p_cond": 1
    },
    {
      "iteration": 267,
      "time": "510.7694528102875",
      "n_placed": 313,
      "n_discard": 87,
      "p_mean_weight": 6.780134185303513,
      "d_mean_weight": 11.076885057471264,
      "p_median_weight": 5.762,
      "d_median_weight": 11.12,
      "p_std_weight": 4.955415261896225,
      "d_std_weight": 4.762651043628829,