{
  "volume": [
    {
      "iteration": 291,
      "time": "537.8825409412384",
      "n_placed": 304,
      "n_discard": 96,
      "p_mean_weight": 7.435220394736842,
      "d_mean_weight": 8.599625,
      "p_median_weight": 6.09,
      "d_median_weight": 6.82,
      "p_std_weight": 5.351538735023224,
      "d_std_weight": 4.693290864852216,
      "p_total_weight": 2260.307,
      "d_total_weight": 825.564,
      "p_mean_taxability": 63.4156875,
      "d_mean_taxability": 84.09290625,
      "p_total_taxability": 19278.369,
      "d_total_taxability": 8072.919,
      "p_mean_volume": 0.1904375,
      "d_mean_volume": 0.25253125,
      "p_median_volume": 0.153,
      "d_median_volume": 0.195,
      "p_std_volume": 0.13809026096458552,
      "d_std_volume": 0.1622170056063628,
      "p_total_volume": 57.893,
      "d_total_volume": 24.243,
      "d_max_priority": 1,
      "used_volume": 0.7091775485704486,
      "used_weight": 0.10274122727272726,
      "unload_obs": 1,
      "hs_cond": 1,
      "p_cond": 0
    },
    {
      "iteration": 337,
      "time": "393.6244833469391",
      "n_placed": 301,
      "n_discard": 99,
      "p_mean_weight": 7.395053156146179,
      "d_mean_weight": 8.686464646464646,
      "p_median_weight": 5.999,
      "d_median_weight": 7.082,
      "p_std_weight": 5.325844504285839,
      "d_std_weight": 4.776070537785287,
      "p_total_weight": 2225.911,
      "d_total_weight": 859.9599999999999,
      "p_mean_taxability": 63.875152823920274,
      "d_mean_taxability": 82.06936363636363,
      "p_total_taxability": 19226.421000000002,
      "d_total_taxability": 8124.867,
      "p_mean_volume": 0.1918172757475083,
      "d_mean_volume": 0.2464545454545455,
      "p_median_volume": 0.155,
      "d_median_volume": 0.179,
      "p_std_volume": 0.13838555982189896,
      "d_std_volume": 0.16261550198006972,
      "p_total_volume": 57.736999999999995,
      "d_total_volume": 24.399000000000004,
      "d_max_priority": 1,
      "used_volume": 0.7072665801014283,
      "used_weight": 0.10117777272727273,
      "unload_obs": 3,
      "hs_cond": 1,
      "p_cond": 0
    },
    {
      "iteration": 188,
      "time": "478.94935488700867",
      "n_placed": 294,
      "n_discard": 106,
      "p_mean_weight": 7.58928911564626,
      "d_mean_weight": 8.062452830188679,
      "p_median_weight": 5.999,
      "d_median_weight": 6.82,
      "p_std_weight": 5.424727433559547,
      "d_std_weight": 4.6078013311423955,
      "p_total_weight": 2231.251,
      "d_total_weight": 854.62,
      "p_mean_taxability": 65.07431632653062,
      "d_mean_taxability": 77.54187735849058,
      "p_total_taxability": 19131.849000000002,
      "d_total_taxability": 8219.439000000002,
      "p_mean_volume": 0.1954183673469388,
      "d_mean_volume": 0.23285849056603775,
      "p_median_volume": 0.162,
      "d_median_volume": 0.178,
      "p_std_volume": 0.14214662838713574,
      "d_std_volume": 0.15521361247858478,
      "p_total_volume": 57.453,
      "d_total_volume": 24.683,
      "d_max_priority": 1,
      "used_volume": 0.7037876375039812,
      "used_weight": 0.10142050000000001,
      "unload_obs": 4,
      "hs_cond": 1,
      "p_cond": 0
    },
    {
      "iteration": 335,
      "time": "495.9204111099243",
      "n_placed": 299,
      "n_discard": 101,
      "p_mean_weight": 7.334224080267559,
      "d_mean_weight": 8.840970297029703,
      "p_median_weight": 5.999,
      "d_median_weight": 8.449,
      "p_std_weight": 5.265763463383453,
      "d_std_weight": 4.934235716816629,
      "p_total_weight": 2192.933,
      "d_total_weight": 892.938,
      "p_mean_taxability": 63.7578060200669,
      "d_mean_taxability": 82.05647524752477,
      "p_total_taxability": 19063.584000000003,
      "d_total_taxability": 8287.704000000002,
      "p_mean_volume": 0.1914648829431438,
      "d_mean_volume": 0.24641584158415838,
      "p_median_volume": 0.155,
      "d_median_volume": 0.202,
      "p_std_volume": 0.14203797560628598,
      "d_std_volume": 0.15228245252337724,
      "p_total_volume": 57.24799999999999,
      "d_total_volume": 24.887999999999998,
      "d_max_priority": 1,
      "used_volume": 0.7012764289389224,
      "used_weight": 0.09967877272727273,
      "unload_obs": 1,
      "hs_cond": 1,
      "p_cond": 0
    },
    {
      "iteration": 336,
      "time": "486.54963994026184",
      "n_placed": 301,
      "n_discard": 99,
      "p_mean_weight": 7.35475415282392,
      "d_mean_weight": 8.808989898989896,
      "p_median_weight": 5.999,
      "d_median_weight": 7.082,
      "p_std_weight": 5.276131906301341,
      "d_std_weight": 4.907588995096767,
      "p_total_weight": 2213.781,
      "d_total_weight": 872.0899999999998,
      "p_mean_taxability": 63.198089700996675,
      "d_mean_taxability": 84.12790909090907,
      "p_total_taxability": 19022.625,
      "d_total_taxability": 8328.662999999999,
      "p_mean_volume": 0.18978405315614616,
      "d_mean_volume": 0.25263636363636366,
      "p_median_volume": 0.155,
      "d_median_volume": 0.189,
      "p_std_volume": 0.13541352669330034,
      "d_std_volume": 0.16793192586705316,
      "p_total_volume": 57.12499999999999,
      "d_total_volume": 25.011000000000003,
      "d_max_priority": 1,
      "used_volume": 0.6997697037998872,
      "used_weight": 0.10062640909090909,
      "unload_obs": 1,
      "hs_cond": 1,
      "p_cond": 0
    }
  ],
  "weight": [
    {
      "iteration": 291,
      "time": "537.8825409412384",
      "n_placed": 304,
      "n_discard": 96,
      "p_mean_weight": 7.435220394736842,
      "d_mean_weight": 8.599625,
      "p_median_weight": 6.09,
      "d_median_weight": 6.82,
      "p_std_weight": 5.351538735023224,
      "d_std_weight": 4.693290864852216,
      "p_total_weight": 2260.307,
      "d_total_weight": 825.564,
      "p_mean_taxability": 63.4156875,
      "d_mean_taxability": 84.09290625,
      "p_total_taxability": 19278.369,
      "d_total_taxability": 8072.919,
      "p_mean_volume": 0.1904375,
      "d_mean_volume": 0.25253125,
      "p_median_volume": 0.153,
      "d_median_volume": 0.195,
      "p_std_volume": 0.13809026096458552,
      "d_std_volume": 0.1622170056063628,
      "p_total_volume": 57.893,
      "d_total_volume": 24.243,
      "d_max_priority": 1,
      "used_volume": 0.7091775485704486,
      "used_weight": 0.10274122727272726,
      "unload_obs": 1,
      "hs_cond": 1,
      "p_cond": 0
    },
    {
      "iteration": 188,
      "time": "478.94935488700867",
      "n_placed": 294,
      "n_discard": 106,
      "p_mean_weight": 7.58928911564626,
      "d_mean_weight": 8.062452830188679,
      "p_median_weight": 5.999,
      "d_median_weight": 6.82,
      "p_std_weight": 5.424727433559547,
      "d_std_weight": 4.6078013311423955,
      "p_total_weight": 2231.251,
      "d_total_weight": 854.62,
      "p_mean_taxability": 65.07431632653062,
      "d_mean_taxability": 77.54187735849058,
      "p_total_taxability": 19131.849000000002,
      "d_total_taxability": 8219.439000000002,
      "p_mean_volume": 0.1954183673469388,
      "d_mean_volume": 0.23285849056603775,
      "p_median_volume": 0.162,
      "d_median_volume": 0.178,
      "p_std_volume": 0.14214662838713574,
      "d_std_volume": 0.15521361247858478,
      "p_total_volume": 57.453,
      "d_total_volume": 24.683,
      "d_max_priority": 1,
      "used_volume": 0.7037876375039812,
      "used_weight": 0.10142050000000001,
      "unload_obs": 4,
      "hs_cond": 1,
      "p_cond": 0
    },
    {
      "iteration": 337,
      "time": "393.6244833469391",
      "n_placed": 301,
      "n_discard": 99,
      "p_mean_weight": 7.395053156146179,
      "d_mean_weight": 8.686464646464646,
      "p_median_weight": 5.999,
      "d_median_weight": 7.082,
      "p_std_weight": 5.325844504285839,
      "d_std_weight": 4.776070537785287,
      "p_total_weight": 2225.911,
      "d_total_weight": 859.9599999999999,
      "p_mean_taxability": 63.875152823920274,