{
  "volume": [
    {
      "iteration": 6,
      "time": "47.52459192276001",
      "p_mean_weight": 9.656307692307692,
      "d_mean_weight": 9.655000000000001,
      "p_total_weight": 753.192,
      "d_total_weight": 19.310000000000002,
      "p_mean_taxability": 9.656307692307692,
      "d_mean_taxability": 9.655000000000001,
      "p_total_taxability": 6681.6449999999995,
      "d_total_taxability": 134.865,
      "p_mean_volume": 0.2572435897435898,
      "d_mean_volume": 0.2025,
      "p_cumulative_priority": 25,
      "p_mean_priority": 0.32051282051282054,
      "d_max_priority": 1,
      "used_volume": 0.245792194428792,
      "used_weight": 0.034236
    },
    {
      "iteration": 8,
      "time": "49.286909103393555",
      "p_mean_weight": 9.811934210526317,
      "d_mean_weight": 6.69875,
      "p_total_weight": 745.7070000000001,
      "d_total_weight": 26.795,
      "p_mean_taxability": 9.811934210526317,
      "d_mean_taxability": 6.69875,
      "p_total_taxability": 6596.397,
      "d_total_taxability": 220.11300000000003,
      "p_mean_volume": 0.2606447368421053,
      "d_mean_volume": 0.16525,
      "p_cumulative_priority": 26,
      "p_mean_priority": 0.34210526315789475,
      "d_max_priority": 0,
      "used_volume": 0.2426562461719382,
      "used_weight": 0.03389577272727273
    },
    {
      "iteration": 2,
      "time": "48.61280369758606",
      "p_mean_weight": 9.664636363636363,
      "d_mean_weight": 9.441666666666666,
      "p_total_weight": 744.177,
      "d_total_weight": 28.325,
      "p_mean_taxability": 9.664636363636363,
      "d_mean_taxability": 9.441666666666666,
      "p_total_taxability": 6559.434,
      "d_total_taxability": 257.076,
      "p_mean_volume": 0.25581818181818183,
      "d_mean_volume": 0.25733333333333336,
      "p_cumulative_priority": 24,
      "p_mean_priority": 0.3116883116883117,
      "d_max_priority": 2,
      "used_volume": 0.24129651860744297,
      "used_weight": 0.03382622727272727
    },
    {
      "iteration": 5,
      "time": "45.210882902145386",
      "p_mean_weight": 9.88184,
      "d_mean_weight": 6.272800000000001,
      "p_total_weight": 741.138,
      "d_total_weight": 31.364000000000004,
      "p_mean_taxability": 9.88184,
      "d_mean_taxability": 6.272800000000001,
      "p_total_taxability": 6533.46,
      "d_total_taxability": 283.05,
      "p_mean_volume": 0.2616,
      "d_mean_volume": 0.16999999999999998,
      "p_cumulative_priority": 23,
      "p_mean_priority": 0.30666666666666664,
      "d_max_priority": 2,
      "used_volume": 0.24034103437293286,
      "used_weight": 0.03368809090909091
    },
    {
      "iteration": 7,
      "time": "45.32392191886902",
      "p_mean_weight": 9.761146666666667,
      "d_mean_weight": 8.0832,
      "p_total_weight": 732.086,
      "d_total_weight": 40.416,
      "p_mean_taxability": 9.761146666666667,
      "d_mean_taxability": 8.0832,
      "p_total_taxability": 6487.839,
      "d_total_taxability": 328.671,
      "p_mean_volume": 0.2597733333333334,
      "d_mean_volume": 0.1974,
      "p_cumulative_priority": 25,
      "p_mean_priority": 0.3333333333333333,
      "d_max_priority": 1,
      "used_volume": 0.238662812063601,
      "used_weight": 0.03327663636363636
    }
  ],
  "weight": [
    {
      "iteration": 6,
      "time": "47.52459192276001",
      "p_mean_weight": 9.656307692307692,
      "d_mean_weight": 9.655000000000001,
      "p_total_weight": 753.192,
      "d_total_weight": 19.310000000000002,
      "p_mean_taxability": 9.656307692307692,
      "d_mean_taxability": 9.655000000000001,
      "p_total_taxability": 6681.6449999999995,
      "d_total_taxability": 134.865,
      "p_mean_volume": 0.2572435897435898,
      "d_mean_volume": 0.2025,
      "p_cumulative_priority": 25,
      "p_mean_priority": 0.32051282051282054,
      "d_max_priority": 1,
      "used_volume": 0.245792194428792,
      "used_weight": 0.034236
    },
    {
      "iteration": 8,
      "time": "49.286909103393555",
      "p_mean_weight": 9.811934210526317,
      "d_mean_weight": 6.69875,
      "p_total_weight": 745.7070000000001,
      "d_total_weight": 26.795,
      "p_mean_taxability": 9.811934210526317,
      "d_mean_taxability": 6.69875,
      "p_total_taxability": 6596.397,
      "d_total_taxability": 220.11300000000003,
      "p_mean_volume": 0.2606447368421053,
      "d_mean_volume": 0.16525,
      "p_cumulative_priority": 26,
      "p_mean_priority": 0.34210526315789475,
      "d_max_priority": 0,
      "used_volume": 0.2426562461719382,
      "used_weight": 0.03389577272727273
    },
    {
      "iteration": 2,
      "time": "48.61280369758606",
      "p_mean_weight": 9.664636363636363,
      "d_mean_weight": 9.441666666666666,
      "p_total_weight": 744.177,
      "d_total_weight": 28.325,
      "p_mean_taxability": 9.664636363636363,
      "d_mean_taxability": 9.441666666666666,
      "p_total_taxability": 6559.434,
      "d_total_taxability": 257.076,
      "p_mean_volume": 0.25581818181818183,
      "d_mean_volume": 0.25733333333333336,
      "p_cumulative_priority": 24,
      "p_mean_priority": 0.3116883116883117,
      "d_max_priority": 2,
      "used_volume": 0.24129651860744297,
      "used_weight": 0.03382622727272727
    },
    {
      "iteration": 5,
      "time": "45.210882902145386",
      "p_mean_weight": 9.88184,
      "d_mean_weight": 6.272800000000001,
      "p_total_weight": 741.138,
      "d_total_weight": 31.364000000000004,
      "p_mean_taxability": 9.88184,
      "d_mean_taxability": 6.272800000000001,
      "p_total_taxability": 6533.46,
      "d_total_taxability": 283.05,
      "p_mean_volume": 0.2616,
      "d_mean_volume": 0.16999999999999998,
      "p_cumulative_priority": 23,
      "p_mean_priority": 0.30666666666666664,
      "d_max_priority": 2,
      "used_volume": 0.24034103437293286,
      "used_weight": 0.03368809090909091
    },
    {
      "iteration": 7,
      "time": "45.32392191886902",
      "p_mean_weight": 9.761146666666667,
      "d_mean_weight": 8.0832,
      "p_total_weight": 732.086,
      "d_total_weight": 40.416,
      "p_mean_taxability": 9.761146666666667,
      "d_mean_taxability": 8.0832,
      "p_total_taxability": 6487.839,
      "d_total_taxability": 328.671,
      "p_mean_volume": 0.2597733333333334,
      "d_mean_volume": 0.1974,
      "p_cumulative_priority": 25,
      "p_mean_priority": 0.3333333333333333,
      "d_max_priority": 1,
      "used_volume": 0.238662812063601,
      "used_weight": 0.03327663636363636
    }
  ],
  "priority": [
    {
      "iteration": 8,
      "time": "49.286909103393555",
      "p_mean_weight": 9.811934210526317,
      "d_mean_weight": 6.69875,
      "p_total_weight": 745.7070000000001,
      "d_total_weight": 26.795,
      "p_mean_taxability": 9.811934210526317,
      "d_mean_taxability": 6.69875,
      "p_total_taxability": 6596.397,
      "d_total_taxability": 220.11300000000003,
      "p_mean_volume": 0.2606447368421053,
      "d_mean_volume": 0.16525,
      "p_cumulative_priority": 26,
      "p_mean_priority": 0.34210526315789475,
      "d_max_priority": 0,
      "used_volume": 0.2426562461719382,
      "used_weight": 0.03389577272727273
    },
    {
      "iteration": 1,
      "time": "49.849501848220825",
      "p_mean_weight": 9.81219117647059,
      "d_mean_weight": 8.77275,
      "p_total_weight": 667.229,
      "d_total_weight": 105.27300000000001,
      "p_mean_taxability": 9.81219117647059,
      "d_mean_taxability": 8.77275,
      "p_total_taxability": 5921.072999999999,
      "d_total_taxability": 895.4369999999999,
      "p_mean_volume": 0.2614852941176471,
      "d_mean_volume": 0.22408333333333333,
      "p_cumulative_priority": 25,
      "p_mean_priority": 0.36764705882352944,
      "d_max_priority": 1,
      "used_volume": 0.2178136560746748,
      "used_weight": 0.030328590909090913
    },
    {
      "iteration": 3,
      "time": "47.61195611953735",
      "p_mean_weight": 9.758,