{
  "volume": [
    {
      "iteration": 32,
      "time": "16.779850959777832",
      "p_mean_weight": 18.34117171717172,
      "d_mean_weight": 19.901333333333337,
      "p_total_weight": 1815.7760000000003,
      "d_total_weight": 417.92800000000005,
      "p_mean_taxability": 157.66036363636363,
      "d_mean_taxability": 184.704,
      "p_total_taxability": 15608.376,
      "d_total_taxability": 3878.784,
      "p_mean_volume": 0.47345454545454546,
      "d_mean_volume": 0.5546666666666665,
      "p_total_volume": 46.872,
      "d_total_volume": 11.647999999999998,
      "p_cumulative_priority": 20.0,
      "p_mean_priority": 0.20202020202020202,
      "d_max_priority": 0,
      "used_volume": 0.5741725261533185,
      "used_weight": 0.08253527272727273
    },
    {
      "iteration": 21,
      "time": "14.589009761810303",
      "p_mean_weight": 17.97560204081633,
      "d_mean_weight": 21.45886363636364,
      "p_total_weight": 1761.6090000000004,
      "d_total_weight": 472.095,
      "p_mean_taxability": 156.0240918367347,
      "d_mean_taxability": 190.76359090909088,
      "p_total_taxability": 15290.361,
      "d_total_taxability": 4196.798999999999,
      "p_mean_volume": 0.4685408163265306,
      "d_mean_volume": 0.5728636363636364,
      "p_total_volume": 45.917,
      "d_total_volume": 12.603,
      "p_cumulative_priority": 20.0,
      "p_mean_priority": 0.20408163265306123,
      "d_max_priority": 0,
      "used_volume": 0.5624739691795085,
      "used_weight": 0.08007313636363637
    },
    {
      "iteration": 60,
      "time": "15.999162912368774",
      "p_mean_weight": 18.289252631578947,
      "d_mean_weight": 19.849,
      "p_total_weight": 1737.479,
      "d_total_weight": 496.225,
      "p_mean_taxability": 159.24761052631584,
      "d_mean_taxability": 174.34547999999998,
      "p_total_taxability": 15128.523000000005,
      "d_total_taxability": 4358.637,
      "p_mean_volume": 0.4782210526315788,
      "d_mean_volume": 0.52356,
      "p_total_volume": 45.43099999999999,
      "d_total_volume": 13.089,
      "p_cumulative_priority": 20.0,
      "p_mean_priority": 0.21052631578947367,
      "d_max_priority": 0,
      "used_volume": 0.5565205674106376,
      "used_weight": 0.07897631818181819
    }
  ],
  "weight": [
    {
      "iteration": 32,
      "time": "16.779850959777832",
      "p_mean_weight": 18.34117171717172,
      "d_mean_weight": 19.901333333333337,
      "p_total_weight": 1815.7760000000003,
      "d_total_weight": 417.92800000000005,
      "p_mean_taxability": 157.66036363636363,
      "d_mean_taxability": 184.704,
      "p_total_taxability": 15608.376,
      "d_total_taxability": 3878.784,
      "p_mean_volume": 0.47345454545454546,
      "d_mean_volume": 0.5546666666666665,
      "p_total_volume": 46.872,
      "d_total_volume": 11.647999999999998,
      "p_cumulative_priority": 20.0,
      "p_mean_priority": 0.20202020202020202,
      "d_max_priority": 0,
      "used_volume": 0.5741725261533185,
      "used_weight": 0.08253527272727273
    },
    {
      "iteration": 21,
      "time": "14.589009761810303",
      "p_mean_weight": 17.97560204081633,
      "d_mean_weight": 21.45886363636364,
      "p_total_weight": 1761.6090000000004,
      "d_total_weight": 472.095,
      "p_mean_taxability": 156.0240918367347,
      "d_mean_taxability": 190.76359090909088,
      "p_total_taxability": 15290.361,
      "d_total_taxability": 4196.798999999999,
      "p_mean_volume": 0.4685408163265306,
      "d_mean_volume": 0.5728636363636364,
      "p_total_volume": 45.917,
      "d_total_volume": 12.603,
      "p_cumulative_priority": 20.0,
      "p_mean_priority": 0.20408163265306123,
      "d_max_priority": 0,
      "used_volume": 0.5624739691795085,
      "used_weight": 0.08007313636363637
    },
    {
      "iteration": 60,
      "time": "15.999162912368774",
      "p_mean_weight": 18.289252631578947,
      "d_mean_weight": 19.849,
      "p_total_weight": 1737.479,
      "d_total_weight": 496.225,
      "p_mean_taxability": 159.24761052631584,
      "d_mean_taxability": 174.34547999999998,
      "p_total_taxability": 15128.523000000005,
      "d_total_taxability": 4358.637,
      "p_mean_volume": 0.4782210526315788,
      "d_mean_volume": 0.52356,
      "p_total_volume": 45.43099999999999,
      "d_total_volume": 13.089,
      "p_cumulative_priority": 20.0,
      "p_mean_priority": 0.21052631578947367,
      "d_max_priority": 0,
      "used_volume": 0.5565205674106376,
      "used_weight": 0.07897631818181819
    }
  ],
  "priority": [
    {
      "iteration": 21,
      "time": "14.589009761810303",
      "p_mean_weight": 17.97560204081633,
      "d_mean_weight": 21.45886363636364,
      "p_total_weight": 1761.6090000000004,
      "d_total_weight": 472.095,
      "p_mean_taxability": 156.0240918367347,
      "d_mean_taxability": 190.76359090909088,
      "p_total_taxability": 15290.361,
      "d_total_taxability": 4196.798999999999,
      "p_mean_volume": 0.4685408163265306,
      "d_mean_volume": 0.5728636363636364,
      "p_total_volume": 45.917,
      "d_total_volume": 12.603,
      "p_cumulative_priority": 20.0,
      "p_mean_priority": 0.20408163265306123,
      "d_max_priority": 0,
      "used_volume": 0.5624739691795085,
      "used_weight": 0.08007313636363637
    },
    {
      "iteration": 32,
      "time": "16.779850959777832",
      "p_mean_weight": 18.34117171717172,
      "d_mean_weight": 19.901333333333337,
      "p_total_weight": 1815.7760000000003,
      "d_total_weight": 417.92800000000005,
      "p_mean_taxability": 157.66036363636363,
      "d_mean_taxability": 184.704,
      "p_total_taxability": 15608.376,
      "d_total_taxability": 3878.784,
      "p_mean_volume": 0.47345454545454546,
      "d_mean_volume": 0.5546666666666665,
      "p_total_volume": 46.872,
      "d_total_volume": 11.647999999999998,
      "p_cumulative_priority": 20.0,
      "p_mean_priority": 0.20202020202020202,
      "d_max_priority": 0,
      "used_volume": 0.5741725261533185,
      "used_weight": 0.08253527272727273
    },
    {
      "iteration": 60,
      "time": "15.999162912368774",
      "p_mean_weight": 18.289252631578947,
      "d_mean_weight": 19.849,
      "p_total_weight": 1737.479,
      "d_total_weight": 496.225,
      "p_mean_taxability": 159.24761052631584,
      "d_mean_taxability": 174.34547999999998,
      "p_total_taxability": 15128.523000000005,
      "d_total_taxability": 4358.637,
      "p_mean_volume": 0.4782210526315788,
      "d_mean_volume": 0.52356,
      "p_total_volume": 45.43099999999999,
      "d_total_volume": 13.089,
      "p_cumulative_priority": 20.0,
      "p_mean_priority": 0.21052631578947367,
      "d_max_priority": 0,
      "used_volume": 0.5565205674106376,
      "used_weight": 0.07897631818181819
    }
  ],
  "taxability": [
    {
      "iteration": 32,
      "time": "16.779850959777832",
      "p_mean_weight": 18.34117171717172,
      "d_mean_weight": 19.901333333333337,
      "p_total_weight": 1815.7760000000003,
      "d_total_weight": 417.92800000000005,
      "p_mean_taxability": 157.66036363636363,
      "d_mean_taxability": 184.704,
      "p_total_taxability": 15608.376,
      "d_total_taxability": 3878.784,
      "p_mean_volume": 0.47345454545454546,
      "d_mean_volume": 0.5546666666666665,
      "p_total_volume": 46.872,
      "d_total_volume": 11.647999999999998,
      "p_cumulative_priority": 20.0,
      "p_mean_priority": 0.20202020202020202,
      "d_max_priority": 0,
      "used_volume": 0.5741725261533185,
      "used_weight": 0.08253527272727273
    },
    {
      "iteration": 21,
      "time": "14.589009761810303",
      "p_mean_weight": 17.97560204081633,
      "d_mean_weight": 21.45886363636364,
      "p_total_weight": 1761.6090000000004,
      "d_total_weight": 472.095,
      "p_mean_taxability": 156.0240918367347,
      "d_mean_taxability": 190.76359090909088,
      "p_total_taxability": 15290.361,
      "d_total_taxability": 4196.798999999999,