{
  "volume": [
    {
      "iteration": 0,
      "time": "37.13679909706116",
      "p_mean_weight": 16.906724409448824,
      "d_mean_weight": 10.160356164383561,
      "p_median_weight": 17.658,
      "d_median_weight": 9.457,
      "p_std_weight": 6.2660146439890445,
      "d_std_weight": 4.75394272440683,
      "p_total_weight": 2147.1540000000005,
      "d_total_weight": 741.706,
      "p_mean_taxability": 158.32707874015745,
      "d_mean_taxability": 103.29386301369863,
      "p_total_taxability": 20107.538999999997,
      "d_total_taxability": 7540.451999999999,
      "p_mean_volume": 0.4754566929133859,
      "d_mean_volume": 0.31019178082191773,
      "p_median_volume": 0.491,
      "d_median_volume": 0.353,
      "p_std_volume": 0.2009902767886535,
      "d_std_volume": 0.12265813574663599,
      "p_total_volume": 60.38300000000001,
      "d_total_volume": 22.643999999999995,
      "d_max_priority": 0,
      "used_volume": 0.7396795452875029,
      "used_weight": 0.09759790909090911
    }
  ],
  "weight": [
    {
      "iteration": 0,
      "time": "37.13679909706116",
      "p_mean_weight": 16.906724409448824,
      "d_mean_weight": 10.160356164383561,
      "p_median_weight": 17.658,
      "d_median_weight": 9.457,
      "p_std_weight": 6.2660146439890445,
      "d_std_weight": 4.75394272440683,
      "p_total_weight": 2147.1540000000005,
      "d_total_weight": 741.706,
      "p_mean_taxability": 158.32707874015745,
      "d_mean_taxability": 103.29386301369863,
      "p_total_taxability": 20107.538999999997,
      "d_total_taxability": 7540.451999999999,
      "p_mean_volume": 0.4754566929133859,
      "d_mean_volume": 0.31019178082191773,
      "p_median_volume": 0.491,
      "d_median_volume": 0.353,
      "p_std_volume": 0.2009902767886535,
      "d_std_volume": 0.12265813574663599,
      "p_total_volume": 60.38300000000001,
      "d_total_volume": 22.643999999999995,
      "d_max_priority": 0,
      "used_volume": 0.7396795452875029,
      "used_weight": 0.09759790909090911
    }
  ],
  "taxability": [
    {
      "iteration": 0,
      "time": "37.13679909706116",
      "p_mean_weight": 16.906724409448824,
      "d_mean_weight": 10.160356164383561,
      "p_median_weight": 17.658,
      "d_median_weight": 9.457,
      "p_std_weight": 6.2660146439890445,
      "d_std_weight": 4.75394272440683,
      "p_total_weight": 2147.1540000000005,
      "d_total_weight": 741.706,
      "p_mean_taxability": 158.32707874015745,
      "d_mean_taxability": 103.29386301369863,
      "p_total_taxability": 20107.538999999997,
      "d_total_taxability": 7540.451999999999,
      "p_mean_volume": 0.4754566929133859,
      "d_mean_volume": 0.31019178082191773,
      "p_median_volume": 0.491,
      "d_median_volume": 0.353,
      "p_std_volume": 0.2009902767886535,
      "d_std_volume": 0.12265813574663599,
      "p_total_volume": 60.38300000000001,
      "d_total_volume": 22.643999999999995,
      "d_max_priority": 0,
      "used_volume": 0.7396795452875029,
      "used_weight": 0.09759790909090911
    }
  ]
}