{
  "volume": [
    {
      "iteration": 1,
      "time": "6.457787752151489",
      "p_mean_weight": 9.656274999999999,
      "d_mean_weight": 0.0,
      "p_total_weight": 772.502,
      "d_total_weight": 0.0,
      "p_mean_taxability": 9.656274999999999,
      "d_mean_taxability": 0.0,
      "p_total_taxability": 6816.51,
      "d_total_taxability": 0.0,
      "p_mean_volume": 0.25587499999999996,
      "d_mean_volume": 0.0,
      "p_cumulative_priority": 26,
      "p_mean_priority": 0,
      "d_max_priority": 0,
      "used_volume": 0.2507533625695176,
      "used_weight": 0.03511372727272727
    },
    {
      "iteration": 5,
      "time": "6.654916048049927",
      "p_mean_weight": 9.721076923076925,
      "d_mean_weight": 7.129,
      "p_total_weight": 758.2440000000001,
      "d_total_weight": 14.258,
      "p_mean_taxability": 9.721076923076925,
      "d_mean_taxability": 7.129,
      "p_total_taxability": 6678.647999999999,
      "d_total_taxability": 137.862,
      "p_mean_volume": 0.25712820512820517,
      "d_mean_volume": 0.207,
      "p_cumulative_priority": 26,
      "p_mean_priority": 0,
      "d_max_priority": 0,
      "used_volume": 0.24568194624788697,
      "used_weight": 0.03446563636363637
    },
    {
      "iteration": 4,
      "time": "6.280163764953613",
      "p_mean_weight": 9.747402597402598,
      "d_mean_weight": 7.317333333333334,
      "p_total_weight": 750.5500000000001,
      "d_total_weight": 21.952,
      "p_mean_taxability": 9.747402597402598,
      "d_mean_taxability": 7.317333333333334,
      "p_total_taxability": 6629.3640000000005,
      "d_total_taxability": 187.14600000000002,
      "p_mean_volume": 0.2585454545454546,
      "d_mean_volume": 0.18733333333333335,
      "p_cumulative_priority": 26,
      "p_mean_priority": 0,
      "d_max_priority": 0,
      "used_volume": 0.24386897616189335,
      "used_weight": 0.03411590909090909
    },
    {
      "iteration": 0,
      "time": "6.223340034484863",
      "p_mean_weight": 9.724333333333334,
      "d_mean_weight": 8.6354,
      "p_total_weight": 729.325,
      "d_total_weight": 43.177,
      "p_mean_taxability": 9.724333333333334,
      "d_mean_taxability": 8.6354,
      "p_total_taxability": 6474.519,
      "d_total_taxability": 341.991,
      "p_mean_volume": 0.25923999999999997,
      "d_mean_volume": 0.20540000000000003,
      "p_cumulative_priority": 26,
      "p_mean_priority": 0,
      "d_max_priority": 0,
      "used_volume": 0.23817282014846752,
      "used_weight": 0.03315113636363637
    },
    {
      "iteration": 8,
      "time": "6.431679964065552",
      "p_mean_weight": 9.899270270270273,
      "d_mean_weight": 6.6593333333333335,
      "p_total_weight": 732.5460000000002,
      "d_total_weight": 39.956,
      "p_mean_taxability": 9.899270270270273,
      "d_mean_taxability": 6.6593333333333335,
      "p_total_taxability": 6461.1990000000005,
      "d_total_taxability": 355.311,
      "p_mean_volume": 0.26220270270270274,
      "d_mean_volume": 0.17783333333333332,
      "p_cumulative_priority": 26,
      "p_mean_priority": 0,
      "d_max_priority": 0,
      "used_volume": 0.23768282823333417,
      "used_weight": 0.03329754545454546
    }
  ],
  "weight": [
    {
      "iteration": 1,
      "time": "6.457787752151489",
      "p_mean_weight": 9.656274999999999,
      "d_mean_weight": 0.0,
      "p_total_weight": 772.502,
      "d_total_weight": 0.0,
      "p_mean_taxability": 9.656274999999999,
      "d_mean_taxability": 0.0,
      "p_total_taxability": 6816.51,
      "d_total_taxability": 0.0,
      "p_mean_volume": 0.25587499999999996,
      "d_mean_volume": 0.0,
      "p_cumulative_priority": 26,
      "p_mean_priority": 0,
      "d_max_priority": 0,
      "used_volume": 0.2507533625695176,
      "used_weight": 0.03511372727272727
    },
    {
      "iteration": 5,
      "time": "6.654916048049927",
      "p_mean_weight": 9.721076923076925,
      "d_mean_weight": 7.129,
      "p_total_weight": 758.2440000000001,
      "d_total_weight": 14.258,
      "p_mean_taxability": 9.721076923076925,
      "d_mean_taxability": 7.129,
      "p_total_taxability": 6678.647999999999,
      "d_total_taxability": 137.862,
      "p_mean_volume": 0.25712820512820517,
      "d_mean_volume": 0.207,
      "p_cumulative_priority": 26,
      "p_mean_priority": 0,
      "d_max_priority": 0,
      "used_volume": 0.24568194624788697,
      "used_weight": 0.03446563636363637
    },
    {
      "iteration": 4,
      "time": "6.280163764953613",
      "p_mean_weight": 9.747402597402598,
      "d_mean_weight": 7.317333333333334,
      "p_total_weight": 750.5500000000001,
      "d_total_weight": 21.952,
      "p_mean_taxability": 9.747402597402598,
      "d_mean_taxability": 7.317333333333334,
      "p_total_taxability": 6629.3640000000005,
      "d_total_taxability": 187.14600000000002,
      "p_mean_volume": 0.2585454545454546,
      "d_mean_volume": 0.18733333333333335,
      "p_cumulative_priority": 26,
      "p_mean_priority": 0,
      "d_max_priority": 0,
      "used_volume": 0.24386897616189335,
      "used_weight": 0.03411590909090909
    },
    {
      "iteration": 8,
      "time": "6.431679964065552",
      "p_mean_weight": 9.899270270270273,
      "d_mean_weight": 6.6593333333333335,
      "p_total_weight": 732.5460000000002,
      "d_total_weight": 39.956,
      "p_mean_taxability": 9.899270270270273,
      "d_mean_taxability": 6.6593333333333335,
      "p_total_taxability": 6461.1990000000005,
      "d_total_taxability": 355.311,
      "p_mean_volume": 0.26220270270270274,
      "d_mean_volume": 0.17783333333333332,
      "p_cumulative_priority": 26,
      "p_mean_priority": 0,
      "d_max_priority": 0,
      "used_volume": 0.23768282823333417,
      "used_weight": 0.03329754545454546
    },
    {
      "iteration": 0,
      "time": "6.223340034484863",
      "p_mean_weight": 9.724333333333334,
      "d_mean_weight": 8.6354,
      "p_total_weight": 729.325,
      "d_total_weight": 43.177,
      "p_mean_taxability": 9.724333333333334,
      "d_mean_taxability": 8.6354,
      "p_total_taxability": 6474.519,
      "d_total_taxability": 341.991,
      "p_mean_volume": 0.25923999999999997,
      "d_mean_volume": 0.20540000000000003,
      "p_cumulative_priority": 26,
      "p_mean_priority": 0,
      "d_max_priority": 0,
      "used_volume": 0.23817282014846752,
      "used_weight": 0.03315113636363637
    }
  ],
  "priority": [
    {
      "iteration": 0,
      "time": "6.223340034484863",
      "p_mean_weight": 9.724333333333334,
      "d_mean_weight": 8.6354,
      "p_total_weight": 729.325,
      "d_total_weight": 43.177,
      "p_mean_taxability": 9.724333333333334,
      "d_mean_taxability": 8.6354,
      "p_total_taxability": 6474.519,
      "d_total_taxability": 341.991,
      "p_mean_volume": 0.25923999999999997,
      "d_mean_volume": 0.20540000000000003,
      "p_cumulative_priority": 26,
      "p_mean_priority": 0,
      "d_max_priority": 0,
      "used_volume": 0.23817282014846752,
      "used_weight": 0.03315113636363637
    },
    {
      "iteration": 1,
      "time": "6.457787752151489",
      "p_mean_weight": 9.656274999999999,
      "d_mean_weight": 0.0,
      "p_total_weight": 772.502,
      "d_total_weight": 0.0,
      "p_mean_taxability": 9.656274999999999,
      "d_mean_taxability": 0.0,
      "p_total_taxability": 6816.51,
      "d_total_taxability": 0.0,
      "p_mean_volume": 0.25587499999999996,
      "d_mean_volume": 0.0,
      "p_cumulative_priority": 26,
      "p_mean_priority": 0,
      "d_max_priority": 0,
      "used_volume": 0.2507533625695176,
      "used_weight": 0.03511372727272727
    },
    {
      "iteration": 4,
      "time": "6.280163764953613",
      "p_mean_weight": 9.747402597402598,
      "d_mean_weight": 7.317333333333334,
      "p_total_weight": 750.5500000000001,
      "d_total_weight": 21.952,
      "p_mean_taxability": 9.747402597402598,
      "d_mean_taxability": 7.317333333333334,