{
  "volume": [
    {
      "iteration": 122,
      "time": "77.77589082717896",
      "n_placed": 128,
      "n_discard": 72,
      "p_mean_weight": 16.890765624999997,
      "d_mean_weight": 10.095027777777776,
      "p_median_weight": 17.658,
      "d_median_weight": 9.457,
      "p_std_weight": 5.983977725973817,
      "d_std_weight": 5.318612338804656,
      "p_total_weight": 2162.0179999999996,
      "d_total_weight": 726.8419999999999,
      "p_mean_taxability": 161.3671171875,
      "d_mean_taxability": 97.125,
      "p_total_taxability": 20654.991,
      "d_total_taxability": 6993.0,
      "p_mean_volume": 0.4845859375,
      "d_mean_volume": 0.2916666666666666,
      "p_median_volume": 0.491,
      "d_median_volume": 0.278,
      "p_std_volume": 0.18072751174482643,
      "d_std_volume": 0.14899749501628126,
      "p_total_volume": 62.027,
      "d_total_volume": 20.999999999999993,
      "d_max_priority": 0,
      "used_volume": 0.7598182129994855,
      "used_weight": 0.09827354545454543,
      "unload_obs": 0,
      "hs_cond": 1,
      "p_cond": 1
    },
    {
      "iteration": 334,
      "time": "91.75249028205872",
      "n_placed": 131,
      "n_discard": 69,
      "p_mean_weight": 16.55020610687023,
      "d_mean_weight": 10.44613043478261,
      "p_median_weight": 17.658,
      "d_median_weight": 9.457,
      "p_std_weight": 5.996034638014537,
      "d_std_weight": 5.849001769817208,
      "p_total_weight": 2168.077,
      "d_total_weight": 720.7830000000001,
      "p_mean_taxability": 157.06415267175575,
      "d_mean_taxability": 102.50126086956521,
      "p_total_taxability": 20575.404000000002,
      "d_total_taxability": 7072.5869999999995,
      "p_mean_volume": 0.4716641221374046,
      "d_mean_volume": 0.3078115942028984,
      "p_median_volume": 0.491,
      "d_median_volume": 0.278,
      "p_std_volume": 0.17984885152589927,
      "d_std_volume": 0.17239816050628426,
      "p_total_volume": 61.788000000000004,
      "d_total_volume": 21.23899999999999,
      "d_max_priority": 0,
      "used_volume": 0.7568905113065635,
      "used_weight": 0.09854895454545455,
      "unload_obs": 0,
      "hs_cond": 1,
      "p_cond": 1
    },
    {
      "iteration": 56,
      "time": "105.52611756324768",
      "n_placed": 131,
      "n_discard": 69,
      "p_mean_weight": 16.394519083969467,
      "d_mean_weight": 10.741710144927538,
      "p_median_weight": 17.658,
      "d_median_weight": 12.566,
      "p_std_weight": 6.695265330930215,
      "d_std_weight": 4.557602724154344,
      "p_total_weight": 2147.6820000000002,
      "d_total_weight": 741.1780000000001,
      "p_mean_taxability": 156.6370992366412,
      "d_mean_taxability": 103.31204347826088,
      "p_total_taxability": 20519.46,
      "d_total_taxability": 7128.531,
      "p_mean_volume": 0.470381679389313,
      "d_mean_volume": 0.31024637681159406,
      "p_median_volume": 0.491,
      "d_median_volume": 0.353,
      "p_std_volume": 0.20252606510370147,
      "d_std_volume": 0.11808588671425227,
      "p_total_volume": 61.620000000000005,
      "d_total_volume": 21.40699999999999,
      "d_max_priority": 0,
      "used_volume": 0.7548325452630033,
      "used_weight": 0.0976219090909091,
      "unload_obs": 0,
      "hs_cond": 1,
      "p_cond": 1
    },
    {
      "iteration": 80,
      "time": "113.6260986328125",
      "n_placed": 122,
      "n_discard": 78,
      "p_mean_weight": 17.640336065573766,
      "d_mean_weight": 9.445371794871797,
      "p_median_weight": 17.658,
      "d_median_weight": 9.457,
      "p_std_weight": 5.365837854227622,
      "d_std_weight": 5.102707211466025,
      "p_total_weight": 2152.1209999999996,
      "d_total_weight": 736.7390000000001,
      "p_mean_taxability": 167.85929508196722,
      "d_mean_taxability": 91.91226923076923,
      "p_total_taxability": 20478.834,
      "d_total_taxability": 7169.156999999999,
      "p_mean_volume": 0.5040819672131148,
      "d_mean_volume": 0.27601282051282033,
      "p_median_volume": 0.491,
      "d_median_volume": 0.274,
      "p_std_volume": 0.16825337986923294,
      "d_std_volume": 0.14137694788027286,
      "p_total_volume": 61.49800000000001,
      "d_total_volume": 21.528999999999986,
      "d_max_priority": 0,
      "used_volume": 0.7533380699218464,
      "used_weight": 0.0978236818181818,
      "unload_obs": 0,
      "hs_cond": 1,
      "p_cond": 1
    },
    {
      "iteration": 335,
      "time": "92.86995911598206",
      "n_placed": 127,
      "n_discard": 73,
      "p_mean_weight": 17.15012598425197,
      "d_mean_weight": 9.736904109589041,
      "p_median_weight": 17.658,
      "d_median_weight": 9.457,
      "p_std_weight": 5.733623713565785,
      "d_std_weight": 5.263141647777135,
      "p_total_weight": 2178.0660000000003,
      "d_total_weight": 710.794,
      "p_mean_taxability": 160.89406299212592,
      "d_mean_taxability": 98.82801369863012,
      "p_total_taxability": 20433.54599999999,
      "d_total_taxability": 7214.444999999999,
      "p_mean_volume": 0.48316535433070873,
      "d_mean_volume": 0.29678082191780814,
      "p_median_volume": 0.491,
      "d_median_volume": 0.274,
      "p_std_volume": 0.1774984356639999,
      "d_std_volume": 0.16069694100795778,
      "p_total_volume": 61.36200000000001,
      "d_total_volume": 21.664999999999992,
      "d_max_priority": 0,
      "used_volume": 0.7516720974103929,
      "used_weight": 0.09900300000000001,
      "unload_obs": 0,
      "hs_cond": 1,
      "p_cond": 1
    }
  ],
  "weight": [
    {
      "iteration": 335,
      "time": "92.86995911598206",
      "n_placed": 127,
      "n_discard": 73,
      "p_mean_weight": 17.15012598425197,
      "d_mean_weight": 9.736904109589041,
      "p_median_weight": 17.658,
      "d_median_weight": 9.457,
      "p_std_weight": 5.733623713565785,
      "d_std_weight": 5.263141647777135,
      "p_total_weight": 2178.0660000000003,
      "d_total_weight": 710.794,
      "p_mean_taxability": 160.89406299212592,
      "d_mean_taxability": 98.82801369863012,
      "p_total_taxability": 20433.54599999999,
      "d_total_taxability": 7214.444999999999,
      "p_mean_volume": 0.48316535433070873,
      "d_mean_volume": 0.29678082191780814,
      "p_median_volume": 0.491,
      "d_median_volume": 0.274,
      "p_std_volume": 0.1774984356639999,
      "d_std_volume": 0.16069694100795778,
      "p_total_volume": 61.36200000000001,
      "d_total_volume": 21.664999999999992,
      "d_max_priority": 0,
      "used_volume": 0.7516720974103929,
      "used_weight": 0.09900300000000001,
      "unload_obs": 0,
      "hs_cond": 1,
      "p_cond": 1
    },
    {
      "iteration": 334,
      "time": "91.75249028205872",
      "n_placed": 131,
      "n_discard": 69,
      "p_mean_weight": 16.55020610687023,
      "d_mean_weight": 10.44613043478261,
      "p_median_weight": 17.658,
      "d_median_weight": 9.457,
      "p_std_weight": 5.996034638014537,
      "d_std_weight": 5.849001769817208,
      "p_total_weight": 2168.077,
      "d_total_weight": 720.7830000000001,
      "p_mean_taxability": 157.06415267175575,
      "d_mean_taxability": 102.50126086956521,
      "p_total_taxability": 20575.404000000002,
      "d_total_taxability": 7072.5869999999995,
      "p_mean_volume": 0.4716641221374046,
      "d_mean_volume": 0.3078115942028984,
      "p_median_volume": 0.491,
      "d_median_volume": 0.278,
      "p_std_volume": 0.17984885152589927,
      "d_std_volume": 0.17239816050628426,
      "p_total_volume": 61.788000000000004,
      "d_total_volume": 21.23899999999999,
      "d_max_priority": 0,
      "used_volume": 0.7568905113065635,
      "used_weight": 0.09854895454545455,
      "unload_obs": 0,
      "hs_cond": 1,
      "p_cond": 1
    },
    {
      "iteration": 122,
      "time": "77.77589082717896",
      "n_placed": 128,
      "n_discard": 72,
      "p_mean_weight": 16.890765624999997,
      "d_mean_weight": 10.095027777777776,
      "p_median_weight": 17.658,