{
  "volume": [
    {
      "iteration": 34,
      "time": "17.936060190200806",
      "p_mean_weight": 17.79138,
      "d_mean_weight": 22.7283,
      "p_total_weight": 1779.1380000000001,
      "d_total_weight": 454.56600000000003,
      "p_mean_taxability": 153.38646,
      "d_mean_taxability": 207.4257,
      "p_total_taxability": 15338.646,
      "d_total_taxability": 4148.514,
      "p_mean_volume": 0.46062000000000003,
      "d_mean_volume": 0.6228999999999999,
      "p_total_volume": 46.062000000000005,
      "d_total_volume": 12.457999999999998,
      "p_cumulative_priority": 20.0,
      "p_mean_priority": 0.2,
      "d_max_priority": 0,
      "used_volume": 0.5642501898718671,
      "used_weight": 0.0808699090909091
    },
    {
      "iteration": 18,
      "time": "16.73981785774231",
      "p_mean_weight": 17.534278350515468,
      "d_mean_weight": 23.168652173913046,
      "p_total_weight": 1700.8250000000003,
      "d_total_weight": 532.879,
      "p_mean_taxability": 156.115206185567,
      "d_mean_taxability": 188.86891304347827,
      "p_total_taxability": 15143.175,
      "d_total_taxability": 4343.985000000001,
      "p_mean_volume": 0.4688144329896907,
      "d_mean_volume": 0.5671739130434783,
      "p_total_volume": 45.475,
      "d_total_volume": 13.045000000000002,
      "p_cumulative_priority": 20.0,
      "p_mean_priority": 0.20618556701030927,
      "d_max_priority": 0,
      "used_volume": 0.5570595585172845,
      "used_weight": 0.07731022727272728
    },
    {
      "iteration": 0,
      "time": "15.991997241973877",
      "p_mean_weight": 17.60006382978724,
      "d_mean_weight": 22.28069230769231,
      "p_total_weight": 1654.4060000000004,
      "d_total_weight": 579.298,
      "p_mean_taxability": 154.35258510638297,
      "d_mean_taxability": 191.4621923076923,
      "p_total_taxability": 14509.143,
      "d_total_taxability": 4978.017,
      "p_mean_volume": 0.46352127659574466,
      "d_mean_volume": 0.5749615384615385,
      "p_total_volume": 43.571,
      "d_total_volume": 14.949000000000002,
      "p_cumulative_priority": 20.0,
      "p_mean_priority": 0.2127659574468085,
      "d_max_priority": 0,
      "used_volume": 0.5337359433569345,
      "used_weight": 0.07520027272727274
    }
  ],
  "weight": [
    {
      "iteration": 34,
      "time": "17.936060190200806",
      "p_mean_weight": 17.79138,
      "d_mean_weight": 22.7283,
      "p_total_weight": 1779.1380000000001,
      "d_total_weight": 454.56600000000003,
      "p_mean_taxability": 153.38646,
      "d_mean_taxability": 207.4257,
      "p_total_taxability": 15338.646,
      "d_total_taxability": 4148.514,
      "p_mean_volume": 0.46062000000000003,
      "d_mean_volume": 0.6228999999999999,
      "p_total_volume": 46.062000000000005,
      "d_total_volume": 12.457999999999998,
      "p_cumulative_priority": 20.0,
      "p_mean_priority": 0.2,
      "d_max_priority": 0,
      "used_volume": 0.5642501898718671,
      "used_weight": 0.0808699090909091
    },
    {
      "iteration": 18,
      "time": "16.73981785774231",
      "p_mean_weight": 17.534278350515468,
      "d_mean_weight": 23.168652173913046,
      "p_total_weight": 1700.8250000000003,
      "d_total_weight": 532.879,
      "p_mean_taxability": 156.115206185567,
      "d_mean_taxability": 188.86891304347827,
      "p_total_taxability": 15143.175,
      "d_total_taxability": 4343.985000000001,
      "p_mean_volume": 0.4688144329896907,
      "d_mean_volume": 0.5671739130434783,
      "p_total_volume": 45.475,
      "d_total_volume": 13.045000000000002,
      "p_cumulative_priority": 20.0,
      "p_mean_priority": 0.20618556701030927,
      "d_max_priority": 0,
      "used_volume": 0.5570595585172845,
      "used_weight": 0.07731022727272728
    },
    {
      "iteration": 0,
      "time": "15.991997241973877",
      "p_mean_weight": 17.60006382978724,
      "d_mean_weight": 22.28069230769231,
      "p_total_weight": 1654.4060000000004,
      "d_total_weight": 579.298,
      "p_mean_taxability": 154.35258510638297,
      "d_mean_taxability": 191.4621923076923,
      "p_total_taxability": 14509.143,
      "d_total_taxability": 4978.017,
      "p_mean_volume": 0.46352127659574466,
      "d_mean_volume": 0.5749615384615385,
      "p_total_volume": 43.571,
      "d_total_volume": 14.949000000000002,
      "p_cumulative_priority": 20.0,
      "p_mean_priority": 0.2127659574468085,
      "d_max_priority": 0,
      "used_volume": 0.5337359433569345,
      "used_weight": 0.07520027272727274
    }
  ],
  "priority": [
    {
      "iteration": 0,
      "time": "15.991997241973877",
      "p_mean_weight": 17.60006382978724,
      "d_mean_weight": 22.28069230769231,
      "p_total_weight": 1654.4060000000004,
      "d_total_weight": 579.298,
      "p_mean_taxability": 154.35258510638297,
      "d_mean_taxability": 191.4621923076923,
      "p_total_taxability": 14509.143,
      "d_total_taxability": 4978.017,
      "p_mean_volume": 0.46352127659574466,
      "d_mean_volume": 0.5749615384615385,
      "p_total_volume": 43.571,
      "d_total_volume": 14.949000000000002,
      "p_cumulative_priority": 20.0,
      "p_mean_priority": 0.2127659574468085,
      "d_max_priority": 0,
      "used_volume": 0.5337359433569345,
      "used_weight": 0.07520027272727274
    },
    {
      "iteration": 18,
      "time": "16.73981785774231",
      "p_mean_weight": 17.534278350515468,
      "d_mean_weight": 23.168652173913046,
      "p_total_weight": 1700.8250000000003,
      "d_total_weight": 532.879,
      "p_mean_taxability": 156.115206185567,
      "d_mean_taxability": 188.86891304347827,
      "p_total_taxability": 15143.175,
      "d_total_taxability": 4343.985000000001,
      "p_mean_volume": 0.4688144329896907,
      "d_mean_volume": 0.5671739130434783,
      "p_total_volume": 45.475,
      "d_total_volume": 13.045000000000002,
      "p_cumulative_priority": 20.0,
      "p_mean_priority": 0.20618556701030927,
      "d_max_priority": 0,
      "used_volume": 0.5570595585172845,
      "used_weight": 0.07731022727272728
    },
    {
      "iteration": 34,
      "time": "17.936060190200806",
      "p_mean_weight": 17.79138,
      "d_mean_weight": 22.7283,
      "p_total_weight": 1779.1380000000001,
      "d_total_weight": 454.56600000000003,
      "p_mean_taxability": 153.38646,
      "d_mean_taxability": 207.4257,
      "p_total_taxability": 15338.646,
      "d_total_taxability": 4148.514,
      "p_mean_volume": 0.46062000000000003,
      "d_mean_volume": 0.6228999999999999,
      "p_total_volume": 46.062000000000005,
      "d_total_volume": 12.457999999999998,
      "p_cumulative_priority": 20.0,
      "p_mean_priority": 0.2,
      "d_max_priority": 0,
      "used_volume": 0.5642501898718671,
      "used_weight": 0.0808699090909091
    }
  ],
  "taxability": [
    {
      "iteration": 34,
      "time": "17.936060190200806",
      "p_mean_weight": 17.79138,
      "d_mean_weight": 22.7283,
      "p_total_weight": 1779.1380000000001,
      "d_total_weight": 454.56600000000003,
      "p_mean_taxability": 153.38646,
      "d_mean_taxability": 207.4257,
      "p_total_taxability": 15338.646,
      "d_total_taxability": 4148.514,
      "p_mean_volume": 0.46062000000000003,
      "d_mean_volume": 0.6228999999999999,
      "p_total_volume": 46.062000000000005,
      "d_total_volume": 12.457999999999998,
      "p_cumulative_priority": 20.0,
      "p_mean_priority": 0.2,
      "d_max_priority": 0,
      "used_volume": 0.5642501898718671,
      "used_weight": 0.0808699090909091
    },
    {
      "iteration": 18,
      "time": "16.73981785774231",
      "p_mean_weight": 17.534278350515468,
      "d_mean_weight": 23.168652173913046,
      "p_total_weight": 1700.8250000000003,
      "d_total_weight": 532.879,
      "p_mean_taxability": 156.115206185567,
      "d_mean_taxability": 188.86891304347827,
      "p_total_taxability": 15143.175,
      "d_total_taxability": 4343.985000000001,
      "p_mean_volume": 0.4688144329896907,