{
  "volume": [
    {
      "iteration": 388,
      "time": "73.82842230796814",
      "p_mean_weight": 15.370198630136986,
      "d_mean_weight": 11.940944444444447,
      "p_median_weight": 13.95,
      "d_median_weight": 13.191,
      "p_std_weight": 6.517883909431472,
      "d_std_weight": 6.235212929794317,
      "p_total_weight": 2244.049,
      "d_total_weight": 644.8110000000001,
      "p_mean_taxability": 142.42364383561642,
      "d_mean_taxability": 126.9285,
      "p_total_taxability": 20793.852,
      "d_total_taxability": 6854.139,
      "p_mean_volume": 0.42769863013698634,
      "d_mean_volume": 0.38116666666666643,
      "p_median_volume": 0.415,
      "d_median_volume": 0.353,
      "p_std_volume": 0.19222312358165924,
      "d_std_volume": 0.19407650213059097,
      "p_total_volume": 62.444,
      "d_total_volume": 20.582999999999988,
      "d_max_priority": 0,
      "used_volume": 0.7649263787147512,
      "used_weight": 0.10200222727272727,
      "hs_cond": 1,
      "p_cond": 1
    },
    {
      "iteration": 476,
      "time": "68.13373470306396",
      "p_mean_weight": 17.0754375,
      "d_mean_weight": 9.76672222222222,
      "p_median_weight": 17.658,
      "d_median_weight": 9.457,
      "p_std_weight": 5.972328554112518,
      "d_std_weight": 4.882723025843761,
      "p_total_weight": 2185.656,
      "d_total_weight": 703.204,
      "p_mean_taxability": 162.22042968750003,
      "d_mean_taxability": 95.60799999999999,
      "p_total_taxability": 20764.215000000004,
      "d_total_taxability": 6883.775999999999,
      "p_mean_volume": 0.4871484375000001,
      "d_mean_volume": 0.2871111111111111,
      "p_median_volume": 0.491,
      "d_median_volume": 0.274,
      "p_std_volume": 0.17799531489206008,
      "d_std_volume": 0.14878858766204603,
      "p_total_volume": 62.35500000000001,
      "d_total_volume": 20.671999999999997,
      "d_max_priority": 0,
      "used_volume": 0.7638361467035796,
      "used_weight": 0.09934799999999999,
      "hs_cond": 1,
      "p_cond": 1
    },
    {
      "iteration": 53,
      "time": "69.24849915504456",
      "p_mean_weight": 16.56153435114504,
      "d_mean_weight": 10.4246231884058,
      "p_median_weight": 17.658,
      "d_median_weight": 12.566,
      "p_std_weight": 6.111346592512236,
      "d_std_weight": 5.592371245727757,
      "p_total_weight": 2169.561,
      "d_total_weight": 719.2990000000002,
      "p_mean_taxability": 157.66660305343513,
      "d_mean_taxability": 101.35747826086956,
      "p_total_taxability": 20654.325,
      "d_total_taxability": 6993.665999999999,
      "p_mean_volume": 0.4734732824427481,
      "d_mean_volume": 0.3043768115942027,
      "p_median_volume": 0.491,
      "d_median_volume": 0.274,
      "p_std_volume": 0.17807843251453837,
      "d_std_volume": 0.17254608092514226,
      "p_total_volume": 62.025000000000006,
      "d_total_volume": 21.00199999999999,
      "d_max_priority": 0,
      "used_volume": 0.7597937134037289,
      "used_weight": 0.0986164090909091,
      "hs_cond": 1,
      "p_cond": 1
    },
    {
      "iteration": 25,
      "time": "75.19732093811035",
      "p_mean_weight": 14.924671140939596,
      "d_mean_weight": 13.04086274509804,
      "p_median_weight": 13.95,
      "d_median_weight": 13.95,
      "p_std_weight": 6.804270720144289,
      "d_std_weight": 5.826067181279694,
      "p_total_weight": 2223.776,
      "d_total_weight": 665.0840000000001,
      "p_mean_taxability": 137.69438255033555,
      "d_mean_taxability": 139.83388235294117,
      "p_total_taxability": 20516.462999999996,
      "d_total_taxability": 7131.527999999999,
      "p_mean_volume": 0.413496644295302,
      "d_mean_volume": 0.4199215686274508,
      "p_median_volume": 0.415,
      "d_median_volume": 0.415,
      "p_std_volume": 0.19840800932507446,
      "d_std_volume": 0.1795353829346466,
      "p_total_volume": 61.61099999999999,
      "d_total_volume": 21.41599999999999,
      "d_max_priority": 0,
      "used_volume": 0.754722297082098,
      "used_weight": 0.10108072727272727,
      "hs_cond": 1,
      "p_cond": 1
    },
    {
      "iteration": 374,
      "time": "71.02748489379883",
      "p_mean_weight": 16.70128682170543,
      "d_mean_weight": 10.343577464788735,
      "p_median_weight": 17.658,
      "d_median_weight": 12.566,
      "p_std_weight": 6.346507738258743,
      "d_std_weight": 4.895254278123345,
      "p_total_weight": 2154.4660000000003,
      "d_total_weight": 734.3940000000002,
      "p_mean_taxability": 158.28858139534887,
      "d_mean_taxability": 101.81357746478874,
      "p_total_taxability": 20419.227000000003,
      "d_total_taxability": 7228.764,
      "p_mean_volume": 0.47534108527131785,
      "d_mean_volume": 0.3057464788732392,
      "p_median_volume": 0.491,
      "d_median_volume": 0.278,
      "p_std_volume": 0.18812182290191107,
      "d_std_volume": 0.15082049105853898,
      "p_total_volume": 61.319,
      "d_total_volume": 21.707999999999984,
      "d_max_priority": 0,
      "used_volume": 0.7511453561016244,
      "used_weight": 0.09793027272727274,
      "hs_cond": 1,
      "p_cond": 1
    }
  ],
  "weight": [
    {
      "iteration": 388,
      "time": "73.82842230796814",
      "p_mean_weight": 15.370198630136986,
      "d_mean_weight": 11.940944444444447,
      "p_median_weight": 13.95,
      "d_median_weight": 13.191,
      "p_std_weight": 6.517883909431472,
      "d_std_weight": 6.235212929794317,
      "p_total_weight": 2244.049,
      "d_total_weight": 644.8110000000001,
      "p_mean_taxability": 142.42364383561642,
      "d_mean_taxability": 126.9285,
      "p_total_taxability": 20793.852,
      "d_total_taxability": 6854.139,
      "p_mean_volume": 0.42769863013698634,
      "d_mean_volume": 0.38116666666666643,
      "p_median_volume": 0.415,
      "d_median_volume": 0.353,
      "p_std_volume": 0.19222312358165924,
      "d_std_volume": 0.19407650213059097,
      "p_total_volume": 62.444,
      "d_total_volume": 20.582999999999988,
      "d_max_priority": 0,
      "used_volume": 0.7649263787147512,
      "used_weight": 0.10200222727272727,
      "hs_cond": 1,
      "p_cond": 1
    },
    {
      "iteration": 25,
      "time": "75.19732093811035",
      "p_mean_weight": 14.924671140939596,
      "d_mean_weight": 13.04086274509804,
      "p_median_weight": 13.95,
      "d_median_weight": 13.95,
      "p_std_weight": 6.804270720144289,
      "d_std_weight": 5.826067181279694,
      "p_total_weight": 2223.776,
      "d_total_weight": 665.0840000000001,
      "p_mean_taxability": 137.69438255033555,
      "d_mean_taxability": 139.83388235294117,
      "p_total_taxability": 20516.462999999996,
      "d_total_taxability": 7131.527999999999,
      "p_mean_volume": 0.413496644295302,
      "d_mean_volume": 0.4199215686274508,
      "p_median_volume": 0.415,
      "d_median_volume": 0.415,
      "p_std_volume": 0.19840800932507446,
      "d_std_volume": 0.1795353829346466,
      "p_total_volume": 61.61099999999999,
      "d_total_volume": 21.41599999999999,
      "d_max_priority": 0,
      "used_volume": 0.754722297082098,
      "used_weight": 0.10108072727272727,
      "hs_cond": 1,
      "p_cond": 1
    },
    {
      "iteration": 215,
      "time": "71.2099220752716",
      "p_mean_weight": 14.08015923566879,
      "d_mean_weight": 15.773837209302327,
      "p_median_weight": 13.95,
      "d_median_weight": 13.95,
      "p_std_weight": 6.7440693780360474,
      "d_std_weight": 5.960210446629071,
      "p_total_weight": 2210.585,
      "d_total_weight": 678.2750000000001,
      "p_mean_taxability": 129.91242038216555,
      "d_mean_taxability": 168.6451395348837,
      "p_total_taxability": 20396.249999999993,
      "d_total_taxability": 7251.740999999999,
      "p_mean_volume": 0.39012738853503176,
      "d_mean_volume": 0.5064418604651162,
      "p_median_volume": 0.415,
      "d_median_volume": 0.415,
      "p_std_volume": 0.18731598580989134,
      "d_std_volume": 0.18955189041094003,