{
  "volume": [
    {
      "iteration": 61,
      "time": "17.06209087371826",
      "p_mean_weight": 17.877489795918372,
      "d_mean_weight": 21.89590909090909,
      "p_total_weight": 1751.9940000000004,
      "d_total_weight": 481.71,
      "p_mean_taxability": 158.36188775510203,
      "d_mean_taxability": 180.34977272727272,
      "p_total_taxability": 15519.465,
      "d_total_taxability": 3967.6949999999997,
      "p_mean_volume": 0.4755612244897959,
      "d_mean_volume": 0.541590909090909,
      "p_total_volume": 46.605,
      "d_total_volume": 11.915,
      "p_cumulative_priority": 16.0,
      "p_mean_priority": 0.16326530612244897,
      "d_max_priority": 1,
      "used_volume": 0.570901830119803,
      "used_weight": 0.07963609090909092
    },
    {
      "iteration": 29,
      "time": "17.048392057418823",
      "p_mean_weight": 17.96730612244898,
      "d_mean_weight": 21.495818181818183,
      "p_total_weight": 1760.7960000000003,
      "d_total_weight": 472.908,
      "p_mean_taxability": 157.56336734693878,
      "d_mean_taxability": 183.90681818181818,
      "p_total_taxability": 15441.210000000001,
      "d_total_taxability": 4045.95,
      "p_mean_volume": 0.4731632653061225,
      "d_mean_volume": 0.5522727272727272,
      "p_total_volume": 46.370000000000005,
      "d_total_volume": 12.15,
      "p_cumulative_priority": 16.0,
      "p_mean_priority": 0.16326530612244897,
      "d_max_priority": 1,
      "used_volume": 0.5680231276183944,
      "used_weight": 0.08003618181818183
    },
    {
      "iteration": 42,
      "time": "20.506428956985474",
      "p_mean_weight": 18.657621052631583,
      "d_mean_weight": 18.4492,
      "p_total_weight": 1772.4740000000004,
      "d_total_weight": 461.23,
      "p_mean_taxability": 162.1184210526316,
      "d_mean_taxability": 163.43640000000002,
      "p_total_taxability": 15401.25,
      "d_total_taxability": 4085.9100000000003,
      "p_mean_volume": 0.48684210526315796,
      "d_mean_volume": 0.4907999999999999,
      "p_total_volume": 46.25000000000001,
      "d_total_volume": 12.269999999999998,
      "p_cumulative_priority": 17.0,
      "p_mean_priority": 0.17894736842105263,
      "d_max_priority": 1,
      "used_volume": 0.5665531518729942,
      "used_weight": 0.08056700000000001
    },
    {
      "iteration": 60,
      "time": "16.563710927963257",
      "p_mean_weight": 18.17301030927835,
      "d_mean_weight": 20.47486956521739,
      "p_total_weight": 1762.782,
      "d_total_weight": 470.92199999999997,
      "p_mean_taxability": 158.5388969072165,
      "d_mean_taxability": 178.6472608695652,
      "p_total_taxability": 15378.273000000001,
      "d_total_taxability": 4108.887,
      "p_mean_volume": 0.4760927835051546,
      "d_mean_volume": 0.5364782608695652,
      "p_total_volume": 46.181,
      "d_total_volume": 12.338999999999999,
      "p_cumulative_priority": 18.0,
      "p_mean_priority": 0.18556701030927836,
      "d_max_priority": 1,
      "used_volume": 0.565707915819389,
      "used_weight": 0.08012645454545454
    },
    {
      "iteration": 34,
      "time": "17.936060190200806",
      "p_mean_weight": 17.79138,
      "d_mean_weight": 22.7283,
      "p_total_weight": 1779.1380000000001,
      "d_total_weight": 454.56600000000003,
      "p_mean_taxability": 153.38646,
      "d_mean_taxability": 207.4257,
      "p_total_taxability": 15338.646,
      "d_total_taxability": 4148.514,
      "p_mean_volume": 0.46062000000000003,
      "d_mean_volume": 0.6228999999999999,
      "p_total_volume": 46.062000000000005,
      "d_total_volume": 12.457999999999998,
      "p_cumulative_priority": 20.0,
      "p_mean_priority": 0.2,
      "d_max_priority": 0,
      "used_volume": 0.5642501898718671,
      "used_weight": 0.0808699090909091
    }
  ],
  "weight": [
    {
      "iteration": 34,
      "time": "17.936060190200806",
      "p_mean_weight": 17.79138,
      "d_mean_weight": 22.7283,
      "p_total_weight": 1779.1380000000001,
      "d_total_weight": 454.56600000000003,
      "p_mean_taxability": 153.38646,
      "d_mean_taxability": 207.4257,
      "p_total_taxability": 15338.646,
      "d_total_taxability": 4148.514,
      "p_mean_volume": 0.46062000000000003,
      "d_mean_volume": 0.6228999999999999,
      "p_total_volume": 46.062000000000005,
      "d_total_volume": 12.457999999999998,
      "p_cumulative_priority": 20.0,
      "p_mean_priority": 0.2,
      "d_max_priority": 0,
      "used_volume": 0.5642501898718671,
      "used_weight": 0.0808699090909091
    },
    {
      "iteration": 42,
      "time": "20.506428956985474",
      "p_mean_weight": 18.657621052631583,
      "d_mean_weight": 18.4492,
      "p_total_weight": 1772.4740000000004,
      "d_total_weight": 461.23,
      "p_mean_taxability": 162.1184210526316,
      "d_mean_taxability": 163.43640000000002,
      "p_total_taxability": 15401.25,
      "d_total_taxability": 4085.9100000000003,
      "p_mean_volume": 0.48684210526315796,
      "d_mean_volume": 0.4907999999999999,
      "p_total_volume": 46.25000000000001,
      "d_total_volume": 12.269999999999998,
      "p_cumulative_priority": 17.0,
      "p_mean_priority": 0.17894736842105263,
      "d_max_priority": 1,
      "used_volume": 0.5665531518729942,
      "used_weight": 0.08056700000000001
    },
    {
      "iteration": 60,
      "time": "16.563710927963257",
      "p_mean_weight": 18.17301030927835,
      "d_mean_weight": 20.47486956521739,
      "p_total_weight": 1762.782,
      "d_total_weight": 470.92199999999997,
      "p_mean_taxability": 158.5388969072165,
      "d_mean_taxability": 178.6472608695652,
      "p_total_taxability": 15378.273000000001,
      "d_total_taxability": 4108.887,
      "p_mean_volume": 0.4760927835051546,
      "d_mean_volume": 0.5364782608695652,
      "p_total_volume": 46.181,
      "d_total_volume": 12.338999999999999,
      "p_cumulative_priority": 18.0,
      "p_mean_priority": 0.18556701030927836,
      "d_max_priority": 1,
      "used_volume": 0.565707915819389,
      "used_weight": 0.08012645454545454
    },
    {
      "iteration": 29,
      "time": "17.048392057418823",
      "p_mean_weight": 17.96730612244898,
      "d_mean_weight": 21.495818181818183,
      "p_total_weight": 1760.7960000000003,
      "d_total_weight": 472.908,
      "p_mean_taxability": 157.56336734693878,
      "d_mean_taxability": 183.90681818181818,
      "p_total_taxability": 15441.210000000001,
      "d_total_taxability": 4045.95,
      "p_mean_volume": 0.4731632653061225,
      "d_mean_volume": 0.5522727272727272,
      "p_total_volume": 46.370000000000005,
      "d_total_volume": 12.15,
      "p_cumulative_priority": 16.0,
      "p_mean_priority": 0.16326530612244897,
      "d_max_priority": 1,
      "used_volume": 0.5680231276183944,
      "used_weight": 0.08003618181818183
    },
    {
      "iteration": 61,
      "time": "17.06209087371826",
      "p_mean_weight": 17.877489795918372,
      "d_mean_weight": 21.89590909090909,
      "p_total_weight": 1751.9940000000004,
      "d_total_weight": 481.71,
      "p_mean_taxability": 158.36188775510203,
      "d_mean_taxability": 180.34977272727272,
      "p_total_taxability": 15519.465,
      "d_total_taxability": 3967.6949999999997,
      "p_mean_volume": 0.4755612244897959,
      "d_mean_volume": 0.541590909090909,
      "p_total_volume": 46.605,
      "d_total_volume": 11.915,
      "p_cumulative_priority": 16.0,
      "p_mean_priority": 0.16326530612244897,
      "d_max_priority": 1,
      "used_volume": 0.570901830119803,
      "used_weight": 0.07963609090909092
    }
  ],
  "priority": [
    {
      "iteration": 0,
      "time": "15.991997241973877",
      "p_mean_weight": 17.60006382978724,
      "d_mean_weight": 22.28069230769231,
      "p_total_weight": 1654.4060000000004,
      "d_total_weight": 579.298,
      "p_mean_taxability": 154.35258510638297,
      "d_mean_taxability": 191.4621923076923,
      "p_total_taxability": 14509.143,