{
  "volume": [
    {
      "iteration": 31,
      "time": "15.512314081192017",
      "p_mean_weight": 18.599221153846152,
      "d_mean_weight": 18.7115625,
      "p_total_weight": 1934.319,
      "d_total_weight": 299.385,
      "p_mean_taxability": 163.15399038461538,
      "d_mean_taxability": 157.44656249999997,
      "p_total_taxability": 16968.015,
      "d_total_taxability": 2519.1449999999995,
      "p_mean_volume": 0.48995192307692303,
      "d_mean_volume": 0.47281249999999997,
      "p_total_volume": 50.955,
      "d_total_volume": 7.5649999999999995,
      "p_cumulative_priority": 19.0,
      "p_mean_priority": 0.18269230769230768,
      "d_max_priority": 1,
      "used_volume": 0.6241884508905603,
      "used_weight": 0.08792359090909091
    },
    {
      "iteration": 18,
      "time": "14.40761113166809",
      "p_mean_weight": 18.601411764705887,
      "d_mean_weight": 18.686666666666667,
      "p_total_weight": 1897.3440000000005,
      "d_total_weight": 336.36,
      "p_mean_taxability": 161.71720588235294,
      "d_mean_taxability": 166.22249999999997,
      "p_total_taxability": 16495.155,
      "d_total_taxability": 2992.0049999999997,
      "p_mean_volume": 0.48563725490196075,
      "d_mean_volume": 0.49916666666666676,
      "p_total_volume": 49.535,
      "d_total_volume": 8.985000000000001,
      "p_cumulative_priority": 19.0,
      "p_mean_priority": 0.18627450980392157,
      "d_max_priority": 1,
      "used_volume": 0.6067937379033246,
      "used_weight": 0.08624290909090912
    },
    {
      "iteration": 47,
      "time": "16.927104949951172",
      "p_mean_weight": 18.573234693877552,
      "d_mean_weight": 18.796681818181817,
      "p_total_weight": 1820.1770000000001,
      "d_total_weight": 413.527,
      "p_mean_taxability": 163.7714387755102,
      "d_mean_taxability": 156.25268181818183,
      "p_total_taxability": 16049.600999999999,
      "d_total_taxability": 3437.559,
      "p_mean_volume": 0.49180612244897964,
      "d_mean_volume": 0.4692272727272726,
      "p_total_volume": 48.197,
      "d_total_volume": 10.322999999999997,
      "p_cumulative_priority": 17.0,
      "p_mean_priority": 0.17346938775510204,
      "d_max_priority": 1,
      "used_volume": 0.5904035083421124,
      "used_weight": 0.08273531818181819
    },
    {
      "iteration": 23,
      "time": "14.861608982086182",
      "p_mean_weight": 18.47966666666667,
      "d_mean_weight": 19.24842857142857,
      "p_total_weight": 1829.4870000000003,
      "d_total_weight": 404.217,
      "p_mean_taxability": 162.07345454545452,
      "d_mean_taxability": 163.89942857142856,
      "p_total_taxability": 16045.271999999997,
      "d_total_taxability": 3441.888,
      "p_mean_volume": 0.4867070707070707,
      "d_mean_volume": 0.4921904761904761,
      "p_total_volume": 48.184,
      "d_total_volume": 10.335999999999999,
      "p_cumulative_priority": 18.0,
      "p_mean_priority": 0.18181818181818182,
      "d_max_priority": 1,
      "used_volume": 0.590244260969694,
      "used_weight": 0.08315850000000001
    },
    {
      "iteration": 8,
      "time": "14.01395297050476",
      "p_mean_weight": 18.629907216494846,
      "d_mean_weight": 18.547956521739128,
      "p_total_weight": 1807.101,
      "d_total_weight": 426.6029999999999,
      "p_mean_taxability": 164.42990721649485,
      "d_mean_taxability": 153.8025652173913,
      "p_total_taxability": 15949.701000000001,
      "d_total_taxability": 3537.4590000000003,
      "p_mean_volume": 0.49378350515463915,
      "d_mean_volume": 0.4618695652173914,
      "p_total_volume": 47.897,
      "d_total_volume": 10.623000000000003,
      "p_cumulative_priority": 17.0,
      "p_mean_priority": 0.17525773195876287,
      "d_max_priority": 1,
      "used_volume": 0.5867285689786118,
      "used_weight": 0.08214095454545454
    }
  ],
  "weight": [
    {
      "iteration": 31,
      "time": "15.512314081192017",
      "p_mean_weight": 18.599221153846152,
      "d_mean_weight": 18.7115625,
      "p_total_weight": 1934.319,
      "d_total_weight": 299.385,
      "p_mean_taxability": 163.15399038461538,
      "d_mean_taxability": 157.44656249999997,
      "p_total_taxability": 16968.015,
      "d_total_taxability": 2519.1449999999995,
      "p_mean_volume": 0.48995192307692303,
      "d_mean_volume": 0.47281249999999997,
      "p_total_volume": 50.955,
      "d_total_volume": 7.5649999999999995,
      "p_cumulative_priority": 19.0,
      "p_mean_priority": 0.18269230769230768,
      "d_max_priority": 1,
      "used_volume": 0.6241884508905603,
      "used_weight": 0.08792359090909091
    },
    {
      "iteration": 18,
      "time": "14.40761113166809",
      "p_mean_weight": 18.601411764705887,
      "d_mean_weight": 18.686666666666667,
      "p_total_weight": 1897.3440000000005,
      "d_total_weight": 336.36,
      "p_mean_taxability": 161.71720588235294,
      "d_mean_taxability": 166.22249999999997,
      "p_total_taxability": 16495.155,
      "d_total_taxability": 2992.0049999999997,
      "p_mean_volume": 0.48563725490196075,
      "d_mean_volume": 0.49916666666666676,
      "p_total_volume": 49.535,
      "d_total_volume": 8.985000000000001,
      "p_cumulative_priority": 19.0,
      "p_mean_priority": 0.18627450980392157,
      "d_max_priority": 1,
      "used_volume": 0.6067937379033246,
      "used_weight": 0.08624290909090912
    },
    {
      "iteration": 9,
      "time": "15.217044830322266",
      "p_mean_weight": 18.35906,
      "d_mean_weight": 19.8899,
      "p_total_weight": 1835.906,
      "d_total_weight": 397.798,
      "p_mean_taxability": 158.67782999999997,
      "d_mean_taxability": 180.96885,
      "p_total_taxability": 15867.782999999998,
      "d_total_taxability": 3619.377,
      "p_mean_volume": 0.47651000000000004,
      "d_mean_volume": 0.5434499999999999,
      "p_total_volume": 47.651,
      "d_total_volume": 10.868999999999998,
      "p_cumulative_priority": 18.0,
      "p_mean_priority": 0.18,
      "d_max_priority": 1,
      "used_volume": 0.5837151187005415,
      "used_weight": 0.08345027272727272
    },
    {
      "iteration": 17,
      "time": "13.67261290550232",
      "p_mean_weight": 18.35443,
      "d_mean_weight": 19.91305,
      "p_total_weight": 1835.443,
      "d_total_weight": 398.26099999999997,
      "p_mean_taxability": 159.31053,
      "d_mean_taxability": 177.80534999999998,
      "p_total_taxability": 15931.053,
      "d_total_taxability": 3556.1069999999995,
      "p_mean_volume": 0.47840999999999995,
      "d_mean_volume": 0.5339500000000001,
      "p_total_volume": 47.840999999999994,
      "d_total_volume": 10.679000000000002,
      "p_cumulative_priority": 17.0,
      "p_mean_priority": 0.17,
      "d_max_priority": 1,
      "used_volume": 0.5860425802974251,
      "used_weight": 0.08342922727272727
    },
    {
      "iteration": 26,
      "time": "15.036648273468018",
      "p_mean_weight": 18.673204081632655,
      "d_mean_weight": 18.351363636363633,
      "p_total_weight": 1829.9740000000002,
      "d_total_weight": 403.72999999999996,
      "p_mean_taxability": 162.05207142857145,
      "d_mean_taxability": 163.91168181818182,
      "p_total_taxability": 15881.103000000001,
      "d_total_taxability": 3606.057,
      "p_mean_volume": 0.48664285714285715,
      "d_mean_volume": 0.49222727272727274,
      "p_total_volume": 47.691,
      "d_total_volume": 10.829,
      "p_cumulative_priority": 18.0,
      "p_mean_priority": 0.1836734693877551,
      "d_max_priority": 1,
      "used_volume": 0.5842051106156748,
      "used_weight": 0.08318063636363637
    }
  ],
  "priority": [
    {
      "iteration": 21,
      "time": "14.589009761810303",
      "p_mean_weight": 17.97560204081633,
      "d_mean_weight": 21.45886363636364,
      "p_total_weight": 1761.6090000000004,
      "d_total_weight": 472.095,
      "p_mean_taxability": 156.0240918367347,
      "d_mean_taxability": 190.76359090909088,
      "p_total_taxability": 15290.361,