{
  "volume": [
    {
      "iteration": 136,
      "time": "474.5350320339203",
      "n_placed": 273,
      "n_discard": 127,
      "p_mean_weight": 8.63295238095238,
      "d_mean_weight": 5.523456692913386,
      "p_median_weight": 7.863,
      "d_median_weight": 4.611,
      "p_std_weight": 6.276069641778952,
      "d_std_weight": 3.1434795874572505,
      "p_total_weight": 2356.796,
      "d_total_weight": 701.4789999999999,
      "p_mean_taxability": 78.88806593406593,
      "d_mean_taxability": 51.077480314960624,
      "p_total_taxability": 21536.442,
      "d_total_taxability": 6486.839999999999,
      "p_mean_volume": 0.23690109890109887,
      "d_mean_volume": 0.15338582677165366,
      "p_median_volume": 0.189,
      "d_median_volume": 0.127,
      "p_std_volume": 0.18135063463525983,
      "d_std_volume": 0.07902119941038269,
      "p_total_volume": 64.67399999999999,
      "d_total_volume": 19.480000000000015,
      "d_max_priority": 0,
      "used_volume": 0.7922434279834382,
      "used_weight": 0.10712709090909091,
      "unload_obs": 0,
      "hs_cond": 1,
      "p_cond": 1
    },
    {
      "iteration": 12,
      "time": "549.01638007164",
      "n_placed": 279,
      "n_discard": 121,
      "p_mean_weight": 8.352,
      "d_mean_weight": 6.017082644628099,
      "p_median_weight": 6.894,
      "d_median_weight": 4.639,
      "p_std_weight": 6.1568539330179,
      "d_std_weight": 3.8716293804778905,
      "p_total_weight": 2330.208,
      "d_total_weight": 728.0669999999999,
      "p_mean_taxability": 76.76545161290322,
      "d_mean_taxability": 54.59273553719009,
      "p_total_taxability": 21417.560999999998,
      "d_total_taxability": 6605.7210000000005,
      "p_mean_volume": 0.2305268817204301,
      "d_mean_volume": 0.1639421487603306,
      "p_median_volume": 0.178,
      "d_median_volume": 0.127,
      "p_std_volume": 0.17622073253999374,
      "d_std_volume": 0.10526856902867232,
      "p_total_volume": 64.317,
      "d_total_volume": 19.837000000000003,
      "d_max_priority": 0,
      "used_volume": 0.7878702501408726,
      "used_weight": 0.10591854545454546,
      "unload_obs": 0,
      "hs_cond": 1,
      "p_cond": 1
    },
    {
      "iteration": 63,
      "time": "517.4703462123871",
      "n_placed": 273,
      "n_discard": 127,
      "p_mean_weight": 8.488945054945054,
      "d_mean_weight": 5.833015748031494,
      "p_median_weight": 7.863,
      "d_median_weight": 4.639,
      "p_std_weight": 6.150257480913199,
      "d_std_weight": 3.880114715584997,
      "p_total_weight": 2317.482,
      "d_total_weight": 740.7929999999998,
      "p_mean_taxability": 78.40747252747252,
      "d_mean_taxability": 52.11056692913387,
      "p_total_taxability": 21405.239999999998,
      "d_total_taxability": 6618.042000000001,
      "p_mean_volume": 0.23545787545787547,
      "d_mean_volume": 0.15648818897637806,
      "p_median_volume": 0.189,
      "d_median_volume": 0.127,
      "p_std_volume": 0.1774530775341811,
      "d_std_volume": 0.09885004404955482,
      "p_total_volume": 64.28,
      "d_total_volume": 19.874000000000013,
      "d_max_priority": 0,
      "used_volume": 0.7874170076193743,
      "used_weight": 0.10534009090909091,
      "unload_obs": 0,
      "hs_cond": 1,
      "p_cond": 1
    },
    {
      "iteration": 90,
      "time": "493.98372077941895",
      "n_placed": 264,
      "n_discard": 136,
      "p_mean_weight": 8.836011363636365,
      "d_mean_weight": 5.335058823529412,
      "p_median_weight": 7.863,
      "d_median_weight": 4.611,
      "p_std_weight": 6.308203376269053,
      "d_std_weight": 3.0198565621190383,
      "p_total_weight": 2332.7070000000003,
      "d_total_weight": 725.568,
      "p_mean_taxability": 80.83701136363635,
      "d_mean_taxability": 49.13463970588236,
      "p_total_taxability": 21340.970999999998,
      "d_total_taxability": 6682.311000000001,
      "p_mean_volume": 0.2427537878787879,
      "d_mean_volume": 0.14755147058823528,
      "p_median_volume": 0.189,
      "d_median_volume": 0.1225,
      "p_std_volume": 0.18190875367173373,
      "d_std_volume": 0.07795913648049414,
      "p_total_volume": 64.087,
      "d_total_volume": 20.067,
      "d_max_priority": 0,
      "used_volume": 0.7850527966288556,
      "used_weight": 0.10603213636363638,
      "unload_obs": 0,
      "hs_cond": 1,
      "p_cond": 1
    },
    {
      "iteration": 44,
      "time": "470.93774700164795",
      "n_placed": 259,
      "n_discard": 141,
      "p_mean_weight": 8.968521235521235,
      "d_mean_weight": 5.215801418439716,
      "p_median_weight": 8.111,
      "d_median_weight": 4.611,
      "p_std_weight": 6.218924413045029,
      "d_std_weight": 3.3091627970570663,
      "p_total_weight": 2322.8469999999998,
      "d_total_weight": 735.4279999999999,
      "p_mean_taxability": 82.17642857142857,
      "d_mean_taxability": 47.79848936170213,
      "p_total_taxability": 21283.695,
      "d_total_taxability": 6739.587,
      "p_mean_volume": 0.24677606177606176,
      "d_mean_volume": 0.14353900709219858,
      "p_median_volume": 0.212,
      "d_median_volume": 0.127,
      "p_std_volume": 0.17960584549178202,
      "d_std_volume": 0.08623999053558923,
      "p_total_volume": 63.915,
      "d_total_volume": 20.239,
      "d_max_priority": 0,
      "used_volume": 0.782945831393782,
      "used_weight": 0.10558395454545454,
      "unload_obs": 0,
      "hs_cond": 1,
      "p_cond": 1
    }
  ],
  "weight": [
    {
      "iteration": 136,
      "time": "474.5350320339203",
      "n_placed": 273,
      "n_discard": 127,
      "p_mean_weight": 8.63295238095238,
      "d_mean_weight": 5.523456692913386,
      "p_median_weight": 7.863,
      "d_median_weight": 4.611,
      "p_std_weight": 6.276069641778952,
      "d_std_weight": 3.1434795874572505,
      "p_total_weight": 2356.796,
      "d_total_weight": 701.4789999999999,
      "p_mean_taxability": 78.88806593406593,
      "d_mean_taxability": 51.077480314960624,
      "p_total_taxability": 21536.442,
      "d_total_taxability": 6486.839999999999,
      "p_mean_volume": 0.23690109890109887,
      "d_mean_volume": 0.15338582677165366,
      "p_median_volume": 0.189,
      "d_median_volume": 0.127,
      "p_std_volume": 0.18135063463525983,
      "d_std_volume": 0.07902119941038269,
      "p_total_volume": 64.67399999999999,
      "d_total_volume": 19.480000000000015,
      "d_max_priority": 0,
      "used_volume": 0.7922434279834382,
      "used_weight": 0.10712709090909091,
      "unload_obs": 0,
      "hs_cond": 1,
      "p_cond": 1
    },
    {
      "iteration": 90,
      "time": "493.98372077941895",
      "n_placed": 264,
      "n_discard": 136,
      "p_mean_weight": 8.836011363636365,
      "d_mean_weight": 5.335058823529412,
      "p_median_weight": 7.863,
      "d_median_weight": 4.611,
      "p_std_weight": 6.308203376269053,
      "d_std_weight": 3.0198565621190383,
      "p_total_weight": 2332.7070000000003,
      "d_total_weight": 725.568,
      "p_mean_taxability": 80.83701136363635,
      "d_mean_taxability": 49.13463970588236,
      "p_total_taxability": 21340.970999999998,
      "d_total_taxability": 6682.311000000001,
      "p_mean_volume": 0.2427537878787879,
      "d_mean_volume": 0.14755147058823528,
      "p_median_volume": 0.189,
      "d_median_volume": 0.1225,
      "p_std_volume": 0.18190875367173373,
      "d_std_volume": 0.07795913648049414,
      "p_total_volume": 64.087,
      "d_total_volume": 20.067,
      "d_max_priority": 0,
      "used_volume": 0.7850527966288556,
      "used_weight": 0.10603213636363638,
      "unload_obs": 0,
      "hs_cond": 1,
      "p_cond": 1
    },
    {
      "iteration": 12,
      "time": "549.01638007164",
      "n_placed": 279,
      "n_discard": 121,
      "p_mean_weight": 8.352,
      "d_mean_weight": 6.017082644628099,
      "p_median_weight": 6.894,
      "d_median_weight": 4.639,
      "p_std_weight": 6.1568539330179,
      "d_std_weight": 3.8716293804778905,