{
  "volume": [
    {
      "iteration": 264,
      "time": "423.52658462524414",
      "n_placed": 264,
      "n_discard": 136,
      "p_mean_weight": 9.001958333333333,
      "d_mean_weight": 5.012926470588235,
      "p_median_weight": 8.111,
      "d_median_weight": 4.46,
      "p_std_weight": 6.208305202915999,
      "d_std_weight": 3.0207306024091514,
      "p_total_weight": 2376.517,
      "d_total_weight": 681.758,
      "p_mean_taxability": 82.47930681818183,
      "d_mean_taxability": 45.94665441176471,
      "p_total_taxability": 21774.537,
      "d_total_taxability": 6248.745000000001,
      "p_mean_volume": 0.2476856060606061,
      "d_mean_volume": 0.13797794117647058,
      "p_median_volume": 0.189,
      "d_median_volume": 0.114,
      "p_std_volume": 0.17915393581996292,
      "d_std_volume": 0.07771185780263688,
      "p_total_volume": 65.38900000000001,
      "d_total_volume": 18.765,
      "d_max_priority": 0,
      "used_volume": 0.8010020334664479,
      "used_weight": 0.1080235,
      "unload_obs": 0,
      "hs_cond": 1,
      "p_cond": 1
    },
    {
      "iteration": 149,
      "time": "472.0160551071167",
      "n_placed": 266,
      "n_discard": 134,
      "p_mean_weight": 8.903812030075187,
      "d_mean_weight": 5.148216417910448,
      "p_median_weight": 8.21,
      "d_median_weight": 4.46,
      "p_std_weight": 6.200649520025652,
      "d_std_weight": 3.1875950638619384,
      "p_total_weight": 2368.4139999999998,
      "d_total_weight": 689.8610000000001,
      "p_mean_taxability": 81.24824436090225,
      "d_mean_taxability": 47.84514179104478,
      "p_total_taxability": 21612.033,
      "d_total_taxability": 6411.249000000001,
      "p_mean_volume": 0.2439887218045113,
      "d_mean_volume": 0.14367910447761195,
      "p_median_volume": 0.189,
      "d_median_volume": 0.114,
      "p_std_volume": 0.17935554408235344,
      "d_std_volume": 0.08297300953909027,
      "p_total_volume": 64.90100000000001,
      "d_total_volume": 19.253,
      "d_max_priority": 0,
      "used_volume": 0.7950241321018204,
      "used_weight": 0.1076551818181818,
      "unload_obs": 0,
      "hs_cond": 1,
      "p_cond": 1
    },
    {
      "iteration": 35,
      "time": "482.99058175086975",
      "n_placed": 244,
      "n_discard": 156,
      "p_mean_weight": 9.618278688524589,
      "d_mean_weight": 4.560352564102565,
      "p_median_weight": 9.809,
      "d_median_weight": 4.46,
      "p_std_weight": 6.2898452633126345,
      "d_std_weight": 2.198126157418829,
      "p_total_weight": 2346.8599999999997,
      "d_total_weight": 711.4150000000001,
      "p_mean_taxability": 88.15629098360655,
      "d_mean_taxability": 41.75094230769231,
      "p_total_taxability": 21510.135,
      "d_total_taxability": 6513.147000000001,
      "p_mean_volume": 0.26473360655737704,
      "d_mean_volume": 0.12537820512820513,
      "p_median_volume": 0.268,
      "d_median_volume": 0.114,
      "p_std_volume": 0.18236471037520222,
      "d_std_volume": 0.05127237109836031,
      "p_total_volume": 64.595,
      "d_total_volume": 19.559,
      "d_max_priority": 0,
      "used_volume": 0.7912756939510498,
      "used_weight": 0.10667545454545453,
      "unload_obs": 0,
      "hs_cond": 1,
      "p_cond": 1
    },
    {
      "iteration": 50,
      "time": "468.4647841453552",
      "n_placed": 264,
      "n_discard": 136,
      "p_mean_weight": 8.877121212121212,
      "d_mean_weight": 5.255257352941176,
      "p_median_weight": 8.309,
      "d_median_weight": 4.639,
      "p_std_weight": 6.32932694603577,
      "d_std_weight": 2.8331703639309525,
      "p_total_weight": 2343.56,
      "d_total_weight": 714.7149999999999,
      "p_mean_taxability": 81.45381818181818,
      "d_mean_taxability": 47.93730882352941,
      "p_total_taxability": 21503.807999999997,
      "d_total_taxability": 6519.474,
      "p_mean_volume": 0.24460606060606058,
      "d_mean_volume": 0.14395588235294118,
      "p_median_volume": 0.189,
      "d_median_volume": 0.118,
      "p_std_volume": 0.18220356966764206,
      "d_std_volume": 0.07182673263275428,
      "p_total_volume": 64.576,
      "d_total_volume": 19.578,
      "d_max_priority": 0,
      "used_volume": 0.7910429477913613,
      "used_weight": 0.10652545454545455,
      "unload_obs": 0,
      "hs_cond": 1,
      "p_cond": 1
    },
    {
      "iteration": 45,
      "time": "528.4147760868073",
      "n_placed": 286,
      "n_discard": 114,
      "p_mean_weight": 8.193891608391608,
      "d_mean_weight": 6.270368421052631,
      "p_median_weight": 6.335,
      "d_median_weight": 5.706,
      "p_std_weight": 6.2669091566484125,
      "d_std_weight": 3.394754655759272,
      "p_total_weight": 2343.453,
      "d_total_weight": 714.822,
      "p_mean_taxability": 74.82952447552447,
      "d_mean_taxability": 58.08805263157893,
      "p_total_taxability": 21401.244,
      "d_total_taxability": 6622.037999999999,
      "p_mean_volume": 0.22471328671328672,
      "d_mean_volume": 0.17443859649122806,
      "p_median_volume": 0.167,
      "d_median_volume": 0.162,
      "p_std_volume": 0.17969366222517827,
      "d_std_volume": 0.09063590832368124,
      "p_total_volume": 64.268,
      "d_total_volume": 19.886,
      "d_max_priority": 0,
      "used_volume": 0.7872700100448342,
      "used_weight": 0.10652059090909091,
      "unload_obs": 0,
      "hs_cond": 1,
      "p_cond": 1
    }
  ],
  "weight": [
    {
      "iteration": 264,
      "time": "423.52658462524414",
      "n_placed": 264,
      "n_discard": 136,
      "p_mean_weight": 9.001958333333333,
      "d_mean_weight": 5.012926470588235,
      "p_median_weight": 8.111,
      "d_median_weight": 4.46,
      "p_std_weight": 6.208305202915999,
      "d_std_weight": 3.0207306024091514,
      "p_total_weight": 2376.517,
      "d_total_weight": 681.758,
      "p_mean_taxability": 82.47930681818183,
      "d_mean_taxability": 45.94665441176471,
      "p_total_taxability": 21774.537,
      "d_total_taxability": 6248.745000000001,
      "p_mean_volume": 0.2476856060606061,
      "d_mean_volume": 0.13797794117647058,
      "p_median_volume": 0.189,
      "d_median_volume": 0.114,
      "p_std_volume": 0.17915393581996292,
      "d_std_volume": 0.07771185780263688,
      "p_total_volume": 65.38900000000001,
      "d_total_volume": 18.765,
      "d_max_priority": 0,
      "used_volume": 0.8010020334664479,
      "used_weight": 0.1080235,
      "unload_obs": 0,
      "hs_cond": 1,
      "p_cond": 1
    },
    {
      "iteration": 149,
      "time": "472.0160551071167",
      "n_placed": 266,
      "n_discard": 134,
      "p_mean_weight": 8.903812030075187,
      "d_mean_weight": 5.148216417910448,
      "p_median_weight": 8.21,
      "d_median_weight": 4.46,
      "p_std_weight": 6.200649520025652,
      "d_std_weight": 3.1875950638619384,
      "p_total_weight": 2368.4139999999998,
      "d_total_weight": 689.8610000000001,
      "p_mean_taxability": 81.24824436090225,
      "d_mean_taxability": 47.84514179104478,
      "p_total_taxability": 21612.033,
      "d_total_taxability": 6411.249000000001,
      "p_mean_volume": 0.2439887218045113,
      "d_mean_volume": 0.14367910447761195,
      "p_median_volume": 0.189,
      "d_median_volume": 0.114,
      "p_std_volume": 0.17935554408235344,
      "d_std_volume": 0.08297300953909027,
      "p_total_volume": 64.90100000000001,
      "d_total_volume": 19.253,
      "d_max_priority": 0,
      "used_volume": 0.7950241321018204,
      "used_weight": 0.1076551818181818,
      "unload_obs": 0,
      "hs_cond": 1,
      "p_cond": 1
    },
    {
      "iteration": 283,
      "time": "449.1020586490631",
      "n_placed": 258,
      "n_discard": 142,
      "p_mean_weight": 9.148054263565891,
      "d_mean_weight": 4.916035211267606,
      "p_median_weight": 8.309,
      "d_median_weight": 4.46,
      "p_std_weight": 6.263311726788574,
      "d_std_weight": 2.7608203103399207,
      "p_total_weight": 2360.198,
      "d_total_weight": 698.077,