{
  "volume": [
    {
      "iteration": 109,
      "time": "523.8133642673492",
      "n_placed": 232,
      "n_discard": 168,
      "p_mean_weight": 11.004556034482759,
      "d_mean_weight": 5.919773809523809,
      "p_median_weight": 7.294,
      "d_median_weight": 5.322,
      "p_std_weight": 9.014831254233275,
      "d_std_weight": 2.773948170302668,
      "p_total_weight": 2553.0570000000002,
      "d_total_weight": 994.5219999999999,
      "p_mean_taxability": 89.94731896551724,
      "d_mean_taxability": 51.58328571428573,
      "p_total_taxability": 20867.778,
      "d_total_taxability": 8665.992000000002,
      "p_mean_volume": 0.2701120689655173,
      "d_mean_volume": 0.1549047619047619,
      "p_median_volume": 0.201,
      "d_median_volume": 0.147,
      "p_std_volume": 0.2033343384355993,
      "d_std_volume": 0.062141931237346036,
      "p_total_volume": 62.66600000000001,
      "d_total_volume": 26.024,
      "d_max_priority": 0,
      "used_volume": 0.7676458338437417,
      "used_weight": 0.11604804545454546,
      "unload_obs": 1,
      "hs_cond": 1,
      "p_cond": 1
    },
    {
      "iteration": 150,
      "time": "454.1747467517853",
      "n_placed": 228,
      "n_discard": 172,
      "p_mean_weight": 11.244842105263158,
      "d_mean_weight": 5.7195058139534884,
      "p_median_weight": 8.189,
      "d_median_weight": 4.8035,
      "p_std_weight": 8.904198006691018,
      "d_std_weight": 3.0457793335210632,
      "p_total_weight": 2563.824,
      "d_total_weight": 983.755,
      "p_mean_taxability": 91.29165789473684,
      "d_mean_taxability": 50.69344186046512,
      "p_total_taxability": 20814.498,
      "d_total_taxability": 8719.272,
      "p_mean_volume": 0.2741491228070176,
      "d_mean_volume": 0.1522325581395349,
      "p_median_volume": 0.202,
      "d_median_volume": 0.141,
      "p_std_volume": 0.20038037539899492,
      "d_std_volume": 0.07323129654333353,
      "p_total_volume": 62.50600000000001,
      "d_total_volume": 26.184,
      "d_max_priority": 0,
      "used_volume": 0.7656858661832081,
      "used_weight": 0.11653745454545456,
      "unload_obs": 4,
      "hs_cond": 1,
      "p_cond": 1
    },
    {
      "iteration": 27,
      "time": "518.4537124633789",
      "n_placed": 234,
      "n_discard": 166,
      "p_mean_weight": 10.835662393162394,
      "d_mean_weight": 6.0965903614457835,
      "p_median_weight": 7.294,
      "d_median_weight": 5.640499999999999,
      "p_std_weight": 8.921768213359636,
      "d_std_weight": 3.348237631536905,
      "p_total_weight": 2535.545,
      "d_total_weight": 1012.034,
      "p_mean_taxability": 88.80853846153848,
      "d_mean_taxability": 52.72633734939759,
      "p_total_taxability": 20781.198000000004,
      "d_total_taxability": 8752.572,
      "p_mean_volume": 0.26669230769230773,
      "d_mean_volume": 0.15833734939759037,
      "p_median_volume": 0.202,
      "d_median_volume": 0.151,
      "p_std_volume": 0.20046612897847127,
      "d_std_volume": 0.0772717796475623,
      "p_total_volume": 62.406000000000006,
      "d_total_volume": 26.284,
      "d_max_priority": 0,
      "used_volume": 0.7644608863953746,
      "used_weight": 0.11525204545454545,
      "unload_obs": 0,
      "hs_cond": 1,
      "p_cond": 1
    },
    {
      "iteration": 35,
      "time": "541.8641321659088",
      "n_placed": 239,
      "n_discard": 161,
      "p_mean_weight": 10.630732217573222,
      "d_mean_weight": 6.253627329192547,
      "p_median_weight": 7.294,
      "d_median_weight": 5.959,
      "p_std_weight": 8.889762922527662,
      "d_std_weight": 3.468944372607962,
      "p_total_weight": 2540.745,
      "d_total_weight": 1006.8340000000001,
      "p_mean_taxability": 86.8809539748954,
      "d_mean_taxability": 54.467217391304345,
      "p_total_taxability": 20764.548000000003,
      "d_total_taxability": 8769.222,
      "p_mean_volume": 0.2609037656903766,
      "d_mean_volume": 0.16356521739130434,
      "p_median_volume": 0.197,
      "d_median_volume": 0.147,
      "p_std_volume": 0.19780831467738633,
      "d_std_volume": 0.08891356635861986,
      "p_total_volume": 62.35600000000001,
      "d_total_volume": 26.334,
      "d_max_priority": 0,
      "used_volume": 0.7638483965014579,
      "used_weight": 0.11548840909090909,
      "unload_obs": 1,
      "hs_cond": 1,
      "p_cond": 1
    },
    {
      "iteration": 21,
      "time": "467.7591197490692",
      "n_placed": 227,
      "n_discard": 173,
      "p_mean_weight": 11.166740088105726,
      "d_mean_weight": 5.8539248554913295,
      "p_median_weight": 7.758,
      "d_median_weight": 5.206,
      "p_std_weight": 8.989876099352228,
      "d_std_weight": 2.9932707765912006,
      "p_total_weight": 2534.85,
      "d_total_weight": 1012.7289999999999,
      "p_mean_taxability": 91.44003964757711,
      "d_mean_taxability": 50.7334161849711,
      "p_total_taxability": 20756.889000000003,
      "d_total_taxability": 8776.881,
      "p_mean_volume": 0.27459471365638766,
      "d_mean_volume": 0.15235260115606936,
      "p_median_volume": 0.219,
      "d_median_volume": 0.141,
      "p_std_volume": 0.20033448483134125,
      "d_std_volume": 0.07437739604619978,
      "p_total_volume": 62.333,
      "d_total_volume": 26.357,
      "d_max_priority": 0,
      "used_volume": 0.763566651150256,
      "used_weight": 0.11522045454545454,
      "unload_obs": 0,
      "hs_cond": 1,
      "p_cond": 1
    }
  ],
  "weight": [
    {
      "iteration": 150,
      "time": "454.1747467517853",
      "n_placed": 228,
      "n_discard": 172,
      "p_mean_weight": 11.244842105263158,
      "d_mean_weight": 5.7195058139534884,
      "p_median_weight": 8.189,
      "d_median_weight": 4.8035,
      "p_std_weight": 8.904198006691018,
      "d_std_weight": 3.0457793335210632,
      "p_total_weight": 2563.824,
      "d_total_weight": 983.755,
      "p_mean_taxability": 91.29165789473684,
      "d_mean_taxability": 50.69344186046512,
      "p_total_taxability": 20814.498,
      "d_total_taxability": 8719.272,
      "p_mean_volume": 0.2741491228070176,
      "d_mean_volume": 0.1522325581395349,
      "p_median_volume": 0.202,
      "d_median_volume": 0.141,
      "p_std_volume": 0.20038037539899492,
      "d_std_volume": 0.07323129654333353,
      "p_total_volume": 62.50600000000001,
      "d_total_volume": 26.184,
      "d_max_priority": 0,
      "used_volume": 0.7656858661832081,
      "used_weight": 0.11653745454545456,
      "unload_obs": 4,
      "hs_cond": 1,
      "p_cond": 1
    },
    {
      "iteration": 109,
      "time": "523.8133642673492",
      "n_placed": 232,
      "n_discard": 168,
      "p_mean_weight": 11.004556034482759,
      "d_mean_weight": 5.919773809523809,
      "p_median_weight": 7.294,
      "d_median_weight": 5.322,
      "p_std_weight": 9.014831254233275,
      "d_std_weight": 2.773948170302668,
      "p_total_weight": 2553.0570000000002,
      "d_total_weight": 994.5219999999999,
      "p_mean_taxability": 89.94731896551724,
      "d_mean_taxability": 51.58328571428573,
      "p_total_taxability": 20867.778,
      "d_total_taxability": 8665.992000000002,
      "p_mean_volume": 0.2701120689655173,
      "d_mean_volume": 0.1549047619047619,
      "p_median_volume": 0.201,
      "d_median_volume": 0.147,
      "p_std_volume": 0.2033343384355993,
      "d_std_volume": 0.062141931237346036,
      "p_total_volume": 62.66600000000001,
      "d_total_volume": 26.024,
      "d_max_priority": 0,
      "used_volume": 0.7676458338437417,
      "used_weight": 0.11604804545454546,
      "unload_obs": 1,
      "hs_cond": 1,
      "p_cond": 1
    },
    {
      "iteration": 35,
      "time": "541.8641321659088",
      "n_placed": 239,
      "n_discard": 161,
      "p_mean_weight": 10.630732217573222,
      "d_mean_weight": 6.253627329192547,
      "p_median_weight": 7.294,
      "d_median_weight": 5.959,
      "p_std_weight": 8.889762922527662,
      "d_std_weight": 3.468944372607962,