{
  "volume": [
    {
      "iteration": 88,
      "time": "493.4582803249359",
      "n_placed": 230,
      "n_discard": 170,
      "p_mean_weight": 11.252834782608696,
      "d_mean_weight": 5.643688235294117,
      "p_median_weight": 8.698,
      "d_median_weight": 4.567,
      "p_std_weight": 8.717794070594934,
      "d_std_weight": 3.5230554756455588,
      "p_total_weight": 2588.152,
      "d_total_weight": 959.4269999999999,
      "p_mean_taxability": 91.37954347826087,
      "d_mean_taxability": 50.09691176470589,
      "p_total_taxability": 21017.295000000002,
      "d_total_taxability": 8516.475,
      "p_mean_volume": 0.2744130434782609,
      "d_mean_volume": 0.15044117647058824,
      "p_median_volume": 0.203,
      "d_median_volume": 0.1325,
      "p_std_volume": 0.19541399073946317,
      "d_std_volume": 0.08571957554575163,
      "p_total_volume": 63.115,
      "d_total_volume": 25.575,
      "d_max_priority": 0,
      "used_volume": 0.773145993091114,
      "used_weight": 0.11764327272727274,
      "unload_obs": 1,
      "hs_cond": 1,
      "p_cond": 1
    },
    {
      "iteration": 41,
      "time": "470.66991567611694",
      "n_placed": 222,
      "n_discard": 178,
      "p_mean_weight": 11.550333333333333,
      "d_mean_weight": 5.524747191011236,
      "p_median_weight": 8.698,
      "d_median_weight": 4.390000000000001,
      "p_std_weight": 8.84952600088967,
      "d_std_weight": 3.0834038162262525,
      "p_total_weight": 2564.174,
      "d_total_weight": 983.405,
      "p_mean_taxability": 94.10849999999999,
      "d_mean_taxability": 48.5487808988764,
      "p_total_taxability": 20892.087,
      "d_total_taxability": 8641.682999999999,
      "p_mean_volume": 0.2826081081081081,
      "d_mean_volume": 0.14579213483146067,
      "p_median_volume": 0.2185,
      "d_median_volume": 0.134,
      "p_std_volume": 0.1988329400112281,
      "d_std_volume": 0.07140642444426076,
      "p_total_volume": 62.739000000000004,
      "d_total_volume": 25.951,
      "d_max_priority": 0,
      "used_volume": 0.7685400690888601,
      "used_weight": 0.11655336363636364,
      "unload_obs": 3,
      "hs_cond": 1,
      "p_cond": 1
    },
    {
      "iteration": 272,
      "time": "303.0597896575928",
      "n_placed": 223,
      "n_discard": 177,
      "p_mean_weight": 11.42657399103139,
      "d_mean_weight": 5.6466271186440675,
      "p_median_weight": 8.62,
      "d_median_weight": 4.567,
      "p_std_weight": 8.923111016825901,
      "d_std_weight": 3.0192565530104862,
      "p_total_weight": 2548.1259999999997,
      "d_total_weight": 999.453,
      "p_mean_taxability": 93.17280269058297,
      "d_mean_taxability": 49.47025423728814,
      "p_total_taxability": 20777.535000000003,
      "d_total_taxability": 8756.235,
      "p_mean_volume": 0.2797982062780269,
      "d_mean_volume": 0.14855932203389832,
      "p_median_volume": 0.218,
      "d_median_volume": 0.138,
      "p_std_volume": 0.20032421827926974,
      "d_std_volume": 0.0707285796002226,
      "p_total_volume": 62.394999999999996,
      "d_total_volume": 26.295,
      "d_max_priority": 0,
      "used_volume": 0.7643261386187128,
      "used_weight": 0.11582390909090907,
      "unload_obs": 1,
      "hs_cond": 1,
      "p_cond": 1
    },
    {
      "iteration": 20,
      "time": "464.37140703201294",
      "n_placed": 228,
      "n_discard": 172,
      "p_mean_weight": 11.29625,
      "d_mean_weight": 5.65136046511628,
      "p_median_weight": 8.658999999999999,
      "d_median_weight": 4.567,
      "p_std_weight": 8.816183944957228,
      "d_std_weight": 3.2529255079901715,
      "p_total_weight": 2575.545,
      "d_total_weight": 972.0340000000001,
      "p_mean_taxability": 91.11347368421052,
      "d_mean_taxability": 50.92963953488373,
      "p_total_taxability": 20773.872,
      "d_total_taxability": 8759.898000000001,
      "p_mean_volume": 0.2736140350877193,
      "d_mean_volume": 0.15294186046511626,
      "p_median_volume": 0.2025,
      "d_median_volume": 0.138,
      "p_std_volume": 0.19909506766755783,
      "d_std_volume": 0.07885108544624223,
      "p_total_volume": 62.384,
      "d_total_volume": 26.305999999999997,
      "d_max_priority": 0,
      "used_volume": 0.7641913908420511,
      "used_weight": 0.11707022727272727,
      "unload_obs": 3,
      "hs_cond": 1,
      "p_cond": 1
    },
    {
      "iteration": 74,
      "time": "431.11207485198975",
      "n_placed": 217,
      "n_discard": 183,
      "p_mean_weight": 11.765820276497696,
      "d_mean_weight": 5.433857923497268,
      "p_median_weight": 8.698,
      "d_median_weight": 4.567,
      "p_std_weight": 8.87579852954056,
      "d_std_weight": 2.9466104090599217,
      "p_total_weight": 2553.183,
      "d_total_weight": 994.396,
      "p_mean_taxability": 95.54951612903227,
      "d_mean_taxability": 48.08483606557377,
      "p_total_taxability": 20734.245000000003,
      "d_total_taxability": 8799.525,
      "p_mean_volume": 0.28693548387096773,
      "d_mean_volume": 0.14439890710382516,
      "p_median_volume": 0.218,
      "d_median_volume": 0.134,
      "p_std_volume": 0.20036463400295917,
      "d_std_volume": 0.0663127736928789,
      "p_total_volume": 62.265,
      "d_total_volume": 26.425000000000004,
      "d_max_priority": 0,
      "used_volume": 0.7627336648945292,
      "used_weight": 0.11605377272727273,
      "unload_obs": 2,
      "hs_cond": 1,
      "p_cond": 1
    }
  ],
  "weight": [
    {
      "iteration": 88,
      "time": "493.4582803249359",
      "n_placed": 230,
      "n_discard": 170,
      "p_mean_weight": 11.252834782608696,
      "d_mean_weight": 5.643688235294117,
      "p_median_weight": 8.698,
      "d_median_weight": 4.567,
      "p_std_weight": 8.717794070594934,
      "d_std_weight": 3.5230554756455588,
      "p_total_weight": 2588.152,
      "d_total_weight": 959.4269999999999,
      "p_mean_taxability": 91.37954347826087,
      "d_mean_taxability": 50.09691176470589,
      "p_total_taxability": 21017.295000000002,
      "d_total_taxability": 8516.475,
      "p_mean_volume": 0.2744130434782609,
      "d_mean_volume": 0.15044117647058824,
      "p_median_volume": 0.203,
      "d_median_volume": 0.1325,
      "p_std_volume": 0.19541399073946317,
      "d_std_volume": 0.08571957554575163,
      "p_total_volume": 63.115,
      "d_total_volume": 25.575,
      "d_max_priority": 0,
      "used_volume": 0.773145993091114,
      "used_weight": 0.11764327272727274,
      "unload_obs": 1,
      "hs_cond": 1,
      "p_cond": 1
    },
    {
      "iteration": 20,
      "time": "464.37140703201294",
      "n_placed": 228,
      "n_discard": 172,
      "p_mean_weight": 11.29625,
      "d_mean_weight": 5.65136046511628,
      "p_median_weight": 8.658999999999999,
      "d_median_weight": 4.567,
      "p_std_weight": 8.816183944957228,
      "d_std_weight": 3.2529255079901715,
      "p_total_weight": 2575.545,
      "d_total_weight": 972.0340000000001,
      "p_mean_taxability": 91.11347368421052,
      "d_mean_taxability": 50.92963953488373,
      "p_total_taxability": 20773.872,
      "d_total_taxability": 8759.898000000001,
      "p_mean_volume": 0.2736140350877193,
      "d_mean_volume": 0.15294186046511626,
      "p_median_volume": 0.2025,
      "d_median_volume": 0.138,
      "p_std_volume": 0.19909506766755783,
      "d_std_volume": 0.07885108544624223,
      "p_total_volume": 62.384,
      "d_total_volume": 26.305999999999997,
      "d_max_priority": 0,
      "used_volume": 0.7641913908420511,
      "used_weight": 0.11707022727272727,
      "unload_obs": 3,
      "hs_cond": 1,
      "p_cond": 1
    },
    {
      "iteration": 41,
      "time": "470.66991567611694",
      "n_placed": 222,
      "n_discard": 178,
      "p_mean_weight": 11.550333333333333,
      "d_mean_weight": 5.524747191011236,
      "p_median_weight": 8.698,
      "d_median_weight": 4.390000000000001,
      "p_std_weight": 8.84952600088967,
      "d_std_weight": 3.0834038162262525,