{
  "volume": [
    {
      "iteration": 152,
      "time": "548.1105482578278",
      "n_placed": 270,
      "n_discard": 130,
      "p_mean_weight": 8.523211111111111,
      "d_mean_weight": 7.937276923076923,
      "p_median_weight": 7.314,
      "d_median_weight": 7.314,
      "p_std_weight": 6.039399991421471,
      "d_std_weight": 3.983334011252353,
      "p_total_weight": 2301.267,
      "d_total_weight": 1031.846,
      "p_mean_taxability": 70.1335,
      "d_mean_taxability": 67.01496923076922,
      "p_total_taxability": 18936.045,
      "d_total_taxability": 8711.946,
      "p_mean_volume": 0.2106111111111111,
      "d_mean_volume": 0.20124615384615385,
      "p_median_volume": 0.189,
      "d_median_volume": 0.197,
      "p_std_volume": 0.1313575976616688,
      "d_std_volume": 0.08289229600530083,
      "p_total_volume": 56.865,
      "d_total_volume": 26.162,
      "d_max_priority": 1,
      "used_volume": 0.6965847563515202,
      "used_weight": 0.10460304545454545,
      "unload_obs": 5,
      "hs_cond": 1,
      "p_cond": 0
    },
    {
      "iteration": 209,
      "time": "577.5560231208801",
      "n_placed": 266,
      "n_discard": 134,
      "p_mean_weight": 8.536263157894735,
      "d_mean_weight": 7.928858208955225,
      "p_median_weight": 7.314,
      "d_median_weight": 7.314,
      "p_std_weight": 6.19992758557192,
      "d_std_weight": 3.542783789584701,
      "p_total_weight": 2270.6459999999997,
      "d_total_weight": 1062.467,
      "p_mean_taxability": 70.08898872180451,
      "d_mean_taxability": 67.19641791044776,
      "p_total_taxability": 18643.671,
      "d_total_taxability": 9004.32,
      "p_mean_volume": 0.21047744360902257,
      "d_mean_volume": 0.2017910447761194,
      "p_median_volume": 0.189,
      "d_median_volume": 0.197,
      "p_std_volume": 0.13299800487454694,
      "d_std_volume": 0.07954051075729784,
      "p_total_volume": 55.987,
      "d_total_volume": 27.04,
      "d_max_priority": 0,
      "used_volume": 0.6858294338143421,
      "used_weight": 0.1032111818181818,
      "unload_obs": 4,
      "hs_cond": 1,
      "p_cond": 1
    },
    {
      "iteration": 252,
      "time": "492.29585099220276",
      "n_placed": 270,
      "n_discard": 130,
      "p_mean_weight": 8.322474074074075,
      "d_mean_weight": 8.354192307692308,
      "p_median_weight": 7.158,
      "d_median_weight": 7.496,
      "p_std_weight": 5.897600373120866,
      "d_std_weight": 4.430514856420597,
      "p_total_weight": 2247.068,
      "d_total_weight": 1086.045,
      "p_mean_taxability": 68.78916666666667,
      "d_mean_taxability": 69.80704615384616,
      "p_total_taxability": 18573.075,
      "d_total_taxability": 9074.916000000001,
      "p_mean_volume": 0.20657407407407408,
      "d_mean_volume": 0.20963076923076926,
      "p_median_volume": 0.189,
      "d_median_volume": 0.2125,
      "p_std_volume": 0.1282853177313055,
      "d_std_volume": 0.09267063778743961,
      "p_total_volume": 55.775,
      "d_total_volume": 27.252000000000002,
      "d_max_priority": 1,
      "used_volume": 0.683232476664135,
      "used_weight": 0.10213945454545456,
      "unload_obs": 5,
      "hs_cond": 1,
      "p_cond": 0
    },
    {
      "iteration": 109,
      "time": "554.4895808696747",
      "n_placed": 280,
      "n_discard": 120,
      "p_mean_weight": 7.992000000000001,
      "d_mean_weight": 9.127941666666665,
      "p_median_weight": 7.103,
      "d_median_weight": 8.799,
      "p_std_weight": 5.643464076377381,
      "d_std_weight": 4.931794783492577,
      "p_total_weight": 2237.76,
      "d_total_weight": 1095.3529999999998,
      "p_mean_taxability": 65.95540714285714,
      "d_mean_taxability": 76.503975,
      "p_total_taxability": 18467.514,
      "d_total_taxability": 9180.476999999999,
      "p_mean_volume": 0.19806428571428572,
      "d_mean_volume": 0.22974166666666668,
      "p_median_volume": 0.175,
      "d_median_volume": 0.218,
      "p_std_volume": 0.12195387874400145,
      "d_std_volume": 0.1045932896150274,
      "p_total_volume": 55.458,
      "d_total_volume": 27.569000000000003,
      "d_max_priority": 1,
      "used_volume": 0.6793492907367028,
      "used_weight": 0.10171636363636365,
      "unload_obs": 5,
      "hs_cond": 1,
      "p_cond": 0
    },
    {
      "iteration": 22,
      "time": "361.03850507736206",
      "n_placed": 276,
      "n_discard": 124,
      "p_mean_weight": 8.045557971014492,
      "d_mean_weight": 8.972088709677418,
      "p_median_weight": 7.048,
      "d_median_weight": 8.799,
      "p_std_weight": 5.648156572022565,
      "d_std_weight": 4.9732240495830435,
      "p_total_weight": 2220.574,
      "d_total_weight": 1112.539,
      "p_mean_taxability": 66.80390217391304,
      "d_mean_taxability": 74.2751129032258,
      "p_total_taxability": 18437.877,
      "d_total_taxability": 9210.114,
      "p_mean_volume": 0.20061231884057973,
      "d_mean_volume": 0.22304838709677421,
      "p_median_volume": 0.189,
      "d_median_volume": 0.218,
      "p_std_volume": 0.12207445594041728,
      "d_std_volume": 0.10647537635404308,
      "p_total_volume": 55.36900000000001,
      "d_total_volume": 27.658,
      "d_max_priority": 1,
      "used_volume": 0.6782590587255312,
      "used_weight": 0.10093518181818183,
      "unload_obs": 7,
      "hs_cond": 1,
      "p_cond": 0
    }
  ],
  "weight": [
    {
      "iteration": 152,
      "time": "548.1105482578278",
      "n_placed": 270,
      "n_discard": 130,
      "p_mean_weight": 8.523211111111111,
      "d_mean_weight": 7.937276923076923,
      "p_median_weight": 7.314,
      "d_median_weight": 7.314,
      "p_std_weight": 6.039399991421471,
      "d_std_weight": 3.983334011252353,
      "p_total_weight": 2301.267,
      "d_total_weight": 1031.846,
      "p_mean_taxability": 70.1335,
      "d_mean_taxability": 67.01496923076922,
      "p_total_taxability": 18936.045,
      "d_total_taxability": 8711.946,
      "p_mean_volume": 0.2106111111111111,
      "d_mean_volume": 0.20124615384615385,
      "p_median_volume": 0.189,
      "d_median_volume": 0.197,
      "p_std_volume": 0.1313575976616688,
      "d_std_volume": 0.08289229600530083,
      "p_total_volume": 56.865,
      "d_total_volume": 26.162,
      "d_max_priority": 1,
      "used_volume": 0.6965847563515202,
      "used_weight": 0.10460304545454545,
      "unload_obs": 5,
      "hs_cond": 1,
      "p_cond": 0
    },
    {
      "iteration": 209,
      "time": "577.5560231208801",
      "n_placed": 266,
      "n_discard": 134,
      "p_mean_weight": 8.536263157894735,
      "d_mean_weight": 7.928858208955225,
      "p_median_weight": 7.314,
      "d_median_weight": 7.314,
      "p_std_weight": 6.19992758557192,
      "d_std_weight": 3.542783789584701,
      "p_total_weight": 2270.6459999999997,
      "d_total_weight": 1062.467,
      "p_mean_taxability": 70.08898872180451,
      "d_mean_taxability": 67.19641791044776,
      "p_total_taxability": 18643.671,
      "d_total_taxability": 9004.32,
      "p_mean_volume": 0.21047744360902257,
      "d_mean_volume": 0.2017910447761194,
      "p_median_volume": 0.189,
      "d_median_volume": 0.197,
      "p_std_volume": 0.13299800487454694,
      "d_std_volume": 0.07954051075729784,
      "p_total_volume": 55.987,
      "d_total_volume": 27.04,
      "d_max_priority": 0,
      "used_volume": 0.6858294338143421,
      "used_weight": 0.1032111818181818,
      "unload_obs": 4,
      "hs_cond": 1,
      "p_cond": 1
    },
    {
      "iteration": 252,
      "time": "492.29585099220276",
      "n_placed": 270,
      "n_discard": 130,
      "p_mean_weight": 8.322474074074075,
      "d_mean_weight": 8.354192307692308,
      "p_median_weight": 7.158,
      "d_median_weight": 7.496,
      "p_std_weight": 5.897600373120866,
      "d_std_weight": 4.430514856420597,
      "p_total_weight": 2247.068,
      "d_total_weight": 1086.045,
      "p_mean_taxability": 68.78916666666667,
      "d_mean_taxability": 69.80704615384616,