{
  "volume": [
    {
      "iteration": 209,
      "time": "577.5560231208801",
      "n_placed": 266,
      "n_discard": 134,
      "p_mean_weight": 8.536263157894735,
      "d_mean_weight": 7.928858208955225,
      "p_median_weight": 7.314,
      "d_median_weight": 7.314,
      "p_std_weight": 6.19992758557192,
      "d_std_weight": 3.542783789584701,
      "p_total_weight": 2270.6459999999997,
      "d_total_weight": 1062.467,
      "p_mean_taxability": 70.08898872180451,
      "d_mean_taxability": 67.19641791044776,
      "p_total_taxability": 18643.671,
      "d_total_taxability": 9004.32,
      "p_mean_volume": 0.21047744360902257,
      "d_mean_volume": 0.2017910447761194,
      "p_median_volume": 0.189,
      "d_median_volume": 0.197,
      "p_std_volume": 0.13299800487454694,
      "d_std_volume": 0.07954051075729784,
      "p_total_volume": 55.987,
      "d_total_volume": 27.04,
      "d_max_priority": 0,
      "used_volume": 0.6858294338143421,
      "used_weight": 0.1032111818181818,
      "unload_obs": 4,
      "hs_cond": 1,
      "p_cond": 1
    },
    {
      "iteration": 267,
      "time": "510.3113570213318",
      "n_placed": 264,
      "n_discard": 136,
      "p_mean_weight": 8.436291666666667,
      "d_mean_weight": 8.131852941176472,
      "p_median_weight": 7.314,
      "d_median_weight": 7.314,
      "p_std_weight": 6.19261427271041,
      "d_std_weight": 3.645998603297942,
      "p_total_weight": 2227.181,
      "d_total_weight": 1105.9320000000002,
      "p_mean_taxability": 68.709,
      "d_mean_taxability": 69.91775735294117,
      "p_total_taxability": 18139.176,
      "d_total_taxability": 9508.814999999999,
      "p_mean_volume": 0.20633333333333334,
      "d_mean_volume": 0.20996323529411764,
      "p_median_volume": 0.175,
      "d_median_volume": 0.214,
      "p_std_volume": 0.13351459478853336,
      "d_std_volume": 0.07916971063979375,
      "p_total_volume": 54.472,
      "d_total_volume": 28.555,
      "d_max_priority": 0,
      "used_volume": 0.6672709900286645,
      "used_weight": 0.1012355,
      "unload_obs": 4,
      "hs_cond": 1,
      "p_cond": 1
    },
    {
      "iteration": 124,
      "time": "427.103253364563",
      "n_placed": 272,
      "n_discard": 128,
      "p_mean_weight": 8.02825,
      "d_mean_weight": 8.979914062499999,
      "p_median_weight": 7.009,
      "d_median_weight": 9.3,
      "p_std_weight": 5.977470643608628,
      "d_std_weight": 4.092303507858454,
      "p_total_weight": 2183.684,
      "d_total_weight": 1149.4289999999999,
      "p_mean_taxability": 66.30005514705883,
      "d_mean_taxability": 75.1123125,
      "p_total_taxability": 18033.615,
      "d_total_taxability": 9614.376,
      "p_mean_volume": 0.1990992647058824,
      "d_mean_volume": 0.2255625,
      "p_median_volume": 0.172,
      "d_median_volume": 0.223,
      "p_std_volume": 0.12913776390304277,
      "d_std_volume": 0.08673044039631403,
      "p_total_volume": 54.155000000000015,
      "d_total_volume": 28.872,
      "d_max_priority": 0,
      "used_volume": 0.6633878041012325,
      "used_weight": 0.09925836363636364,
      "unload_obs": 6,
      "hs_cond": 1,
      "p_cond": 1
    },
    {
      "iteration": 54,
      "time": "509.10475730895996",
      "n_placed": 272,
      "n_discard": 128,
      "p_mean_weight": 7.952808823529411,
      "d_mean_weight": 9.1402265625,
      "p_median_weight": 7.048,
      "d_median_weight": 9.3,
      "p_std_weight": 5.738479201847172,
      "d_std_weight": 4.730344014083156,
      "p_total_weight": 2163.1639999999998,
      "d_total_weight": 1169.949,
      "p_mean_taxability": 65.8789080882353,
      "d_mean_taxability": 76.00725,
      "p_total_taxability": 17919.063000000002,
      "d_total_taxability": 9728.928,
      "p_mean_volume": 0.1978345588235294,
      "d_mean_volume": 0.22825,
      "p_median_volume": 0.172,
      "d_median_volume": 0.223,
      "p_std_volume": 0.12354346315514038,
      "d_std_volume": 0.10190423171264715,
      "p_total_volume": 53.811,
      "d_total_volume": 29.216,
      "d_max_priority": 0,
      "used_volume": 0.659173873631085,
      "used_weight": 0.09832563636363635,
      "unload_obs": 7,
      "hs_cond": 1,
      "p_cond": 1
    },
    {
      "iteration": 211,
      "time": "526.0262806415558",
      "n_placed": 258,
      "n_discard": 142,
      "p_mean_weight": 8.15225968992248,
      "d_mean_weight": 8.660774647887324,
      "p_median_weight": 7.048,
      "d_median_weight": 8.298,
      "p_std_weight": 6.03111755380899,
      "d_std_weight": 4.224770003214605,
      "p_total_weight": 2103.283,
      "d_total_weight": 1229.83,
      "p_mean_taxability": 67.41313953488373,
      "d_mean_taxability": 72.2211338028169,
      "p_total_taxability": 17392.59,
      "d_total_taxability": 10255.401,
      "p_mean_volume": 0.20244186046511625,
      "d_mean_volume": 0.21688028169014087,
      "p_median_volume": 0.1735,
      "d_median_volume": 0.216,
      "p_std_volume": 0.12978281210816858,
      "d_std_volume": 0.09178007033424186,
      "p_total_volume": 52.22999999999999,
      "d_total_volume": 30.797000000000004,
      "d_max_priority": 0,
      "used_volume": 0.6398069431854373,
      "used_weight": 0.09560377272727272,
      "unload_obs": 1,
      "hs_cond": 1,
      "p_cond": 1
    }
  ],
  "weight": [
    {
      "iteration": 209,
      "time": "577.5560231208801",
      "n_placed": 266,
      "n_discard": 134,
      "p_mean_weight": 8.536263157894735,
      "d_mean_weight": 7.928858208955225,
      "p_median_weight": 7.314,
      "d_median_weight": 7.314,
      "p_std_weight": 6.19992758557192,
      "d_std_weight": 3.542783789584701,
      "p_total_weight": 2270.6459999999997,
      "d_total_weight": 1062.467,
      "p_mean_taxability": 70.08898872180451,
      "d_mean_taxability": 67.19641791044776,
      "p_total_taxability": 18643.671,
      "d_total_taxability": 9004.32,
      "p_mean_volume": 0.21047744360902257,
      "d_mean_volume": 0.2017910447761194,
      "p_median_volume": 0.189,
      "d_median_volume": 0.197,
      "p_std_volume": 0.13299800487454694,
      "d_std_volume": 0.07954051075729784,
      "p_total_volume": 55.987,
      "d_total_volume": 27.04,
      "d_max_priority": 0,
      "used_volume": 0.6858294338143421,
      "used_weight": 0.1032111818181818,
      "unload_obs": 4,
      "hs_cond": 1,
      "p_cond": 1
    },
    {
      "iteration": 267,
      "time": "510.3113570213318",
      "n_placed": 264,
      "n_discard": 136,
      "p_mean_weight": 8.436291666666667,
      "d_mean_weight": 8.131852941176472,
      "p_median_weight": 7.314,
      "d_median_weight": 7.314,
      "p_std_weight": 6.19261427271041,
      "d_std_weight": 3.645998603297942,
      "p_total_weight": 2227.181,
      "d_total_weight": 1105.9320000000002,
      "p_mean_taxability": 68.709,
      "d_mean_taxability": 69.91775735294117,
      "p_total_taxability": 18139.176,
      "d_total_taxability": 9508.814999999999,
      "p_mean_volume": 0.20633333333333334,
      "d_mean_volume": 0.20996323529411764,
      "p_median_volume": 0.175,
      "d_median_volume": 0.214,
      "p_std_volume": 0.13351459478853336,
      "d_std_volume": 0.07916971063979375,
      "p_total_volume": 54.472,
      "d_total_volume": 28.555,
      "d_max_priority": 0,
      "used_volume": 0.6672709900286645,
      "used_weight": 0.1012355,
      "unload_obs": 4,
      "hs_cond": 1,
      "p_cond": 1
    },
    {
      "iteration": 124,
      "time": "427.103253364563",
      "n_placed": 272,
      "n_discard": 128,
      "p_mean_weight": 8.02825,
      "d_mean_weight": 8.979914062499999,
      "p_median_weight": 7.009,
      "d_median_weight": 9.3,
      "p_std_weight": 5.977470643608628,
      "d_std_weight": 4.092303507858454,
      "p_total_weight": 2183.684,
      "d_total_weight": 1149.4289999999999,
      "p_mean_taxability": 66.30005514705883,
      "d_mean_taxability": 75.1123125,
      "p_total_taxability": 18033.615,