{
  "volume": [
    {
      "iteration": 177,
      "time": "529.6030042171478",
      "n_placed": 269,
      "n_discard": 131,
      "p_mean_weight": 8.596710037174722,
      "d_mean_weight": 7.790824427480917,
      "p_median_weight": 7.314,
      "d_median_weight": 7.158,
      "p_std_weight": 6.049315266969471,
      "d_std_weight": 3.945882743161956,
      "p_total_weight": 2312.5150000000003,
      "d_total_weight": 1020.5980000000002,
      "p_mean_taxability": 70.24071747211896,
      "d_mean_taxability": 66.8186106870229,
      "p_total_taxability": 18894.753,
      "d_total_taxability": 8753.238,
      "p_mean_volume": 0.21093308550185874,
      "d_mean_volume": 0.20065648854961834,
      "p_median_volume": 0.196,
      "d_median_volume": 0.211,
      "p_std_volume": 0.1307887780391213,
      "d_std_volume": 0.08512369018464713,
      "p_total_volume": 56.741,
      "d_total_volume": 26.286,
      "d_max_priority": 0,
      "used_volume": 0.6950657814146066,
      "used_weight": 0.1051143181818182,
      "unload_obs": 7,
      "hs_cond": 1,
      "p_cond": 1
    },
    {
      "iteration": 257,
      "time": "493.5536379814148",
      "n_placed": 277,
      "n_discard": 123,
      "p_mean_weight": 8.170046931407942,
      "d_mean_weight": 8.699268292682923,
      "p_median_weight": 7.158,
      "d_median_weight": 8.298,
      "p_std_weight": 5.901598910216181,
      "d_std_weight": 4.2963379108052555,
      "p_total_weight": 2263.103,
      "d_total_weight": 1070.0099999999995,
      "p_mean_taxability": 67.4126642599278,
      "d_mean_taxability": 72.9649024390244,
      "p_total_taxability": 18673.307999999997,
      "d_total_taxability": 8974.683,
      "p_mean_volume": 0.20244043321299637,
      "d_mean_volume": 0.21911382113821143,
      "p_median_volume": 0.175,
      "d_median_volume": 0.216,
      "p_std_volume": 0.12737785093946502,
      "d_std_volume": 0.09205337041158071,
      "p_total_volume": 56.07599999999999,
      "d_total_volume": 26.951000000000004,
      "d_max_priority": 0,
      "used_volume": 0.6869196658255138,
      "used_weight": 0.10286831818181819,
      "unload_obs": 3,
      "hs_cond": 1,
      "p_cond": 1
    },
    {
      "iteration": 44,
      "time": "593.1249260902405",
      "n_placed": 264,
      "n_discard": 136,
      "p_mean_weight": 8.672246212121212,
      "d_mean_weight": 7.673823529411766,
      "p_median_weight": 7.441000000000001,
      "d_median_weight": 7.048,
      "p_std_weight": 5.832843132434658,
      "d_std_weight": 4.595718567733737,
      "p_total_weight": 2289.473,
      "d_total_weight": 1043.64,
      "p_mean_taxability": 70.65023863636364,
      "d_mean_taxability": 66.14947058823529,
      "p_total_taxability": 18651.663,
      "d_total_taxability": 8996.328,
      "p_mean_volume": 0.21216287878787876,
      "d_mean_volume": 0.19864705882352943,
      "p_median_volume": 0.196,
      "d_median_volume": 0.196,
      "p_std_volume": 0.12716612882445616,
      "d_std_volume": 0.09684615745349748,
      "p_total_volume": 56.010999999999996,
      "d_total_volume": 27.016000000000002,
      "d_max_priority": 0,
      "used_volume": 0.686123428963422,
      "used_weight": 0.10406695454545455,
      "unload_obs": 3,
      "hs_cond": 1,
      "p_cond": 1
    },
    {
      "iteration": 264,
      "time": "548.9456398487091",
      "n_placed": 271,
      "n_discard": 129,
      "p_mean_weight": 8.283918819188193,
      "d_mean_weight": 8.435434108527131,
      "p_median_weight": 7.048,
      "d_median_weight": 8.298,
      "p_std_weight": 5.962851182984722,
      "d_std_weight": 4.22654067849258,
      "p_total_weight": 2244.942,
      "d_total_weight": 1088.1709999999998,
      "p_mean_taxability": 68.68278597785977,
      "d_mean_taxability": 70.03841860465117,
      "p_total_taxability": 18613.034999999996,
      "d_total_taxability": 9034.956,
      "p_mean_volume": 0.20625461254612543,
      "d_mean_volume": 0.21032558139534882,
      "p_median_volume": 0.189,
      "d_median_volume": 0.214,
      "p_std_volume": 0.1291864777887393,
      "d_std_volume": 0.08962161454473275,
      "p_total_volume": 55.89499999999999,
      "d_total_volume": 27.131999999999998,
      "d_max_priority": 0,
      "used_volume": 0.6847024524095351,
      "used_weight": 0.10204281818181818,
      "unload_obs": 6,
      "hs_cond": 1,
      "p_cond": 1
    },
    {
      "iteration": 209,
      "time": "563.8693535327911",
      "n_placed": 275,
      "n_discard": 125,
      "p_mean_weight": 8.218992727272727,
      "d_mean_weight": 8.583120000000001,
      "p_median_weight": 7.048,
      "d_median_weight": 9.3,
      "p_std_weight": 5.8373537775292075,
      "d_std_weight": 4.526536113530607,
      "p_total_weight": 2260.223,
      "d_total_weight": 1072.89,
      "p_mean_taxability": 67.5868909090909,
      "d_mean_taxability": 72.49276799999998,
      "p_total_taxability": 18586.394999999997,
      "d_total_taxability": 9061.595999999998,
      "p_mean_volume": 0.20296363636363635,
      "d_mean_volume": 0.217696,
      "p_median_volume": 0.175,
      "d_median_volume": 0.223,
      "p_std_volume": 0.12596731757173227,
      "d_std_volume": 0.09710313971203755,
      "p_total_volume": 55.815,
      "d_total_volume": 27.212,
      "d_max_priority": 0,
      "used_volume": 0.6837224685792684,
      "used_weight": 0.10273740909090909,
      "unload_obs": 3,
      "hs_cond": 1,
      "p_cond": 1
    }
  ],
  "weight": [
    {
      "iteration": 177,
      "time": "529.6030042171478",
      "n_placed": 269,
      "n_discard": 131,
      "p_mean_weight": 8.596710037174722,
      "d_mean_weight": 7.790824427480917,
      "p_median_weight": 7.314,
      "d_median_weight": 7.158,
      "p_std_weight": 6.049315266969471,
      "d_std_weight": 3.945882743161956,
      "p_total_weight": 2312.5150000000003,
      "d_total_weight": 1020.5980000000002,
      "p_mean_taxability": 70.24071747211896,
      "d_mean_taxability": 66.8186106870229,
      "p_total_taxability": 18894.753,
      "d_total_taxability": 8753.238,
      "p_mean_volume": 0.21093308550185874,
      "d_mean_volume": 0.20065648854961834,
      "p_median_volume": 0.196,
      "d_median_volume": 0.211,
      "p_std_volume": 0.1307887780391213,
      "d_std_volume": 0.08512369018464713,
      "p_total_volume": 56.741,
      "d_total_volume": 26.286,
      "d_max_priority": 0,
      "used_volume": 0.6950657814146066,
      "used_weight": 0.1051143181818182,
      "unload_obs": 7,
      "hs_cond": 1,
      "p_cond": 1
    },
    {
      "iteration": 9,
      "time": "536.5768759250641",
      "n_placed": 270,
      "n_discard": 130,
      "p_mean_weight": 8.511896296296294,
      "d_mean_weight": 7.960776923076923,
      "p_median_weight": 7.386,
      "d_median_weight": 7.158,
      "p_std_weight": 6.003494199739509,
      "d_std_weight": 4.09823976633982,
      "p_total_weight": 2298.2119999999995,
      "d_total_weight": 1034.901,
      "p_mean_taxability": 68.7719,
      "d_mean_taxability": 69.84290769230769,
      "p_total_taxability": 18568.413,
      "d_total_taxability": 9079.578,
      "p_mean_volume": 0.20652222222222222,
      "d_mean_volume": 0.2097384615384615,
      "p_median_volume": 0.189,
      "d_median_volume": 0.20400000000000001,
      "p_std_volume": 0.12827878803499582,
      "d_std_volume": 0.09268581201862976,
      "p_total_volume": 55.760999999999996,
      "d_total_volume": 27.266,
      "d_max_priority": 0,
      "used_volume": 0.6830609794938383,
      "used_weight": 0.1044641818181818,
      "unload_obs": 4,
      "hs_cond": 1,
      "p_cond": 1
    },
    {
      "iteration": 49,
      "time": "502.59419894218445",
      "n_placed": 252,
      "n_discard": 148,
      "p_mean_weight": 9.105492063492063,
      "d_mean_weight": 7.017087837837837,
      "p_median_weight": 8.107,
      "d_median_weight": 6.773,
      "p_std_weight": 6.059145564849254,
      "d_std_weight": 3.9269512588662137,
      "p_total_weight": 2294.584,