{
  "volume": [
    {
      "iteration": 135,
      "time": "512.4743349552155",
      "n_placed": 311,
      "n_discard": 89,
      "p_mean_weight": 6.701906752411574,
      "d_mean_weight": 7.615573033707864,
      "p_median_weight": 4.868,
      "d_median_weight": 7.495,
      "p_std_weight": 5.047905864203242,
      "d_std_weight": 3.1599645096095346,
      "p_total_weight": 2084.2929999999997,
      "d_total_weight": 677.786,
      "p_mean_taxability": 59.28363665594855,
      "d_mean_taxability": 77.12504494382023,
      "p_total_taxability": 18437.211,
      "d_total_taxability": 6864.129,
      "p_mean_volume": 0.17802893890675242,
      "d_mean_volume": 0.23160674157303374,
      "p_median_volume": 0.134,
      "d_median_volume": 0.216,
      "p_std_volume": 0.12441549456908674,
      "d_std_volume": 0.1163897857492744,
      "p_total_volume": 55.367000000000004,
      "d_total_volume": 20.613000000000003,
      "d_max_priority": 0,
      "used_volume": 0.6782345591297744,
      "used_weight": 0.0947405909090909,
      "unload_obs": 1,
      "hs_cond": 1,
      "p_cond": 1
    },
    {
      "iteration": 310,
      "time": "411.86301827430725",
      "n_placed": 305,
      "n_discard": 95,
      "p_mean_weight": 6.76455737704918,
      "d_mean_weight": 7.356726315789474,
      "p_median_weight": 5.059,
      "d_median_weight": 7.495,
      "p_std_weight": 5.093717580215171,
      "d_std_weight": 3.1330854428797847,
      "p_total_weight": 2063.19,
      "d_total_weight": 698.889,
      "p_mean_taxability": 60.33304918032786,
      "d_mean_taxability": 72.62905263157896,
      "p_total_taxability": 18401.579999999998,
      "d_total_taxability": 6899.760000000001,
      "p_mean_volume": 0.18118032786885246,
      "d_mean_volume": 0.21810526315789472,
      "p_median_volume": 0.139,
      "d_median_volume": 0.197,
      "p_std_volume": 0.1274842235075117,
      "d_std_volume": 0.11060043800500112,
      "p_total_volume": 55.260000000000005,
      "d_total_volume": 20.72,
      "d_max_priority": 0,
      "used_volume": 0.6769238307567925,
      "used_weight": 0.09378136363636363,
      "unload_obs": 3,
      "hs_cond": 1,
      "p_cond": 1
    },
    {
      "iteration": 113,
      "time": "649.3640806674957",
      "n_placed": 303,
      "n_discard": 97,
      "p_mean_weight": 6.659188118811881,
      "d_mean_weight": 7.673659793814432,
      "p_median_weight": 5.071,
      "d_median_weight": 6.35,
      "p_std_weight": 4.7956418612991865,
      "d_std_weight": 4.347685684377087,
      "p_total_weight": 2017.734,
      "d_total_weight": 744.3449999999999,
      "p_mean_taxability": 60.56313861386139,
      "d_mean_taxability": 71.65679381443299,
      "p_total_taxability": 18350.631,
      "d_total_taxability": 6950.709,
      "p_mean_volume": 0.18187128712871287,
      "d_mean_volume": 0.2151855670103093,
      "p_median_volume": 0.139,
      "d_median_volume": 0.193,
      "p_std_volume": 0.12320356788554682,
      "d_std_volume": 0.12598159008172147,
      "p_total_volume": 55.107,
      "d_total_volume": 20.873,
      "d_max_priority": 0,
      "used_volume": 0.6750496116814072,
      "used_weight": 0.09171518181818182,
      "unload_obs": 0,
      "hs_cond": 1,
      "p_cond": 1
    },
    {
      "iteration": 258,
      "time": "432.7500202655792",
      "n_placed": 308,
      "n_discard": 92,
      "p_mean_weight": 6.709847402597402,
      "d_mean_weight": 7.559195652173912,
      "p_median_weight": 4.868,
      "d_median_weight": 8.065,
      "p_std_weight": 5.1272316827973725,
      "d_std_weight": 2.8011445825391768,
      "p_total_weight": 2066.633,
      "d_total_weight": 695.4459999999999,
      "p_mean_taxability": 59.08803896103897,
      "d_mean_taxability": 77.19808695652173,
      "p_total_taxability": 18199.116,
      "d_total_taxability": 7102.223999999999,
      "p_mean_volume": 0.17744155844155843,
      "d_mean_volume": 0.23182608695652174,
      "p_median_volume": 0.139,
      "d_median_volume": 0.213,
      "p_std_volume": 0.12472878652939062,
      "d_std_volume": 0.11501023448922744,
      "p_total_volume": 54.651999999999994,
      "d_total_volume": 21.328,
      "d_max_priority": 0,
      "used_volume": 0.6694759536467647,
      "used_weight": 0.09393786363636362,
      "unload_obs": 4,
      "hs_cond": 1,
      "p_cond": 1
    },
    {
      "iteration": 234,
      "time": "686.2648026943207",
      "n_placed": 290,
      "n_discard": 110,
      "p_mean_weight": 7.02368275862069,
      "d_mean_weight": 6.592827272727272,
      "p_median_weight": 5.109500000000001,
      "d_median_weight": 5.625,
      "p_std_weight": 5.2179364256962995,
      "d_std_weight": 2.9558379300926063,
      "p_total_weight": 2036.8680000000002,
      "d_total_weight": 725.2109999999999,
      "p_mean_taxability": 62.548882758620685,
      "d_mean_taxability": 65.11058181818181,
      "p_total_taxability": 18139.176,
      "d_total_taxability": 7162.164,
      "p_mean_volume": 0.1878344827586207,
      "d_mean_volume": 0.19552727272727272,
      "p_median_volume": 0.146,
      "d_median_volume": 0.158,
      "p_std_volume": 0.12954829769851378,
      "d_std_volume": 0.11064263566707064,
      "p_total_volume": 54.472,
      "d_total_volume": 21.508,
      "d_max_priority": 0,
      "used_volume": 0.6672709900286645,
      "used_weight": 0.09258490909090909,
      "unload_obs": 2,
      "hs_cond": 1,
      "p_cond": 1
    }
  ],
  "weight": [
    {
      "iteration": 135,
      "time": "512.4743349552155",
      "n_placed": 311,
      "n_discard": 89,
      "p_mean_weight": 6.701906752411574,
      "d_mean_weight": 7.615573033707864,
      "p_median_weight": 4.868,
      "d_median_weight": 7.495,
      "p_std_weight": 5.047905864203242,
      "d_std_weight": 3.1599645096095346,
      "p_total_weight": 2084.2929999999997,
      "d_total_weight": 677.786,
      "p_mean_taxability": 59.28363665594855,
      "d_mean_taxability": 77.12504494382023,
      "p_total_taxability": 18437.211,
      "d_total_taxability": 6864.129,
      "p_mean_volume": 0.17802893890675242,
      "d_mean_volume": 0.23160674157303374,
      "p_median_volume": 0.134,
      "d_median_volume": 0.216,
      "p_std_volume": 0.12441549456908674,
      "d_std_volume": 0.1163897857492744,
      "p_total_volume": 55.367000000000004,
      "d_total_volume": 20.613000000000003,
      "d_max_priority": 0,
      "used_volume": 0.6782345591297744,
      "used_weight": 0.0947405909090909,
      "unload_obs": 1,
      "hs_cond": 1,
      "p_cond": 1
    },
    {
      "iteration": 258,
      "time": "432.7500202655792",
      "n_placed": 308,
      "n_discard": 92,
      "p_mean_weight": 6.709847402597402,
      "d_mean_weight": 7.559195652173912,
      "p_median_weight": 4.868,
      "d_median_weight": 8.065,
      "p_std_weight": 5.1272316827973725,
      "d_std_weight": 2.8011445825391768,
      "p_total_weight": 2066.633,
      "d_total_weight": 695.4459999999999,
      "p_mean_taxability": 59.08803896103897,
      "d_mean_taxability": 77.19808695652173,
      "p_total_taxability": 18199.116,
      "d_total_taxability": 7102.223999999999,
      "p_mean_volume": 0.17744155844155843,
      "d_mean_volume": 0.23182608695652174,
      "p_median_volume": 0.139,
      "d_median_volume": 0.213,
      "p_std_volume": 0.12472878652939062,
      "d_std_volume": 0.11501023448922744,
      "p_total_volume": 54.651999999999994,
      "d_total_volume": 21.328,
      "d_max_priority": 0,
      "used_volume": 0.6694759536467647,
      "used_weight": 0.09393786363636362,
      "unload_obs": 4,
      "hs_cond": 1,
      "p_cond": 1
    },
    {
      "iteration": 310,
      "time": "411.86301827430725",
      "n_placed": 305,
      "n_discard": 95,
      "p_mean_weight": 6.76455737704918,
      "d_mean_weight": 7.356726315789474,
      "p_median_weight": 5.059,
      "d_median_weight": 7.495,
      "p_std_weight": 5.093717580215171,
      "d_std_weight": 3.1330854428797847,