{
  "volume": [
    {
      "iteration": 135,
      "time": "512.4743349552155",
      "n_placed": 311,
      "n_discard": 89,
      "p_mean_weight": 6.701906752411574,
      "d_mean_weight": 7.615573033707864,
      "p_median_weight": 4.868,
      "d_median_weight": 7.495,
      "p_std_weight": 5.047905864203242,
      "d_std_weight": 3.1599645096095346,
      "p_total_weight": 2084.2929999999997,
      "d_total_weight": 677.786,
      "p_mean_taxability": 59.28363665594855,
      "d_mean_taxability": 77.12504494382023,
      "p_total_taxability": 18437.211,
      "d_total_taxability": 6864.129,
      "p_mean_volume": 0.17802893890675242,
      "d_mean_volume": 0.23160674157303374,
      "p_median_volume": 0.134,
      "d_median_volume": 0.216,
      "p_std_volume": 0.12441549456908674,
      "d_std_volume": 0.1163897857492744,
      "p_total_volume": 55.367000000000004,
      "d_total_volume": 20.613000000000003,
      "d_max_priority": 0,
      "used_volume": 0.6782345591297744,
      "used_weight": 0.0947405909090909,
      "unload_obs": 1,
      "hs_cond": 1,
      "p_cond": 1
    },
    {
      "iteration": 310,
      "time": "411.86301827430725",
      "n_placed": 305,
      "n_discard": 95,
      "p_mean_weight": 6.76455737704918,
      "d_mean_weight": 7.356726315789474,
      "p_median_weight": 5.059,
      "d_median_weight": 7.495,
      "p_std_weight": 5.093717580215171,
      "d_std_weight": 3.1330854428797847,
      "p_total_weight": 2063.19,
      "d_total_weight": 698.889,
      "p_mean_taxability": 60.33304918032786,
      "d_mean_taxability": 72.62905263157896,
      "p_total_taxability": 18401.579999999998,
      "d_total_taxability": 6899.760000000001,
      "p_mean_volume": 0.18118032786885246,
      "d_mean_volume": 0.21810526315789472,
      "p_median_volume": 0.139,
      "d_median_volume": 0.197,
      "p_std_volume": 0.1274842235075117,
      "d_std_volume": 0.11060043800500112,
      "p_total_volume": 55.260000000000005,
      "d_total_volume": 20.72,
      "d_max_priority": 0,
      "used_volume": 0.6769238307567925,
      "used_weight": 0.09378136363636363,
      "unload_obs": 3,
      "hs_cond": 1,
      "p_cond": 1
    },
    {
      "iteration": 113,
      "time": "649.3640806674957",
      "n_placed": 303,
      "n_discard": 97,
      "p_mean_weight": 6.659188118811881,
      "d_mean_weight": 7.673659793814432,
      "p_median_weight": 5.071,
      "d_median_weight": 6.35,
      "p_std_weight": 4.7956418612991865,
      "d_std_weight": 4.347685684377087,
      "p_total_weight": 2017.734,
      "d_total_weight": 744.3449999999999,
      "p_mean_taxability": 60.56313861386139,
      "d_mean_taxability": 71.65679381443299,
      "p_total_taxability": 18350.631,
      "d_total_taxability": 6950.709,
      "p_mean_volume": 0.18187128712871287,
      "d_mean_volume": 0.2151855670103093,
      "p_median_volume": 0.139,
      "d_median_volume": 0.193,
      "p_std_volume": 0.12320356788554682,
      "d_std_volume": 0.12598159008172147,
      "p_total_volume": 55.107,
      "d_total_volume": 20.873,
      "d_max_priority": 0,
      "used_volume": 0.6750496116814072,
      "used_weight": 0.09171518181818182,
      "unload_obs": 0,
      "hs_cond": 1,
      "p_cond": 1
    },
    {
      "iteration": 305,
      "time": "621.5648698806763",
      "n_placed": 297,
      "n_discard": 103,
      "p_mean_weight": 6.848589225589225,
      "d_mean_weight": 7.068427184466018,
      "p_median_weight": 5.094,
      "d_median_weight": 6.08,
      "p_std_weight": 5.174633666980792,
      "d_std_weight": 2.9804246789182147,
      "p_total_weight": 2034.031,
      "d_total_weight": 728.0479999999999,
      "p_mean_taxability": 61.63975757575758,
      "d_mean_taxability": 67.90613592233008,
      "p_total_taxability": 18307.008,
      "d_total_taxability": 6994.3319999999985,
      "p_mean_volume": 0.1851043771043771,
      "d_mean_volume": 0.20392233009708735,
      "p_median_volume": 0.146,
      "d_median_volume": 0.178,
      "p_std_volume": 0.12827335365462017,
      "d_std_volume": 0.11253807105888512,
      "p_total_volume": 54.976,
      "d_total_volume": 21.003999999999998,
      "d_max_priority": 1,
      "used_volume": 0.6734448881593453,
      "used_weight": 0.09245595454545455,
      "unload_obs": 4,
      "hs_cond": 1,
      "p_cond": 0
    },
    {
      "iteration": 130,
      "time": "653.7383451461792",
      "n_placed": 312,
      "n_discard": 88,
      "p_mean_weight": 6.530817307692307,
      "d_mean_weight": 8.232545454545454,
      "p_median_weight": 4.8385,
      "d_median_weight": 8.434,
      "p_std_weight": 4.908401482603697,
      "d_std_weight": 3.626509495968116,
      "p_total_weight": 2037.6149999999998,
      "d_total_weight": 724.4639999999999,
      "p_mean_taxability": 58.66029807692308,
      "d_mean_taxability": 79.53780681818182,
      "p_total_taxability": 18302.013,
      "d_total_taxability": 6999.327,
      "p_mean_volume": 0.17615705128205128,
      "d_mean_volume": 0.23885227272727275,
      "p_median_volume": 0.139,
      "d_median_volume": 0.2145,
      "p_std_volume": 0.12064253627073906,
      "d_std_volume": 0.12653667314240466,
      "p_total_volume": 54.961,
      "d_total_volume": 21.019000000000002,
      "d_max_priority": 1,
      "used_volume": 0.6732611411911703,
      "used_weight": 0.09261886363636362,
      "unload_obs": 3,
      "hs_cond": 1,
      "p_cond": 0
    }
  ],
  "weight": [
    {
      "iteration": 135,
      "time": "512.4743349552155",
      "n_placed": 311,
      "n_discard": 89,
      "p_mean_weight": 6.701906752411574,
      "d_mean_weight": 7.615573033707864,
      "p_median_weight": 4.868,
      "d_median_weight": 7.495,
      "p_std_weight": 5.047905864203242,
      "d_std_weight": 3.1599645096095346,
      "p_total_weight": 2084.2929999999997,
      "d_total_weight": 677.786,
      "p_mean_taxability": 59.28363665594855,
      "d_mean_taxability": 77.12504494382023,
      "p_total_taxability": 18437.211,
      "d_total_taxability": 6864.129,
      "p_mean_volume": 0.17802893890675242,
      "d_mean_volume": 0.23160674157303374,
      "p_median_volume": 0.134,
      "d_median_volume": 0.216,
      "p_std_volume": 0.12441549456908674,
      "d_std_volume": 0.1163897857492744,
      "p_total_volume": 55.367000000000004,
      "d_total_volume": 20.613000000000003,
      "d_max_priority": 0,
      "used_volume": 0.6782345591297744,
      "used_weight": 0.0947405909090909,
      "unload_obs": 1,
      "hs_cond": 1,
      "p_cond": 1
    },
    {
      "iteration": 258,
      "time": "432.7500202655792",
      "n_placed": 308,
      "n_discard": 92,
      "p_mean_weight": 6.709847402597402,
      "d_mean_weight": 7.559195652173912,
      "p_median_weight": 4.868,
      "d_median_weight": 8.065,
      "p_std_weight": 5.1272316827973725,
      "d_std_weight": 2.8011445825391768,
      "p_total_weight": 2066.633,
      "d_total_weight": 695.4459999999999,
      "p_mean_taxability": 59.08803896103897,
      "d_mean_taxability": 77.19808695652173,
      "p_total_taxability": 18199.116,
      "d_total_taxability": 7102.223999999999,
      "p_mean_volume": 0.17744155844155843,
      "d_mean_volume": 0.23182608695652174,
      "p_median_volume": 0.139,
      "d_median_volume": 0.213,
      "p_std_volume": 0.12472878652939062,
      "d_std_volume": 0.11501023448922744,
      "p_total_volume": 54.651999999999994,
      "d_total_volume": 21.328,
      "d_max_priority": 0,
      "used_volume": 0.6694759536467647,
      "used_weight": 0.09393786363636362,
      "unload_obs": 4,
      "hs_cond": 1,
      "p_cond": 1
    },
    {
      "iteration": 310,
      "time": "411.86301827430725",
      "n_placed": 305,
      "n_discard": 95,
      "p_mean_weight": 6.76455737704918,
      "d_mean_weight": 7.356726315789474,
      "p_median_weight": 5.059,
      "d_median_weight": 7.495,
      "p_std_weight": 5.093717580215171,
      "d_std_weight": 3.1330854428797847,