{
  "volume": [
    {
      "iteration": 72,
      "time": "508.95481061935425",
      "n_placed": 250,
      "n_discard": 150,
      "p_mean_weight": 9.045888,
      "d_mean_weight": 6.669713333333333,
      "p_median_weight": 7.267,
      "d_median_weight": 6.039,
      "p_std_weight": 6.397833396089058,
      "d_std_weight": 3.697100745717123,
      "p_total_weight": 2261.4719999999998,
      "d_total_weight": 1000.457,
      "p_mean_taxability": 84.599316,
      "d_mean_taxability": 55.466699999999996,
      "p_total_taxability": 21149.829,
      "d_total_taxability": 8320.005,
      "p_mean_volume": 0.25405199999999994,
      "d_mean_volume": 0.1665666666666667,
      "p_median_volume": 0.219,
      "d_median_volume": 0.142,
      "p_std_volume": 0.20737685002842252,
      "d_std_volume": 0.09224852750987679,
      "p_total_volume": 63.51299999999999,
      "d_total_volume": 24.985000000000003,
      "d_max_priority": 0,
      "used_volume": 0.7780214126466912,
      "used_weight": 0.10279418181818181,
      "unload_obs": 2,
      "hs_cond": 1,
      "p_cond": 1
    },
    {
      "iteration": 160,
      "time": "518.9249465465546",
      "n_placed": 261,
      "n_discard": 139,
      "p_mean_weight": 8.725245210727968,
      "d_mean_weight": 7.083741007194243,
      "p_median_weight": 7.267,
      "d_median_weight": 6.607,
      "p_std_weight": 6.41671644591942,
      "d_std_weight": 3.6199822349995063,
      "p_total_weight": 2277.2889999999998,
      "d_total_weight": 984.6399999999999,
      "p_mean_taxability": 80.7378275862069,
      "d_mean_taxability": 60.41194964028776,
      "p_total_taxability": 21072.573,
      "d_total_taxability": 8397.260999999999,
      "p_mean_volume": 0.242455938697318,
      "d_mean_volume": 0.18141726618705037,
      "p_median_volume": 0.194,
      "d_median_volume": 0.158,
      "p_std_volume": 0.20669485817815728,
      "d_std_volume": 0.09509506298471183,
      "p_total_volume": 63.281,
      "d_total_volume": 25.217000000000002,
      "d_max_priority": 0,
      "used_volume": 0.7751794595389175,
      "used_weight": 0.10351313636363635,
      "unload_obs": 1,
      "hs_cond": 1,
      "p_cond": 1
    },
    {
      "iteration": 114,
      "time": "501.3988049030304",
      "n_placed": 269,
      "n_discard": 131,
      "p_mean_weight": 8.430587360594796,
      "d_mean_weight": 7.588557251908397,
      "p_median_weight": 6.607,
      "d_median_weight": 8.229,
      "p_std_weight": 6.429094044716549,
      "d_std_weight": 3.5282471506843724,
      "p_total_weight": 2267.828,
      "d_total_weight": 994.101,
      "p_mean_taxability": 77.93437918215612,
      "d_mean_taxability": 64.92737404580151,
      "p_total_taxability": 20964.347999999998,
      "d_total_taxability": 8505.485999999999,
      "p_mean_volume": 0.2340371747211896,
      "d_mean_volume": 0.19497709923664122,
      "p_median_volume": 0.145,
      "d_median_volume": 0.196,
      "p_std_volume": 0.2060958481214106,
      "d_std_volume": 0.09510855867407154,
      "p_total_volume": 62.956,
      "d_total_volume": 25.542,
      "d_max_priority": 1,
      "used_volume": 0.7711982752284587,
      "used_weight": 0.1030830909090909,
      "unload_obs": 1,
      "hs_cond": 1,
      "p_cond": 0
    },
    {
      "iteration": 205,
      "time": "556.6517090797424",
      "n_placed": 260,
      "n_discard": 140,
      "p_mean_weight": 8.689323076923078,
      "d_mean_weight": 7.16217857142857,
      "p_median_weight": 7.267,
      "d_median_weight": 6.607,
      "p_std_weight": 6.335683700223075,
      "d_std_weight": 3.9323091139790676,
      "p_total_weight": 2259.224,
      "d_total_weight": 1002.7049999999998,
      "p_mean_taxability": 80.10955384615383,
      "d_mean_taxability": 61.72392857142856,
      "p_total_taxability": 20828.483999999997,
      "d_total_taxability": 8641.349999999999,
      "p_mean_volume": 0.24056923076923079,
      "d_mean_volume": 0.1853571428571429,
      "p_median_volume": 0.196,
      "d_median_volume": 0.145,
      "p_std_volume": 0.2029800164560223,
      "d_std_volume": 0.11205548930072765,
      "p_total_volume": 62.548,
      "d_total_volume": 25.950000000000003,
      "d_max_priority": 0,
      "used_volume": 0.7662003576940981,
      "used_weight": 0.102692,
      "unload_obs": 0,
      "hs_cond": 1,
      "p_cond": 1
    },
    {
      "iteration": 56,
      "time": "482.8374147415161",
      "n_placed": 272,
      "n_discard": 128,
      "p_mean_weight": 8.277360294117647,
      "d_mean_weight": 7.894429687500001,
      "p_median_weight": 6.607,
      "d_median_weight": 7.308,
      "p_std_weight": 6.205493056667714,
      "d_std_weight": 4.2644953282265465,
      "p_total_weight": 2251.442,
      "d_total_weight": 1010.4870000000001,
      "p_mean_taxability": 76.14926470588235,
      "d_mean_taxability": 68.415890625,
      "p_total_taxability": 20712.6,
      "d_total_taxability": 8757.234,
      "p_mean_volume": 0.22867647058823531,
      "d_mean_volume": 0.20545312500000001,
      "p_median_volume": 0.145,
      "d_median_volume": 0.195,
      "p_std_volume": 0.19952886879152154,
      "d_std_volume": 0.12094912442353148,
      "p_total_volume": 62.2,
      "d_total_volume": 26.298000000000002,
      "d_max_priority": 0,
      "used_volume": 0.7619374280324375,
      "used_weight": 0.10233827272727272,
      "unload_obs": 1,
      "hs_cond": 1,
      "p_cond": 1
    }
  ],
  "weight": [
    {
      "iteration": 160,
      "time": "518.9249465465546",
      "n_placed": 261,
      "n_discard": 139,
      "p_mean_weight": 8.725245210727968,
      "d_mean_weight": 7.083741007194243,
      "p_median_weight": 7.267,
      "d_median_weight": 6.607,
      "p_std_weight": 6.41671644591942,
      "d_std_weight": 3.6199822349995063,
      "p_total_weight": 2277.2889999999998,
      "d_total_weight": 984.6399999999999,
      "p_mean_taxability": 80.7378275862069,
      "d_mean_taxability": 60.41194964028776,
      "p_total_taxability": 21072.573,
      "d_total_taxability": 8397.260999999999,
      "p_mean_volume": 0.242455938697318,
      "d_mean_volume": 0.18141726618705037,
      "p_median_volume": 0.194,
      "d_median_volume": 0.158,
      "p_std_volume": 0.20669485817815728,
      "d_std_volume": 0.09509506298471183,
      "p_total_volume": 63.281,
      "d_total_volume": 25.217000000000002,
      "d_max_priority": 0,
      "used_volume": 0.7751794595389175,
      "used_weight": 0.10351313636363635,
      "unload_obs": 1,
      "hs_cond": 1,
      "p_cond": 1
    },
    {
      "iteration": 114,
      "time": "501.3988049030304",
      "n_placed": 269,
      "n_discard": 131,
      "p_mean_weight": 8.430587360594796,
      "d_mean_weight": 7.588557251908397,
      "p_median_weight": 6.607,
      "d_median_weight": 8.229,
      "p_std_weight": 6.429094044716549,
      "d_std_weight": 3.5282471506843724,
      "p_total_weight": 2267.828,
      "d_total_weight": 994.101,
      "p_mean_taxability": 77.93437918215612,
      "d_mean_taxability": 64.92737404580151,
      "p_total_taxability": 20964.347999999998,
      "d_total_taxability": 8505.485999999999,
      "p_mean_volume": 0.2340371747211896,
      "d_mean_volume": 0.19497709923664122,
      "p_median_volume": 0.145,
      "d_median_volume": 0.196,
      "p_std_volume": 0.2060958481214106,
      "d_std_volume": 0.09510855867407154,
      "p_total_volume": 62.956,
      "d_total_volume": 25.542,
      "d_max_priority": 1,
      "used_volume": 0.7711982752284587,
      "used_weight": 0.1030830909090909,
      "unload_obs": 1,
      "hs_cond": 1,
      "p_cond": 0
    },
    {
      "iteration": 72,
      "time": "508.95481061935425",
      "n_placed": 250,
      "n_discard": 150,
      "p_mean_weight": 9.045888,
      "d_mean_weight": 6.669713333333333,
      "p_median_weight": 7.267,
      "d_median_weight": 6.039,
      "p_std_weight": 6.397833396089058,
      "d_std_weight": 3.697100745717123,
      "p_total_weight": 2261.4719999999998,