{
  "volume": [
    {
      "iteration": 162,
      "time": "491.8017113208771",
      "n_placed": 264,
      "n_discard": 136,
      "p_mean_weight": 8.676416666666665,
      "d_mean_weight": 7.1423161764705885,
      "p_median_weight": 7.267,
      "d_median_weight": 6.607,
      "p_std_weight": 6.270443330384948,
      "d_std_weight": 4.042441780798308,
      "p_total_weight": 2290.5739999999996,
      "d_total_weight": 971.355,
      "p_mean_taxability": 80.3677840909091,
      "d_mean_taxability": 60.68190441176472,
      "p_total_taxability": 21217.095,
      "d_total_taxability": 8252.739000000001,
      "p_mean_volume": 0.24134469696969696,
      "d_mean_volume": 0.1822279411764706,
      "p_median_volume": 0.195,
      "d_median_volume": 0.162,
      "p_std_volume": 0.2033692406255367,
      "d_std_volume": 0.10550246385831136,
      "p_total_volume": 63.714999999999996,
      "d_total_volume": 24.783,
      "d_max_priority": 0,
      "used_volume": 0.780495871818115,
      "used_weight": 0.10411699999999999,
      "unload_obs": 3,
      "hs_cond": 1,
      "p_cond": 1
    },
    {
      "iteration": 269,
      "time": "462.1125874519348",
      "n_placed": 236,
      "n_discard": 164,
      "p_mean_weight": 9.542783898305084,
      "d_mean_weight": 6.15751219512195,
      "p_median_weight": 9.653,
      "d_median_weight": 5.305,
      "p_std_weight": 6.415649617024021,
      "d_std_weight": 3.482184876652558,
      "p_total_weight": 2252.0969999999998,
      "d_total_weight": 1009.8319999999999,
      "p_mean_taxability": 88.87290254237288,
      "d_mean_taxability": 51.80383536585366,
      "p_total_taxability": 20974.005,
      "d_total_taxability": 8495.829,
      "p_mean_volume": 0.266885593220339,
      "d_mean_volume": 0.1555670731707317,
      "p_median_volume": 0.23,
      "d_median_volume": 0.131,
      "p_std_volume": 0.2085983406128992,
      "d_std_volume": 0.08823860089730362,
      "p_total_volume": 62.985,
      "d_total_volume": 25.513,
      "d_max_priority": 0,
      "used_volume": 0.7715535193669304,
      "used_weight": 0.10236804545454545,
      "unload_obs": 0,
      "hs_cond": 1,
      "p_cond": 1
    },
    {
      "iteration": 323,
      "time": "308.3450939655304",
      "n_placed": 230,
      "n_discard": 170,
      "p_mean_weight": 9.773413043478262,
      "d_mean_weight": 5.964964705882352,
      "p_median_weight": 9.653,
      "d_median_weight": 4.98,
      "p_std_weight": 6.317675713971346,
      "d_std_weight": 3.608180893427282,
      "p_total_weight": 2247.885,
      "d_total_weight": 1014.0439999999999,
      "p_mean_taxability": 91.15078695652176,
      "d_mean_taxability": 50.03031176470587,
      "p_total_taxability": 20964.681000000004,
      "d_total_taxability": 8505.152999999998,
      "p_mean_volume": 0.2737260869565218,
      "d_mean_volume": 0.15024117647058824,
      "p_median_volume": 0.231,
      "d_median_volume": 0.13,
      "p_std_volume": 0.2070783003131998,
      "d_std_volume": 0.09047498303299506,
      "p_total_volume": 62.95700000000001,
      "d_total_volume": 25.541,
      "d_max_priority": 0,
      "used_volume": 0.7712105250263371,
      "used_weight": 0.10217659090909093,
      "unload_obs": 1,
      "hs_cond": 1,
      "p_cond": 1
    },
    {
      "iteration": 24,
      "time": "486.3790793418884",
      "n_placed": 252,
      "n_discard": 148,
      "p_mean_weight": 8.935325396825396,
      "d_mean_weight": 6.825858108108108,
      "p_median_weight": 7.267,
      "d_median_weight": 6.563000000000001,
      "p_std_weight": 6.488584110438647,
      "d_std_weight": 3.4755171239758638,
      "p_total_weight": 2251.7019999999998,
      "d_total_weight": 1010.2269999999999,
      "p_mean_taxability": 83.08746428571429,
      "d_mean_taxability": 57.64725000000001,
      "p_total_taxability": 20938.041,
      "d_total_taxability": 8531.793000000001,
      "p_mean_volume": 0.24951190476190477,
      "d_mean_volume": 0.17311486486486488,
      "p_median_volume": 0.218,
      "d_median_volume": 0.144,
      "p_std_volume": 0.20836413655792288,
      "d_std_volume": 0.09229725150119852,
      "p_total_volume": 62.877,
      "d_total_volume": 25.621000000000002,
      "d_max_priority": 0,
      "used_volume": 0.7702305411960703,
      "used_weight": 0.1023500909090909,
      "unload_obs": 2,
      "hs_cond": 1,
      "p_cond": 1
    },
    {
      "iteration": 95,
      "time": "504.9461932182312",
      "n_placed": 264,
      "n_discard": 136,
      "p_mean_weight": 8.62015909090909,
      "d_mean_weight": 7.251522058823529,
      "p_median_weight": 7.267,
      "d_median_weight": 6.742,
      "p_std_weight": 6.286878954298444,
      "d_std_weight": 4.032196225323093,
      "p_total_weight": 2275.7219999999998,
      "d_total_weight": 986.2069999999999,
      "p_mean_taxability": 79.01181818181819,
      "d_mean_taxability": 63.314073529411765,
      "p_total_taxability": 20859.120000000003,
      "d_total_taxability": 8610.714,
      "p_mean_volume": 0.23727272727272727,
      "d_mean_volume": 0.19013235294117647,
      "p_median_volume": 0.194,
      "d_median_volume": 0.162,
      "p_std_volume": 0.20131671473973128,
      "d_std_volume": 0.11659793587039813,
      "p_total_volume": 62.64,
      "d_total_volume": 25.858,
      "d_max_priority": 0,
      "used_volume": 0.7673273390989048,
      "used_weight": 0.10344190909090908,
      "unload_obs": 0,
      "hs_cond": 1,
      "p_cond": 1
    }
  ],
  "weight": [
    {
      "iteration": 162,
      "time": "491.8017113208771",
      "n_placed": 264,
      "n_discard": 136,
      "p_mean_weight": 8.676416666666665,
      "d_mean_weight": 7.1423161764705885,
      "p_median_weight": 7.267,
      "d_median_weight": 6.607,
      "p_std_weight": 6.270443330384948,
      "d_std_weight": 4.042441780798308,
      "p_total_weight": 2290.5739999999996,
      "d_total_weight": 971.355,
      "p_mean_taxability": 80.3677840909091,
      "d_mean_taxability": 60.68190441176472,
      "p_total_taxability": 21217.095,
      "d_total_taxability": 8252.739000000001,
      "p_mean_volume": 0.24134469696969696,
      "d_mean_volume": 0.1822279411764706,
      "p_median_volume": 0.195,
      "d_median_volume": 0.162,
      "p_std_volume": 0.2033692406255367,
      "d_std_volume": 0.10550246385831136,
      "p_total_volume": 63.714999999999996,
      "d_total_volume": 24.783,
      "d_max_priority": 0,
      "used_volume": 0.780495871818115,
      "used_weight": 0.10411699999999999,
      "unload_obs": 3,
      "hs_cond": 1,
      "p_cond": 1
    },
    {
      "iteration": 95,
      "time": "504.9461932182312",
      "n_placed": 264,
      "n_discard": 136,
      "p_mean_weight": 8.62015909090909,
      "d_mean_weight": 7.251522058823529,
      "p_median_weight": 7.267,
      "d_median_weight": 6.742,
      "p_std_weight": 6.286878954298444,
      "d_std_weight": 4.032196225323093,
      "p_total_weight": 2275.7219999999998,
      "d_total_weight": 986.2069999999999,
      "p_mean_taxability": 79.01181818181819,
      "d_mean_taxability": 63.314073529411765,
      "p_total_taxability": 20859.120000000003,
      "d_total_taxability": 8610.714,
      "p_mean_volume": 0.23727272727272727,
      "d_mean_volume": 0.19013235294117647,
      "p_median_volume": 0.194,
      "d_median_volume": 0.162,
      "p_std_volume": 0.20131671473973128,
      "d_std_volume": 0.11659793587039813,
      "p_total_volume": 62.64,
      "d_total_volume": 25.858,
      "d_max_priority": 0,
      "used_volume": 0.7673273390989048,
      "used_weight": 0.10344190909090908,
      "unload_obs": 0,
      "hs_cond": 1,
      "p_cond": 1
    },
    {
      "iteration": 283,
      "time": "494.7744734287262",
      "n_placed": 268,
      "n_discard": 132,
      "p_mean_weight": 8.486671641791045,
      "d_mean_weight": 7.4810681818181815,
      "p_median_weight": 6.877,
      "d_median_weight": 7.267,
      "p_std_weight": 6.306056287947194,
      "d_std_weight": 3.956860740407713,