{
  "volume": [
    {
      "iteration": 0,
      "time": "145.5945861339569",
      "p_mean_weight": 11.68858024691358,
      "d_mean_weight": 10.671778761061947,
      "p_median_weight": 10.7105,
      "d_median_weight": 10.53,
      "p_std_weight": 6.474555538814804,
      "d_std_weight": 3.964165408773492,
      "p_total_weight": 1893.55,
      "d_total_weight": 1205.911,
      "p_mean_taxability": 108.41205555555555,
      "d_mean_taxability": 95.65940707964602,
      "p_total_taxability": 17562.753,
      "d_total_taxability": 10809.512999999999,
      "p_mean_volume": 0.3255617283950617,
      "d_mean_volume": 0.2872654867256637,
      "p_median_volume": 0.257,
      "d_median_volume": 0.247,
      "p_std_volume": 0.1918643070375689,
      "d_std_volume": 0.1254153825222348,
      "p_total_volume": 52.741,
      "d_total_volume": 32.461,
      "d_max_priority": 1,
      "used_volume": 0.6460665899012666,
      "used_weight": 0.08607045454545455
    }
  ],
  "weight": [
    {
      "iteration": 0,
      "time": "145.5945861339569",
      "p_mean_weight": 11.68858024691358,
      "d_mean_weight": 10.671778761061947,
      "p_median_weight": 10.7105,
      "d_median_weight": 10.53,
      "p_std_weight": 6.474555538814804,
      "d_std_weight": 3.964165408773492,
      "p_total_weight": 1893.55,
      "d_total_weight": 1205.911,
      "p_mean_taxability": 108.41205555555555,
      "d_mean_taxability": 95.65940707964602,
      "p_total_taxability": 17562.753,
      "d_total_taxability": 10809.512999999999,
      "p_mean_volume": 0.3255617283950617,
      "d_mean_volume": 0.2872654867256637,
      "p_median_volume": 0.257,
      "d_median_volume": 0.247,
      "p_std_volume": 0.1918643070375689,
      "d_std_volume": 0.1254153825222348,
      "p_total_volume": 52.741,
      "d_total_volume": 32.461,
      "d_max_priority": 1,
      "used_volume": 0.6460665899012666,
      "used_weight": 0.08607045454545455
    }
  ],
  "taxability": [
    {
      "iteration": 0,
      "time": "145.5945861339569",
      "p_mean_weight": 11.68858024691358,
      "d_mean_weight": 10.671778761061947,
      "p_median_weight": 10.7105,
      "d_median_weight": 10.53,
      "p_std_weight": 6.474555538814804,
      "d_std_weight": 3.964165408773492,
      "p_total_weight": 1893.55,
      "d_total_weight": 1205.911,
      "p_mean_taxability": 108.41205555555555,
      "d_mean_taxability": 95.65940707964602,
      "p_total_taxability": 17562.753,
      "d_total_taxability": 10809.512999999999,
      "p_mean_volume": 0.3255617283950617,
      "d_mean_volume": 0.2872654867256637,
      "p_median_volume": 0.257,
      "d_median_volume": 0.247,
      "p_std_volume": 0.1918643070375689,
      "d_std_volume": 0.1254153825222348,
      "p_total_volume": 52.741,
      "d_total_volume": 32.461,
      "d_max_priority": 1,
      "used_volume": 0.6460665899012666,
      "used_weight": 0.08607045454545455
    }
  ]
}