{
  "volume": [
    {
      "iteration": 0,
      "time": "169.20029878616333",
      "p_mean_weight": 11.805653846153845,
      "d_mean_weight": 10.224000000000002,
      "p_median_weight": 10.7105,
      "d_median_weight": 10.53,
      "p_std_weight": 6.217930781213111,
      "d_std_weight": 3.937063162793567,
      "p_total_weight": 2148.629,
      "d_total_weight": 950.8320000000001,
      "p_mean_taxability": 114.3360989010989,
      "d_mean_taxability": 81.32361290322582,
      "p_total_taxability": 20809.17,
      "d_total_taxability": 7563.096000000001,
      "p_mean_volume": 0.3433516483516484,
      "d_mean_volume": 0.24421505376344085,
      "p_median_volume": 0.286,
      "d_median_volume": 0.23,
      "p_std_volume": 0.18483484481868234,
      "d_std_volume": 0.10412250826522923,
      "p_total_volume": 62.49000000000001,
      "d_total_volume": 22.712,
      "d_max_priority": 0,
      "used_volume": 0.7654898694171547,
      "used_weight": 0.09766495454545454,
      "hs_cond": 1,
      "p_cond": 1
    },
    {
      "iteration": 193,
      "time": "177.74226307868958",
      "p_mean_weight": 12.519225433526012,
      "d_mean_weight": 9.153284313725491,
      "p_median_weight": 11.587,
      "d_median_weight": 8.463,
      "p_std_weight": 6.5092262883773575,
      "d_std_weight": 2.3616707518508044,
      "p_total_weight": 2165.826,
      "d_total_weight": 933.6350000000001,
      "p_mean_taxability": 119.1697283236994,
      "d_mean_taxability": 76.03826470588237,
      "p_total_taxability": 20616.362999999998,
      "d_total_taxability": 7755.903000000002,
      "p_mean_volume": 0.3578670520231213,
      "d_mean_volume": 0.22834313725490193,
      "p_median_volume": 0.286,
      "d_median_volume": 0.23,
      "p_std_volume": 0.19165991474418245,
      "d_std_volume": 0.06224599793855917,
      "p_total_volume": 61.91099999999999,
      "d_total_volume": 23.290999999999997,
      "d_max_priority": 0,
      "used_volume": 0.7583972364455985,
      "used_weight": 0.09844663636363636,
      "hs_cond": 1,
      "p_cond": 1
    },
    {
      "iteration": 25,
      "time": "165.44261193275452",
      "p_mean_weight": 12.173251428571428,
      "d_mean_weight": 9.69142,
      "p_median_weight": 11.587,
      "d_median_weight": 10.53,
      "p_std_weight": 6.232102759902436,
      "d_std_weight": 3.797907877511065,
      "p_total_weight": 2130.319,
      "d_total_weight": 969.142,
      "p_mean_taxability": 117.59466857142857,
      "d_mean_taxability": 77.93199,
      "p_total_taxability": 20579.067,
      "d_total_taxability": 7793.1990000000005,
      "p_mean_volume": 0.3531371428571428,
      "d_mean_volume": 0.23403,
      "p_median_volume": 0.286,
      "d_median_volume": 0.216,
      "p_std_volume": 0.18367851582506287,
      "d_std_volume": 0.10114700323107087,
      "p_total_volume": 61.79899999999999,
      "d_total_volume": 23.403,
      "d_max_priority": 0,
      "used_volume": 0.757025259083225,
      "used_weight": 0.09683268181818182,
      "hs_cond": 1,
      "p_cond": 1
    },
    {
      "iteration": 231,
      "time": "174.3756411075592",
      "p_mean_weight": 12.795475903614458,
      "d_mean_weight": 8.948733944954128,
      "p_median_weight": 11.587,
      "d_median_weight": 8.463,
      "p_std_weight": 6.459209888543979,
      "d_std_weight": 2.582547395292033,
      "p_total_weight": 2124.049,
      "d_total_weight": 975.412,
      "p_mean_taxability": 123.9602530120482,
      "d_mean_taxability": 71.5125137614679,
      "p_total_taxability": 20577.402000000002,
      "d_total_taxability": 7794.864000000001,
      "p_mean_volume": 0.37225301204819267,
      "d_mean_volume": 0.21475229357798162,
      "p_median_volume": 0.306,
      "d_median_volume": 0.216,
      "p_std_volume": 0.18800556686622544,
      "d_std_volume": 0.05457871582899916,
      "p_total_volume": 61.79399999999998,
      "d_total_volume": 23.407999999999998,
      "d_max_priority": 0,
      "used_volume": 0.7569640100938332,
      "used_weight": 0.09654768181818181,
      "hs_cond": 1,
      "p_cond": 1
    },
    {
      "iteration": 398,
      "time": "170.46949410438538",
      "p_mean_weight": 12.21666091954023,
      "d_mean_weight": 9.641207920792079,
      "p_median_weight": 10.891,
      "d_median_weight": 10.53,
      "p_std_weight": 6.468551936564793,
      "d_std_weight": 3.0255269336657102,
      "p_total_weight": 2125.699,
      "d_total_weight": 973.762,
      "p_mean_taxability": 118.21308620689653,
      "d_mean_taxability": 77.25929702970298,
      "p_total_taxability": 20569.076999999997,
      "d_total_taxability": 7803.189,
      "p_mean_volume": 0.3549942528735632,
      "d_mean_volume": 0.23200990099009902,
      "p_median_volume": 0.286,
      "d_median_volume": 0.23,
      "p_std_volume": 0.19039613396298594,
      "d_std_volume": 0.07403019587296861,
      "p_total_volume": 61.76899999999999,
      "d_total_volume": 23.433,
      "d_max_priority": 0,
      "used_volume": 0.756657765146875,
      "used_weight": 0.09662268181818182,
      "hs_cond": 1,
      "p_cond": 1
    }
  ],
  "weight": [
    {
      "iteration": 124,
      "time": "183.06807684898376",
      "p_mean_weight": 12.331323863636364,
      "d_mean_weight": 9.385333333333335,
      "p_median_weight": 11.587,
      "d_median_weight": 8.463,
      "p_std_weight": 6.41514551690641,
      "d_std_weight": 2.903374609389733,
      "p_total_weight": 2170.313,
      "d_total_weight": 929.1480000000001,
      "p_mean_taxability": 114.82823863636362,
      "d_mean_taxability": 82.44945454545456,
      "p_total_taxability": 20209.769999999997,
      "d_total_taxability": 8162.496000000001,
      "p_mean_volume": 0.34482954545454547,
      "d_mean_volume": 0.24759595959595965,
      "p_median_volume": 0.277,
      "d_median_volume": 0.23,
      "p_std_volume": 0.19499132414932335,
      "d_std_volume": 0.07376077149867662,
      "p_total_volume": 60.690000000000005,
      "d_total_volume": 24.512000000000004,
      "d_max_priority": 0,
      "used_volume": 0.7434402332361516,
      "used_weight": 0.09865059090909091,
      "hs_cond": 1,
      "p_cond": 1
    },
    {
      "iteration": 193,
      "time": "177.74226307868958",
      "p_mean_weight": 12.519225433526012,
      "d_mean_weight": 9.153284313725491,
      "p_median_weight": 11.587,
      "d_median_weight": 8.463,
      "p_std_weight": 6.5092262883773575,
      "d_std_weight": 2.3616707518508044,
      "p_total_weight": 2165.826,
      "d_total_weight": 933.6350000000001,
      "p_mean_taxability": 119.1697283236994,
      "d_mean_taxability": 76.03826470588237,
      "p_total_taxability": 20616.362999999998,
      "d_total_taxability": 7755.903000000002,
      "p_mean_volume": 0.3578670520231213,
      "d_mean_volume": 0.22834313725490193,
      "p_median_volume": 0.286,
      "d_median_volume": 0.23,
      "p_std_volume": 0.19165991474418245,
      "d_std_volume": 0.06224599793855917,
      "p_total_volume": 61.91099999999999,
      "d_total_volume": 23.290999999999997,
      "d_max_priority": 0,
      "used_volume": 0.7583972364455985,
      "used_weight": 0.09844663636363636,
      "hs_cond": 1,
      "p_cond": 1
    },
    {
      "iteration": 195,
      "time": "178.47942304611206",
      "p_mean_weight": 12.717644970414199,
      "d_mean_weight": 8.96395283018868,
      "p_median_weight": 11.587,
      "d_median_weight": 8.246,
      "p_std_weight": 6.388658106129427,
      "d_std_weight": 2.76575034641708,
      "p_total_weight": 2149.2819999999997,
      "d_total_weight": 950.1790000000001,
      "p_mean_taxability": 117.64752071005915,
      "d_mean_taxability": 80.09278301886795,
      "p_total_taxability": 19882.430999999997,
      "d_total_taxability": 8489.835000000003,
      "p_mean_volume": 0.3532958579881657,
      "d_mean_volume": 0.24051886792452828,
      "p_median_volume": 0.277,
      "d_median_volume": 0.23,
      "p_std_volume": 0.1939148255448122,