{
  "volume": [
    {
      "iteration": 0,
      "time": "110.5269501209259",
      "p_mean_weight": 11.75569512195122,
      "d_mean_weight": 10.5542972972973,
      "p_median_weight": 10.891,
      "d_median_weight": 10.53,
      "p_std_weight": 6.527367457003556,
      "d_std_weight": 3.738678953842082,
      "p_total_weight": 1927.9340000000002,
      "d_total_weight": 1171.5270000000003,
      "p_mean_taxability": 111.06159146341464,
      "d_mean_taxability": 91.51500000000001,
      "p_total_taxability": 18214.101000000002,
      "d_total_taxability": 10158.165,
      "p_mean_volume": 0.3335182926829268,
      "d_mean_volume": 0.27481981981981995,
      "p_median_volume": 0.277,
      "d_median_volume": 0.247,
      "p_std_volume": 0.19196729247743288,
      "d_std_volume": 0.11874841229164045,
      "p_total_volume": 54.697,
      "d_total_volume": 30.505000000000013,
      "d_max_priority": 1,
      "used_volume": 0.6700271945512899,
      "used_weight": 0.08763336363636365
    }
  ],
  "weight": [
    {
      "iteration": 0,
      "time": "110.5269501209259",
      "p_mean_weight": 11.75569512195122,
      "d_mean_weight": 10.5542972972973,
      "p_median_weight": 10.891,
      "d_median_weight": 10.53,
      "p_std_weight": 6.527367457003556,
      "d_std_weight": 3.738678953842082,
      "p_total_weight": 1927.9340000000002,
      "d_total_weight": 1171.5270000000003,
      "p_mean_taxability": 111.06159146341464,
      "d_mean_taxability": 91.51500000000001,
      "p_total_taxability": 18214.101000000002,
      "d_total_taxability": 10158.165,
      "p_mean_volume": 0.3335182926829268,
      "d_mean_volume": 0.27481981981981995,
      "p_median_volume": 0.277,
      "d_median_volume": 0.247,
      "p_std_volume": 0.19196729247743288,
      "d_std_volume": 0.11874841229164045,
      "p_total_volume": 54.697,
      "d_total_volume": 30.505000000000013,
      "d_max_priority": 1,
      "used_volume": 0.6700271945512899,
      "used_weight": 0.08763336363636365
    }
  ],
  "taxability": [
    {
      "iteration": 0,
      "time": "110.5269501209259",
      "p_mean_weight": 11.75569512195122,
      "d_mean_weight": 10.5542972972973,
      "p_median_weight": 10.891,
      "d_median_weight": 10.53,
      "p_std_weight": 6.527367457003556,
      "d_std_weight": 3.738678953842082,
      "p_total_weight": 1927.9340000000002,
      "d_total_weight": 1171.5270000000003,
      "p_mean_taxability": 111.06159146341464,
      "d_mean_taxability": 91.51500000000001,
      "p_total_taxability": 18214.101000000002,
      "d_total_taxability": 10158.165,
      "p_mean_volume": 0.3335182926829268,
      "d_mean_volume": 0.27481981981981995,
      "p_median_volume": 0.277,
      "d_median_volume": 0.247,
      "p_std_volume": 0.19196729247743288,
      "d_std_volume": 0.11874841229164045,
      "p_total_volume": 54.697,
      "d_total_volume": 30.505000000000013,
      "d_max_priority": 1,
      "used_volume": 0.6700271945512899,
      "used_weight": 0.08763336363636365
    }
  ]
}