{
  "volume": [
    {
      "iteration": 56,
      "time": "213.83704447746277",
      "n_placed": 173,
      "n_discard": 102,
      "p_mean_weight": 12.557502890173412,
      "d_mean_weight": 9.08836274509804,
      "p_median_weight": 11.587,
      "d_median_weight": 8.246,
      "p_std_weight": 6.390655577995216,
      "d_std_weight": 2.7810296860403945,
      "p_total_weight": 2172.4480000000003,
      "d_total_weight": 927.013,
      "p_mean_taxability": 116.87145086705202,
      "d_mean_taxability": 79.93632352941178,
      "p_total_taxability": 20218.761,
      "d_total_taxability": 8153.505000000002,
      "p_mean_volume": 0.35096531791907515,
      "d_mean_volume": 0.24004901960784317,
      "p_median_volume": 0.277,
      "d_median_volume": 0.23,
      "p_std_volume": 0.19392125277682193,
      "d_std_volume": 0.07233343822989494,
      "p_total_volume": 60.717,
      "d_total_volume": 24.485000000000003,
      "d_max_priority": 0,
      "used_volume": 0.7437709777788666,
      "used_weight": 0.09874763636363638,
      "unload_obs": 0,
      "hs_cond": 1,
      "p_cond": 1
    },
    {
      "iteration": 227,
      "time": "266.86101937294006",
      "n_placed": 182,
      "n_discard": 93,
      "p_mean_weight": 11.822912087912087,
      "d_mean_weight": 10.190225806451613,
      "p_median_weight": 10.891,
      "d_median_weight": 10.53,
      "p_std_weight": 6.433831579067709,
      "d_std_weight": 3.16492415297893,
      "p_total_weight": 2151.77,
      "d_total_weight": 947.691,
      "p_mean_taxability": 110.99512087912089,
      "d_mean_taxability": 87.86187096774194,
      "p_total_taxability": 20201.112,
      "d_total_taxability": 8171.1539999999995,
      "p_mean_volume": 0.3333186813186813,
      "d_mean_volume": 0.2638494623655915,
      "p_median_volume": 0.277,
      "d_median_volume": 0.247,
      "p_std_volume": 0.18945996991862524,
      "d_std_volume": 0.10383682288933578,
      "p_total_volume": 60.663999999999994,
      "d_total_volume": 24.538000000000007,
      "d_max_priority": 0,
      "used_volume": 0.7431217384913148,
      "used_weight": 0.09780772727272727,
      "unload_obs": 1,
      "hs_cond": 1,
      "p_cond": 1
    },
    {
      "iteration": 332,
      "time": "253.0180094242096",
      "n_placed": 165,
      "n_discard": 110,
      "p_mean_weight": 12.676206060606061,
      "d_mean_weight": 9.162609090909092,
      "p_median_weight": 11.587,
      "d_median_weight": 8.463,
      "p_std_weight": 6.59397495732035,
      "d_std_weight": 2.40862552489644,
      "p_total_weight": 2091.574,
      "d_total_weight": 1007.8870000000001,
      "p_mean_taxability": 121.5429818181818,
      "d_mean_taxability": 75.6152181818182,
      "p_total_taxability": 20054.591999999997,
      "d_total_taxability": 8317.674,
      "p_mean_volume": 0.3649939393939393,
      "d_mean_volume": 0.22707272727272734,
      "p_median_volume": 0.286,
      "d_median_volume": 0.223,
      "p_std_volume": 0.19429906847904746,
      "d_std_volume": 0.05578278796242364,
      "p_total_volume": 60.22399999999999,
      "d_total_volume": 24.97800000000001,
      "d_max_priority": 0,
      "used_volume": 0.7377318274248473,
      "used_weight": 0.09507154545454546,
      "unload_obs": 2,
      "hs_cond": 1,
      "p_cond": 1
    },
    {
      "iteration": 231,
      "time": "276.14160108566284",
      "n_placed": 164,
      "n_discard": 111,
      "p_mean_weight": 12.72675,
      "d_mean_weight": 9.119585585585586,
      "p_median_weight": 11.587,
      "d_median_weight": 8.463,
      "p_std_weight": 6.53610852533126,
      "d_std_weight": 2.6166573210472817,
      "p_total_weight": 2087.187,
      "d_total_weight": 1012.2740000000001,
      "p_mean_taxability": 121.55515243902438,
      "d_mean_taxability": 76.01100000000001,
      "p_total_taxability": 19935.045,
      "d_total_taxability": 8437.221000000001,
      "p_mean_volume": 0.365030487804878,
      "d_mean_volume": 0.22826126126126126,
      "p_median_volume": 0.286,
      "d_median_volume": 0.216,
      "p_std_volume": 0.19270599443656422,
      "d_std_volume": 0.0670573311986517,
      "p_total_volume": 59.864999999999995,
      "d_total_volume": 25.337,
      "d_max_priority": 0,
      "used_volume": 0.7333341499865251,
      "used_weight": 0.09487213636363635,
      "unload_obs": 2,
      "hs_cond": 1,
      "p_cond": 1
    },
    {
      "iteration": 108,
      "time": "282.98774313926697",
      "n_placed": 168,
      "n_discard": 107,
      "p_mean_weight": 12.532785714285714,
      "d_mean_weight": 9.289280373831776,
      "p_median_weight": 11.8,
      "d_median_weight": 8.463,
      "p_std_weight": 6.452063326980258,
      "d_std_weight": 2.975068753904729,
      "p_total_weight": 2105.508,
      "d_total_weight": 993.953,
      "p_mean_taxability": 118.30816071428569,
      "d_mean_taxability": 79.40649532710282,
      "p_total_taxability": 19875.770999999997,
      "d_total_taxability": 8496.495,
      "p_mean_volume": 0.35527976190476196,
      "d_mean_volume": 0.23845794392523362,
      "p_median_volume": 0.286,
      "d_median_volume": 0.23,
      "p_std_volume": 0.19521267154792257,
      "d_std_volume": 0.07070217636609559,
      "p_total_volume": 59.687000000000005,
      "d_total_volume": 25.514999999999997,
      "d_max_priority": 0,
      "used_volume": 0.7311536859641816,
      "used_weight": 0.09570490909090908,
      "unload_obs": 0,
      "hs_cond": 1,
      "p_cond": 1
    }
  ],
  "weight": [
    {
      "iteration": 56,
      "time": "213.83704447746277",
      "n_placed": 173,
      "n_discard": 102,
      "p_mean_weight": 12.557502890173412,
      "d_mean_weight": 9.08836274509804,
      "p_median_weight": 11.587,
      "d_median_weight": 8.246,
      "p_std_weight": 6.390655577995216,
      "d_std_weight": 2.7810296860403945,
      "p_total_weight": 2172.4480000000003,
      "d_total_weight": 927.013,
      "p_mean_taxability": 116.87145086705202,
      "d_mean_taxability": 79.93632352941178,
      "p_total_taxability": 20218.761,
      "d_total_taxability": 8153.505000000002,
      "p_mean_volume": 0.35096531791907515,
      "d_mean_volume": 0.24004901960784317,
      "p_median_volume": 0.277,
      "d_median_volume": 0.23,
      "p_std_volume": 0.19392125277682193,
      "d_std_volume": 0.07233343822989494,
      "p_total_volume": 60.717,
      "d_total_volume": 24.485000000000003,
      "d_max_priority": 0,
      "used_volume": 0.7437709777788666,
      "used_weight": 0.09874763636363638,
      "unload_obs": 0,
      "hs_cond": 1,
      "p_cond": 1
    },
    {
      "iteration": 227,
      "time": "266.86101937294006",
      "n_placed": 182,
      "n_discard": 93,
      "p_mean_weight": 11.822912087912087,
      "d_mean_weight": 10.190225806451613,
      "p_median_weight": 10.891,
      "d_median_weight": 10.53,
      "p_std_weight": 6.433831579067709,
      "d_std_weight": 3.16492415297893,
      "p_total_weight": 2151.77,
      "d_total_weight": 947.691,
      "p_mean_taxability": 110.99512087912089,
      "d_mean_taxability": 87.86187096774194,
      "p_total_taxability": 20201.112,
      "d_total_taxability": 8171.1539999999995,
      "p_mean_volume": 0.3333186813186813,
      "d_mean_volume": 0.2638494623655915,
      "p_median_volume": 0.277,
      "d_median_volume": 0.247,
      "p_std_volume": 0.18945996991862524,
      "d_std_volume": 0.10383682288933578,
      "p_total_volume": 60.663999999999994,
      "d_total_volume": 24.538000000000007,
      "d_max_priority": 0,
      "used_volume": 0.7431217384913148,
      "used_weight": 0.09780772727272727,
      "unload_obs": 1,
      "hs_cond": 1,
      "p_cond": 1
    },
    {
      "iteration": 329,
      "time": "203.88123393058777",
      "n_placed": 176,
      "n_discard": 99,
      "p_mean_weight": 11.995164772727271,
      "d_mean_weight": 9.982949494949496,
      "p_median_weight": 10.891,
      "d_median_weight": 8.246,
      "p_std_weight": 6.302486978610265,