{
  "volume": [
    {
      "iteration": 40,
      "time": "35.884511947631836",
      "p_mean_weight": 11.001493150684931,
      "d_mean_weight": 6.45375,
      "p_total_weight": 1606.2179999999998,
      "d_total_weight": 25.815,
      "p_mean_taxability": 96.28033561643835,
      "d_mean_taxability": 68.68125,
      "p_total_taxability": 14056.929,
      "d_total_taxability": 274.725,
      "p_mean_volume": 0.28913013698630136,
      "d_mean_volume": 0.20625,
      "p_total_volume": 42.213,
      "d_total_volume": 0.825,
      "p_cumulative_priority": 25.0,
      "p_mean_priority": 0.17123287671232876,
      "d_max_priority": 0,
      "used_volume": 0.5171007178381557,
      "used_weight": 0.07300990909090908
    },
    {
      "iteration": 39,
      "time": "35.42564296722412",
      "p_mean_weight": 10.958448275862068,
      "d_mean_weight": 8.6116,
      "p_total_weight": 1588.975,
      "d_total_weight": 43.058,
      "p_mean_taxability": 95.74783448275863,
      "d_mean_taxability": 89.64359999999999,
      "p_total_taxability": 13883.436000000002,
      "d_total_taxability": 448.21799999999996,
      "p_mean_volume": 0.28753103448275863,
      "d_mean_volume": 0.2692,
      "p_total_volume": 41.692,
      "d_total_volume": 1.3459999999999999,
      "p_cumulative_priority": 25.0,
      "p_mean_priority": 0.1724137931034483,
      "d_max_priority": 0,
      "used_volume": 0.5107185731435432,
      "used_weight": 0.07222613636363635
    },
    {
      "iteration": 22,
      "time": "36.704856157302856",
      "p_mean_weight": 10.843828767123288,
      "d_mean_weight": 12.2085,
      "p_total_weight": 1583.199,
      "d_total_weight": 48.834,
      "p_mean_taxability": 95.02588356164382,
      "d_mean_taxability": 114.46875,
      "p_total_taxability": 13873.778999999999,
      "d_total_taxability": 457.875,
      "p_mean_volume": 0.2853630136986302,
      "d_mean_volume": 0.34375000000000006,
      "p_total_volume": 41.66300000000001,
      "d_total_volume": 1.3750000000000002,
      "p_cumulative_priority": 24.0,
      "p_mean_priority": 0.1643835616438356,
      "d_max_priority": 1,
      "used_volume": 0.5103633290050715,
      "used_weight": 0.07196359090909091
    },
    {
      "iteration": 51,
      "time": "37.91686034202576",
      "p_mean_weight": 11.0279020979021,
      "d_mean_weight": 7.863285714285714,
      "p_total_weight": 1576.9900000000002,
      "d_total_weight": 55.043,
      "p_mean_taxability": 96.35809090909092,
      "d_mean_taxability": 78.921,
      "p_total_taxability": 13779.207000000002,
      "d_total_taxability": 552.447,
      "p_mean_volume": 0.2893636363636364,
      "d_mean_volume": 0.23699999999999996,
      "p_total_volume": 41.379000000000005,
      "d_total_volume": 1.6589999999999998,
      "p_cumulative_priority": 25.0,
      "p_mean_priority": 0.17482517482517482,
      "d_max_priority": 0,
      "used_volume": 0.5068843864076243,
      "used_weight": 0.07168136363636364
    },
    {
      "iteration": 21,
      "time": "36.9514479637146",
      "p_mean_weight": 10.872558620689656,
      "d_mean_weight": 11.1024,
      "p_total_weight": 1576.5210000000002,
      "d_total_weight": 55.512,
      "p_mean_taxability": 94.99915862068966,
      "d_mean_taxability": 111.3552,
      "p_total_taxability": 13774.878,
      "d_total_taxability": 556.776,
      "p_mean_volume": 0.28528275862068964,
      "d_mean_volume": 0.3344,
      "p_total_volume": 41.366,
      "d_total_volume": 1.672,
      "p_cumulative_priority": 25.0,
      "p_mean_priority": 0.1724137931034483,
      "d_max_priority": 0,
      "used_volume": 0.5067251390352059,
      "used_weight": 0.07166004545454546
    }
  ],
  "weight": [
    {
      "iteration": 40,
      "time": "35.884511947631836",
      "p_mean_weight": 11.001493150684931,
      "d_mean_weight": 6.45375,
      "p_total_weight": 1606.2179999999998,
      "d_total_weight": 25.815,
      "p_mean_taxability": 96.28033561643835,
      "d_mean_taxability": 68.68125,
      "p_total_taxability": 14056.929,
      "d_total_taxability": 274.725,
      "p_mean_volume": 0.28913013698630136,
      "d_mean_volume": 0.20625,
      "p_total_volume": 42.213,
      "d_total_volume": 0.825,
      "p_cumulative_priority": 25.0,
      "p_mean_priority": 0.17123287671232876,
      "d_max_priority": 0,
      "used_volume": 0.5171007178381557,
      "used_weight": 0.07300990909090908
    },
    {
      "iteration": 39,
      "time": "35.42564296722412",
      "p_mean_weight": 10.958448275862068,
      "d_mean_weight": 8.6116,
      "p_total_weight": 1588.975,
      "d_total_weight": 43.058,
      "p_mean_taxability": 95.74783448275863,
      "d_mean_taxability": 89.64359999999999,
      "p_total_taxability": 13883.436000000002,
      "d_total_taxability": 448.21799999999996,
      "p_mean_volume": 0.28753103448275863,
      "d_mean_volume": 0.2692,
      "p_total_volume": 41.692,
      "d_total_volume": 1.3459999999999999,
      "p_cumulative_priority": 25.0,
      "p_mean_priority": 0.1724137931034483,
      "d_max_priority": 0,
      "used_volume": 0.5107185731435432,
      "used_weight": 0.07222613636363635
    },
    {
      "iteration": 22,
      "time": "36.704856157302856",
      "p_mean_weight": 10.843828767123288,
      "d_mean_weight": 12.2085,
      "p_total_weight": 1583.199,
      "d_total_weight": 48.834,
      "p_mean_taxability": 95.02588356164382,
      "d_mean_taxability": 114.46875,
      "p_total_taxability": 13873.778999999999,
      "d_total_taxability": 457.875,
      "p_mean_volume": 0.2853630136986302,
      "d_mean_volume": 0.34375000000000006,
      "p_total_volume": 41.66300000000001,
      "d_total_volume": 1.3750000000000002,
      "p_cumulative_priority": 24.0,
      "p_mean_priority": 0.1643835616438356,
      "d_max_priority": 1,
      "used_volume": 0.5103633290050715,
      "used_weight": 0.07196359090909091
    },
    {
      "iteration": 51,
      "time": "37.91686034202576",
      "p_mean_weight": 11.0279020979021,
      "d_mean_weight": 7.863285714285714,
      "p_total_weight": 1576.9900000000002,
      "d_total_weight": 55.043,
      "p_mean_taxability": 96.35809090909092,
      "d_mean_taxability": 78.921,
      "p_total_taxability": 13779.207000000002,
      "d_total_taxability": 552.447,
      "p_mean_volume": 0.2893636363636364,
      "d_mean_volume": 0.23699999999999996,
      "p_total_volume": 41.379000000000005,
      "d_total_volume": 1.6589999999999998,
      "p_cumulative_priority": 25.0,
      "p_mean_priority": 0.17482517482517482,
      "d_max_priority": 0,
      "used_volume": 0.5068843864076243,
      "used_weight": 0.07168136363636364
    },
    {
      "iteration": 21,
      "time": "36.9514479637146",
      "p_mean_weight": 10.872558620689656,
      "d_mean_weight": 11.1024,
      "p_total_weight": 1576.5210000000002,
      "d_total_weight": 55.512,
      "p_mean_taxability": 94.99915862068966,
      "d_mean_taxability": 111.3552,
      "p_total_taxability": 13774.878,
      "d_total_taxability": 556.776,
      "p_mean_volume": 0.28528275862068964,
      "d_mean_volume": 0.3344,
      "p_total_volume": 41.366,
      "d_total_volume": 1.672,
      "p_cumulative_priority": 25.0,
      "p_mean_priority": 0.1724137931034483,
      "d_max_priority": 0,
      "used_volume": 0.5067251390352059,
      "used_weight": 0.07166004545454546
    }
  ],
  "priority": [
    {
      "iteration": 1,
      "time": "31.463057279586792",
      "p_mean_weight": 10.762319148936172,
      "d_mean_weight": 12.727333333333334,
      "p_total_weight": 1517.487,
      "d_total_weight": 114.546,
      "p_mean_taxability": 94.60034042553193,
      "d_mean_taxability": 110.334,
      "p_total_taxability": 13338.648000000001,
      "d_total_taxability": 993.006,
      "p_mean_volume": 0.2840851063829787,
      "d_mean_volume": 0.33133333333333337,
      "p_total_volume": 40.056,
      "d_total_volume": 2.982,
      "p_cumulative_priority": 25.0,