{
  "volume": [
    {
      "iteration": 0,
      "time": "124.39705419540405",
      "p_mean_weight": 12.550639240506328,
      "d_mean_weight": 9.542393162393163,
      "p_median_weight": 11.587,
      "d_median_weight": 10.53,
      "p_std_weight": 6.667255599248579,
      "d_std_weight": 2.9222989738161016,
      "p_total_weight": 1983.0009999999997,
      "d_total_weight": 1116.46,
      "p_mean_taxability": 120.63241139240505,
      "d_mean_taxability": 79.59269230769233,
      "p_total_taxability": 19059.921,
      "d_total_taxability": 9312.345000000003,
      "p_mean_volume": 0.3622594936708861,
      "d_mean_volume": 0.239017094017094,
      "p_median_volume": 0.286,
      "d_median_volume": 0.23,
      "p_std_volume": 0.19871328705121208,
      "d_std_volume": 0.06982305010499915,
      "p_total_volume": 57.237,
      "d_total_volume": 27.965,
      "d_max_priority": 0,
      "used_volume": 0.7011416811622608,
      "used_weight": 0.09013640909090907
    }
  ],
  "weight": [
    {
      "iteration": 0,
      "time": "124.39705419540405",
      "p_mean_weight": 12.550639240506328,
      "d_mean_weight": 9.542393162393163,
      "p_median_weight": 11.587,
      "d_median_weight": 10.53,
      "p_std_weight": 6.667255599248579,
      "d_std_weight": 2.9222989738161016,
      "p_total_weight": 1983.0009999999997,
      "d_total_weight": 1116.46,
      "p_mean_taxability": 120.63241139240505,
      "d_mean_taxability": 79.59269230769233,
      "p_total_taxability": 19059.921,
      "d_total_taxability": 9312.345000000003,
      "p_mean_volume": 0.3622594936708861,
      "d_mean_volume": 0.239017094017094,
      "p_median_volume": 0.286,
      "d_median_volume": 0.23,
      "p_std_volume": 0.19871328705121208,
      "d_std_volume": 0.06982305010499915,
      "p_total_volume": 57.237,
      "d_total_volume": 27.965,
      "d_max_priority": 0,
      "used_volume": 0.7011416811622608,
      "used_weight": 0.09013640909090907
    }
  ],
  "taxability": [
    {
      "iteration": 0,
      "time": "124.39705419540405",
      "p_mean_weight": 12.550639240506328,
      "d_mean_weight": 9.542393162393163,
      "p_median_weight": 11.587,
      "d_median_weight": 10.53,
      "p_std_weight": 6.667255599248579,
      "d_std_weight": 2.9222989738161016,
      "p_total_weight": 1983.0009999999997,
      "d_total_weight": 1116.46,
      "p_mean_taxability": 120.63241139240505,
      "d_mean_taxability": 79.59269230769233,
      "p_total_taxability": 19059.921,
      "d_total_taxability": 9312.345000000003,
      "p_mean_volume": 0.3622594936708861,
      "d_mean_volume": 0.239017094017094,
      "p_median_volume": 0.286,
      "d_median_volume": 0.23,
      "p_std_volume": 0.19871328705121208,
      "d_std_volume": 0.06982305010499915,
      "p_total_volume": 57.237,
      "d_total_volume": 27.965,
      "d_max_priority": 0,
      "used_volume": 0.7011416811622608,
      "used_weight": 0.09013640909090907
    }
  ]
}