{
  "volume": [
    {
      "iteration": 0,
      "time": "102.22210884094238",
      "p_mean_weight": 11.991141975308642,
      "d_mean_weight": 10.238017699115044,
      "p_median_weight": 10.891,
      "d_median_weight": 10.53,
      "p_std_weight": 6.866367333503197,
      "d_std_weight": 2.6435569179148333,
      "p_total_weight": 1942.5649999999998,
      "d_total_weight": 1156.896,
      "p_mean_taxability": 115.28377777777777,
      "d_mean_taxability": 85.80791150442478,
      "p_total_taxability": 18675.971999999998,
      "d_total_taxability": 9696.294,
      "p_mean_volume": 0.3461975308641975,
      "d_mean_volume": 0.25768141592920357,
      "p_median_volume": 0.286,
      "d_median_volume": 0.247,
      "p_std_volume": 0.2010252244456668,
      "d_std_volume": 0.08228003853204242,
      "p_total_volume": 56.083999999999996,
      "d_total_volume": 29.118000000000002,
      "d_max_priority": 0,
      "used_volume": 0.6870176642085405,
      "used_weight": 0.08829840909090908
    }
  ],
  "weight": [
    {
      "iteration": 0,
      "time": "102.22210884094238",
      "p_mean_weight": 11.991141975308642,
      "d_mean_weight": 10.238017699115044,
      "p_median_weight": 10.891,
      "d_median_weight": 10.53,
      "p_std_weight": 6.866367333503197,
      "d_std_weight": 2.6435569179148333,
      "p_total_weight": 1942.5649999999998,
      "d_total_weight": 1156.896,
      "p_mean_taxability": 115.28377777777777,
      "d_mean_taxability": 85.80791150442478,
      "p_total_taxability": 18675.971999999998,
      "d_total_taxability": 9696.294,
      "p_mean_volume": 0.3461975308641975,
      "d_mean_volume": 0.25768141592920357,
      "p_median_volume": 0.286,
      "d_median_volume": 0.247,
      "p_std_volume": 0.2010252244456668,
      "d_std_volume": 0.08228003853204242,
      "p_total_volume": 56.083999999999996,
      "d_total_volume": 29.118000000000002,
      "d_max_priority": 0,
      "used_volume": 0.6870176642085405,
      "used_weight": 0.08829840909090908
    }
  ],
  "taxability": [
    {
      "iteration": 0,
      "time": "102.22210884094238",
      "p_mean_weight": 11.991141975308642,
      "d_mean_weight": 10.238017699115044,
      "p_median_weight": 10.891,
      "d_median_weight": 10.53,
      "p_std_weight": 6.866367333503197,
      "d_std_weight": 2.6435569179148333,
      "p_total_weight": 1942.5649999999998,
      "d_total_weight": 1156.896,
      "p_mean_taxability": 115.28377777777777,
      "d_mean_taxability": 85.80791150442478,
      "p_total_taxability": 18675.971999999998,
      "d_total_taxability": 9696.294,
      "p_mean_volume": 0.3461975308641975,
      "d_mean_volume": 0.25768141592920357,
      "p_median_volume": 0.286,
      "d_median_volume": 0.247,
      "p_std_volume": 0.2010252244456668,
      "d_std_volume": 0.08228003853204242,
      "p_total_volume": 56.083999999999996,
      "d_total_volume": 29.118000000000002,
      "d_max_priority": 0,
      "used_volume": 0.6870176642085405,
      "used_weight": 0.08829840909090908
    }
  ]
}