{
  "volume": [
    {
      "iteration": 0,
      "time": "95.53005528450012",
      "p_mean_weight": 12.045298245614037,
      "d_mean_weight": 9.997259615384618,
      "p_median_weight": 10.891,
      "d_median_weight": 10.53,
      "p_std_weight": 6.792312892826399,
      "d_std_weight": 2.1217057023266177,
      "p_total_weight": 2059.746,
      "d_total_weight": 1039.7150000000001,
      "p_mean_taxability": 113.29400000000001,
      "d_mean_taxability": 86.52876923076921,
      "p_total_taxability": 19373.274,
      "d_total_taxability": 8998.991999999998,
      "p_mean_volume": 0.34022222222222226,
      "d_mean_volume": 0.2598461538461539,
      "p_median_volume": 0.277,
      "d_median_volume": 0.247,
      "p_std_volume": 0.1997097239901181,
      "d_std_volume": 0.07555217694662517,
      "p_total_volume": 58.178000000000004,
      "d_total_volume": 27.024000000000004,
      "d_max_priority": 0,
      "used_volume": 0.7126687409657742,
      "used_weight": 0.09362481818181818
    }
  ],
  "weight": [
    {
      "iteration": 0,
      "time": "95.53005528450012",
      "p_mean_weight": 12.045298245614037,
      "d_mean_weight": 9.997259615384618,
      "p_median_weight": 10.891,
      "d_median_weight": 10.53,
      "p_std_weight": 6.792312892826399,
      "d_std_weight": 2.1217057023266177,
      "p_total_weight": 2059.746,
      "d_total_weight": 1039.7150000000001,
      "p_mean_taxability": 113.29400000000001,
      "d_mean_taxability": 86.52876923076921,
      "p_total_taxability": 19373.274,
      "d_total_taxability": 8998.991999999998,
      "p_mean_volume": 0.34022222222222226,
      "d_mean_volume": 0.2598461538461539,
      "p_median_volume": 0.277,
      "d_median_volume": 0.247,
      "p_std_volume": 0.1997097239901181,
      "d_std_volume": 0.07555217694662517,
      "p_total_volume": 58.178000000000004,
      "d_total_volume": 27.024000000000004,
      "d_max_priority": 0,
      "used_volume": 0.7126687409657742,
      "used_weight": 0.09362481818181818
    }
  ],
  "taxability": [
    {
      "iteration": 0,
      "time": "95.53005528450012",
      "p_mean_weight": 12.045298245614037,
      "d_mean_weight": 9.997259615384618,
      "p_median_weight": 10.891,
      "d_median_weight": 10.53,
      "p_std_weight": 6.792312892826399,
      "d_std_weight": 2.1217057023266177,
      "p_total_weight": 2059.746,
      "d_total_weight": 1039.7150000000001,
      "p_mean_taxability": 113.29400000000001,
      "d_mean_taxability": 86.52876923076921,
      "p_total_taxability": 19373.274,
      "d_total_taxability": 8998.991999999998,
      "p_mean_volume": 0.34022222222222226,
      "d_mean_volume": 0.2598461538461539,
      "p_median_volume": 0.277,
      "d_median_volume": 0.247,
      "p_std_volume": 0.1997097239901181,
      "d_std_volume": 0.07555217694662517,
      "p_total_volume": 58.178000000000004,
      "d_total_volume": 27.024000000000004,
      "d_max_priority": 0,
      "used_volume": 0.7126687409657742,
      "used_weight": 0.09362481818181818
    }
  ]
}