{
  "volume": [
    {
      "iteration": 0,
      "time": "93.32489895820618",
      "p_mean_weight": 12.193539393939394,
      "d_mean_weight": 9.886609090909094,
      "p_median_weight": 10.891,
      "d_median_weight": 10.53,
      "p_std_weight": 6.890596935535543,
      "d_std_weight": 2.0090100537943734,
      "p_total_weight": 2011.934,
      "d_total_weight": 1087.5270000000003,
      "p_mean_taxability": 116.7276,
      "d_mean_taxability": 82.83829090909092,
      "p_total_taxability": 19260.054,
      "d_total_taxability": 9112.212000000001,
      "p_mean_volume": 0.3505333333333333,
      "d_mean_volume": 0.2487636363636364,
      "p_median_volume": 0.286,
      "d_median_volume": 0.247,
      "p_std_volume": 0.20279000713020828,
      "d_std_volume": 0.057319949818592855,
      "p_total_volume": 57.837999999999994,
      "d_total_volume": 27.364000000000004,
      "d_max_priority": 0,
      "used_volume": 0.7085038096871401,
      "used_weight": 0.09145154545454545
    }
  ],
  "weight": [
    {
      "iteration": 0,
      "time": "93.32489895820618",
      "p_mean_weight": 12.193539393939394,
      "d_mean_weight": 9.886609090909094,
      "p_median_weight": 10.891,
      "d_median_weight": 10.53,
      "p_std_weight": 6.890596935535543,
      "d_std_weight": 2.0090100537943734,
      "p_total_weight": 2011.934,
      "d_total_weight": 1087.5270000000003,
      "p_mean_taxability": 116.7276,
      "d_mean_taxability": 82.83829090909092,
      "p_total_taxability": 19260.054,
      "d_total_taxability": 9112.212000000001,
      "p_mean_volume": 0.3505333333333333,
      "d_mean_volume": 0.2487636363636364,
      "p_median_volume": 0.286,
      "d_median_volume": 0.247,
      "p_std_volume": 0.20279000713020828,
      "d_std_volume": 0.057319949818592855,
      "p_total_volume": 57.837999999999994,
      "d_total_volume": 27.364000000000004,
      "d_max_priority": 0,
      "used_volume": 0.7085038096871401,
      "used_weight": 0.09145154545454545
    }
  ],
  "taxability": [
    {
      "iteration": 0,
      "time": "93.32489895820618",
      "p_mean_weight": 12.193539393939394,
      "d_mean_weight": 9.886609090909094,
      "p_median_weight": 10.891,
      "d_median_weight": 10.53,
      "p_std_weight": 6.890596935535543,
      "d_std_weight": 2.0090100537943734,
      "p_total_weight": 2011.934,
      "d_total_weight": 1087.5270000000003,
      "p_mean_taxability": 116.7276,
      "d_mean_taxability": 82.83829090909092,
      "p_total_taxability": 19260.054,
      "d_total_taxability": 9112.212000000001,
      "p_mean_volume": 0.3505333333333333,
      "d_mean_volume": 0.2487636363636364,
      "p_median_volume": 0.286,
      "d_median_volume": 0.247,
      "p_std_volume": 0.20279000713020828,
      "d_std_volume": 0.057319949818592855,
      "p_total_volume": 57.837999999999994,
      "d_total_volume": 27.364000000000004,
      "d_max_priority": 0,
      "used_volume": 0.7085038096871401,
      "used_weight": 0.09145154545454545
    }
  ]
}