{
  "volume": [
    {
      "iteration": 25,
      "time": "86.98199701309204",
      "p_mean_weight": 6.033397959183673,
      "d_mean_weight": 5.8957500000000005,
      "p_total_weight": 1182.5459999999998,
      "d_total_weight": 23.583000000000002,
      "p_mean_taxability": 55.09111224489796,
      "d_mean_taxability": 49.95,
      "p_total_taxability": 10797.858,
      "d_total_taxability": 199.8,
      "p_mean_volume": 0.16543877551020408,
      "d_mean_volume": 0.15,
      "p_total_volume": 32.426,
      "d_total_volume": 0.6,
      "p_cumulative_priority": 41.0,
      "p_mean_priority": 0.20918367346938777,
      "d_max_priority": 1,
      "used_volume": 0.39721194600289095,
      "used_weight": 0.0537520909090909
    },
    {
      "iteration": 27,
      "time": "92.42738795280457",
      "p_mean_weight": 6.032041025641026,
      "d_mean_weight": 5.9762,
      "p_total_weight": 1176.248,
      "d_total_weight": 29.881,
      "p_mean_taxability": 55.144800000000004,
      "d_mean_taxability": 48.88439999999999,
      "p_total_taxability": 10753.236,
      "d_total_taxability": 244.42199999999997,
      "p_mean_volume": 0.1656,
      "d_mean_volume": 0.14679999999999999,
      "p_total_volume": 32.292,
      "d_total_volume": 0.734,
      "p_cumulative_priority": 42.0,
      "p_mean_priority": 0.2153846153846154,
      "d_max_priority": 0,
      "used_volume": 0.39557047308719406,
      "used_weight": 0.053465818181818184
    },
    {
      "iteration": 24,
      "time": "81.34187388420105",
      "p_mean_weight": 6.052482051282051,
      "d_mean_weight": 5.179,
      "p_total_weight": 1180.234,
      "d_total_weight": 25.895000000000003,
      "p_mean_taxability": 55.076492307692305,
      "d_mean_taxability": 51.5484,
      "p_total_taxability": 10739.916,
      "d_total_taxability": 257.742,
      "p_mean_volume": 0.16539487179487178,
      "d_mean_volume": 0.1548,
      "p_total_volume": 32.251999999999995,
      "d_total_volume": 0.774,
      "p_cumulative_priority": 41.0,
      "p_mean_priority": 0.21025641025641026,
      "d_max_priority": 1,
      "used_volume": 0.3950804811720606,
      "used_weight": 0.05364699999999999
    },
    {
      "iteration": 40,
      "time": "87.83811783790588",
      "p_mean_weight": 6.03965641025641,
      "d_mean_weight": 5.6792,
      "p_total_weight": 1177.733,
      "d_total_weight": 28.396,
      "p_mean_taxability": 54.99793846153846,
      "d_mean_taxability": 54.612,
      "p_total_taxability": 10724.598,
      "d_total_taxability": 273.06,
      "p_mean_volume": 0.16515897435897434,
      "d_mean_volume": 0.16399999999999998,
      "p_total_volume": 32.205999999999996,
      "d_total_volume": 0.82,
      "p_cumulative_priority": 40.0,
      "p_mean_priority": 0.20512820512820512,
      "d_max_priority": 1,
      "used_volume": 0.3945169904696572,
      "used_weight": 0.05353331818181818
    },
    {
      "iteration": 59,
      "time": "87.02145528793335",
      "p_mean_weight": 6.026189743589743,
      "d_mean_weight": 6.2044,
      "p_total_weight": 1175.107,
      "d_total_weight": 31.022,
      "p_mean_taxability": 54.96378461538462,
      "d_mean_taxability": 55.944,
      "p_total_taxability": 10717.938,
      "d_total_taxability": 279.72,
      "p_mean_volume": 0.16505641025641027,
      "d_mean_volume": 0.16799999999999998,
      "p_total_volume": 32.186,
      "d_total_volume": 0.84,
      "p_cumulative_priority": 40.0,
      "p_mean_priority": 0.20512820512820512,
      "d_max_priority": 1,
      "used_volume": 0.39427199451209055,
      "used_weight": 0.05341395454545454
    }
  ],
  "weight": [
    {
      "iteration": 25,
      "time": "86.98199701309204",
      "p_mean_weight": 6.033397959183673,
      "d_mean_weight": 5.8957500000000005,
      "p_total_weight": 1182.5459999999998,
      "d_total_weight": 23.583000000000002,
      "p_mean_taxability": 55.09111224489796,
      "d_mean_taxability": 49.95,
      "p_total_taxability": 10797.858,
      "d_total_taxability": 199.8,
      "p_mean_volume": 0.16543877551020408,
      "d_mean_volume": 0.15,
      "p_total_volume": 32.426,
      "d_total_volume": 0.6,
      "p_cumulative_priority": 41.0,
      "p_mean_priority": 0.20918367346938777,
      "d_max_priority": 1,
      "used_volume": 0.39721194600289095,
      "used_weight": 0.0537520909090909
    },
    {
      "iteration": 57,
      "time": "86.15255212783813",
      "p_mean_weight": 6.0220510204081625,
      "d_mean_weight": 6.4517500000000005,
      "p_total_weight": 1180.322,
      "d_total_weight": 25.807000000000002,
      "p_mean_taxability": 54.65617346938776,
      "d_mean_taxability": 71.262,
      "p_total_taxability": 10712.61,
      "d_total_taxability": 285.048,
      "p_mean_volume": 0.1641326530612245,
      "d_mean_volume": 0.214,
      "p_total_volume": 32.17,
      "d_total_volume": 0.856,
      "p_cumulative_priority": 42.0,
      "p_mean_priority": 0.21428571428571427,
      "d_max_priority": 0,
      "used_volume": 0.3940759977460372,
      "used_weight": 0.053651
    },
    {
      "iteration": 24,
      "time": "81.34187388420105",
      "p_mean_weight": 6.052482051282051,
      "d_mean_weight": 5.179,
      "p_total_weight": 1180.234,
      "d_total_weight": 25.895000000000003,
      "p_mean_taxability": 55.076492307692305,
      "d_mean_taxability": 51.5484,
      "p_total_taxability": 10739.916,
      "d_total_taxability": 257.742,
      "p_mean_volume": 0.16539487179487178,
      "d_mean_volume": 0.1548,
      "p_total_volume": 32.251999999999995,
      "d_total_volume": 0.774,
      "p_cumulative_priority": 41.0,
      "p_mean_priority": 0.21025641025641026,
      "d_max_priority": 1,
      "used_volume": 0.3950804811720606,
      "used_weight": 0.05364699999999999
    },
    {
      "iteration": 5,
      "time": "74.6442129611969",
      "p_mean_weight": 6.016571428571428,
      "d_mean_weight": 6.72025,
      "p_total_weight": 1179.2479999999998,
      "d_total_weight": 26.881,
      "p_mean_taxability": 54.67486224489795,
      "d_mean_taxability": 70.34625,
      "p_total_taxability": 10716.273,
      "d_total_taxability": 281.385,
      "p_mean_volume": 0.16418877551020405,
      "d_mean_volume": 0.21125,
      "p_total_volume": 32.181,
      "d_total_volume": 0.845,
      "p_cumulative_priority": 41.0,
      "p_mean_priority": 0.20918367346938777,
      "d_max_priority": 1,
      "used_volume": 0.39421074552269886,
      "used_weight": 0.05360218181818181
    },
    {
      "iteration": 32,
      "time": "95.37191987037659",
      "p_mean_weight": 6.046210256410256,
      "d_mean_weight": 5.4236,
      "p_total_weight": 1179.011,
      "d_total_weight": 27.118000000000002,
      "p_mean_taxability": 54.83741538461538,
      "d_mean_taxability": 60.87239999999999,
      "p_total_taxability": 10693.296,
      "d_total_taxability": 304.36199999999997,
      "p_mean_volume": 0.16467692307692308,
      "d_mean_volume": 0.18280000000000002,
      "p_total_volume": 32.112,
      "d_total_volume": 0.914,
      "p_cumulative_priority": 40.0,
      "p_mean_priority": 0.20512820512820512,
      "d_max_priority": 1,
      "used_volume": 0.39336550946909377,
      "used_weight": 0.05359140909090909
    }
  ],
  "priority": [
    {
      "iteration": 8,
      "time": "81.51852011680603",
      "p_mean_weight": 6.0390974358974345,
      "d_mean_weight": 5.7010000000000005,
      "p_total_weight": 1177.6239999999998,
      "d_total_weight": 28.505000000000003,
      "p_mean_taxability": 54.77423076923076,
      "d_mean_taxability": 63.3366,
      "p_total_taxability": 10680.974999999999,
      "d_total_taxability": 316.683,
      "p_mean_volume": 0.16448717948717947,
      "d_mean_volume": 0.19019999999999998,
      "p_total_volume": 32.074999999999996,
      "d_total_volume": 0.951,
      "p_cumulative_priority": 42.0,
      "p_mean_priority": 0.2153846153846154,
      "d_max_priority": 0,
      "used_volume": 0.3929122669475953,