{
  "volume": [
    {
      "iteration": 153,
      "time": "175.5141088962555",
      "p_mean_weight": 12.716272189349114,
      "d_mean_weight": 8.966141509433962,
      "p_median_weight": 11.587,
      "d_median_weight": 8.246,
      "p_std_weight": 6.081466272266094,
      "d_std_weight": 3.7141765515353256,
      "p_total_weight": 2149.05,
      "d_total_weight": 950.4110000000001,
      "p_mean_taxability": 122.07307100591714,
      "d_mean_taxability": 73.0369528301887,
      "p_total_taxability": 20630.349,
      "d_total_taxability": 7741.917000000001,
      "p_mean_volume": 0.36658579881656805,
      "d_mean_volume": 0.21933018867924528,
      "p_median_volume": 0.286,
      "d_median_volume": 0.216,
      "p_std_volume": 0.1802123582966502,
      "d_std_volume": 0.09347245295228129,
      "p_total_volume": 61.953,
      "d_total_volume": 23.249,
      "d_max_priority": 0,
      "used_volume": 0.7589117279564888,
      "used_weight": 0.09768409090909091,
      "hs_cond": 1,
      "p_cond": 0
    },
    {
      "iteration": 192,
      "time": "179.94116973876953",
      "p_mean_weight": 12.093835227272727,
      "d_mean_weight": 9.807535353535355,
      "p_median_weight": 11.239,
      "d_median_weight": 10.53,
      "p_std_weight": 6.572421537746774,
      "d_std_weight": 2.648329790615176,
      "p_total_weight": 2128.515,
      "d_total_weight": 970.9460000000001,
      "p_mean_taxability": 115.62100568181818,
      "d_mean_taxability": 81.04009090909092,
      "p_total_taxability": 20349.297,
      "d_total_taxability": 8022.969000000001,
      "p_mean_volume": 0.3472102272727273,
      "d_mean_volume": 0.24336363636363637,
      "p_median_volume": 0.286,
      "d_median_volume": 0.23,
      "p_std_volume": 0.19373049352999808,
      "d_std_volume": 0.07386563291150654,
      "p_total_volume": 61.10900000000001,
      "d_total_volume": 24.093,
      "d_max_priority": 0,
      "used_volume": 0.7485728985471741,
      "used_weight": 0.09675068181818182,
      "hs_cond": 1,
      "p_cond": 0
    },
    {
      "iteration": 84,
      "time": "162.60976195335388",
      "p_mean_weight": 13.137256097560977,
      "d_mean_weight": 8.513072072072074,
      "p_median_weight": 12.013,
      "d_median_weight": 8.246,
      "p_std_weight": 6.38042799458895,
      "d_std_weight": 2.188333777564821,
      "p_total_weight": 2154.51,
      "d_total_weight": 944.9510000000001,
      "p_mean_taxability": 123.64452439024389,
      "d_mean_taxability": 72.92400000000002,
      "p_total_taxability": 20277.701999999997,
      "d_total_taxability": 8094.564000000002,
      "p_mean_volume": 0.37130487804878043,
      "d_mean_volume": 0.218990990990991,
      "p_median_volume": 0.286,
      "d_median_volume": 0.216,
      "p_std_volume": 0.19059343482757096,
      "d_std_volume": 0.054702251157847985,
      "p_total_volume": 60.89399999999999,
      "d_total_volume": 24.308000000000003,
      "d_max_priority": 0,
      "used_volume": 0.7459391920033318,
      "used_weight": 0.09793227272727274,
      "hs_cond": 1,
      "p_cond": 0
    },
    {
      "iteration": 169,
      "time": "172.3150179386139",
      "p_mean_weight": 13.126857142857142,
      "d_mean_weight": 8.649447368421052,
      "p_median_weight": 11.587,
      "d_median_weight": 8.246,
      "p_std_weight": 6.432902090869586,
      "d_std_weight": 2.3401360942653056,
      "p_total_weight": 2113.424,
      "d_total_weight": 986.0369999999999,
      "p_mean_taxability": 125.87606832298135,
      "d_mean_taxability": 71.10718421052633,
      "p_total_taxability": 20266.047,
      "d_total_taxability": 8106.219000000001,
      "p_mean_volume": 0.3780062111801243,
      "d_mean_volume": 0.21353508771929824,
      "p_median_volume": 0.306,
      "d_median_volume": 0.216,
      "p_std_volume": 0.1880559257539632,
      "d_std_volume": 0.05339569765316624,
      "p_total_volume": 60.85900000000001,
      "d_total_volume": 24.343,
      "d_max_priority": 0,
      "used_volume": 0.7455104490775903,
      "used_weight": 0.09606472727272727,
      "hs_cond": 1,
      "p_cond": 0
    },
    {
      "iteration": 404,
      "time": "163.1736912727356",
      "p_mean_weight": 13.495859872611465,
      "d_mean_weight": 8.310262711864407,
      "p_median_weight": 12.013,
      "d_median_weight": 8.246,
      "p_std_weight": 6.28196958483992,
      "d_std_weight": 2.2836724039015097,
      "p_total_weight": 2118.85,
      "d_total_weight": 980.611,
      "p_mean_taxability": 129.0640127388535,
      "d_mean_taxability": 68.72216949152545,
      "p_total_taxability": 20263.05,
      "d_total_taxability": 8109.216000000002,
      "p_mean_volume": 0.3875796178343949,
      "d_mean_volume": 0.20637288135593218,
      "p_median_volume": 0.306,
      "d_median_volume": 0.216,
      "p_std_volume": 0.18282772216532345,
      "d_std_volume": 0.05542991210284744,
      "p_total_volume": 60.849999999999994,
      "d_total_volume": 24.351999999999997,
      "d_max_priority": 0,
      "used_volume": 0.7454002008966851,
      "used_weight": 0.09631136363636363,
      "hs_cond": 1,
      "p_cond": 0
    }
  ],
  "weight": [
    {
      "iteration": 466,
      "time": "177.4961588382721",
      "p_mean_weight": 12.832917159763314,
      "d_mean_weight": 8.780169811320755,
      "p_median_weight": 12.013,
      "d_median_weight": 8.246,
      "p_std_weight": 6.328364269416701,
      "d_std_weight": 2.725405135359121,
      "p_total_weight": 2168.763,
      "d_total_weight": 930.6980000000001,
      "p_mean_taxability": 118.2268224852071,
      "d_mean_taxability": 79.16917924528303,
      "p_total_taxability": 19980.333,
      "d_total_taxability": 8391.933,
      "p_mean_volume": 0.3550355029585799,
      "d_mean_volume": 0.23774528301886794,
      "p_median_volume": 0.277,
      "d_median_volume": 0.23,
      "p_std_volume": 0.19295869572487973,
      "d_std_volume": 0.07774721692409925,
      "p_total_volume": 60.001000000000005,
      "d_total_volume": 25.201,
      "d_max_priority": 0,
      "used_volume": 0.7350001224979789,
      "used_weight": 0.09858013636363636,
      "hs_cond": 1,
      "p_cond": 0
    },
    {
      "iteration": 306,
      "time": "176.89348077774048",
      "p_mean_weight": 11.945580110497236,
      "d_mean_weight": 9.971393617021278,
      "p_median_weight": 10.891,
      "d_median_weight": 8.463,
      "p_std_weight": 6.347302602106923,
      "d_std_weight": 3.4155613409082854,
      "p_total_weight": 2162.1499999999996,
      "d_total_weight": 937.311,
      "p_mean_taxability": 108.01158563535913,
      "d_mean_taxability": 93.85286170212768,
      "p_total_taxability": 19550.097,
      "d_total_taxability": 8822.169000000002,
      "p_mean_volume": 0.3243591160220994,
      "d_mean_volume": 0.281840425531915,
      "p_median_volume": 0.257,
      "d_median_volume": 0.247,
      "p_std_volume": 0.1901382780075035,
      "d_std_volume": 0.11200444530267051,
      "p_total_volume": 58.70899999999999,
      "d_total_volume": 26.49300000000001,
      "d_max_priority": 0,
      "used_volume": 0.7191733836391698,
      "used_weight": 0.09827954545454544,
      "hs_cond": 1,
      "p_cond": 0
    },
    {
      "iteration": 97,
      "time": "174.12017798423767",
      "p_mean_weight": 12.696129411764707,
      "d_mean_weight": 8.963038095238097,
      "p_median_weight": 11.8,
      "d_median_weight": 8.463,
      "p_std_weight": 6.376677971142226,
      "d_std_weight": 2.7761086209761094,
      "p_total_weight": 2158.342,
      "d_total_weight": 941.1190000000001,
      "p_mean_taxability": 117.35507647058822,
      "d_mean_taxability": 80.2086,
      "p_total_taxability": 19950.362999999998,
      "d_total_taxability": 8421.903,
      "p_mean_volume": 0.35241764705882356,
      "d_mean_volume": 0.24086666666666667,
      "p_median_volume": 0.277,
      "d_median_volume": 0.216,
      "p_std_volume": 0.19256707656471142,
      "d_std_volume": 0.08270778805607248,
      "p_total_volume": 59.911,