{
  "volume": [
    {
      "iteration": 27,
      "time": "92.42738795280457",
      "p_mean_weight": 6.032041025641026,
      "d_mean_weight": 5.9762,
      "p_total_weight": 1176.248,
      "d_total_weight": 29.881,
      "p_mean_taxability": 55.144800000000004,
      "d_mean_taxability": 48.88439999999999,
      "p_total_taxability": 10753.236,
      "d_total_taxability": 244.42199999999997,
      "p_mean_volume": 0.1656,
      "d_mean_volume": 0.14679999999999999,
      "p_total_volume": 32.292,
      "d_total_volume": 0.734,
      "p_cumulative_priority": 42.0,
      "p_mean_priority": 0.2153846153846154,
      "d_max_priority": 0,
      "used_volume": 0.39557047308719406,
      "used_weight": 0.053465818181818184
    },
    {
      "iteration": 52,
      "time": "85.62109613418579",
      "p_mean_weight": 6.038435897435897,
      "d_mean_weight": 5.7268,
      "p_total_weight": 1177.495,
      "d_total_weight": 28.634,
      "p_mean_taxability": 54.93646153846154,
      "d_mean_taxability": 57.0096,
      "p_total_taxability": 10712.61,
      "d_total_taxability": 285.048,
      "p_mean_volume": 0.16497435897435897,
      "d_mean_volume": 0.17120000000000002,
      "p_total_volume": 32.17,
      "d_total_volume": 0.8560000000000001,
      "p_cumulative_priority": 42.0,
      "p_mean_priority": 0.2153846153846154,
      "d_max_priority": 0,
      "used_volume": 0.3940759977460372,
      "used_weight": 0.053522499999999994
    },
    {
      "iteration": 57,
      "time": "86.15255212783813",
      "p_mean_weight": 6.0220510204081625,
      "d_mean_weight": 6.4517500000000005,
      "p_total_weight": 1180.322,
      "d_total_weight": 25.807000000000002,
      "p_mean_taxability": 54.65617346938776,
      "d_mean_taxability": 71.262,
      "p_total_taxability": 10712.61,
      "d_total_taxability": 285.048,
      "p_mean_volume": 0.1641326530612245,
      "d_mean_volume": 0.214,
      "p_total_volume": 32.17,
      "d_total_volume": 0.856,
      "p_cumulative_priority": 42.0,
      "p_mean_priority": 0.21428571428571427,
      "d_max_priority": 0,
      "used_volume": 0.3940759977460372,
      "used_weight": 0.053651
    },
    {
      "iteration": 8,
      "time": "81.51852011680603",
      "p_mean_weight": 6.0390974358974345,
      "d_mean_weight": 5.7010000000000005,
      "p_total_weight": 1177.6239999999998,
      "d_total_weight": 28.505000000000003,
      "p_mean_taxability": 54.77423076923076,
      "d_mean_taxability": 63.3366,
      "p_total_taxability": 10680.974999999999,
      "d_total_taxability": 316.683,
      "p_mean_volume": 0.16448717948717947,
      "d_mean_volume": 0.19019999999999998,
      "p_total_volume": 32.074999999999996,
      "d_total_volume": 0.951,
      "p_cumulative_priority": 42.0,
      "p_mean_priority": 0.2153846153846154,
      "d_max_priority": 0,
      "used_volume": 0.3929122669475953,
      "used_weight": 0.053528363636363624
    },
    {
      "iteration": 35,
      "time": "86.5037932395935",
      "p_mean_weight": 6.028216494845362,
      "d_mean_weight": 6.109166666666667,
      "p_total_weight": 1169.4740000000002,
      "d_total_weight": 36.655,
      "p_mean_taxability": 55.0239587628866,
      "d_mean_taxability": 53.835,
      "p_total_taxability": 10674.648000000001,
      "d_total_taxability": 323.01,
      "p_mean_volume": 0.16523711340206187,
      "d_mean_volume": 0.16166666666666665,
      "p_total_volume": 32.056000000000004,
      "d_total_volume": 0.97,
      "p_cumulative_priority": 42.0,
      "p_mean_priority": 0.21649484536082475,
      "d_max_priority": 0,
      "used_volume": 0.3926795207879071,
      "used_weight": 0.053157909090909096
    }
  ],
  "weight": [
    {
      "iteration": 57,
      "time": "86.15255212783813",
      "p_mean_weight": 6.0220510204081625,
      "d_mean_weight": 6.4517500000000005,
      "p_total_weight": 1180.322,
      "d_total_weight": 25.807000000000002,
      "p_mean_taxability": 54.65617346938776,
      "d_mean_taxability": 71.262,
      "p_total_taxability": 10712.61,
      "d_total_taxability": 285.048,
      "p_mean_volume": 0.1641326530612245,
      "d_mean_volume": 0.214,
      "p_total_volume": 32.17,
      "d_total_volume": 0.856,
      "p_cumulative_priority": 42.0,
      "p_mean_priority": 0.21428571428571427,
      "d_max_priority": 0,
      "used_volume": 0.3940759977460372,
      "used_weight": 0.053651
    },
    {
      "iteration": 8,
      "time": "81.51852011680603",
      "p_mean_weight": 6.0390974358974345,
      "d_mean_weight": 5.7010000000000005,
      "p_total_weight": 1177.6239999999998,
      "d_total_weight": 28.505000000000003,
      "p_mean_taxability": 54.77423076923076,
      "d_mean_taxability": 63.3366,
      "p_total_taxability": 10680.974999999999,
      "d_total_taxability": 316.683,
      "p_mean_volume": 0.16448717948717947,
      "d_mean_volume": 0.19019999999999998,
      "p_total_volume": 32.074999999999996,
      "d_total_volume": 0.951,
      "p_cumulative_priority": 42.0,
      "p_mean_priority": 0.2153846153846154,
      "d_max_priority": 0,
      "used_volume": 0.3929122669475953,
      "used_weight": 0.053528363636363624
    },
    {
      "iteration": 52,
      "time": "85.62109613418579",
      "p_mean_weight": 6.038435897435897,
      "d_mean_weight": 5.7268,
      "p_total_weight": 1177.495,
      "d_total_weight": 28.634,
      "p_mean_taxability": 54.93646153846154,
      "d_mean_taxability": 57.0096,
      "p_total_taxability": 10712.61,
      "d_total_taxability": 285.048,
      "p_mean_volume": 0.16497435897435897,
      "d_mean_volume": 0.17120000000000002,
      "p_total_volume": 32.17,
      "d_total_volume": 0.8560000000000001,
      "p_cumulative_priority": 42.0,
      "p_mean_priority": 0.2153846153846154,
      "d_max_priority": 0,
      "used_volume": 0.3940759977460372,
      "used_weight": 0.053522499999999994
    },
    {
      "iteration": 27,
      "time": "92.42738795280457",
      "p_mean_weight": 6.032041025641026,
      "d_mean_weight": 5.9762,
      "p_total_weight": 1176.248,
      "d_total_weight": 29.881,
      "p_mean_taxability": 55.144800000000004,
      "d_mean_taxability": 48.88439999999999,
      "p_total_taxability": 10753.236,
      "d_total_taxability": 244.42199999999997,
      "p_mean_volume": 0.1656,
      "d_mean_volume": 0.14679999999999999,
      "p_total_volume": 32.292,
      "d_total_volume": 0.734,
      "p_cumulative_priority": 42.0,
      "p_mean_priority": 0.2153846153846154,
      "d_max_priority": 0,
      "used_volume": 0.39557047308719406,
      "used_weight": 0.053465818181818184
    },
    {
      "iteration": 45,
      "time": "88.2511088848114",
      "p_mean_weight": 6.041855670103093,
      "d_mean_weight": 5.668166666666667,
      "p_total_weight": 1172.1200000000001,
      "d_total_weight": 34.009,
      "p_mean_taxability": 54.88320618556701,
      "d_mean_taxability": 58.385999999999996,
      "p_total_taxability": 10647.342,
      "d_total_taxability": 350.316,
      "p_mean_volume": 0.1648144329896907,
      "d_mean_volume": 0.17533333333333334,
      "p_total_volume": 31.973999999999997,
      "d_total_volume": 1.052,
      "p_cumulative_priority": 42.0,
      "p_mean_priority": 0.21649484536082475,
      "d_max_priority": 0,
      "used_volume": 0.39167503736188347,
      "used_weight": 0.05327818181818182
    }
  ],
  "priority": [
    {
      "iteration": 8,
      "time": "81.51852011680603",
      "p_mean_weight": 6.0390974358974345,
      "d_mean_weight": 5.7010000000000005,
      "p_total_weight": 1177.6239999999998,
      "d_total_weight": 28.505000000000003,
      "p_mean_taxability": 54.77423076923076,
      "d_mean_taxability": 63.3366,
      "p_total_taxability": 10680.974999999999,
      "d_total_taxability": 316.683,
      "p_mean_volume": 0.16448717948717947,
      "d_mean_volume": 0.19019999999999998,
      "p_total_volume": 32.074999999999996,
      "d_total_volume": 0.951,
      "p_cumulative_priority": 42.0,