{
  "volume": [
    {
      "iteration": 66,
      "time": "305.62604665756226",
      "n_placed": 176,
      "n_discard": 99,
      "p_mean_weight": 12.082573863636362,
      "d_mean_weight": 9.827555555555556,
      "p_median_weight": 10.891,
      "d_median_weight": 10.53,
      "p_std_weight": 6.444276532613936,
      "d_std_weight": 3.1755491352926026,
      "p_total_weight": 2126.533,
      "d_total_weight": 972.928,
      "p_mean_taxability": 114.41388068181818,
      "d_mean_taxability": 83.18609090909092,
      "p_total_taxability": 20136.843,
      "d_total_taxability": 8235.423,
      "p_mean_volume": 0.3435852272727273,
      "d_mean_volume": 0.24980808080808078,
      "p_median_volume": 0.277,
      "d_median_volume": 0.23,
      "p_std_volume": 0.19287438875512303,
      "d_std_volume": 0.08563718875173056,
      "p_total_volume": 60.471000000000004,
      "d_total_volume": 24.730999999999998,
      "d_max_priority": 0,
      "used_volume": 0.7407575275007963,
      "used_weight": 0.0966605909090909,
      "unload_obs": 0,
      "hs_cond": 1,
      "p_cond": 0
    },
    {
      "iteration": 199,
      "time": "266.6384081840515",
      "n_placed": 173,
      "n_discard": 102,
      "p_mean_weight": 12.392658959537572,
      "d_mean_weight": 9.367950980392157,
      "p_median_weight": 11.587,
      "d_median_weight": 8.463,
      "p_std_weight": 6.4234621618441174,
      "d_std_weight": 2.9751972407448326,
      "p_total_weight": 2143.93,
      "d_total_weight": 955.5310000000001,
      "p_mean_taxability": 115.89362427745665,
      "d_mean_taxability": 81.59479411764707,
      "p_total_taxability": 20049.597,
      "d_total_taxability": 8322.669000000002,
      "p_mean_volume": 0.348028901734104,
      "d_mean_volume": 0.24502941176470594,
      "p_median_volume": 0.277,
      "d_median_volume": 0.223,
      "p_std_volume": 0.19318338160223608,
      "d_std_volume": 0.08242866173181558,
      "p_total_volume": 60.20899999999999,
      "d_total_volume": 24.993000000000006,
      "d_max_priority": 0,
      "used_volume": 0.7375480804566723,
      "used_weight": 0.09745136363636363,
      "unload_obs": 0,
      "hs_cond": 1,
      "p_cond": 0
    },
    {
      "iteration": 313,
      "time": "253.07742881774902",
      "n_placed": 171,
      "n_discard": 104,
      "p_mean_weight": 12.149830409356726,
      "d_mean_weight": 9.825384615384618,
      "p_median_weight": 10.891,
      "d_median_weight": 10.53,
      "p_std_weight": 6.649821305906017,
      "d_std_weight": 2.627573598528374,
      "p_total_weight": 2077.621,
      "d_total_weight": 1021.8400000000001,
      "p_mean_taxability": 116.61621052631578,
      "d_mean_taxability": 81.06628846153846,
      "p_total_taxability": 19941.372,
      "d_total_taxability": 8430.894,
      "p_mean_volume": 0.35019883040935673,
      "d_mean_volume": 0.24344230769230774,
      "p_median_volume": 0.286,
      "d_median_volume": 0.223,
      "p_std_volume": 0.1938394915109206,
      "d_std_volume": 0.08013505916416493,
      "p_total_volume": 59.884,
      "d_total_volume": 25.318000000000005,
      "d_max_priority": 0,
      "used_volume": 0.7335668961462136,
      "used_weight": 0.09443731818181819,
      "unload_obs": 2,
      "hs_cond": 1,
      "p_cond": 0
    },
    {
      "iteration": 167,
      "time": "266.1597466468811",
      "n_placed": 167,
      "n_discard": 108,
      "p_mean_weight": 12.974389221556885,
      "d_mean_weight": 8.636462962962964,
      "p_median_weight": 12.013,
      "d_median_weight": 8.246,
      "p_std_weight": 6.2916879512023485,
      "d_std_weight": 2.68716369397951,
      "p_total_weight": 2166.723,
      "d_total_weight": 932.738,
      "p_mean_taxability": 118.96275449101796,
      "d_mean_taxability": 78.75450000000001,
      "p_total_taxability": 19866.78,
      "d_total_taxability": 8505.486,
      "p_mean_volume": 0.3572455089820359,
      "d_mean_volume": 0.2365,
      "p_median_volume": 0.277,
      "d_median_volume": 0.23,
      "p_std_volume": 0.19267109333164864,
      "d_std_volume": 0.07898402772405329,
      "p_total_volume": 59.66,
      "d_total_volume": 25.541999999999998,
      "d_max_priority": 0,
      "used_volume": 0.7308229414214665,
      "used_weight": 0.09848740909090908,
      "unload_obs": 2,
      "hs_cond": 1,
      "p_cond": 0
    },
    {
      "iteration": 278,
      "time": "215.26097655296326",
      "n_placed": 170,
      "n_discard": 105,
      "p_mean_weight": 12.147376470588236,
      "d_mean_weight": 9.85149523809524,
      "p_median_weight": 10.891,
      "d_median_weight": 10.53,
      "p_std_weight": 6.66867445728119,
      "d_std_weight": 2.6315056933093293,
      "p_total_weight": 2065.054,
      "d_total_weight": 1034.4070000000002,
      "p_mean_taxability": 116.74980000000001,
      "d_mean_taxability": 81.18857142857144,
      "p_total_taxability": 19847.466,
      "d_total_taxability": 8524.800000000001,
      "p_mean_volume": 0.3506,
      "d_mean_volume": 0.24380952380952386,
      "p_median_volume": 0.286,
      "d_median_volume": 0.23,
      "p_std_volume": 0.1962676110516684,
      "d_std_volume": 0.07177115009074318,
      "p_total_volume": 59.602000000000004,
      "d_total_volume": 25.600000000000005,
      "d_max_priority": 0,
      "used_volume": 0.7301124531445231,
      "used_weight": 0.09386609090909091,
      "unload_obs": 1,
      "hs_cond": 1,
      "p_cond": 0
    }
  ],
  "weight": [
    {
      "iteration": 167,
      "time": "266.1597466468811",
      "n_placed": 167,
      "n_discard": 108,
      "p_mean_weight": 12.974389221556885,
      "d_mean_weight": 8.636462962962964,
      "p_median_weight": 12.013,
      "d_median_weight": 8.246,
      "p_std_weight": 6.2916879512023485,
      "d_std_weight": 2.68716369397951,
      "p_total_weight": 2166.723,
      "d_total_weight": 932.738,
      "p_mean_taxability": 118.96275449101796,
      "d_mean_taxability": 78.75450000000001,
      "p_total_taxability": 19866.78,
      "d_total_taxability": 8505.486,
      "p_mean_volume": 0.3572455089820359,
      "d_mean_volume": 0.2365,
      "p_median_volume": 0.277,
      "d_median_volume": 0.23,
      "p_std_volume": 0.19267109333164864,
      "d_std_volume": 0.07898402772405329,
      "p_total_volume": 59.66,
      "d_total_volume": 25.541999999999998,
      "d_max_priority": 0,
      "used_volume": 0.7308229414214665,
      "used_weight": 0.09848740909090908,
      "unload_obs": 2,
      "hs_cond": 1,
      "p_cond": 0
    },
    {
      "iteration": 199,
      "time": "266.6384081840515",
      "n_placed": 173,
      "n_discard": 102,
      "p_mean_weight": 12.392658959537572,
      "d_mean_weight": 9.367950980392157,
      "p_median_weight": 11.587,
      "d_median_weight": 8.463,
      "p_std_weight": 6.4234621618441174,
      "d_std_weight": 2.9751972407448326,
      "p_total_weight": 2143.93,
      "d_total_weight": 955.5310000000001,
      "p_mean_taxability": 115.89362427745665,
      "d_mean_taxability": 81.59479411764707,
      "p_total_taxability": 20049.597,
      "d_total_taxability": 8322.669000000002,
      "p_mean_volume": 0.348028901734104,
      "d_mean_volume": 0.24502941176470594,
      "p_median_volume": 0.277,
      "d_median_volume": 0.223,
      "p_std_volume": 0.19318338160223608,
      "d_std_volume": 0.08242866173181558,
      "p_total_volume": 60.20899999999999,
      "d_total_volume": 24.993000000000006,
      "d_max_priority": 0,
      "used_volume": 0.7375480804566723,
      "used_weight": 0.09745136363636363,
      "unload_obs": 0,
      "hs_cond": 1,
      "p_cond": 0
    },
    {
      "iteration": 354,
      "time": "232.4309539794922",
      "n_placed": 191,
      "n_discard": 84,
      "p_mean_weight": 11.194240837696334,
      "d_mean_weight": 11.444773809523813,
      "p_median_weight": 10.53,
      "d_median_weight": 10.891,
      "p_std_weight": 6.385829788606986,
      "d_std_weight": 3.155259145224471,
      "p_total_weight": 2138.1,