{
  "volume": [
    {
      "iteration": 273,
      "time": "278.6882584095001",
      "n_placed": 171,
      "n_discard": 104,
      "p_mean_weight": 12.749064327485382,
      "d_mean_weight": 8.840105769230771,
      "p_median_weight": 11.587,
      "d_median_weight": 8.246,
      "p_std_weight": 6.367105233977488,
      "d_std_weight": 2.603231855886136,
      "p_total_weight": 2180.09,
      "d_total_weight": 919.3710000000001,
      "p_mean_taxability": 120.5791052631579,
      "d_mean_taxability": 74.55037500000002,
      "p_total_taxability": 20619.027000000002,
      "d_total_taxability": 7753.239000000001,
      "p_mean_volume": 0.36209941520467837,
      "d_mean_volume": 0.22387500000000002,
      "p_median_volume": 0.286,
      "d_median_volume": 0.216,
      "p_std_volume": 0.19003880888389335,
      "d_std_volume": 0.06316270982645819,
      "p_total_volume": 61.919,
      "d_total_volume": 23.283,
      "d_max_priority": 0,
      "used_volume": 0.7584952348286252,
      "used_weight": 0.099095,
      "unload_obs": 2,
      "hs_cond": 1,
      "p_cond": 1
    },
    {
      "iteration": 285,
      "time": "304.05574464797974",
      "n_placed": 171,
      "n_discard": 104,
      "p_mean_weight": 12.73393567251462,
      "d_mean_weight": 8.86498076923077,
      "p_median_weight": 11.587,
      "d_median_weight": 8.246,
      "p_std_weight": 6.352849751601707,
      "d_std_weight": 2.6965628355074873,
      "p_total_weight": 2177.503,
      "d_total_weight": 921.9580000000001,
      "p_mean_taxability": 119.86831578947368,
      "d_mean_taxability": 75.71907692307693,
      "p_total_taxability": 20497.482,
      "d_total_taxability": 7874.784000000001,
      "p_mean_volume": 0.3599649122807017,
      "d_mean_volume": 0.2273846153846154,
      "p_median_volume": 0.286,
      "d_median_volume": 0.216,
      "p_std_volume": 0.1890697939833437,
      "d_std_volume": 0.0745352340858938,
      "p_total_volume": 61.553999999999995,
      "d_total_volume": 23.648000000000003,
      "d_max_priority": 0,
      "used_volume": 0.754024058603033,
      "used_weight": 0.0989774090909091,
      "unload_obs": 2,
      "hs_cond": 1,
      "p_cond": 1
    },
    {
      "iteration": 62,
      "time": "193.09678411483765",
      "n_placed": 164,
      "n_discard": 111,
      "p_mean_weight": 13.204878048780488,
      "d_mean_weight": 8.413162162162163,
      "p_median_weight": 12.013,
      "d_median_weight": 8.246,
      "p_std_weight": 6.326690254795843,
      "d_std_weight": 2.2025832665739666,
      "p_total_weight": 2165.6,
      "d_total_weight": 933.8610000000001,
      "p_mean_taxability": 124.97043292682928,
      "d_mean_taxability": 70.96500000000002,
      "p_total_taxability": 20495.151,
      "d_total_taxability": 7877.115000000002,
      "p_mean_volume": 0.37528658536585363,
      "d_mean_volume": 0.2131081081081081,
      "p_median_volume": 0.286,
      "d_median_volume": 0.216,
      "p_std_volume": 0.1871503698185982,
      "d_std_volume": 0.055250726256247086,
      "p_total_volume": 61.547,
      "d_total_volume": 23.654999999999998,
      "d_max_priority": 0,
      "used_volume": 0.7539383100178847,
      "used_weight": 0.09843636363636363,
      "unload_obs": 0,
      "hs_cond": 1,
      "p_cond": 1
    },
    {
      "iteration": 252,
      "time": "251.25697422027588",
      "n_placed": 174,
      "n_discard": 101,
      "p_mean_weight": 12.274344827586207,
      "d_mean_weight": 9.541831683168317,
      "p_median_weight": 11.587,
      "d_median_weight": 10.53,
      "p_std_weight": 6.561870071857883,
      "d_std_weight": 2.5529231209314034,
      "p_total_weight": 2135.736,
      "d_total_weight": 963.725,
      "p_mean_taxability": 117.66,
      "d_mean_taxability": 78.21213861386138,
      "p_total_taxability": 20472.84,
      "d_total_taxability": 7899.426,
      "p_mean_volume": 0.35333333333333333,
      "d_mean_volume": 0.23487128712871289,
      "p_median_volume": 0.286,
      "d_median_volume": 0.216,
      "p_std_volume": 0.1931812570443047,
      "d_std_volume": 0.06580329222255323,
      "p_total_volume": 61.480000000000004,
      "d_total_volume": 23.722,
      "d_max_priority": 0,
      "used_volume": 0.7531175735600363,
      "used_weight": 0.09707890909090909,
      "unload_obs": 0,
      "hs_cond": 1,
      "p_cond": 1
    },
    {
      "iteration": 212,
      "time": "323.50977396965027",
      "n_placed": 164,
      "n_discard": 111,
      "p_mean_weight": 13.223865853658536,
      "d_mean_weight": 8.385108108108108,
      "p_median_weight": 12.013,
      "d_median_weight": 8.246,
      "p_std_weight": 6.265079214560375,
      "d_std_weight": 2.393392112961895,
      "p_total_weight": 2168.714,
      "d_total_weight": 930.7470000000001,
      "p_mean_taxability": 124.66789024390243,
      "d_mean_taxability": 71.41200000000002,
      "p_total_taxability": 20445.534,
      "d_total_taxability": 7926.732000000002,
      "p_mean_volume": 0.3743780487804878,
      "d_mean_volume": 0.21445045045045044,
      "p_median_volume": 0.286,
      "d_median_volume": 0.216,
      "p_std_volume": 0.18704808215178303,
      "d_std_volume": 0.059545511812965184,
      "p_total_volume": 61.397999999999996,
      "d_total_volume": 23.804,
      "d_max_priority": 0,
      "used_volume": 0.7521130901340127,
      "used_weight": 0.09857790909090909,
      "unload_obs": 1,
      "hs_cond": 1,
      "p_cond": 1
    }
  ],
  "weight": [
    {
      "iteration": 182,
      "time": "341.85530257225037",
      "n_placed": 190,
      "n_discard": 85,
      "p_mean_weight": 11.606863157894738,
      "d_mean_weight": 10.51949411764706,
      "p_median_weight": 10.891,
      "d_median_weight": 8.463,
      "p_std_weight": 6.083648316456007,
      "d_std_weight": 4.244721729685585,
      "p_total_weight": 2205.304,
      "d_total_weight": 894.157,
      "p_mean_taxability": 107.06125263157894,
      "d_mean_taxability": 94.47797647058825,
      "p_total_taxability": 20341.638,
      "d_total_taxability": 8030.628000000001,
      "p_mean_volume": 0.32150526315789474,
      "d_mean_volume": 0.28371764705882363,
      "p_median_volume": 0.277,
      "d_median_volume": 0.23,
      "p_std_volume": 0.18356296578017867,
      "d_std_volume": 0.12600619899383503,
      "p_total_volume": 61.086,
      "d_total_volume": 24.116000000000007,
      "d_max_priority": 0,
      "used_volume": 0.7482911531959723,
      "used_weight": 0.10024109090909092,
      "unload_obs": 0,
      "hs_cond": 1,
      "p_cond": 1
    },
    {
      "iteration": 241,
      "time": "341.83841848373413",
      "n_placed": 187,
      "n_discard": 88,
      "p_mean_weight": 11.677197860962567,
      "d_mean_weight": 10.407102272727274,
      "p_median_weight": 10.891,
      "d_median_weight": 10.53,
      "p_std_weight": 6.336913444120487,
      "d_std_weight": 3.4111441267979106,
      "p_total_weight": 2183.636,
      "d_total_weight": 915.825,
      "p_mean_taxability": 108.55087700534762,
      "d_mean_taxability": 91.7415,
      "p_total_taxability": 20299.014000000003,
      "d_total_taxability": 8073.252,
      "p_mean_volume": 0.32597860962566844,
      "d_mean_volume": 0.2755,
      "p_median_volume": 0.257,
      "d_median_volume": 0.23,
      "p_std_volume": 0.18828138851310303,
      "d_std_volume": 0.10932604405193656,
      "p_total_volume": 60.958,
      "d_total_volume": 24.244000000000003,
      "d_max_priority": 0,
      "used_volume": 0.7467231790675454,
      "used_weight": 0.09925618181818181,
      "unload_obs": 0,
      "hs_cond": 1,
      "p_cond": 1
    },
    {
      "iteration": 273,
      "time": "278.6882584095001",
      "n_placed": 171,
      "n_discard": 104,
      "p_mean_weight": 12.749064327485382,
      "d_mean_weight": 8.840105769230771,
      "p_median_weight": 11.587,
      "d_median_weight": 8.246,
      "p_std_weight": 6.367105233977488,
      "d_std_weight": 2.603231855886136,
      "p_total_weight": 2180.09,