{
  "volume": [
    {
      "iteration": 210,
      "time": "290.44549798965454",
      "n_placed": 174,
      "n_discard": 101,
      "p_mean_weight": 12.17462643678161,
      "d_mean_weight": 9.713623762376239,
      "p_median_weight": 10.891,
      "d_median_weight": 10.53,
      "p_std_weight": 6.599901258115103,
      "d_std_weight": 2.5598004682064,
      "p_total_weight": 2118.385,
      "d_total_weight": 981.076,
      "p_mean_taxability": 116.95955172413792,
      "d_mean_taxability": 79.41885148514854,
      "p_total_taxability": 20350.962,
      "d_total_taxability": 8021.304000000002,
      "p_mean_volume": 0.35122988505747127,
      "d_mean_volume": 0.2384950495049505,
      "p_median_volume": 0.2815,
      "d_median_volume": 0.23,
      "p_std_volume": 0.19590417034155283,
      "d_std_volume": 0.057822248963937097,
      "p_total_volume": 61.114,
      "d_total_volume": 24.088,
      "d_max_priority": 0,
      "used_volume": 0.7486341475365657,
      "used_weight": 0.09629022727272728,
      "unload_obs": 2,
      "hs_cond": 1,
      "p_cond": 1
    },
    {
      "iteration": 315,
      "time": "176.79820251464844",
      "n_placed": 173,
      "n_discard": 102,
      "p_mean_weight": 12.531017341040462,
      "d_mean_weight": 9.13328431372549,
      "p_median_weight": 11.587,
      "d_median_weight": 8.463,
      "p_std_weight": 6.3423133943032175,
      "d_std_weight": 3.0156088145390743,
      "p_total_weight": 2167.866,
      "d_total_weight": 931.595,
      "p_mean_taxability": 117.51435260115608,
      "d_mean_taxability": 78.8459117647059,
      "p_total_taxability": 20329.983,
      "d_total_taxability": 8042.283000000002,
      "p_mean_volume": 0.35289595375722543,
      "d_mean_volume": 0.23677450980392153,
      "p_median_volume": 0.277,
      "d_median_volume": 0.216,
      "p_std_volume": 0.18896606880059535,
      "d_std_volume": 0.08781989973440693,
      "p_total_volume": 61.051,
      "d_total_volume": 24.150999999999996,
      "d_max_priority": 0,
      "used_volume": 0.7478624102702306,
      "used_weight": 0.09853936363636363,
      "unload_obs": 0,
      "hs_cond": 1,
      "p_cond": 1
    },
    {
      "iteration": 90,
      "time": "289.5358679294586",
      "n_placed": 168,
      "n_discard": 107,
      "p_mean_weight": 12.594261904761906,
      "d_mean_weight": 9.192757009345796,
      "p_median_weight": 10.891,
      "d_median_weight": 8.463,
      "p_std_weight": 6.4495452211561135,
      "d_std_weight": 2.8731111591533227,
      "p_total_weight": 2115.8360000000002,
      "d_total_weight": 983.6250000000001,
      "p_mean_taxability": 120.81755357142856,
      "d_mean_taxability": 75.4665140186916,
      "p_total_taxability": 20297.349,
      "d_total_taxability": 8074.917000000001,
      "p_mean_volume": 0.3628154761904762,
      "d_mean_volume": 0.22662616822429904,
      "p_median_volume": 0.286,
      "d_median_volume": 0.216,
      "p_std_volume": 0.19017812765430003,
      "d_std_volume": 0.07094942702768174,
      "p_total_volume": 60.953,
      "d_total_volume": 24.249,
      "d_max_priority": 0,
      "used_volume": 0.7466619300781537,
      "used_weight": 0.09617436363636364,
      "unload_obs": 0,
      "hs_cond": 1,
      "p_cond": 1
    },
    {
      "iteration": 128,
      "time": "267.61069774627686",
      "n_placed": 170,
      "n_discard": 105,
      "p_mean_weight": 12.417164705882353,
      "d_mean_weight": 9.414695238095238,
      "p_median_weight": 10.891,
      "d_median_weight": 8.463,
      "p_std_weight": 6.595415025404151,
      "d_std_weight": 2.483403713128607,
      "p_total_weight": 2110.918,
      "d_total_weight": 988.5429999999999,
      "p_mean_taxability": 118.18953529411763,
      "d_mean_taxability": 78.85757142857143,
      "p_total_taxability": 20092.220999999998,
      "d_total_taxability": 8280.045,
      "p_mean_volume": 0.3549235294117647,
      "d_mean_volume": 0.23680952380952383,
      "p_median_volume": 0.286,
      "d_median_volume": 0.23,
      "p_std_volume": 0.19540847834110958,
      "d_std_volume": 0.06409714610802995,
      "p_total_volume": 60.336999999999996,
      "d_total_volume": 24.865000000000002,
      "d_max_priority": 0,
      "used_volume": 0.7391160545850993,
      "used_weight": 0.09595081818181819,
      "unload_obs": 2,
      "hs_cond": 1,
      "p_cond": 1
    },
    {
      "iteration": 253,
      "time": "215.83362746238708",
      "n_placed": 180,
      "n_discard": 95,
      "p_mean_weight": 11.99922222222222,
      "d_mean_weight": 9.890536842105265,
      "p_median_weight": 10.891,
      "d_median_weight": 8.463,
      "p_std_weight": 6.354520190806646,
      "d_std_weight": 3.37931159680623,
      "p_total_weight": 2159.8599999999997,
      "d_total_weight": 939.6010000000001,
      "p_mean_taxability": 110.99629999999999,
      "d_mean_taxability": 88.34665263157893,
      "p_total_taxability": 19979.334,
      "d_total_taxability": 8392.931999999999,
      "p_mean_volume": 0.3333222222222222,
      "d_mean_volume": 0.2653052631578948,
      "p_median_volume": 0.277,
      "d_median_volume": 0.247,
      "p_std_volume": 0.19490027977529084,
      "d_std_volume": 0.08622139657488521,
      "p_total_volume": 59.998,
      "d_total_volume": 25.204000000000008,
      "d_max_priority": 0,
      "used_volume": 0.7349633731043438,
      "used_weight": 0.09817545454545452,
      "unload_obs": 2,
      "hs_cond": 1,
      "p_cond": 1
    }
  ],
  "weight": [
    {
      "iteration": 348,
      "time": "181.70470547676086",
      "n_placed": 194,
      "n_discard": 81,
      "p_mean_weight": 11.175814432989691,
      "d_mean_weight": 11.498185185185186,
      "p_median_weight": 10.53,
      "d_median_weight": 10.53,
      "p_std_weight": 6.088589997879448,
      "d_std_weight": 4.209112804710486,
      "p_total_weight": 2168.108,
      "d_total_weight": 931.3530000000001,
      "p_mean_taxability": 100.41494845360825,
      "d_mean_taxability": 109.77488888888888,
      "p_total_taxability": 19480.5,
      "d_total_taxability": 8891.766,
      "p_mean_volume": 0.3015463917525773,
      "d_mean_volume": 0.32965432098765435,
      "p_median_volume": 0.247,
      "d_median_volume": 0.306,
      "p_std_volume": 0.18024899419745147,
      "d_std_volume": 0.13557001516687117,
      "p_total_volume": 58.5,
      "d_total_volume": 26.702,
      "d_max_priority": 0,
      "used_volume": 0.716613175882598,
      "used_weight": 0.09855036363636364,
      "unload_obs": 1,
      "hs_cond": 1,
      "p_cond": 1
    },
    {
      "iteration": 315,
      "time": "176.79820251464844",
      "n_placed": 173,
      "n_discard": 102,
      "p_mean_weight": 12.531017341040462,
      "d_mean_weight": 9.13328431372549,
      "p_median_weight": 11.587,
      "d_median_weight": 8.463,
      "p_std_weight": 6.3423133943032175,
      "d_std_weight": 3.0156088145390743,
      "p_total_weight": 2167.866,
      "d_total_weight": 931.595,
      "p_mean_taxability": 117.51435260115608,
      "d_mean_taxability": 78.8459117647059,
      "p_total_taxability": 20329.983,
      "d_total_taxability": 8042.283000000002,
      "p_mean_volume": 0.35289595375722543,
      "d_mean_volume": 0.23677450980392153,
      "p_median_volume": 0.277,
      "d_median_volume": 0.216,
      "p_std_volume": 0.18896606880059535,
      "d_std_volume": 0.08781989973440693,
      "p_total_volume": 61.051,
      "d_total_volume": 24.150999999999996,
      "d_max_priority": 0,
      "used_volume": 0.7478624102702306,
      "used_weight": 0.09853936363636363,
      "unload_obs": 0,
      "hs_cond": 1,
      "p_cond": 1
    },
    {
      "iteration": 253,
      "time": "215.83362746238708",
      "n_placed": 180,
      "n_discard": 95,
      "p_mean_weight": 11.99922222222222,
      "d_mean_weight": 9.890536842105265,
      "p_median_weight": 10.891,
      "d_median_weight": 8.463,
      "p_std_weight": 6.354520190806646,
      "d_std_weight": 3.37931159680623,