{
  "volume": [
    {
      "iteration": 56,
      "time": "86.95831990242004",
      "p_mean_weight": 10.292545977011494,
      "d_mean_weight": 13.534,
      "p_total_weight": 1790.903,
      "d_total_weight": 351.884,
      "p_mean_taxability": 89.0736724137931,
      "d_mean_taxability": 109.2496153846154,
      "p_total_taxability": 15498.819,
      "d_total_taxability": 2840.4900000000002,
      "p_mean_volume": 0.26748850574712646,
      "d_mean_volume": 0.328076923076923,
      "p_total_volume": 46.543,
      "d_total_volume": 8.529999999999998,
      "p_cumulative_priority": 27.0,
      "p_mean_priority": 0.15517241379310345,
      "d_max_priority": 1,
      "used_volume": 0.5701423426513462,
      "used_weight": 0.08140468181818182
    },
    {
      "iteration": 62,
      "time": "82.12885284423828",
      "p_mean_weight": 10.1603908045977,
      "d_mean_weight": 14.418423076923078,
      "p_total_weight": 1767.908,
      "d_total_weight": 374.879,
      "p_mean_taxability": 87.5598620689655,
      "d_mean_taxability": 119.3805,
      "p_total_taxability": 15235.415999999997,
      "d_total_taxability": 3103.893,
      "p_mean_volume": 0.2629425287356322,
      "d_mean_volume": 0.35849999999999993,
      "p_total_volume": 45.752,
      "d_total_volume": 9.320999999999998,
      "p_cumulative_priority": 26.0,
      "p_mean_priority": 0.14942528735632185,
      "d_max_priority": 1,
      "used_volume": 0.5604527525295833,
      "used_weight": 0.08035945454545454
    },
    {
      "iteration": 16,
      "time": "84.45519304275513",
      "p_mean_weight": 10.381678362573098,
      "d_mean_weight": 12.673103448275862,
      "p_total_weight": 1775.2669999999998,
      "d_total_weight": 367.52,
      "p_mean_taxability": 88.89542105263158,
      "d_mean_taxability": 108.21351724137932,
      "p_total_taxability": 15201.116999999998,
      "d_total_taxability": 3138.1920000000005,
      "p_mean_volume": 0.266953216374269,
      "d_mean_volume": 0.3249655172413793,
      "p_total_volume": 45.649,
      "d_total_volume": 9.424,
      "p_cumulative_priority": 26.0,
      "p_mean_priority": 0.15204678362573099,
      "d_max_priority": 1,
      "used_volume": 0.5591910233481148,
      "used_weight": 0.08069395454545454
    },
    {
      "iteration": 60,
      "time": "87.51599216461182",
      "p_mean_weight": 10.195573863636364,
      "d_mean_weight": 14.51525,
      "p_total_weight": 1794.421,
      "d_total_weight": 348.366,
      "p_mean_taxability": 86.3094375,
      "d_mean_taxability": 131.202,
      "p_total_taxability": 15190.461,
      "d_total_taxability": 3148.848,
      "p_mean_volume": 0.25918749999999996,
      "d_mean_volume": 0.39399999999999996,
      "p_total_volume": 45.617,
      "d_total_volume": 9.456,
      "p_cumulative_priority": 26.0,
      "p_mean_priority": 0.14772727272727273,
      "d_max_priority": 1,
      "used_volume": 0.558799029816008,
      "used_weight": 0.0815645909090909
    },
    {
      "iteration": 33,
      "time": "86.87686395645142",
      "p_mean_weight": 10.343029069767441,
      "d_mean_weight": 12.992357142857143,
      "p_total_weight": 1779.001,
      "d_total_weight": 363.786,
      "p_mean_taxability": 88.2721046511628,
      "d_mean_taxability": 112.73239285714287,
      "p_total_taxability": 15182.802000000001,
      "d_total_taxability": 3156.5070000000005,
      "p_mean_volume": 0.26508139534883723,
      "d_mean_volume": 0.33853571428571433,
      "p_total_volume": 45.594,
      "d_total_volume": 9.479000000000001,
      "p_cumulative_priority": 25.0,
      "p_mean_priority": 0.14534883720930233,
      "d_max_priority": 1,
      "used_volume": 0.5585172844648063,
      "used_weight": 0.08086368181818182
    }
  ],
  "weight": [
    {
      "iteration": 60,
      "time": "87.51599216461182",
      "p_mean_weight": 10.195573863636364,
      "d_mean_weight": 14.51525,
      "p_total_weight": 1794.421,
      "d_total_weight": 348.366,
      "p_mean_taxability": 86.3094375,
      "d_mean_taxability": 131.202,
      "p_total_taxability": 15190.461,
      "d_total_taxability": 3148.848,
      "p_mean_volume": 0.25918749999999996,
      "d_mean_volume": 0.39399999999999996,
      "p_total_volume": 45.617,
      "d_total_volume": 9.456,
      "p_cumulative_priority": 26.0,
      "p_mean_priority": 0.14772727272727273,
      "d_max_priority": 1,
      "used_volume": 0.558799029816008,
      "used_weight": 0.0815645909090909
    },
    {
      "iteration": 56,
      "time": "86.95831990242004",
      "p_mean_weight": 10.292545977011494,
      "d_mean_weight": 13.534,
      "p_total_weight": 1790.903,
      "d_total_weight": 351.884,
      "p_mean_taxability": 89.0736724137931,
      "d_mean_taxability": 109.2496153846154,
      "p_total_taxability": 15498.819,
      "d_total_taxability": 2840.4900000000002,
      "p_mean_volume": 0.26748850574712646,
      "d_mean_volume": 0.328076923076923,
      "p_total_volume": 46.543,
      "d_total_volume": 8.529999999999998,
      "p_cumulative_priority": 27.0,
      "p_mean_priority": 0.15517241379310345,
      "d_max_priority": 1,
      "used_volume": 0.5701423426513462,
      "used_weight": 0.08140468181818182
    },
    {
      "iteration": 33,
      "time": "86.87686395645142",
      "p_mean_weight": 10.343029069767441,
      "d_mean_weight": 12.992357142857143,
      "p_total_weight": 1779.001,
      "d_total_weight": 363.786,
      "p_mean_taxability": 88.2721046511628,
      "d_mean_taxability": 112.73239285714287,
      "p_total_taxability": 15182.802000000001,
      "d_total_taxability": 3156.5070000000005,
      "p_mean_volume": 0.26508139534883723,
      "d_mean_volume": 0.33853571428571433,
      "p_total_volume": 45.594,
      "d_total_volume": 9.479000000000001,
      "p_cumulative_priority": 25.0,
      "p_mean_priority": 0.14534883720930233,
      "d_max_priority": 1,
      "used_volume": 0.5585172844648063,
      "used_weight": 0.08086368181818182
    },
    {
      "iteration": 16,
      "time": "84.45519304275513",
      "p_mean_weight": 10.381678362573098,
      "d_mean_weight": 12.673103448275862,
      "p_total_weight": 1775.2669999999998,
      "d_total_weight": 367.52,
      "p_mean_taxability": 88.89542105263158,
      "d_mean_taxability": 108.21351724137932,
      "p_total_taxability": 15201.116999999998,
      "d_total_taxability": 3138.1920000000005,
      "p_mean_volume": 0.266953216374269,
      "d_mean_volume": 0.3249655172413793,
      "p_total_volume": 45.649,
      "d_total_volume": 9.424,
      "p_cumulative_priority": 26.0,
      "p_mean_priority": 0.15204678362573099,
      "d_max_priority": 1,
      "used_volume": 0.5591910233481148,
      "used_weight": 0.08069395454545454
    },
    {
      "iteration": 34,
      "time": "86.26946902275085",
      "p_mean_weight": 10.32118023255814,
      "d_mean_weight": 13.126571428571427,
      "p_total_weight": 1775.243,
      "d_total_weight": 367.544,
      "p_mean_taxability": 88.07462790697674,
      "d_mean_taxability": 113.94546428571427,
      "p_total_taxability": 15148.836,
      "d_total_taxability": 3190.4729999999995,
      "p_mean_volume": 0.2644883720930232,
      "d_mean_volume": 0.3421785714285715,
      "p_total_volume": 45.492,
      "d_total_volume": 9.581000000000001,
      "p_cumulative_priority": 27.0,
      "p_mean_priority": 0.1569767441860465,
      "d_max_priority": 1,
      "used_volume": 0.5572678050812161,
      "used_weight": 0.08069286363636363
    }
  ],
  "priority": [
    {
      "iteration": 25,
      "time": "90.32385110855103",
      "p_mean_weight": 10.286053892215568,
      "d_mean_weight": 12.879272727272728,
      "p_total_weight": 1717.771,
      "d_total_weight": 425.016,
      "p_mean_taxability": 86.99674850299401,
      "d_mean_taxability": 115.48036363636363,
      "p_total_taxability": 14528.456999999999,
      "d_total_taxability": 3810.852,
      "p_mean_volume": 0.261251497005988,
      "d_mean_volume": 0.3467878787878788,