{
  "volume": [
    {
      "iteration": 25,
      "time": "90.32385110855103",
      "p_mean_weight": 10.286053892215568,
      "d_mean_weight": 12.879272727272728,
      "p_total_weight": 1717.771,
      "d_total_weight": 425.016,
      "p_mean_taxability": 86.99674850299401,
      "d_mean_taxability": 115.48036363636363,
      "p_total_taxability": 14528.456999999999,
      "d_total_taxability": 3810.852,
      "p_mean_volume": 0.261251497005988,
      "d_mean_volume": 0.3467878787878788,
      "p_total_volume": 43.629,
      "d_total_volume": 11.444,
      "p_cumulative_priority": 28.0,
      "p_mean_priority": 0.16766467065868262,
      "d_max_priority": 0,
      "used_volume": 0.5344464316338781,
      "used_weight": 0.0780805
    },
    {
      "iteration": 57,
      "time": "91.63358426094055",
      "p_mean_weight": 9.983958083832334,
      "d_mean_weight": 14.408060606060607,
      "p_total_weight": 1667.321,
      "d_total_weight": 475.466,
      "p_mean_taxability": 85.80233532934133,
      "d_mean_taxability": 121.52481818181818,
      "p_total_taxability": 14328.990000000002,
      "d_total_taxability": 4010.319,
      "p_mean_volume": 0.2576646706586826,
      "d_mean_volume": 0.36493939393939395,
      "p_total_volume": 43.029999999999994,
      "d_total_volume": 12.043000000000001,
      "p_cumulative_priority": 28.0,
      "p_mean_priority": 0.16766467065868262,
      "d_max_priority": 0,
      "used_volume": 0.5271088027047552,
      "used_weight": 0.07578731818181818
    }
  ],
  "weight": [
    {
      "iteration": 25,
      "time": "90.32385110855103",
      "p_mean_weight": 10.286053892215568,
      "d_mean_weight": 12.879272727272728,
      "p_total_weight": 1717.771,
      "d_total_weight": 425.016,
      "p_mean_taxability": 86.99674850299401,
      "d_mean_taxability": 115.48036363636363,
      "p_total_taxability": 14528.456999999999,
      "d_total_taxability": 3810.852,
      "p_mean_volume": 0.261251497005988,
      "d_mean_volume": 0.3467878787878788,
      "p_total_volume": 43.629,
      "d_total_volume": 11.444,
      "p_cumulative_priority": 28.0,
      "p_mean_priority": 0.16766467065868262,
      "d_max_priority": 0,
      "used_volume": 0.5344464316338781,
      "used_weight": 0.0780805
    },
    {
      "iteration": 57,
      "time": "91.63358426094055",
      "p_mean_weight": 9.983958083832334,
      "d_mean_weight": 14.408060606060607,
      "p_total_weight": 1667.321,
      "d_total_weight": 475.466,
      "p_mean_taxability": 85.80233532934133,
      "d_mean_taxability": 121.52481818181818,
      "p_total_taxability": 14328.990000000002,
      "d_total_taxability": 4010.319,
      "p_mean_volume": 0.2576646706586826,
      "d_mean_volume": 0.36493939393939395,
      "p_total_volume": 43.029999999999994,
      "d_total_volume": 12.043000000000001,
      "p_cumulative_priority": 28.0,
      "p_mean_priority": 0.16766467065868262,
      "d_max_priority": 0,
      "used_volume": 0.5271088027047552,
      "used_weight": 0.07578731818181818
    }
  ],
  "priority": [
    {
      "iteration": 25,
      "time": "90.32385110855103",
      "p_mean_weight": 10.286053892215568,
      "d_mean_weight": 12.879272727272728,
      "p_total_weight": 1717.771,
      "d_total_weight": 425.016,
      "p_mean_taxability": 86.99674850299401,
      "d_mean_taxability": 115.48036363636363,
      "p_total_taxability": 14528.456999999999,
      "d_total_taxability": 3810.852,
      "p_mean_volume": 0.261251497005988,
      "d_mean_volume": 0.3467878787878788,
      "p_total_volume": 43.629,
      "d_total_volume": 11.444,
      "p_cumulative_priority": 28.0,
      "p_mean_priority": 0.16766467065868262,
      "d_max_priority": 0,
      "used_volume": 0.5344464316338781,
      "used_weight": 0.0780805
    },
    {
      "iteration": 57,
      "time": "91.63358426094055",
      "p_mean_weight": 9.983958083832334,
      "d_mean_weight": 14.408060606060607,
      "p_total_weight": 1667.321,
      "d_total_weight": 475.466,
      "p_mean_taxability": 85.80233532934133,
      "d_mean_taxability": 121.52481818181818,
      "p_total_taxability": 14328.990000000002,
      "d_total_taxability": 4010.319,
      "p_mean_volume": 0.2576646706586826,
      "d_mean_volume": 0.36493939393939395,
      "p_total_volume": 43.029999999999994,
      "d_total_volume": 12.043000000000001,
      "p_cumulative_priority": 28.0,
      "p_mean_priority": 0.16766467065868262,
      "d_max_priority": 0,
      "used_volume": 0.5271088027047552,
      "used_weight": 0.07578731818181818
    }
  ],
  "taxability": [
    {
      "iteration": 25,
      "time": "90.32385110855103",
      "p_mean_weight": 10.286053892215568,
      "d_mean_weight": 12.879272727272728,
      "p_total_weight": 1717.771,
      "d_total_weight": 425.016,
      "p_mean_taxability": 86.99674850299401,
      "d_mean_taxability": 115.48036363636363,
      "p_total_taxability": 14528.456999999999,
      "d_total_taxability": 3810.852,
      "p_mean_volume": 0.261251497005988,
      "d_mean_volume": 0.3467878787878788,
      "p_total_volume": 43.629,
      "d_total_volume": 11.444,
      "p_cumulative_priority": 28.0,
      "p_mean_priority": 0.16766467065868262,
      "d_max_priority": 0,
      "used_volume": 0.5344464316338781,
      "used_weight": 0.0780805
    },
    {
      "iteration": 57,
      "time": "91.63358426094055",
      "p_mean_weight": 9.983958083832334,
      "d_mean_weight": 14.408060606060607,
      "p_total_weight": 1667.321,
      "d_total_weight": 475.466,
      "p_mean_taxability": 85.80233532934133,
      "d_mean_taxability": 121.52481818181818,
      "p_total_taxability": 14328.990000000002,
      "d_total_taxability": 4010.319,
      "p_mean_volume": 0.2576646706586826,
      "d_mean_volume": 0.36493939393939395,
      "p_total_volume": 43.029999999999994,
      "d_total_volume": 12.043000000000001,
      "p_cumulative_priority": 28.0,
      "p_mean_priority": 0.16766467065868262,
      "d_max_priority": 0,
      "used_volume": 0.5271088027047552,
      "used_weight": 0.07578731818181818
    }
  ]
}