{
  "volume": [
    {
      "iteration": 38,
      "time": "218.35976028442383",
      "n_placed": 153,
      "n_discard": 102,
      "p_mean_weight": 24.092169934640523,
      "d_mean_weight": 13.148098039215684,
      "p_median_weight": 21.048,
      "d_median_weight": 11.893,
      "p_std_weight": 11.67027565846739,
      "d_std_weight": 6.838905671404774,
      "p_total_weight": 3686.1020000000003,
      "d_total_weight": 1341.1059999999998,
      "p_mean_taxability": 141.30082352941176,
      "d_mean_taxability": 75.1665882352941,
      "p_total_taxability": 21619.025999999998,
      "d_total_taxability": 7666.991999999998,
      "p_mean_volume": 0.4243267973856209,
      "d_mean_volume": 0.22572549019607852,
      "p_median_volume": 0.359,
      "d_median_volume": 0.202,
      "p_std_volume": 0.21903390839588238,
      "d_std_volume": 0.1333260840584144,
      "p_total_volume": 64.922,
      "d_total_volume": 23.024000000000008,
      "d_max_priority": 0,
      "used_volume": 0.7952813778572653,
      "used_weight": 0.16755009090909093,
      "unload_obs": 0,
      "hs_cond": 1,
      "p_cond": 1
    },
    {
      "iteration": 287,
      "time": "230.6729874610901",
      "n_placed": 155,
      "n_discard": 100,
      "p_mean_weight": 23.741954838709674,
      "d_mean_weight": 13.47205,
      "p_median_weight": 21.048,
      "d_median_weight": 11.893,
      "p_std_weight": 11.819527420037241,
      "d_std_weight": 6.985299200225191,
      "p_total_weight": 3680.0029999999997,
      "d_total_weight": 1347.205,
      "p_mean_taxability": 139.30786451612903,
      "d_mean_taxability": 76.93298999999999,
      "p_total_taxability": 21592.719,
      "d_total_taxability": 7693.298999999999,
      "p_mean_volume": 0.418341935483871,
      "d_mean_volume": 0.23103000000000004,
      "p_median_volume": 0.359,
      "d_median_volume": 0.202,
      "p_std_volume": 0.22064985009484808,
      "d_std_volume": 0.1374811983472282,
      "p_total_volume": 64.843,
      "d_total_volume": 23.103000000000005,
      "d_max_priority": 0,
      "used_volume": 0.7943136438248769,
      "used_weight": 0.16727286363636362,
      "unload_obs": 0,
      "hs_cond": 1,
      "p_cond": 1
    },
    {
      "iteration": 217,
      "time": "224.8113226890564",
      "n_placed": 169,
      "n_discard": 86,
      "p_mean_weight": 21.694236686390532,
      "d_mean_weight": 15.824209302325578,
      "p_median_weight": 17.78,
      "d_median_weight": 12.83,
      "p_std_weight": 11.679070858686385,
      "d_std_weight": 9.62617195446111,
      "p_total_weight": 3666.326,
      "d_total_weight": 1360.8819999999996,
      "p_mean_taxability": 127.46412426035502,
      "d_mean_taxability": 90.05326744186048,
      "p_total_taxability": 21541.436999999998,
      "d_total_taxability": 7744.581000000001,
      "p_mean_volume": 0.38277514792899414,
      "d_mean_volume": 0.2704302325581394,
      "p_median_volume": 0.274,
      "d_median_volume": 0.203,
      "p_std_volume": 0.21973871734973732,
      "d_std_volume": 0.17724370332781092,
      "p_total_volume": 64.68900000000001,
      "d_total_volume": 23.25699999999999,
      "d_max_priority": 0,
      "used_volume": 0.7924271749516134,
      "used_weight": 0.1666511818181818,
      "unload_obs": 0,
      "hs_cond": 1,
      "p_cond": 1
    },
    {
      "iteration": 199,
      "time": "225.12492275238037",
      "n_placed": 160,
      "n_discard": 95,
      "p_mean_weight": 22.965875000000004,
      "d_mean_weight": 14.238610526315789,
      "p_median_weight": 17.78,
      "d_median_weight": 11.893,
      "p_std_weight": 11.804657372511492,
      "d_std_weight": 8.028496122250692,
      "p_total_weight": 3674.5400000000004,
      "d_total_weight": 1352.668,
      "p_mean_taxability": 134.44250625,
      "d_mean_taxability": 81.8443894736842,
      "p_total_taxability": 21510.801,
      "d_total_taxability": 7775.216999999999,
      "p_mean_volume": 0.40373125000000004,
      "d_mean_volume": 0.245778947368421,
      "p_median_volume": 0.274,
      "d_median_volume": 0.202,
      "p_std_volume": 0.22238316759847648,
      "d_std_volume": 0.15127783225177135,
      "p_total_volume": 64.59700000000001,
      "d_total_volume": 23.348999999999997,
      "d_max_priority": 0,
      "used_volume": 0.7913001935468066,
      "used_weight": 0.16702454545454548,
      "unload_obs": 0,
      "hs_cond": 1,
      "p_cond": 1
    },
    {
      "iteration": 216,
      "time": "123.53682088851929",
      "n_placed": 151,
      "n_discard": 104,
      "p_mean_weight": 24.263364238410595,
      "d_mean_weight": 13.110000000000001,
      "p_median_weight": 21.048,
      "d_median_weight": 11.893,
      "p_std_weight": 11.733939821153248,
      "d_std_weight": 6.5669635001003694,
      "p_total_weight": 3663.768,
      "d_total_weight": 1363.44,
      "p_mean_taxability": 142.33654966887417,
      "d_mean_taxability": 74.93460576923077,
      "p_total_taxability": 21492.819,
      "d_total_taxability": 7793.199,
      "p_mean_volume": 0.4274370860927153,
      "d_mean_volume": 0.22502884615384613,
      "p_median_volume": 0.359,
      "d_median_volume": 0.202,
      "p_std_volume": 0.22054525087183174,
      "d_std_volume": 0.12780768750377844,
      "p_total_volume": 64.543,
      "d_total_volume": 23.403,
      "d_max_priority": 0,
      "used_volume": 0.7906387044613764,
      "used_weight": 0.1665349090909091,
      "unload_obs": 0,
      "hs_cond": 1,
      "p_cond": 1
    }
  ],
  "weight": [
    {
      "iteration": 38,
      "time": "218.35976028442383",
      "n_placed": 153,
      "n_discard": 102,
      "p_mean_weight": 24.092169934640523,
      "d_mean_weight": 13.148098039215684,
      "p_median_weight": 21.048,
      "d_median_weight": 11.893,
      "p_std_weight": 11.67027565846739,
      "d_std_weight": 6.838905671404774,
      "p_total_weight": 3686.1020000000003,
      "d_total_weight": 1341.1059999999998,
      "p_mean_taxability": 141.30082352941176,
      "d_mean_taxability": 75.1665882352941,
      "p_total_taxability": 21619.025999999998,
      "d_total_taxability": 7666.991999999998,
      "p_mean_volume": 0.4243267973856209,
      "d_mean_volume": 0.22572549019607852,
      "p_median_volume": 0.359,
      "d_median_volume": 0.202,
      "p_std_volume": 0.21903390839588238,
      "d_std_volume": 0.1333260840584144,
      "p_total_volume": 64.922,
      "d_total_volume": 23.024000000000008,
      "d_max_priority": 0,
      "used_volume": 0.7952813778572653,
      "used_weight": 0.16755009090909093,
      "unload_obs": 0,
      "hs_cond": 1,
      "p_cond": 1
    },
    {
      "iteration": 287,
      "time": "230.6729874610901",
      "n_placed": 155,
      "n_discard": 100,
      "p_mean_weight": 23.741954838709674,
      "d_mean_weight": 13.47205,
      "p_median_weight": 21.048,
      "d_median_weight": 11.893,
      "p_std_weight": 11.819527420037241,
      "d_std_weight": 6.985299200225191,
      "p_total_weight": 3680.0029999999997,
      "d_total_weight": 1347.205,
      "p_mean_taxability": 139.30786451612903,
      "d_mean_taxability": 76.93298999999999,
      "p_total_taxability": 21592.719,
      "d_total_taxability": 7693.298999999999,
      "p_mean_volume": 0.418341935483871,
      "d_mean_volume": 0.23103000000000004,
      "p_median_volume": 0.359,
      "d_median_volume": 0.202,
      "p_std_volume": 0.22064985009484808,
      "d_std_volume": 0.1374811983472282,
      "p_total_volume": 64.843,
      "d_total_volume": 23.103000000000005,
      "d_max_priority": 0,
      "used_volume": 0.7943136438248769,
      "used_weight": 0.16727286363636362,
      "unload_obs": 0,
      "hs_cond": 1,
      "p_cond": 1
    },
    {
      "iteration": 199,
      "time": "225.12492275238037",
      "n_placed": 160,
      "n_discard": 95,
      "p_mean_weight": 22.965875000000004,
      "d_mean_weight": 14.238610526315789,
      "p_median_weight": 17.78,
      "d_median_weight": 11.893,
      "p_std_weight": 11.804657372511492,