{
  "volume": [
    {
      "iteration": 157,
      "time": "229.60986804962158",
      "n_placed": 155,
      "n_discard": 100,
      "p_mean_weight": 23.720509677419354,
      "d_mean_weight": 13.50529,
      "p_median_weight": 21.048,
      "d_median_weight": 12.83,
      "p_std_weight": 12.114675638907745,
      "d_std_weight": 6.204317070314017,
      "p_total_weight": 3676.679,
      "d_total_weight": 1350.529,
      "p_mean_taxability": 139.7826580645161,
      "d_mean_taxability": 76.19705999999998,
      "p_total_taxability": 21666.311999999998,
      "d_total_taxability": 7619.705999999998,
      "p_mean_volume": 0.41976774193548394,
      "d_mean_volume": 0.22882000000000005,
      "p_median_volume": 0.359,
      "d_median_volume": 0.203,
      "p_std_volume": 0.2253005444207728,
      "d_std_volume": 0.12178050962798818,
      "p_total_volume": 65.06400000000001,
      "d_total_volume": 22.882000000000005,
      "d_max_priority": 0,
      "used_volume": 0.797020849155989,
      "used_weight": 0.16712177272727274,
      "unload_obs": 0,
      "hs_cond": 1,
      "p_cond": 0
    },
    {
      "iteration": 117,
      "time": "240.1809630393982",
      "n_placed": 157,
      "n_discard": 98,
      "p_mean_weight": 23.36771974522293,
      "d_mean_weight": 13.862000000000002,
      "p_median_weight": 21.048,
      "d_median_weight": 12.83,
      "p_std_weight": 12.207541546653097,
      "d_std_weight": 6.46629875011766,
      "p_total_weight": 3668.732,
      "d_total_weight": 1358.476,
      "p_mean_taxability": 137.07298089171977,
      "d_mean_taxability": 79.2404081632653,
      "p_total_taxability": 21520.458000000002,
      "d_total_taxability": 7765.5599999999995,
      "p_mean_volume": 0.4116305732484077,
      "d_mean_volume": 0.23795918367346944,
      "p_median_volume": 0.359,
      "d_median_volume": 0.203,
      "p_std_volume": 0.22747553507857643,
      "d_std_volume": 0.12881113148793866,
      "p_total_volume": 64.626,
      "d_total_volume": 23.320000000000004,
      "d_max_priority": 0,
      "used_volume": 0.7916554376852782,
      "used_weight": 0.16676054545454547,
      "unload_obs": 0,
      "hs_cond": 1,
      "p_cond": 0
    },
    {
      "iteration": 123,
      "time": "169.85065698623657",
      "n_placed": 152,
      "n_discard": 103,
      "p_mean_weight": 23.99013157894737,
      "d_mean_weight": 13.40493203883495,
      "p_median_weight": 21.048,
      "d_median_weight": 12.83,
      "p_std_weight": 12.04705978456034,
      "d_std_weight": 6.232050808493922,
      "p_total_weight": 3646.5,
      "d_total_weight": 1380.7079999999999,
      "p_mean_taxability": 141.15475657894737,
      "d_mean_taxability": 76.02422330097086,
      "p_total_taxability": 21455.523,
      "d_total_taxability": 7830.494999999998,
      "p_mean_volume": 0.42388815789473694,
      "d_mean_volume": 0.22830097087378648,
      "p_median_volume": 0.359,
      "d_median_volume": 0.203,
      "p_std_volume": 0.2240053082785797,
      "d_std_volume": 0.12430069762644416,
      "p_total_volume": 64.43100000000001,
      "d_total_volume": 23.515000000000008,
      "d_max_priority": 0,
      "used_volume": 0.789266727099003,
      "used_weight": 0.16575,
      "unload_obs": 0,
      "hs_cond": 1,
      "p_cond": 0
    },
    {
      "iteration": 167,
      "time": "205.931955575943",
      "n_placed": 151,
      "n_discard": 104,
      "p_mean_weight": 24.032615894039736,
      "d_mean_weight": 13.445028846153845,
      "p_median_weight": 21.048,
      "d_median_weight": 12.83,
      "p_std_weight": 12.14052753706138,
      "d_std_weight": 6.02852135577406,
      "p_total_weight": 3628.925,
      "d_total_weight": 1398.283,
      "p_mean_taxability": 141.56690066225164,
      "d_mean_taxability": 76.05207692307692,
      "p_total_taxability": 21376.602,
      "d_total_taxability": 7909.416,
      "p_mean_volume": 0.42512582781456953,
      "d_mean_volume": 0.22838461538461538,
      "p_median_volume": 0.359,
      "d_median_volume": 0.203,
      "p_std_volume": 0.22603041991837475,
      "d_std_volume": 0.11882746795104429,
      "p_total_volume": 64.194,
      "d_total_volume": 23.752,
      "d_max_priority": 0,
      "used_volume": 0.7863635250018375,
      "used_weight": 0.16495113636363637,
      "unload_obs": 0,
      "hs_cond": 1,
      "p_cond": 0
    },
    {
      "iteration": 181,
      "time": "224.08924913406372",
      "n_placed": 154,
      "n_discard": 101,
      "p_mean_weight": 23.492402597402595,
      "d_mean_weight": 13.95423762376237,
      "p_median_weight": 21.048,
      "d_median_weight": 12.83,
      "p_std_weight": 12.415580044317542,
      "d_std_weight": 6.018276295000945,
      "p_total_weight": 3617.83,
      "d_total_weight": 1409.3779999999995,
      "p_mean_taxability": 138.44583116883118,
      "d_mean_taxability": 78.8649504950495,
      "p_total_taxability": 21320.658,
      "d_total_taxability": 7965.36,
      "p_mean_volume": 0.4157532467532468,
      "d_mean_volume": 0.23683168316831682,
      "p_median_volume": 0.359,
      "d_median_volume": 0.203,
      "p_std_volume": 0.22994490137667384,
      "d_std_volume": 0.12079255517679312,
      "p_total_volume": 64.02600000000001,
      "d_total_volume": 23.919999999999998,
      "d_max_priority": 0,
      "used_volume": 0.7843055589582774,
      "used_weight": 0.16444681818181817,
      "unload_obs": 0,
      "hs_cond": 1,
      "p_cond": 0
    }
  ],
  "weight": [
    {
      "iteration": 157,
      "time": "229.60986804962158",
      "n_placed": 155,
      "n_discard": 100,
      "p_mean_weight": 23.720509677419354,
      "d_mean_weight": 13.50529,
      "p_median_weight": 21.048,
      "d_median_weight": 12.83,
      "p_std_weight": 12.114675638907745,
      "d_std_weight": 6.204317070314017,
      "p_total_weight": 3676.679,
      "d_total_weight": 1350.529,
      "p_mean_taxability": 139.7826580645161,
      "d_mean_taxability": 76.19705999999998,
      "p_total_taxability": 21666.311999999998,
      "d_total_taxability": 7619.705999999998,
      "p_mean_volume": 0.41976774193548394,
      "d_mean_volume": 0.22882000000000005,
      "p_median_volume": 0.359,
      "d_median_volume": 0.203,
      "p_std_volume": 0.2253005444207728,
      "d_std_volume": 0.12178050962798818,
      "p_total_volume": 65.06400000000001,
      "d_total_volume": 22.882000000000005,
      "d_max_priority": 0,
      "used_volume": 0.797020849155989,
      "used_weight": 0.16712177272727274,
      "unload_obs": 0,
      "hs_cond": 1,
      "p_cond": 0
    },
    {
      "iteration": 117,
      "time": "240.1809630393982",
      "n_placed": 157,
      "n_discard": 98,
      "p_mean_weight": 23.36771974522293,
      "d_mean_weight": 13.862000000000002,
      "p_median_weight": 21.048,
      "d_median_weight": 12.83,
      "p_std_weight": 12.207541546653097,
      "d_std_weight": 6.46629875011766,
      "p_total_weight": 3668.732,
      "d_total_weight": 1358.476,
      "p_mean_taxability": 137.07298089171977,
      "d_mean_taxability": 79.2404081632653,
      "p_total_taxability": 21520.458000000002,
      "d_total_taxability": 7765.5599999999995,
      "p_mean_volume": 0.4116305732484077,
      "d_mean_volume": 0.23795918367346944,
      "p_median_volume": 0.359,
      "d_median_volume": 0.203,
      "p_std_volume": 0.22747553507857643,
      "d_std_volume": 0.12881113148793866,
      "p_total_volume": 64.626,
      "d_total_volume": 23.320000000000004,
      "d_max_priority": 0,
      "used_volume": 0.7916554376852782,
      "used_weight": 0.16676054545454547,
      "unload_obs": 0,
      "hs_cond": 1,
      "p_cond": 0
    },
    {
      "iteration": 123,
      "time": "169.85065698623657",
      "n_placed": 152,
      "n_discard": 103,
      "p_mean_weight": 23.99013157894737,
      "d_mean_weight": 13.40493203883495,
      "p_median_weight": 21.048,
      "d_median_weight": 12.83,
      "p_std_weight": 12.04705978456034,
      "d_std_weight": 6.232050808493922,