{
  "volume": [
    {
      "iteration": 16,
      "time": "60.62985110282898",
      "p_mean_weight": 8.906970930232557,
      "d_mean_weight": 10.874,
      "p_total_weight": 1531.9989999999998,
      "d_total_weight": 86.992,
      "p_mean_taxability": 82.16775000000001,
      "d_mean_taxability": 106.893,
      "p_total_taxability": 14132.853000000001,
      "d_total_taxability": 855.144,
      "p_mean_volume": 0.24675000000000002,
      "d_mean_volume": 0.32099999999999995,
      "p_total_volume": 42.441,
      "d_total_volume": 2.5679999999999996,
      "p_cumulative_priority": 35.0,
      "p_mean_priority": 0.20348837209302326,
      "d_max_priority": 0,
      "used_volume": 0.519893671754416,
      "used_weight": 0.06963631818181817
    },
    {
      "iteration": 35,
      "time": "64.47455096244812",
      "p_mean_weight": 8.937641176470587,
      "d_mean_weight": 9.9592,
      "p_total_weight": 1519.399,
      "d_total_weight": 99.592,
      "p_mean_taxability": 82.71328235294118,
      "d_mean_taxability": 92.67389999999999,
      "p_total_taxability": 14061.258,
      "d_total_taxability": 926.7389999999999,
      "p_mean_volume": 0.24838823529411763,
      "d_mean_volume": 0.27829999999999994,
      "p_total_volume": 42.226,
      "d_total_volume": 2.7829999999999995,
      "p_cumulative_priority": 35.0,
      "p_mean_priority": 0.20588235294117646,
      "d_max_priority": 0,
      "used_volume": 0.517259965210574,
      "used_weight": 0.06906359090909091
    },
    {
      "iteration": 57,
      "time": "62.93082880973816",
      "p_mean_weight": 8.842836257309942,
      "d_mean_weight": 11.874000000000002,
      "p_total_weight": 1512.125,
      "d_total_weight": 106.86600000000001,
      "p_mean_taxability": 81.96668421052631,
      "d_mean_taxability": 107.96599999999998,
      "p_total_taxability": 14016.303,
      "d_total_taxability": 971.6939999999998,
      "p_mean_volume": 0.24614619883040936,
      "d_mean_volume": 0.32422222222222224,
      "p_total_volume": 42.091,
      "d_total_volume": 2.918,
      "p_cumulative_priority": 35.0,
      "p_mean_priority": 0.2046783625730994,
      "d_max_priority": 0,
      "used_volume": 0.5156062424969988,
      "used_weight": 0.06873295454545454
    },
    {
      "iteration": 8,
      "time": "60.15626811981201",
      "p_mean_weight": 8.986751479289941,
      "d_mean_weight": 9.111818181818181,
      "p_total_weight": 1518.761,
      "d_total_weight": 100.22999999999999,
      "p_mean_taxability": 82.79089349112427,
      "d_mean_taxability": 90.576,
      "p_total_taxability": 13991.661,
      "d_total_taxability": 996.3359999999999,
      "p_mean_volume": 0.24862130177514793,
      "d_mean_volume": 0.27199999999999996,
      "p_total_volume": 42.017,
      "d_total_volume": 2.9919999999999995,
      "p_cumulative_priority": 35.0,
      "p_mean_priority": 0.20710059171597633,
      "d_max_priority": 0,
      "used_volume": 0.5146997574540021,
      "used_weight": 0.0690345909090909
    },
    {
      "iteration": 48,
      "time": "59.60345792770386",
      "p_mean_weight": 8.97255621301775,
      "d_mean_weight": 9.32990909090909,
      "p_total_weight": 1516.3619999999999,
      "d_total_weight": 102.629,
      "p_mean_taxability": 82.58005917159763,
      "d_mean_taxability": 93.81518181818181,
      "p_total_taxability": 13956.029999999999,
      "d_total_taxability": 1031.9669999999999,
      "p_mean_volume": 0.24798816568047335,
      "d_mean_volume": 0.2817272727272727,
      "p_total_volume": 41.91,
      "d_total_volume": 3.0989999999999998,
      "p_cumulative_priority": 35.0,
      "p_mean_priority": 0.20710059171597633,
      "d_max_priority": 0,
      "used_volume": 0.5133890290810201,
      "used_weight": 0.06892554545454545
    }
  ],
  "weight": [
    {
      "iteration": 16,
      "time": "60.62985110282898",
      "p_mean_weight": 8.906970930232557,
      "d_mean_weight": 10.874,
      "p_total_weight": 1531.9989999999998,
      "d_total_weight": 86.992,
      "p_mean_taxability": 82.16775000000001,
      "d_mean_taxability": 106.893,
      "p_total_taxability": 14132.853000000001,
      "d_total_taxability": 855.144,
      "p_mean_volume": 0.24675000000000002,
      "d_mean_volume": 0.32099999999999995,
      "p_total_volume": 42.441,
      "d_total_volume": 2.5679999999999996,
      "p_cumulative_priority": 35.0,
      "p_mean_priority": 0.20348837209302326,
      "d_max_priority": 0,
      "used_volume": 0.519893671754416,
      "used_weight": 0.06963631818181817
    },
    {
      "iteration": 35,
      "time": "64.47455096244812",
      "p_mean_weight": 8.937641176470587,
      "d_mean_weight": 9.9592,
      "p_total_weight": 1519.399,
      "d_total_weight": 99.592,
      "p_mean_taxability": 82.71328235294118,
      "d_mean_taxability": 92.67389999999999,
      "p_total_taxability": 14061.258,
      "d_total_taxability": 926.7389999999999,
      "p_mean_volume": 0.24838823529411763,
      "d_mean_volume": 0.27829999999999994,
      "p_total_volume": 42.226,
      "d_total_volume": 2.7829999999999995,
      "p_cumulative_priority": 35.0,
      "p_mean_priority": 0.20588235294117646,
      "d_max_priority": 0,
      "used_volume": 0.517259965210574,
      "used_weight": 0.06906359090909091
    },
    {
      "iteration": 32,
      "time": "63.68888020515442",
      "p_mean_weight": 9.042535714285714,
      "d_mean_weight": 8.320416666666667,
      "p_total_weight": 1519.146,
      "d_total_weight": 99.845,
      "p_mean_taxability": 83.02205357142856,
      "d_mean_taxability": 86.69099999999999,
      "p_total_taxability": 13947.704999999998,
      "d_total_taxability": 1040.292,
      "p_mean_volume": 0.24931547619047623,
      "d_mean_volume": 0.26033333333333325,
      "p_total_volume": 41.885000000000005,
      "d_total_volume": 3.123999999999999,
      "p_cumulative_priority": 35.0,
      "p_mean_priority": 0.20833333333333334,
      "d_max_priority": 0,
      "used_volume": 0.5130827841340618,
      "used_weight": 0.06905209090909091
    },
    {
      "iteration": 8,
      "time": "60.15626811981201",
      "p_mean_weight": 8.986751479289941,
      "d_mean_weight": 9.111818181818181,
      "p_total_weight": 1518.761,
      "d_total_weight": 100.22999999999999,
      "p_mean_taxability": 82.79089349112427,
      "d_mean_taxability": 90.576,
      "p_total_taxability": 13991.661,
      "d_total_taxability": 996.3359999999999,
      "p_mean_volume": 0.24862130177514793,
      "d_mean_volume": 0.27199999999999996,
      "p_total_volume": 42.017,
      "d_total_volume": 2.9919999999999995,
      "p_cumulative_priority": 35.0,
      "p_mean_priority": 0.20710059171597633,
      "d_max_priority": 0,
      "used_volume": 0.5146997574540021,
      "used_weight": 0.0690345909090909
    },
    {
      "iteration": 48,
      "time": "59.60345792770386",
      "p_mean_weight": 8.97255621301775,
      "d_mean_weight": 9.32990909090909,
      "p_total_weight": 1516.3619999999999,
      "d_total_weight": 102.629,
      "p_mean_taxability": 82.58005917159763,
      "d_mean_taxability": 93.81518181818181,
      "p_total_taxability": 13956.029999999999,
      "d_total_taxability": 1031.9669999999999,
      "p_mean_volume": 0.24798816568047335,
      "d_mean_volume": 0.2817272727272727,
      "p_total_volume": 41.91,
      "d_total_volume": 3.0989999999999998,
      "p_cumulative_priority": 35.0,
      "p_mean_priority": 0.20710059171597633,
      "d_max_priority": 0,
      "used_volume": 0.5133890290810201,
      "used_weight": 0.06892554545454545
    }
  ],
  "priority": [
    {
      "iteration": 7,
      "time": "51.28859090805054",
      "p_mean_weight": 8.948517857142857,
      "d_mean_weight": 9.636666666666665,
      "p_total_weight": 1503.3509999999999,
      "d_total_weight": 115.63999999999999,
      "p_mean_taxability": 82.02305357142856,
      "d_mean_taxability": 100.67699999999998,
      "p_total_taxability": 13779.873,