{
  "volume": [
    {
      "iteration": 19,
      "time": "61.256251096725464",
      "p_mean_weight": 8.93402906976744,
      "d_mean_weight": 10.292250000000001,
      "p_total_weight": 1536.6529999999998,
      "d_total_weight": 82.33800000000001,
      "p_mean_taxability": 82.88795930232558,
      "d_mean_taxability": 91.4085,
      "p_total_taxability": 14256.729,
      "d_total_taxability": 731.268,
      "p_mean_volume": 0.24891279069767439,
      "d_mean_volume": 0.2745,
      "p_total_volume": 42.812999999999995,
      "d_total_volume": 2.196,
      "p_cumulative_priority": 34.0,
      "p_mean_priority": 0.19767441860465115,
      "d_max_priority": 1,
      "used_volume": 0.5244505965651566,
      "used_weight": 0.06984786363636362
    },
    {
      "iteration": 16,
      "time": "60.62985110282898",
      "p_mean_weight": 8.906970930232557,
      "d_mean_weight": 10.874,
      "p_total_weight": 1531.9989999999998,
      "d_total_weight": 86.992,
      "p_mean_taxability": 82.16775000000001,
      "d_mean_taxability": 106.893,
      "p_total_taxability": 14132.853000000001,
      "d_total_taxability": 855.144,
      "p_mean_volume": 0.24675000000000002,
      "d_mean_volume": 0.32099999999999995,
      "p_total_volume": 42.441,
      "d_total_volume": 2.5679999999999996,
      "p_cumulative_priority": 35.0,
      "p_mean_priority": 0.20348837209302326,
      "d_max_priority": 0,
      "used_volume": 0.519893671754416,
      "used_weight": 0.06963631818181817
    },
    {
      "iteration": 40,
      "time": "63.33516073226929",
      "p_mean_weight": 8.977076023391811,
      "d_mean_weight": 9.323444444444444,
      "p_total_weight": 1535.0799999999997,
      "d_total_weight": 83.911,
      "p_mean_taxability": 82.50610526315789,
      "d_mean_taxability": 97.717,
      "p_total_taxability": 14108.544,
      "d_total_taxability": 879.453,
      "p_mean_volume": 0.24776608187134505,
      "d_mean_volume": 0.29344444444444445,
      "p_total_volume": 42.368,
      "d_total_volume": 2.641,
      "p_cumulative_priority": 34.0,
      "p_mean_priority": 0.19883040935672514,
      "d_max_priority": 1,
      "used_volume": 0.5189994365092976,
      "used_weight": 0.06977636363636362
    },
    {
      "iteration": 2,
      "time": "54.10978579521179",
      "p_mean_weight": 8.991611764705883,
      "d_mean_weight": 9.0417,
      "p_total_weight": 1528.574,
      "d_total_weight": 90.417,
      "p_mean_taxability": 82.96009411764706,
      "d_mean_taxability": 88.4781,
      "p_total_taxability": 14103.216,
      "d_total_taxability": 884.781,
      "p_mean_volume": 0.24912941176470588,
      "d_mean_volume": 0.26569999999999994,
      "p_total_volume": 42.352,
      "d_total_volume": 2.6569999999999996,
      "p_cumulative_priority": 34.0,
      "p_mean_priority": 0.2,
      "d_max_priority": 1,
      "used_volume": 0.5188034397432442,
      "used_weight": 0.06948063636363637
    },
    {
      "iteration": 56,
      "time": "63.68150520324707",
      "p_mean_weight": 9.039349112426033,
      "d_mean_weight": 8.303727272727274,
      "p_total_weight": 1527.6499999999996,
      "d_total_weight": 91.34100000000001,
      "p_mean_taxability": 83.31305325443788,
      "d_mean_taxability": 82.55372727272726,
      "p_total_taxability": 14079.906,
      "d_total_taxability": 908.0909999999999,
      "p_mean_volume": 0.250189349112426,
      "d_mean_volume": 0.24790909090909094,
      "p_total_volume": 42.282,
      "d_total_volume": 2.7270000000000003,
      "p_cumulative_priority": 34.0,
      "p_mean_priority": 0.20118343195266272,
      "d_max_priority": 1,
      "used_volume": 0.5179459538917608,
      "used_weight": 0.06943863636363634
    }
  ],
  "weight": [
    {
      "iteration": 19,
      "time": "61.256251096725464",
      "p_mean_weight": 8.93402906976744,
      "d_mean_weight": 10.292250000000001,
      "p_total_weight": 1536.6529999999998,
      "d_total_weight": 82.33800000000001,
      "p_mean_taxability": 82.88795930232558,
      "d_mean_taxability": 91.4085,
      "p_total_taxability": 14256.729,
      "d_total_taxability": 731.268,
      "p_mean_volume": 0.24891279069767439,
      "d_mean_volume": 0.2745,
      "p_total_volume": 42.812999999999995,
      "d_total_volume": 2.196,
      "p_cumulative_priority": 34.0,
      "p_mean_priority": 0.19767441860465115,
      "d_max_priority": 1,
      "used_volume": 0.5244505965651566,
      "used_weight": 0.06984786363636362
    },
    {
      "iteration": 40,
      "time": "63.33516073226929",
      "p_mean_weight": 8.977076023391811,
      "d_mean_weight": 9.323444444444444,
      "p_total_weight": 1535.0799999999997,
      "d_total_weight": 83.911,
      "p_mean_taxability": 82.50610526315789,
      "d_mean_taxability": 97.717,
      "p_total_taxability": 14108.544,
      "d_total_taxability": 879.453,
      "p_mean_volume": 0.24776608187134505,
      "d_mean_volume": 0.29344444444444445,
      "p_total_volume": 42.368,
      "d_total_volume": 2.641,
      "p_cumulative_priority": 34.0,
      "p_mean_priority": 0.19883040935672514,
      "d_max_priority": 1,
      "used_volume": 0.5189994365092976,
      "used_weight": 0.06977636363636362
    },
    {
      "iteration": 16,
      "time": "60.62985110282898",
      "p_mean_weight": 8.906970930232557,
      "d_mean_weight": 10.874,
      "p_total_weight": 1531.9989999999998,
      "d_total_weight": 86.992,
      "p_mean_taxability": 82.16775000000001,
      "d_mean_taxability": 106.893,
      "p_total_taxability": 14132.853000000001,
      "d_total_taxability": 855.144,
      "p_mean_volume": 0.24675000000000002,
      "d_mean_volume": 0.32099999999999995,
      "p_total_volume": 42.441,
      "d_total_volume": 2.5679999999999996,
      "p_cumulative_priority": 35.0,
      "p_mean_priority": 0.20348837209302326,
      "d_max_priority": 0,
      "used_volume": 0.519893671754416,
      "used_weight": 0.06963631818181817
    },
    {
      "iteration": 2,
      "time": "54.10978579521179",
      "p_mean_weight": 8.991611764705883,
      "d_mean_weight": 9.0417,
      "p_total_weight": 1528.574,
      "d_total_weight": 90.417,
      "p_mean_taxability": 82.96009411764706,
      "d_mean_taxability": 88.4781,
      "p_total_taxability": 14103.216,
      "d_total_taxability": 884.781,
      "p_mean_volume": 0.24912941176470588,
      "d_mean_volume": 0.26569999999999994,
      "p_total_volume": 42.352,
      "d_total_volume": 2.6569999999999996,
      "p_cumulative_priority": 34.0,
      "p_mean_priority": 0.2,
      "d_max_priority": 1,
      "used_volume": 0.5188034397432442,
      "used_weight": 0.06948063636363637
    },
    {
      "iteration": 56,
      "time": "63.68150520324707",
      "p_mean_weight": 9.039349112426033,
      "d_mean_weight": 8.303727272727274,
      "p_total_weight": 1527.6499999999996,
      "d_total_weight": 91.34100000000001,
      "p_mean_taxability": 83.31305325443788,
      "d_mean_taxability": 82.55372727272726,
      "p_total_taxability": 14079.906,
      "d_total_taxability": 908.0909999999999,
      "p_mean_volume": 0.250189349112426,
      "d_mean_volume": 0.24790909090909094,
      "p_total_volume": 42.282,
      "d_total_volume": 2.7270000000000003,
      "p_cumulative_priority": 34.0,
      "p_mean_priority": 0.20118343195266272,
      "d_max_priority": 1,
      "used_volume": 0.5179459538917608,
      "used_weight": 0.06943863636363634
    }
  ],
  "priority": [
    {
      "iteration": 7,
      "time": "51.28859090805054",
      "p_mean_weight": 8.948517857142857,
      "d_mean_weight": 9.636666666666665,
      "p_total_weight": 1503.3509999999999,
      "d_total_weight": 115.63999999999999,
      "p_mean_taxability": 82.02305357142856,
      "d_mean_taxability": 100.67699999999998,
      "p_total_taxability": 13779.873,
      "d_total_taxability": 1208.1239999999998,
      "p_mean_volume": 0.2463154761904762,
      "d_mean_volume": 0.30233333333333334,
      "p_total_volume": 41.381,