{
  "volume": [
    {
      "iteration": 214,
      "time": "14.182698488235474",
      "n_placed": 65,
      "n_discard": 55,
      "p_mean_weight": 75.39586153846155,
      "d_mean_weight": 36.25209090909092,
      "p_median_weight": 68.557,
      "d_median_weight": 34.875,
      "p_std_weight": 46.83511333853751,
      "d_std_weight": 20.147207233420644,
      "p_total_weight": 4900.731000000001,
      "d_total_weight": 1993.8650000000005,
      "p_mean_taxability": 347.0884615384616,
      "d_mean_taxability": 176.70190909090914,
      "p_total_taxability": 22560.750000000004,
      "d_total_taxability": 9718.605000000003,
      "p_mean_volume": 1.0423076923076922,
      "d_mean_volume": 0.5306363636363635,
      "p_median_volume": 0.921,
      "d_median_volume": 0.518,
      "p_std_volume": 0.6548390289576164,
      "d_std_volume": 0.2792478895862668,
      "p_total_volume": 67.74999999999999,
      "d_total_volume": 29.18499999999999,
      "d_max_priority": 0,
      "used_volume": 0.8299238062571965,
      "used_weight": 0.22276050000000003,
      "unload_obs": 0,
      "hs_cond": 1,
      "p_cond": 1
    },
    {
      "iteration": 345,
      "time": "11.6593017578125",
      "n_placed": 65,
      "n_discard": 55,
      "p_mean_weight": 75.01106153846153,
      "d_mean_weight": 36.706854545454554,
      "p_median_weight": 68.557,
      "d_median_weight": 34.875,
      "p_std_weight": 47.15090295194413,
      "d_std_weight": 20.164489746065776,
      "p_total_weight": 4875.719,
      "d_total_weight": 2018.8770000000004,
      "p_mean_taxability": 346.0536,
      "d_mean_taxability": 177.9249272727273,
      "p_total_taxability": 22493.484,
      "d_total_taxability": 9785.871000000001,
      "p_mean_volume": 1.0392,
      "d_mean_volume": 0.5343090909090907,
      "p_median_volume": 0.921,
      "d_median_volume": 0.518,
      "p_std_volume": 0.6569513442790113,
      "d_std_volume": 0.2801750030306635,
      "p_total_volume": 67.54799999999999,
      "d_total_volume": 29.386999999999993,
      "d_max_priority": 0,
      "used_volume": 0.8274493470857729,
      "used_weight": 0.22162359090909092,
      "unload_obs": 0,
      "hs_cond": 1,
      "p_cond": 1
    },
    {
      "iteration": 228,
      "time": "13.696614265441895",
      "n_placed": 61,
      "n_discard": 59,
      "p_mean_weight": 80.08532786885247,
      "d_mean_weight": 34.05747457627119,
      "p_median_weight": 68.557,
      "d_median_weight": 28.165,
      "p_std_weight": 45.206342656284164,
      "d_std_weight": 19.3856945117251,
      "p_total_weight": 4885.205000000001,
      "d_total_weight": 2009.391,
      "p_mean_taxability": 368.5381967213115,
      "d_mean_taxability": 166.07669491525422,
      "p_total_taxability": 22480.83,
      "d_total_taxability": 9798.525,
      "p_mean_volume": 1.1067213114754098,
      "d_mean_volume": 0.4987288135593219,
      "p_median_volume": 0.921,
      "d_median_volume": 0.453,
      "p_std_volume": 0.6326379199075236,
      "d_std_volume": 0.27399552164150887,
      "p_total_volume": 67.50999999999999,
      "d_total_volume": 29.424999999999994,
      "d_max_priority": 0,
      "used_volume": 0.8269838547663962,
      "used_weight": 0.22205477272727275,
      "unload_obs": 0,
      "hs_cond": 1,
      "p_cond": 1
    },
    {
      "iteration": 12,
      "time": "14.602276802062988",
      "n_placed": 60,
      "n_discard": 60,
      "p_mean_weight": 81.08030000000001,
      "d_mean_weight": 33.829633333333334,
      "p_median_weight": 68.557,
      "d_median_weight": 28.165,
      "p_std_weight": 44.03515944291234,
      "d_std_weight": 21.22013820939884,
      "p_total_weight": 4864.818,
      "d_total_weight": 2029.778,
      "p_mean_taxability": 374.26425000000006,
      "d_mean_taxability": 163.72500000000002,
      "p_total_taxability": 22455.855000000003,
      "d_total_taxability": 9823.500000000002,
      "p_mean_volume": 1.1239166666666667,
      "d_mean_volume": 0.4916666666666666,
      "p_median_volume": 0.921,
      "d_median_volume": 0.453,
      "p_std_volume": 0.6177581198436556,
      "d_std_volume": 0.28955235273047153,
      "p_total_volume": 67.435,
      "d_total_volume": 29.499999999999996,
      "d_max_priority": 0,
      "used_volume": 0.8260651199255212,
      "used_weight": 0.2211280909090909,
      "unload_obs": 0,
      "hs_cond": 1,
      "p_cond": 1
    },
    {
      "iteration": 84,
      "time": "13.331229209899902",
      "n_placed": 60,
      "n_discard": 60,
      "p_mean_weight": 81.36628333333334,
      "d_mean_weight": 33.54365000000001,
      "p_median_weight": 82.269,
      "d_median_weight": 28.165,
      "p_std_weight": 44.25144851716737,
      "d_std_weight": 20.088519625393765,
      "p_total_weight": 4881.977000000001,
      "d_total_weight": 2012.6190000000004,
      "p_mean_taxability": 373.2041999999999,
      "d_mean_taxability": 164.78504999999998,
      "p_total_taxability": 22392.251999999993,
      "d_total_taxability": 9887.103,
      "p_mean_volume": 1.1207333333333334,
      "d_mean_volume": 0.4948499999999999,
      "p_median_volume": 1.1055000000000001,
      "d_median_volume": 0.453,
      "p_std_volume": 0.6249638055056391,
      "d_std_volume": 0.28099615927165933,
      "p_total_volume": 67.244,
      "d_total_volume": 29.690999999999995,
      "d_max_priority": 0,
      "used_volume": 0.8237254085307593,
      "used_weight": 0.22190804545454548,
      "unload_obs": 0,
      "hs_cond": 1,
      "p_cond": 1
    }
  ],
  "weight": [
    {
      "iteration": 214,
      "time": "14.182698488235474",
      "n_placed": 65,
      "n_discard": 55,
      "p_mean_weight": 75.39586153846155,
      "d_mean_weight": 36.25209090909092,
      "p_median_weight": 68.557,
      "d_median_weight": 34.875,
      "p_std_weight": 46.83511333853751,
      "d_std_weight": 20.147207233420644,
      "p_total_weight": 4900.731000000001,
      "d_total_weight": 1993.8650000000005,
      "p_mean_taxability": 347.0884615384616,
      "d_mean_taxability": 176.70190909090914,
      "p_total_taxability": 22560.750000000004,
      "d_total_taxability": 9718.605000000003,
      "p_mean_volume": 1.0423076923076922,
      "d_mean_volume": 0.5306363636363635,
      "p_median_volume": 0.921,
      "d_median_volume": 0.518,
      "p_std_volume": 0.6548390289576164,
      "d_std_volume": 0.2792478895862668,
      "p_total_volume": 67.74999999999999,
      "d_total_volume": 29.18499999999999,
      "d_max_priority": 0,
      "used_volume": 0.8299238062571965,
      "used_weight": 0.22276050000000003,
      "unload_obs": 0,
      "hs_cond": 1,
      "p_cond": 1
    },
    {
      "iteration": 228,
      "time": "13.696614265441895",
      "n_placed": 61,
      "n_discard": 59,
      "p_mean_weight": 80.08532786885247,
      "d_mean_weight": 34.05747457627119,
      "p_median_weight": 68.557,
      "d_median_weight": 28.165,
      "p_std_weight": 45.206342656284164,
      "d_std_weight": 19.3856945117251,
      "p_total_weight": 4885.205000000001,
      "d_total_weight": 2009.391,
      "p_mean_taxability": 368.5381967213115,
      "d_mean_taxability": 166.07669491525422,
      "p_total_taxability": 22480.83,
      "d_total_taxability": 9798.525,
      "p_mean_volume": 1.1067213114754098,
      "d_mean_volume": 0.4987288135593219,
      "p_median_volume": 0.921,
      "d_median_volume": 0.453,
      "p_std_volume": 0.6326379199075236,
      "d_std_volume": 0.27399552164150887,
      "p_total_volume": 67.50999999999999,
      "d_total_volume": 29.424999999999994,
      "d_max_priority": 0,
      "used_volume": 0.8269838547663962,
      "used_weight": 0.22205477272727275,
      "unload_obs": 0,
      "hs_cond": 1,
      "p_cond": 1
    },
    {
      "iteration": 84,
      "time": "13.331229209899902",
      "n_placed": 60,
      "n_discard": 60,
      "p_mean_weight": 81.36628333333334,
      "d_mean_weight": 33.54365000000001,
      "p_median_weight": 82.269,
      "d_median_weight": 28.165,