{
  "volume": [
    {
      "iteration": 10,
      "time": "5.2052459716796875",
      "n_placed": 68,
      "n_discard": 52,
      "p_mean_weight": 71.37414705882352,
      "d_mean_weight": 39.25296153846154,
      "p_median_weight": 55.934,
      "d_median_weight": 34.875,
      "p_std_weight": 47.30836023660679,
      "d_std_weight": 23.262561341248613,
      "p_total_weight": 4853.442,
      "d_total_weight": 2041.1540000000002,
      "p_mean_taxability": 331.5945441176471,
      "d_mean_taxability": 187.13319230769233,
      "p_total_taxability": 22548.429000000004,
      "d_total_taxability": 9730.926000000001,
      "p_mean_volume": 0.995779411764706,
      "d_mean_volume": 0.5619615384615383,
      "p_median_volume": 0.752,
      "d_median_volume": 0.518,
      "p_std_volume": 0.656871368983832,
      "d_std_volume": 0.3131105775693661,
      "p_total_volume": 67.71300000000001,
      "d_total_volume": 29.22199999999999,
      "d_max_priority": 0,
      "used_volume": 0.8294705637356985,
      "used_weight": 0.220611,
      "unload_obs": 0,
      "hs_cond": 1,
      "p_cond": 1
    },
    {
      "iteration": 3,
      "time": "5.621855974197388",
      "n_placed": 64,
      "n_discard": 56,
      "p_mean_weight": 75.87007812499999,
      "d_mean_weight": 36.409125,
      "p_median_weight": 68.557,
      "d_median_weight": 34.875,
      "p_std_weight": 46.692072951600785,
      "d_std_weight": 20.931027609801497,
      "p_total_weight": 4855.6849999999995,
      "d_total_weight": 2038.911,
      "p_mean_taxability": 350.99240625000004,
      "d_mean_taxability": 175.28287500000002,
      "p_total_taxability": 22463.514000000003,
      "d_total_taxability": 9815.841,
      "p_mean_volume": 1.05403125,
      "d_mean_volume": 0.526375,
      "p_median_volume": 0.921,
      "d_median_volume": 0.518,
      "p_std_volume": 0.6491081786415613,
      "d_std_volume": 0.28903145865270286,
      "p_total_volume": 67.458,
      "d_total_volume": 29.477,
      "d_max_priority": 0,
      "used_volume": 0.826346865276723,
      "used_weight": 0.22071295454545453,
      "unload_obs": 0,
      "hs_cond": 1,
      "p_cond": 1
    },
    {
      "iteration": 6,
      "time": "5.537091970443726",
      "n_placed": 59,
      "n_discard": 61,
      "p_mean_weight": 81.23810169491524,
      "d_mean_weight": 34.451606557377055,
      "p_median_weight": 95.981,
      "d_median_weight": 34.875,
      "p_std_weight": 45.4705369650066,
      "d_std_weight": 19.314355908044746,
      "p_total_weight": 4793.048,
      "d_total_weight": 2101.5480000000002,
      "p_mean_taxability": 376.17711864406783,
      "d_mean_taxability": 165.32631147540985,
      "p_total_taxability": 22194.45,
      "d_total_taxability": 10084.905,
      "p_mean_volume": 1.1296610169491523,
      "d_mean_volume": 0.4964754098360655,
      "p_median_volume": 1.29,
      "d_median_volume": 0.518,
      "p_std_volume": 0.6323112396588787,
      "d_std_volume": 0.2658596501011625,
      "p_total_volume": 66.64999999999999,
      "d_total_volume": 30.284999999999993,
      "d_max_priority": 0,
      "used_volume": 0.8164490285910282,
      "used_weight": 0.21786581818181816,
      "unload_obs": 0,
      "hs_cond": 1,
      "p_cond": 1
    },
    {
      "iteration": 2,
      "time": "5.906407833099365",
      "n_placed": 61,
      "n_discard": 59,
      "p_mean_weight": 78.3793442622951,
      "d_mean_weight": 35.82128813559322,
      "p_median_weight": 68.557,
      "d_median_weight": 28.165,
      "p_std_weight": 44.774215346143606,
      "d_std_weight": 23.978573356408216,
      "p_total_weight": 4781.140000000001,
      "d_total_weight": 2113.456,
      "p_mean_taxability": 363.8106885245902,
      "d_mean_taxability": 170.96445762711866,
      "p_total_taxability": 22192.452,
      "d_total_taxability": 10086.903,
      "p_mean_volume": 1.0925245901639342,
      "d_mean_volume": 0.5134067796610169,
      "p_median_volume": 0.921,
      "d_median_volume": 0.453,
      "p_std_volume": 0.6233884718899171,
      "d_std_volume": 0.32375374414791785,
      "p_total_volume": 66.64399999999999,
      "d_total_volume": 30.290999999999993,
      "d_max_priority": 0,
      "used_volume": 0.8163755298037582,
      "used_weight": 0.21732454545454552,
      "unload_obs": 0,
      "hs_cond": 1,
      "p_cond": 1
    },
    {
      "iteration": 5,
      "time": "5.3054139614105225",
      "n_placed": 59,
      "n_discard": 61,
      "p_mean_weight": 80.56925423728813,
      "d_mean_weight": 35.09852459016394,
      "p_median_weight": 68.557,
      "d_median_weight": 28.165,
      "p_std_weight": 44.94290579114228,
      "d_std_weight": 21.905175342527738,
      "p_total_weight": 4753.586,
      "d_total_weight": 2141.01,
      "p_mean_taxability": 376.0698813559323,
      "d_mean_taxability": 165.43003278688528,
      "p_total_taxability": 22188.123000000007,
      "d_total_taxability": 10091.232000000002,
      "p_mean_volume": 1.1293389830508471,
      "d_mean_volume": 0.4967868852459015,
      "p_median_volume": 0.921,
      "d_median_volume": 0.453,
      "p_std_volume": 0.6204875338481967,
      "d_std_volume": 0.2922347295556604,
      "p_total_volume": 66.63099999999999,
      "d_total_volume": 30.30399999999999,
      "d_max_priority": 0,
      "used_volume": 0.8162162824313397,
      "used_weight": 0.2160720909090909,
      "unload_obs": 0,
      "hs_cond": 1,
      "p_cond": 1
    }
  ],
  "weight": [
    {
      "iteration": 3,
      "time": "5.621855974197388",
      "n_placed": 64,
      "n_discard": 56,
      "p_mean_weight": 75.87007812499999,
      "d_mean_weight": 36.409125,
      "p_median_weight": 68.557,
      "d_median_weight": 34.875,
      "p_std_weight": 46.692072951600785,
      "d_std_weight": 20.931027609801497,
      "p_total_weight": 4855.6849999999995,
      "d_total_weight": 2038.911,
      "p_mean_taxability": 350.99240625000004,
      "d_mean_taxability": 175.28287500000002,
      "p_total_taxability": 22463.514000000003,
      "d_total_taxability": 9815.841,
      "p_mean_volume": 1.05403125,
      "d_mean_volume": 0.526375,
      "p_median_volume": 0.921,
      "d_median_volume": 0.518,
      "p_std_volume": 0.6491081786415613,
      "d_std_volume": 0.28903145865270286,
      "p_total_volume": 67.458,
      "d_total_volume": 29.477,
      "d_max_priority": 0,
      "used_volume": 0.826346865276723,
      "used_weight": 0.22071295454545453,
      "unload_obs": 0,
      "hs_cond": 1,
      "p_cond": 1
    },
    {
      "iteration": 10,
      "time": "5.2052459716796875",
      "n_placed": 68,
      "n_discard": 52,
      "p_mean_weight": 71.37414705882352,
      "d_mean_weight": 39.25296153846154,
      "p_median_weight": 55.934,
      "d_median_weight": 34.875,
      "p_std_weight": 47.30836023660679,
      "d_std_weight": 23.262561341248613,
      "p_total_weight": 4853.442,
      "d_total_weight": 2041.1540000000002,
      "p_mean_taxability": 331.5945441176471,
      "d_mean_taxability": 187.13319230769233,
      "p_total_taxability": 22548.429000000004,
      "d_total_taxability": 9730.926000000001,
      "p_mean_volume": 0.995779411764706,
      "d_mean_volume": 0.5619615384615383,
      "p_median_volume": 0.752,
      "d_median_volume": 0.518,
      "p_std_volume": 0.656871368983832,
      "d_std_volume": 0.3131105775693661,
      "p_total_volume": 67.71300000000001,
      "d_total_volume": 29.22199999999999,
      "d_max_priority": 0,
      "used_volume": 0.8294705637356985,
      "used_weight": 0.220611,
      "unload_obs": 0,
      "hs_cond": 1,
      "p_cond": 1
    },
    {
      "iteration": 6,
      "time": "5.537091970443726",
      "n_placed": 59,
      "n_discard": 61,
      "p_mean_weight": 81.23810169491524,
      "d_mean_weight": 34.451606557377055,
      "p_median_weight": 95.981,
      "d_median_weight": 34.875,
      "p_std_weight": 45.4705369650066,
      "d_std_weight": 19.314355908044746,
      "p_total_weight": 4793.048,