{
  "volume": [
    {
      "iteration": 0,
      "time": "57.672821044921875",
      "p_mean_weight": 10.467476470588235,
      "d_mean_weight": 12.110533333333333,
      "p_total_weight": 1779.471,
      "d_total_weight": 363.316,
      "p_mean_taxability": 10.467476470588235,
      "d_mean_taxability": 12.110533333333333,
      "p_total_taxability": 15071.58,
      "d_total_taxability": 3267.729,
      "p_mean_volume": 0.26623529411764707,
      "d_mean_volume": 0.32709999999999995,
      "p_cumulative_priority": 28,
      "p_mean_priority": 0,
      "d_max_priority": 0,
      "used_volume": 0.5544258519734424,
      "used_weight": 0.08088504545454546
    },
    {
      "iteration": 78,
      "time": "87.4021110534668",
      "p_mean_weight": 10.168764367816092,
      "d_mean_weight": 14.362384615384617,
      "p_total_weight": 1769.365,
      "d_total_weight": 373.422,
      "p_mean_taxability": 10.168764367816092,
      "d_mean_taxability": 14.362384615384617,
      "p_total_taxability": 14918.400000000001,
      "d_total_taxability": 3420.9089999999997,
      "p_mean_volume": 0.2574712643678161,
      "d_mean_volume": 0.3951153846153846,
      "p_cumulative_priority": 28,
      "p_mean_priority": 0,
      "d_max_priority": 0,
      "used_volume": 0.5487909449494083,
      "used_weight": 0.08042568181818181
    },
    {
      "iteration": 38,
      "time": "72.18326497077942",
      "p_mean_weight": 10.55122891566265,
      "d_mean_weight": 11.508323529411763,
      "p_total_weight": 1751.504,
      "d_total_weight": 391.28299999999996,
      "p_mean_taxability": 10.55122891566265,
      "d_mean_taxability": 11.508323529411763,
      "p_total_taxability": 14841.809999999998,
      "d_total_taxability": 3497.4989999999993,
      "p_mean_volume": 0.26849397590361446,
      "d_mean_volume": 0.3089117647058824,
      "p_cumulative_priority": 28,
      "p_mean_priority": 0,
      "d_max_priority": 0,
      "used_volume": 0.5459734914373913,
      "used_weight": 0.07961381818181817
    },
    {
      "iteration": 45,
      "time": "78.90238904953003",
      "p_mean_weight": 10.263160714285714,
      "d_mean_weight": 13.0805,
      "p_total_weight": 1724.211,
      "d_total_weight": 418.576,
      "p_mean_taxability": 10.263160714285714,
      "d_mean_taxability": 13.0805,
      "p_total_taxability": 14740.911,
      "d_total_taxability": 3598.398,
      "p_mean_volume": 0.26349404761904766,
      "d_mean_volume": 0.33768750000000003,
      "p_cumulative_priority": 28,
      "p_mean_priority": 0,
      "d_max_priority": 0,
      "used_volume": 0.5422618026802558,
      "used_weight": 0.07837322727272727
    },
    {
      "iteration": 58,
      "time": "82.54998803138733",
      "p_mean_weight": 10.175579881656805,
      "d_mean_weight": 13.64883870967742,
      "p_total_weight": 1719.673,
      "d_total_weight": 423.11400000000003,
      "p_mean_taxability": 10.175579881656805,
      "d_mean_taxability": 13.64883870967742,
      "p_total_taxability": 14555.429999999998,
      "d_total_taxability": 3783.8790000000004,
      "p_mean_volume": 0.2586390532544378,
      "d_mean_volume": 0.3665483870967741,
      "p_cumulative_priority": 28,
      "p_mean_priority": 0,
      "d_max_priority": 0,
      "used_volume": 0.5354386652620231,
      "used_weight": 0.07816695454545454
    }
  ],
  "weight": [
    {
      "iteration": 0,
      "time": "57.672821044921875",
      "p_mean_weight": 10.467476470588235,
      "d_mean_weight": 12.110533333333333,
      "p_total_weight": 1779.471,
      "d_total_weight": 363.316,
      "p_mean_taxability": 10.467476470588235,
      "d_mean_taxability": 12.110533333333333,
      "p_total_taxability": 15071.58,
      "d_total_taxability": 3267.729,
      "p_mean_volume": 0.26623529411764707,
      "d_mean_volume": 0.32709999999999995,
      "p_cumulative_priority": 28,
      "p_mean_priority": 0,
      "d_max_priority": 0,
      "used_volume": 0.5544258519734424,
      "used_weight": 0.08088504545454546
    },
    {
      "iteration": 78,
      "time": "87.4021110534668",
      "p_mean_weight": 10.168764367816092,
      "d_mean_weight": 14.362384615384617,
      "p_total_weight": 1769.365,
      "d_total_weight": 373.422,
      "p_mean_taxability": 10.168764367816092,
      "d_mean_taxability": 14.362384615384617,
      "p_total_taxability": 14918.400000000001,
      "d_total_taxability": 3420.9089999999997,
      "p_mean_volume": 0.2574712643678161,
      "d_mean_volume": 0.3951153846153846,
      "p_cumulative_priority": 28,
      "p_mean_priority": 0,
      "d_max_priority": 0,
      "used_volume": 0.5487909449494083,
      "used_weight": 0.08042568181818181
    },
    {
      "iteration": 38,
      "time": "72.18326497077942",
      "p_mean_weight": 10.55122891566265,
      "d_mean_weight": 11.508323529411763,
      "p_total_weight": 1751.504,
      "d_total_weight": 391.28299999999996,
      "p_mean_taxability": 10.55122891566265,
      "d_mean_taxability": 11.508323529411763,
      "p_total_taxability": 14841.809999999998,
      "d_total_taxability": 3497.4989999999993,
      "p_mean_volume": 0.26849397590361446,
      "d_mean_volume": 0.3089117647058824,
      "p_cumulative_priority": 28,
      "p_mean_priority": 0,
      "d_max_priority": 0,
      "used_volume": 0.5459734914373913,
      "used_weight": 0.07961381818181817
    },
    {
      "iteration": 45,
      "time": "78.90238904953003",
      "p_mean_weight": 10.263160714285714,
      "d_mean_weight": 13.0805,
      "p_total_weight": 1724.211,
      "d_total_weight": 418.576,
      "p_mean_taxability": 10.263160714285714,
      "d_mean_taxability": 13.0805,
      "p_total_taxability": 14740.911,
      "d_total_taxability": 3598.398,
      "p_mean_volume": 0.26349404761904766,
      "d_mean_volume": 0.33768750000000003,
      "p_cumulative_priority": 28,
      "p_mean_priority": 0,
      "d_max_priority": 0,
      "used_volume": 0.5422618026802558,
      "used_weight": 0.07837322727272727
    },
    {
      "iteration": 58,
      "time": "82.54998803138733",
      "p_mean_weight": 10.175579881656805,
      "d_mean_weight": 13.64883870967742,
      "p_total_weight": 1719.673,
      "d_total_weight": 423.11400000000003,
      "p_mean_taxability": 10.175579881656805,
      "d_mean_taxability": 13.64883870967742,
      "p_total_taxability": 14555.429999999998,
      "d_total_taxability": 3783.8790000000004,
      "p_mean_volume": 0.2586390532544378,
      "d_mean_volume": 0.3665483870967741,
      "p_cumulative_priority": 28,
      "p_mean_priority": 0,
      "d_max_priority": 0,
      "used_volume": 0.5354386652620231,
      "used_weight": 0.07816695454545454
    }
  ],
  "priority": [
    {
      "iteration": 0,
      "time": "57.672821044921875",
      "p_mean_weight": 10.467476470588235,
      "d_mean_weight": 12.110533333333333,
      "p_total_weight": 1779.471,
      "d_total_weight": 363.316,
      "p_mean_taxability": 10.467476470588235,
      "d_mean_taxability": 12.110533333333333,
      "p_total_taxability": 15071.58,
      "d_total_taxability": 3267.729,
      "p_mean_volume": 0.26623529411764707,
      "d_mean_volume": 0.32709999999999995,
      "p_cumulative_priority": 28,
      "p_mean_priority": 0,
      "d_max_priority": 0,
      "used_volume": 0.5544258519734424,
      "used_weight": 0.08088504545454546
    },
    {
      "iteration": 1,
      "time": "62.389776945114136",
      "p_mean_weight": 10.220873493975906,
      "d_mean_weight": 13.121235294117648,
      "p_total_weight": 1696.6650000000004,
      "d_total_weight": 446.122,
      "p_mean_taxability": 10.220873493975906,
      "d_mean_taxability": 13.121235294117648,
      "p_total_taxability": 14413.239000000001,
      "d_total_taxability": 3926.0699999999997,
      "p_mean_volume": 0.26074096385542167,
      "d_mean_volume": 0.34676470588235303,
      "p_cumulative_priority": 28,
      "p_mean_priority": 0,
      "d_max_priority": 0,
      "used_volume": 0.5302080015679741,