{
  "volume": [
    {
      "iteration": 37,
      "time": "74.75868535041809",
      "p_mean_weight": 9.482018292682927,
      "d_mean_weight": 9.724333333333334,
      "p_total_weight": 1555.051,
      "d_total_weight": 350.076,
      "p_mean_taxability": 9.482018292682927,
      "d_mean_taxability": 9.724333333333334,
      "p_total_taxability": 13610.043,
      "d_total_taxability": 3312.3510000000006,
      "p_mean_volume": 0.2492134146341463,
      "d_mean_volume": 0.27630555555555564,
      "p_cumulative_priority": 195,
      "p_mean_priority": 1,
      "d_max_priority": 2,
      "used_volume": 0.5006614890854301,
      "used_weight": 0.07068413636363637
    },
    {
      "iteration": 50,
      "time": "78.89368891716003",
      "p_mean_weight": 9.292694267515923,
      "d_mean_weight": 10.37613953488372,
      "p_total_weight": 1458.953,
      "d_total_weight": 446.1739999999999,
      "p_mean_taxability": 9.292694267515923,
      "d_mean_taxability": 10.37613953488372,
      "p_total_taxability": 13079.574,
      "d_total_taxability": 3842.8200000000006,
      "p_mean_volume": 0.25017834394904465,
      "d_mean_volume": 0.2683720930232558,
      "p_cumulative_priority": 186,
      "p_mean_priority": 1,
      "d_max_priority": 2,
      "used_volume": 0.4811475610652425,
      "used_weight": 0.06631604545454545
    },
    {
      "iteration": 58,
      "time": "88.46513390541077",
      "p_mean_weight": 9.31943949044586,
      "d_mean_weight": 10.27848837209302,
      "p_total_weight": 1463.152,
      "d_total_weight": 441.9749999999999,
      "p_mean_taxability": 9.31943949044586,
      "d_mean_taxability": 10.27848837209302,
      "p_total_taxability": 13027.959000000003,
      "d_total_taxability": 3894.4350000000004,
      "p_mean_volume": 0.24919108280254781,
      "d_mean_volume": 0.2719767441860465,
      "p_cumulative_priority": 187,
      "p_mean_priority": 1,
      "d_max_priority": 2,
      "used_volume": 0.47924884239410054,
      "used_weight": 0.06650690909090909
    },
    {
      "iteration": 5,
      "time": "59.94843792915344",
      "p_mean_weight": 9.350374193548387,
      "d_mean_weight": 10.129311111111111,
      "p_total_weight": 1449.308,
      "d_total_weight": 455.81899999999996,
      "p_mean_taxability": 9.350374193548387,
      "d_mean_taxability": 10.129311111111111,
      "p_total_taxability": 12893.76,
      "d_total_taxability": 4028.634,
      "p_mean_volume": 0.2498064516129032,
      "d_mean_volume": 0.26884444444444444,
      "p_cumulative_priority": 187,
      "p_mean_priority": 1,
      "d_max_priority": 2,
      "used_volume": 0.4743121738491315,
      "used_weight": 0.06587763636363636
    },
    {
      "iteration": 11,
      "time": "65.92911887168884",
      "p_mean_weight": 9.336209150326798,
      "d_mean_weight": 10.142276595744681,
      "p_total_weight": 1428.44,
      "d_total_weight": 476.687,
      "p_mean_taxability": 9.336209150326798,
      "d_mean_taxability": 10.142276595744681,
      "p_total_taxability": 12878.442,
      "d_total_taxability": 4043.952000000001,
      "p_mean_volume": 0.25277124183006533,
      "d_mean_volume": 0.25838297872340427,
      "p_cumulative_priority": 182,
      "p_mean_priority": 1,
      "d_max_priority": 2,
      "used_volume": 0.4737486831467281,
      "used_weight": 0.06492909090909091
    }
  ],
  "weight": [
    {
      "iteration": 37,
      "time": "74.75868535041809",
      "p_mean_weight": 9.482018292682927,
      "d_mean_weight": 9.724333333333334,
      "p_total_weight": 1555.051,
      "d_total_weight": 350.076,
      "p_mean_taxability": 9.482018292682927,
      "d_mean_taxability": 9.724333333333334,
      "p_total_taxability": 13610.043,
      "d_total_taxability": 3312.3510000000006,
      "p_mean_volume": 0.2492134146341463,
      "d_mean_volume": 0.27630555555555564,
      "p_cumulative_priority": 195,
      "p_mean_priority": 1,
      "d_max_priority": 2,
      "used_volume": 0.5006614890854301,
      "used_weight": 0.07068413636363637
    },
    {
      "iteration": 58,
      "time": "88.46513390541077",
      "p_mean_weight": 9.31943949044586,
      "d_mean_weight": 10.27848837209302,
      "p_total_weight": 1463.152,
      "d_total_weight": 441.9749999999999,
      "p_mean_taxability": 9.31943949044586,
      "d_mean_taxability": 10.27848837209302,
      "p_total_taxability": 13027.959000000003,
      "d_total_taxability": 3894.4350000000004,
      "p_mean_volume": 0.24919108280254781,
      "d_mean_volume": 0.2719767441860465,
      "p_cumulative_priority": 187,
      "p_mean_priority": 1,
      "d_max_priority": 2,
      "used_volume": 0.47924884239410054,
      "used_weight": 0.06650690909090909
    },
    {
      "iteration": 50,
      "time": "78.89368891716003",
      "p_mean_weight": 9.292694267515923,
      "d_mean_weight": 10.37613953488372,
      "p_total_weight": 1458.953,
      "d_total_weight": 446.1739999999999,
      "p_mean_taxability": 9.292694267515923,
      "d_mean_taxability": 10.37613953488372,
      "p_total_taxability": 13079.574,
      "d_total_taxability": 3842.8200000000006,
      "p_mean_volume": 0.25017834394904465,
      "d_mean_volume": 0.2683720930232558,
      "p_cumulative_priority": 186,
      "p_mean_priority": 1,
      "d_max_priority": 2,
      "used_volume": 0.4811475610652425,
      "used_weight": 0.06631604545454545
    },
    {
      "iteration": 5,
      "time": "59.94843792915344",
      "p_mean_weight": 9.350374193548387,
      "d_mean_weight": 10.129311111111111,
      "p_total_weight": 1449.308,
      "d_total_weight": 455.81899999999996,
      "p_mean_taxability": 9.350374193548387,
      "d_mean_taxability": 10.129311111111111,
      "p_total_taxability": 12893.76,
      "d_total_taxability": 4028.634,
      "p_mean_volume": 0.2498064516129032,
      "d_mean_volume": 0.26884444444444444,
      "p_cumulative_priority": 187,
      "p_mean_priority": 1,
      "d_max_priority": 2,
      "used_volume": 0.4743121738491315,
      "used_weight": 0.06587763636363636
    },
    {
      "iteration": 26,
      "time": "64.96711111068726",
      "p_mean_weight": 9.244329032258065,
      "d_mean_weight": 10.494577777777776,
      "p_total_weight": 1432.871,
      "d_total_weight": 472.2559999999999,
      "p_mean_taxability": 9.244329032258065,
      "d_mean_taxability": 10.494577777777776,
      "p_total_taxability": 12851.469000000001,
      "d_total_taxability": 4070.925,
      "p_mean_volume": 0.24898709677419356,
      "d_mean_volume": 0.27166666666666667,
      "p_cumulative_priority": 184,
      "p_mean_priority": 1,
      "d_max_priority": 2,
      "used_volume": 0.472756449518583,
      "used_weight": 0.06513050000000001
    }
  ],
  "priority": [
    {
      "iteration": 37,
      "time": "74.75868535041809",
      "p_mean_weight": 9.482018292682927,
      "d_mean_weight": 9.724333333333334,
      "p_total_weight": 1555.051,
      "d_total_weight": 350.076,
      "p_mean_taxability": 9.482018292682927,
      "d_mean_taxability": 9.724333333333334,
      "p_total_taxability": 13610.043,
      "d_total_taxability": 3312.3510000000006,
      "p_mean_volume": 0.2492134146341463,
      "d_mean_volume": 0.27630555555555564,
      "p_cumulative_priority": 195,
      "p_mean_priority": 1,
      "d_max_priority": 2,
      "used_volume": 0.5006614890854301,
      "used_weight": 0.07068413636363637
    },
    {
      "iteration": 5,
      "time": "59.94843792915344",
      "p_mean_weight": 9.350374193548387,
      "d_mean_weight": 10.129311111111111,
      "p_total_weight": 1449.308,
      "d_total_weight": 455.81899999999996,
      "p_mean_taxability": 9.350374193548387,
      "d_mean_taxability": 10.129311111111111,
      "p_total_taxability": 12893.76,
      "d_total_taxability": 4028.634,
      "p_mean_volume": 0.2498064516129032,
      "d_mean_volume": 0.26884444444444444,
      "p_cumulative_priority": 187,
      "p_mean_priority": 1,
      "d_max_priority": 2,