{
  "volume": [
    {
      "iteration": 0,
      "time": "38.4884831905365",
      "p_mean_weight": 13.307613636363637,
      "d_mean_weight": 11.09708823529412,
      "p_total_weight": 1756.605,
      "d_total_weight": 754.6020000000001,
      "p_mean_taxability": 13.307613636363637,
      "d_mean_taxability": 11.09708823529412,
      "p_total_taxability": 14585.066999999997,
      "d_total_taxability": 7446.546,
      "p_mean_volume": 0.3318106060606061,
      "d_mean_volume": 0.3288529411764706,
      "p_cumulative_priority": 62,
      "p_mean_priority": 0,
      "d_max_priority": 2,
      "used_volume": 0.536528897273195,
      "used_weight": 0.07984568181818182
    }
  ],
  "weight": [
    {
      "iteration": 0,
      "time": "38.4884831905365",
      "p_mean_weight": 13.307613636363637,
      "d_mean_weight": 11.09708823529412,
      "p_total_weight": 1756.605,
      "d_total_weight": 754.6020000000001,
      "p_mean_taxability": 13.307613636363637,
      "d_mean_taxability": 11.09708823529412,
      "p_total_taxability": 14585.066999999997,
      "d_total_taxability": 7446.546,
      "p_mean_volume": 0.3318106060606061,
      "d_mean_volume": 0.3288529411764706,
      "p_cumulative_priority": 62,
      "p_mean_priority": 0,
      "d_max_priority": 2,
      "used_volume": 0.536528897273195,
      "used_weight": 0.07984568181818182
    }
  ],
  "priority": [
    {
      "iteration": 0,
      "time": "38.4884831905365",
      "p_mean_weight": 13.307613636363637,
      "d_mean_weight": 11.09708823529412,
      "p_total_weight": 1756.605,
      "d_total_weight": 754.6020000000001,
      "p_mean_taxability": 13.307613636363637,
      "d_mean_taxability": 11.09708823529412,
      "p_total_taxability": 14585.066999999997,
      "d_total_taxability": 7446.546,
      "p_mean_volume": 0.3318106060606061,
      "d_mean_volume": 0.3288529411764706,
      "p_cumulative_priority": 62,
      "p_mean_priority": 0,
      "d_max_priority": 2,
      "used_volume": 0.536528897273195,
      "used_weight": 0.07984568181818182
    }
  ],
  "taxability": [
    {
      "iteration": 0,
      "time": "38.4884831905365",
      "p_mean_weight": 13.307613636363637,
      "d_mean_weight": 11.09708823529412,
      "p_total_weight": 1756.605,
      "d_total_weight": 754.6020000000001,
      "p_mean_taxability": 13.307613636363637,
      "d_mean_taxability": 11.09708823529412,
      "p_total_taxability": 14585.066999999997,
      "d_total_taxability": 7446.546,
      "p_mean_volume": 0.3318106060606061,
      "d_mean_volume": 0.3288529411764706,
      "p_cumulative_priority": 62,
      "p_mean_priority": 0,
      "d_max_priority": 2,
      "used_volume": 0.536528897273195,
      "used_weight": 0.07984568181818182
    }
  ]
}