{
  "volume": [
    {
      "iteration": 183,
      "time": "561.5854451656342",
      "n_placed": 273,
      "n_discard": 127,
      "p_mean_weight": 9.325164835164836,
      "d_mean_weight": 6.2083464566929125,
      "p_median_weight": 6.273,
      "d_median_weight": 5.966,
      "p_std_weight": 6.834517744503658,
      "d_std_weight": 3.2262183852757578,
      "p_total_weight": 2545.77,
      "d_total_weight": 788.4599999999999,
      "p_mean_taxability": 76.14843956043957,
      "d_mean_taxability": 52.12105511811025,
      "p_total_taxability": 20788.524,
      "d_total_taxability": 6619.374000000002,
      "p_mean_volume": 0.22867399267399266,
      "d_mean_volume": 0.15651968503937,
      "p_median_volume": 0.187,
      "d_median_volume": 0.129,
      "p_std_volume": 0.1488210036339054,
      "d_std_volume": 0.08035426030464321,
      "p_total_volume": 62.428,
      "d_total_volume": 19.87799999999999,
      "d_max_priority": 1,
      "used_volume": 0.7647303819486978,
      "used_weight": 0.11571681818181818,
      "unload_obs": 1,
      "hs_cond": 1,
      "p_cond": 0
    },
    {
      "iteration": 249,
      "time": "518.8812527656555",
      "n_placed": 271,
      "n_discard": 129,
      "p_mean_weight": 9.412,
      "d_mean_weight": 6.074248062015504,
      "p_median_weight": 6.273,
      "d_median_weight": 5.966,
      "p_std_weight": 6.996651624037611,
      "d_std_weight": 2.2840975927014364,
      "p_total_weight": 2550.652,
      "d_total_weight": 783.578,
      "p_mean_taxability": 76.28280442804427,
      "d_mean_taxability": 52.21130232558139,
      "p_total_taxability": 20672.64,
      "d_total_taxability": 6735.258,
      "p_mean_volume": 0.22907749077490772,
      "d_mean_volume": 0.1567906976744186,
      "p_median_volume": 0.187,
      "d_median_volume": 0.132,
      "p_std_volume": 0.15114402467567797,
      "d_std_volume": 0.07203999262764188,
      "p_total_volume": 62.07999999999999,
      "d_total_volume": 20.226,
      "d_max_priority": 1,
      "used_volume": 0.7604674522870372,
      "used_weight": 0.11593872727272728,
      "unload_obs": 2,
      "hs_cond": 1,
      "p_cond": 0
    },
    {
      "iteration": 237,
      "time": "623.0804233551025",
      "n_placed": 267,
      "n_discard": 133,
      "p_mean_weight": 9.583048689138577,
      "d_mean_weight": 5.831248120300751,
      "p_median_weight": 6.273,
      "d_median_weight": 5.966,
      "p_std_weight": 7.02979517995059,
      "d_std_weight": 1.8748102708291015,
      "p_total_weight": 2558.674,
      "d_total_weight": 775.5559999999999,
      "p_mean_taxability": 77.41439325842697,
      "d_mean_taxability": 50.66357142857142,
      "p_total_taxability": 20669.643,
      "d_total_taxability": 6738.254999999999,
      "p_mean_volume": 0.23247565543071158,
      "d_mean_volume": 0.15214285714285714,
      "p_median_volume": 0.187,
      "d_median_volume": 0.132,
      "p_std_volume": 0.15342962178537797,
      "d_std_volume": 0.058663671952294355,
      "p_total_volume": 62.07099999999999,
      "d_total_volume": 20.235,
      "d_max_priority": 0,
      "used_volume": 0.7603572041061322,
      "used_weight": 0.11630336363636364,
      "unload_obs": 1,
      "hs_cond": 1,
      "p_cond": 1
    },
    {
      "iteration": 352,
      "time": "521.5842356681824",
      "n_placed": 280,
      "n_discard": 120,
      "p_mean_weight": 9.069989285714286,
      "d_mean_weight": 6.621941666666666,
      "p_median_weight": 6.273,
      "d_median_weight": 5.966,
      "p_std_weight": 6.830086459401194,
      "d_std_weight": 3.355686765602167,
      "p_total_weight": 2539.597,
      "d_total_weight": 794.6329999999999,
      "p_mean_taxability": 73.69408928571428,
      "d_mean_taxability": 56.446275,
      "p_total_taxability": 20634.345,
      "d_total_taxability": 6773.553,
      "p_mean_volume": 0.22130357142857143,
      "d_mean_volume": 0.16950833333333334,
      "p_median_volume": 0.143,
      "d_median_volume": 0.1305,
      "p_std_volume": 0.14884235720730554,
      "d_std_volume": 0.0861240063384601,
      "p_total_volume": 61.965,
      "d_total_volume": 20.341,
      "d_max_priority": 1,
      "used_volume": 0.7590587255310288,
      "used_weight": 0.11543622727272729,
      "unload_obs": 2,
      "hs_cond": 1,
      "p_cond": 0
    },
    {
      "iteration": 41,
      "time": "373.5343542098999",
      "n_placed": 275,
      "n_discard": 125,
      "p_mean_weight": 9.30746181818182,
      "d_mean_weight": 6.197423999999998,
      "p_median_weight": 6.273,
      "d_median_weight": 5.966,
      "p_std_weight": 6.98643346047355,
      "d_std_weight": 2.295804807455434,
      "p_total_weight": 2559.552,
      "d_total_weight": 774.6779999999998,
      "p_mean_taxability": 75.0037090909091,
      "d_mean_taxability": 54.255024000000006,
      "p_total_taxability": 20626.02,
      "d_total_taxability": 6781.878000000001,
      "p_mean_volume": 0.2252363636363636,
      "d_mean_volume": 0.1629279999999999,
      "p_median_volume": 0.143,
      "d_median_volume": 0.132,
      "p_std_volume": 0.15250719303801522,
      "d_std_volume": 0.06854139036777986,
      "p_total_volume": 61.93999999999999,
      "d_total_volume": 20.36599999999999,
      "d_max_priority": 1,
      "used_volume": 0.7587524805840703,
      "used_weight": 0.11634327272727274,
      "unload_obs": 1,
      "hs_cond": 1,
      "p_cond": 0
    }
  ],
  "weight": [
    {
      "iteration": 309,
      "time": "513.8083920478821",
      "n_placed": 272,
      "n_discard": 128,
      "p_mean_weight": 9.431323529411763,
      "d_mean_weight": 6.007109374999999,
      "p_median_weight": 6.273,
      "d_median_weight": 5.966,
      "p_std_weight": 6.952333692858916,
      "d_std_weight": 2.4129895537212986,
      "p_total_weight": 2565.3199999999997,
      "d_total_weight": 768.9099999999999,
      "p_mean_taxability": 75.75994852941177,
      "d_mean_taxability": 53.13431250000001,
      "p_total_taxability": 20606.706000000002,
      "d_total_taxability": 6801.192000000001,
      "p_mean_volume": 0.2275073529411765,
      "d_mean_volume": 0.15956250000000002,
      "p_median_volume": 0.187,
      "d_median_volume": 0.132,
      "p_std_volume": 0.14941986196181142,
      "d_std_volume": 0.08116996360801194,
      "p_total_volume": 61.882000000000005,
      "d_total_volume": 20.424000000000003,
      "d_max_priority": 0,
      "used_volume": 0.758041992307127,
      "used_weight": 0.11660545454545453,
      "unload_obs": 0,
      "hs_cond": 1,
      "p_cond": 1
    },
    {
      "iteration": 41,
      "time": "373.5343542098999",
      "n_placed": 275,
      "n_discard": 125,
      "p_mean_weight": 9.30746181818182,
      "d_mean_weight": 6.197423999999998,
      "p_median_weight": 6.273,
      "d_median_weight": 5.966,
      "p_std_weight": 6.98643346047355,
      "d_std_weight": 2.295804807455434,
      "p_total_weight": 2559.552,
      "d_total_weight": 774.6779999999998,
      "p_mean_taxability": 75.0037090909091,
      "d_mean_taxability": 54.255024000000006,
      "p_total_taxability": 20626.02,
      "d_total_taxability": 6781.878000000001,
      "p_mean_volume": 0.2252363636363636,
      "d_mean_volume": 0.1629279999999999,
      "p_median_volume": 0.143,
      "d_median_volume": 0.132,
      "p_std_volume": 0.15250719303801522,
      "d_std_volume": 0.06854139036777986,
      "p_total_volume": 61.93999999999999,
      "d_total_volume": 20.36599999999999,
      "d_max_priority": 1,
      "used_volume": 0.7587524805840703,
      "used_weight": 0.11634327272727274,
      "unload_obs": 1,
      "hs_cond": 1,
      "p_cond": 0
    },
    {
      "iteration": 237,
      "time": "623.0804233551025",
      "n_placed": 267,
      "n_discard": 133,
      "p_mean_weight": 9.583048689138577,
      "d_mean_weight": 5.831248120300751,
      "p_median_weight": 6.273,
      "d_median_weight": 5.966,
      "p_std_weight": 7.02979517995059,
      "d_std_weight": 1.8748102708291015,