{
  "volume": [
    {
      "iteration": 0,
      "time": "231.5348379611969",
      "n_placed": 270,
      "n_discard": 130,
      "p_mean_weight": 9.354229629629629,
      "d_mean_weight": 6.219907692307692,
      "p_median_weight": 6.273,
      "d_median_weight": 5.966,
      "p_std_weight": 6.9931685522805624,
      "d_std_weight": 2.5539992911138674,
      "p_total_weight": 2525.642,
      "d_total_weight": 808.588,
      "p_mean_taxability": 75.00886666666666,
      "d_mean_taxability": 55.042338461538456,
      "p_total_taxability": 20252.394,
      "d_total_taxability": 7155.503999999999,
      "p_mean_volume": 0.22525185185185187,
      "d_mean_volume": 0.16529230769230768,
      "p_median_volume": 0.187,
      "d_median_volume": 0.132,
      "p_std_volume": 0.1504845318543169,
      "d_std_volume": 0.08268061705438427,
      "p_total_volume": 60.818000000000005,
      "d_total_volume": 21.488,
      "d_max_priority": 0,
      "used_volume": 0.7450082073645785,
      "used_weight": 0.11480190909090908,
      "unload_obs": 4,
      "hs_cond": 1,
      "p_cond": 1
    }
  ],
  "weight": [
    {
      "iteration": 0,
      "time": "231.5348379611969",
      "n_placed": 270,
      "n_discard": 130,
      "p_mean_weight": 9.354229629629629,
      "d_mean_weight": 6.219907692307692,
      "p_median_weight": 6.273,
      "d_median_weight": 5.966,
      "p_std_weight": 6.9931685522805624,
      "d_std_weight": 2.5539992911138674,
      "p_total_weight": 2525.642,
      "d_total_weight": 808.588,
      "p_mean_taxability": 75.00886666666666,
      "d_mean_taxability": 55.042338461538456,
      "p_total_taxability": 20252.394,
      "d_total_taxability": 7155.503999999999,
      "p_mean_volume": 0.22525185185185187,
      "d_mean_volume": 0.16529230769230768,
      "p_median_volume": 0.187,
      "d_median_volume": 0.132,
      "p_std_volume": 0.1504845318543169,
      "d_std_volume": 0.08268061705438427,
      "p_total_volume": 60.818000000000005,
      "d_total_volume": 21.488,
      "d_max_priority": 0,
      "used_volume": 0.7450082073645785,
      "used_weight": 0.11480190909090908,
      "unload_obs": 4,
      "hs_cond": 1,
      "p_cond": 1
    }
  ],
  "taxability": [
    {
      "iteration": 0,
      "time": "231.5348379611969",
      "n_placed": 270,
      "n_discard": 130,
      "p_mean_weight": 9.354229629629629,
      "d_mean_weight": 6.219907692307692,
      "p_median_weight": 6.273,
      "d_median_weight": 5.966,
      "p_std_weight": 6.9931685522805624,
      "d_std_weight": 2.5539992911138674,
      "p_total_weight": 2525.642,
      "d_total_weight": 808.588,
      "p_mean_taxability": 75.00886666666666,
      "d_mean_taxability": 55.042338461538456,
      "p_total_taxability": 20252.394,
      "d_total_taxability": 7155.503999999999,
      "p_mean_volume": 0.22525185185185187,
      "d_mean_volume": 0.16529230769230768,
      "p_median_volume": 0.187,
      "d_median_volume": 0.132,
      "p_std_volume": 0.1504845318543169,
      "d_std_volume": 0.08268061705438427,
      "p_total_volume": 60.818000000000005,
      "d_total_volume": 21.488,
      "d_max_priority": 0,
      "used_volume": 0.7450082073645785,
      "used_weight": 0.11480190909090908,
      "unload_obs": 4,
      "hs_cond": 1,
      "p_cond": 1
    }
  ]
}