{
  "volume": [
    {
      "iteration": 237,
      "time": "623.0804233551025",
      "n_placed": 267,
      "n_discard": 133,
      "p_mean_weight": 9.583048689138577,
      "d_mean_weight": 5.831248120300751,
      "p_median_weight": 6.273,
      "d_median_weight": 5.966,
      "p_std_weight": 7.02979517995059,
      "d_std_weight": 1.8748102708291015,
      "p_total_weight": 2558.674,
      "d_total_weight": 775.5559999999999,
      "p_mean_taxability": 77.41439325842697,
      "d_mean_taxability": 50.66357142857142,
      "p_total_taxability": 20669.643,
      "d_total_taxability": 6738.254999999999,
      "p_mean_volume": 0.23247565543071158,
      "d_mean_volume": 0.15214285714285714,
      "p_median_volume": 0.187,
      "d_median_volume": 0.132,
      "p_std_volume": 0.15342962178537797,
      "d_std_volume": 0.058663671952294355,
      "p_total_volume": 62.07099999999999,
      "d_total_volume": 20.235,
      "d_max_priority": 0,
      "used_volume": 0.7603572041061322,
      "used_weight": 0.11630336363636364,
      "unload_obs": 1,
      "hs_cond": 1,
      "p_cond": 1
    },
    {
      "iteration": 309,
      "time": "513.8083920478821",
      "n_placed": 272,
      "n_discard": 128,
      "p_mean_weight": 9.431323529411763,
      "d_mean_weight": 6.007109374999999,
      "p_median_weight": 6.273,
      "d_median_weight": 5.966,
      "p_std_weight": 6.952333692858916,
      "d_std_weight": 2.4129895537212986,
      "p_total_weight": 2565.3199999999997,
      "d_total_weight": 768.9099999999999,
      "p_mean_taxability": 75.75994852941177,
      "d_mean_taxability": 53.13431250000001,
      "p_total_taxability": 20606.706000000002,
      "d_total_taxability": 6801.192000000001,
      "p_mean_volume": 0.2275073529411765,
      "d_mean_volume": 0.15956250000000002,
      "p_median_volume": 0.187,
      "d_median_volume": 0.132,
      "p_std_volume": 0.14941986196181142,
      "d_std_volume": 0.08116996360801194,
      "p_total_volume": 61.882000000000005,
      "d_total_volume": 20.424000000000003,
      "d_max_priority": 0,
      "used_volume": 0.758041992307127,
      "used_weight": 0.11660545454545453,
      "unload_obs": 0,
      "hs_cond": 1,
      "p_cond": 1
    },
    {
      "iteration": 274,
      "time": "542.6344308853149",
      "n_placed": 267,
      "n_discard": 133,
      "p_mean_weight": 9.554441947565543,
      "d_mean_weight": 5.888676691729323,
      "p_median_weight": 6.337,
      "d_median_weight": 5.966,
      "p_std_weight": 6.917334863114504,
      "d_std_weight": 2.6654987041170326,
      "p_total_weight": 2551.036,
      "d_total_weight": 783.194,
      "p_mean_taxability": 77.15996629213483,
      "d_mean_taxability": 51.174338345864655,
      "p_total_taxability": 20601.711,
      "d_total_taxability": 6806.186999999999,
      "p_mean_volume": 0.2317116104868914,
      "d_mean_volume": 0.1536766917293233,
      "p_median_volume": 0.187,
      "d_median_volume": 0.129,
      "p_std_volume": 0.14993041987715314,
      "d_std_volume": 0.07632362802588094,
      "p_total_volume": 61.867000000000004,
      "d_total_volume": 20.439,
      "d_max_priority": 0,
      "used_volume": 0.757858245338952,
      "used_weight": 0.11595618181818182,
      "unload_obs": 1,
      "hs_cond": 1,
      "p_cond": 1
    },
    {
      "iteration": 267,
      "time": "426.5119740962982",
      "n_placed": 278,
      "n_discard": 122,
      "p_mean_weight": 9.149489208633094,
      "d_mean_weight": 6.480918032786885,
      "p_median_weight": 6.273,
      "d_median_weight": 5.966,
      "p_std_weight": 6.864780408420929,
      "d_std_weight": 3.150887175578626,
      "p_total_weight": 2543.558,
      "d_total_weight": 790.672,
      "p_mean_taxability": 73.99307913669065,
      "d_mean_taxability": 56.047721311475414,
      "p_total_taxability": 20570.076,
      "d_total_taxability": 6837.822,
      "p_mean_volume": 0.22220143884892085,
      "d_mean_volume": 0.16831147540983607,
      "p_median_volume": 0.143,
      "d_median_volume": 0.132,
      "p_std_volume": 0.14929000101230613,
      "d_std_volume": 0.08475117512700625,
      "p_total_volume": 61.772,
      "d_total_volume": 20.534,
      "d_max_priority": 0,
      "used_volume": 0.7566945145405101,
      "used_weight": 0.11561627272727272,
      "unload_obs": 0,
      "hs_cond": 1,
      "p_cond": 1
    },
    {
      "iteration": 144,
      "time": "586.562497138977",
      "n_placed": 269,
      "n_discard": 131,
      "p_mean_weight": 9.397345724907066,
      "d_mean_weight": 6.155297709923665,
      "p_median_weight": 6.273,
      "d_median_weight": 5.966,
      "p_std_weight": 6.91414044388668,
      "d_std_weight": 2.9364844148027296,
      "p_total_weight": 2527.8860000000004,
      "d_total_weight": 806.344,
      "p_mean_taxability": 76.40183643122676,
      "d_mean_taxability": 52.33438167938932,
      "p_total_taxability": 20552.093999999997,
      "d_total_taxability": 6855.804,
      "p_mean_volume": 0.22943494423791821,
      "d_mean_volume": 0.15716030534351147,
      "p_median_volume": 0.187,
      "d_median_volume": 0.132,
      "p_std_volume": 0.1507469970929864,
      "d_std_volume": 0.07537585991793119,
      "p_total_volume": 61.717999999999996,
      "d_total_volume": 20.588,
      "d_max_priority": 0,
      "used_volume": 0.75603302545508,
      "used_weight": 0.11490390909090911,
      "unload_obs": 0,
      "hs_cond": 1,
      "p_cond": 1
    }
  ],
  "weight": [
    {
      "iteration": 309,
      "time": "513.8083920478821",
      "n_placed": 272,
      "n_discard": 128,
      "p_mean_weight": 9.431323529411763,
      "d_mean_weight": 6.007109374999999,
      "p_median_weight": 6.273,
      "d_median_weight": 5.966,
      "p_std_weight": 6.952333692858916,
      "d_std_weight": 2.4129895537212986,
      "p_total_weight": 2565.3199999999997,
      "d_total_weight": 768.9099999999999,
      "p_mean_taxability": 75.75994852941177,
      "d_mean_taxability": 53.13431250000001,
      "p_total_taxability": 20606.706000000002,
      "d_total_taxability": 6801.192000000001,
      "p_mean_volume": 0.2275073529411765,
      "d_mean_volume": 0.15956250000000002,
      "p_median_volume": 0.187,
      "d_median_volume": 0.132,
      "p_std_volume": 0.14941986196181142,
      "d_std_volume": 0.08116996360801194,
      "p_total_volume": 61.882000000000005,
      "d_total_volume": 20.424000000000003,
      "d_max_priority": 0,
      "used_volume": 0.758041992307127,
      "used_weight": 0.11660545454545453,
      "unload_obs": 0,
      "hs_cond": 1,
      "p_cond": 1
    },
    {
      "iteration": 237,
      "time": "623.0804233551025",
      "n_placed": 267,
      "n_discard": 133,
      "p_mean_weight": 9.583048689138577,
      "d_mean_weight": 5.831248120300751,
      "p_median_weight": 6.273,
      "d_median_weight": 5.966,
      "p_std_weight": 7.02979517995059,
      "d_std_weight": 1.8748102708291015,
      "p_total_weight": 2558.674,
      "d_total_weight": 775.5559999999999,
      "p_mean_taxability": 77.41439325842697,
      "d_mean_taxability": 50.66357142857142,
      "p_total_taxability": 20669.643,
      "d_total_taxability": 6738.254999999999,
      "p_mean_volume": 0.23247565543071158,
      "d_mean_volume": 0.15214285714285714,
      "p_median_volume": 0.187,
      "d_median_volume": 0.132,
      "p_std_volume": 0.15342962178537797,
      "d_std_volume": 0.058663671952294355,
      "p_total_volume": 62.07099999999999,
      "d_total_volume": 20.235,
      "d_max_priority": 0,
      "used_volume": 0.7603572041061322,
      "used_weight": 0.11630336363636364,
      "unload_obs": 1,
      "hs_cond": 1,
      "p_cond": 1
    },
    {
      "iteration": 274,
      "time": "542.6344308853149",
      "n_placed": 267,
      "n_discard": 133,
      "p_mean_weight": 9.554441947565543,
      "d_mean_weight": 5.888676691729323,
      "p_median_weight": 6.337,
      "d_median_weight": 5.966,
      "p_std_weight": 6.917334863114504,