{
  "volume": [
    {
      "iteration": 8,
      "time": "82.80324506759644",
      "p_mean_weight": 10.40795321637427,
      "d_mean_weight": 12.518172413793105,
      "p_total_weight": 1779.7600000000002,
      "d_total_weight": 363.02700000000004,
      "p_mean_taxability": 10.40795321637427,
      "d_mean_taxability": 12.518172413793105,
      "p_total_taxability": 15336.315000000002,
      "d_total_taxability": 3002.9939999999997,
      "p_mean_volume": 0.2693274853801169,
      "d_mean_volume": 0.3109655172413794,
      "p_cumulative_priority": 28,
      "p_mean_priority": 0,
      "d_max_priority": 0,
      "used_volume": 0.5641644412867187,
      "used_weight": 0.08089818181818183
    },
    {
      "iteration": 32,
      "time": "88.18144202232361",
      "p_mean_weight": 10.089689655172414,
      "d_mean_weight": 14.891576923076922,
      "p_total_weight": 1755.606,
      "d_total_weight": 387.181,
      "p_mean_taxability": 10.089689655172414,
      "d_mean_taxability": 14.891576923076922,
      "p_total_taxability": 15065.918999999998,
      "d_total_taxability": 3273.39,
      "p_mean_volume": 0.26001724137931037,
      "d_mean_volume": 0.3780769230769231,
      "p_cumulative_priority": 28,
      "p_mean_priority": 0,
      "d_max_priority": 0,
      "used_volume": 0.5542176054095108,
      "used_weight": 0.07980027272727273
    },
    {
      "iteration": 19,
      "time": "81.70887088775635",
      "p_mean_weight": 10.317802325581395,
      "d_mean_weight": 13.14732142857143,
      "p_total_weight": 1774.662,
      "d_total_weight": 368.12500000000006,
      "p_mean_taxability": 10.317802325581395,
      "d_mean_taxability": 13.14732142857143,
      "p_total_taxability": 14986.665,
      "d_total_taxability": 3352.6440000000002,
      "p_mean_volume": 0.26165697674418603,
      "d_mean_volume": 0.3595714285714285,
      "p_cumulative_priority": 28,
      "p_mean_priority": 0,
      "d_max_priority": 0,
      "used_volume": 0.551302153514467,
      "used_weight": 0.08066645454545454
    },
    {
      "iteration": 9,
      "time": "91.00674700737",
      "p_mean_weight": 10.203047058823529,
      "d_mean_weight": 13.608966666666667,
      "p_total_weight": 1734.518,
      "d_total_weight": 408.269,
      "p_mean_taxability": 10.203047058823529,
      "d_mean_taxability": 13.608966666666667,
      "p_total_taxability": 14902.082999999999,
      "d_total_taxability": 3437.226,
      "p_mean_volume": 0.26324117647058826,
      "d_mean_volume": 0.34406666666666663,
      "p_cumulative_priority": 28,
      "p_mean_priority": 0,
      "d_max_priority": 0,
      "used_volume": 0.54819070485337,
      "used_weight": 0.07884172727272727
    },
    {
      "iteration": 2,
      "time": "72.39485812187195",
      "p_mean_weight": 10.347820359281435,
      "d_mean_weight": 12.56669696969697,
      "p_total_weight": 1728.0859999999998,
      "d_total_weight": 414.701,
      "p_mean_taxability": 10.347820359281435,
      "d_mean_taxability": 12.56669696969697,
      "p_total_taxability": 14717.934,
      "d_total_taxability": 3621.375,
      "p_mean_volume": 0.2646586826347305,
      "d_mean_volume": 0.32954545454545453,
      "p_cumulative_priority": 28,
      "p_mean_priority": 0,
      "d_max_priority": 0,
      "used_volume": 0.5414165666266506,
      "used_weight": 0.07854936363636363
    }
  ],
  "weight": [
    {
      "iteration": 8,
      "time": "82.80324506759644",
      "p_mean_weight": 10.40795321637427,
      "d_mean_weight": 12.518172413793105,
      "p_total_weight": 1779.7600000000002,
      "d_total_weight": 363.02700000000004,
      "p_mean_taxability": 10.40795321637427,
      "d_mean_taxability": 12.518172413793105,
      "p_total_taxability": 15336.315000000002,
      "d_total_taxability": 3002.9939999999997,
      "p_mean_volume": 0.2693274853801169,
      "d_mean_volume": 0.3109655172413794,
      "p_cumulative_priority": 28,
      "p_mean_priority": 0,
      "d_max_priority": 0,
      "used_volume": 0.5641644412867187,
      "used_weight": 0.08089818181818183
    },
    {
      "iteration": 19,
      "time": "81.70887088775635",
      "p_mean_weight": 10.317802325581395,
      "d_mean_weight": 13.14732142857143,
      "p_total_weight": 1774.662,
      "d_total_weight": 368.12500000000006,
      "p_mean_taxability": 10.317802325581395,
      "d_mean_taxability": 13.14732142857143,
      "p_total_taxability": 14986.665,
      "d_total_taxability": 3352.6440000000002,
      "p_mean_volume": 0.26165697674418603,
      "d_mean_volume": 0.3595714285714285,
      "p_cumulative_priority": 28,
      "p_mean_priority": 0,
      "d_max_priority": 0,
      "used_volume": 0.551302153514467,
      "used_weight": 0.08066645454545454
    },
    {
      "iteration": 32,
      "time": "88.18144202232361",
      "p_mean_weight": 10.089689655172414,
      "d_mean_weight": 14.891576923076922,
      "p_total_weight": 1755.606,
      "d_total_weight": 387.181,
      "p_mean_taxability": 10.089689655172414,
      "d_mean_taxability": 14.891576923076922,
      "p_total_taxability": 15065.918999999998,
      "d_total_taxability": 3273.39,
      "p_mean_volume": 0.26001724137931037,
      "d_mean_volume": 0.3780769230769231,
      "p_cumulative_priority": 28,
      "p_mean_priority": 0,
      "d_max_priority": 0,
      "used_volume": 0.5542176054095108,
      "used_weight": 0.07980027272727273
    },
    {
      "iteration": 9,
      "time": "91.00674700737",
      "p_mean_weight": 10.203047058823529,
      "d_mean_weight": 13.608966666666667,
      "p_total_weight": 1734.518,
      "d_total_weight": 408.269,
      "p_mean_taxability": 10.203047058823529,
      "d_mean_taxability": 13.608966666666667,
      "p_total_taxability": 14902.082999999999,
      "d_total_taxability": 3437.226,
      "p_mean_volume": 0.26324117647058826,
      "d_mean_volume": 0.34406666666666663,
      "p_cumulative_priority": 28,
      "p_mean_priority": 0,
      "d_max_priority": 0,
      "used_volume": 0.54819070485337,
      "used_weight": 0.07884172727272727
    },
    {
      "iteration": 2,
      "time": "72.39485812187195",
      "p_mean_weight": 10.347820359281435,
      "d_mean_weight": 12.56669696969697,
      "p_total_weight": 1728.0859999999998,
      "d_total_weight": 414.701,
      "p_mean_taxability": 10.347820359281435,
      "d_mean_taxability": 12.56669696969697,
      "p_total_taxability": 14717.934,
      "d_total_taxability": 3621.375,
      "p_mean_volume": 0.2646586826347305,
      "d_mean_volume": 0.32954545454545453,
      "p_cumulative_priority": 28,
      "p_mean_priority": 0,
      "d_max_priority": 0,
      "used_volume": 0.5414165666266506,
      "used_weight": 0.07854936363636363
    }
  ],
  "priority": [
    {
      "iteration": 2,
      "time": "72.39485812187195",
      "p_mean_weight": 10.347820359281435,
      "d_mean_weight": 12.56669696969697,
      "p_total_weight": 1728.0859999999998,
      "d_total_weight": 414.701,
      "p_mean_taxability": 10.347820359281435,
      "d_mean_taxability": 12.56669696969697,
      "p_total_taxability": 14717.934,
      "d_total_taxability": 3621.375,
      "p_mean_volume": 0.2646586826347305,
      "d_mean_volume": 0.32954545454545453,
      "p_cumulative_priority": 28,
      "p_mean_priority": 0,
      "d_max_priority": 0,
      "used_volume": 0.5414165666266506,
      "used_weight": 0.07854936363636363
    },
    {
      "iteration": 8,
      "time": "82.80324506759644",
      "p_mean_weight": 10.40795321637427,
      "d_mean_weight": 12.518172413793105,
      "p_total_weight": 1779.7600000000002,
      "d_total_weight": 363.02700000000004,
      "p_mean_taxability": 10.40795321637427,
      "d_mean_taxability": 12.518172413793105,
      "p_total_taxability": 15336.315000000002,
      "d_total_taxability": 3002.9939999999997,
      "p_mean_volume": 0.2693274853801169,
      "d_mean_volume": 0.3109655172413794,
      "p_cumulative_priority": 28,
      "p_mean_priority": 0,