{
  "volume": [
    {
      "iteration": 20,
      "time": "72.3089849948883",
      "p_mean_weight": 10.39569590643275,
      "d_mean_weight": 12.59044827586207,
      "p_total_weight": 1777.664,
      "d_total_weight": 365.123,
      "p_mean_taxability": 10.39569590643275,
      "d_mean_taxability": 12.59044827586207,
      "p_total_taxability": 15333.318,
      "d_total_taxability": 3005.990999999999,
      "p_mean_volume": 0.26927485380116956,
      "d_mean_volume": 0.31127586206896557,
      "p_cumulative_priority": 26,
      "p_mean_priority": 0,
      "d_max_priority": 1,
      "used_volume": 0.5640541931058136,
      "used_weight": 0.08080290909090909
    },
    {
      "iteration": 47,
      "time": "73.14683389663696",
      "p_mean_weight": 10.157114285714286,
      "d_mean_weight": 14.61168,
      "p_total_weight": 1777.4950000000001,
      "d_total_weight": 365.292,
      "p_mean_taxability": 10.157114285714286,
      "d_mean_taxability": 14.61168,
      "p_total_taxability": 15318.0,
      "d_total_taxability": 3021.309,
      "p_mean_volume": 0.26285714285714284,
      "d_mean_volume": 0.36291999999999996,
      "p_cumulative_priority": 27,
      "p_mean_priority": 0,
      "d_max_priority": 1,
      "used_volume": 0.5634907024034104,
      "used_weight": 0.08079522727272728
    },
    {
      "iteration": 28,
      "time": "73.89761185646057",
      "p_mean_weight": 10.357643274853801,
      "d_mean_weight": 12.814827586206896,
      "p_total_weight": 1771.157,
      "d_total_weight": 371.63,
      "p_mean_taxability": 10.357643274853801,
      "d_mean_taxability": 12.814827586206896,
      "p_total_taxability": 15264.054,
      "d_total_taxability": 3075.2549999999997,
      "p_mean_volume": 0.2680584795321638,
      "d_mean_volume": 0.31844827586206903,
      "p_cumulative_priority": 25,
      "p_mean_priority": 0,
      "d_max_priority": 1,
      "used_volume": 0.5615062351471201,
      "used_weight": 0.08050713636363636
    },
    {
      "iteration": 18,
      "time": "68.50523495674133",
      "p_mean_weight": 10.226695906432747,
      "d_mean_weight": 13.58696551724138,
      "p_total_weight": 1748.7649999999999,
      "d_total_weight": 394.022,
      "p_mean_taxability": 10.226695906432747,
      "d_mean_taxability": 13.58696551724138,
      "p_total_taxability": 15126.525000000001,
      "d_total_taxability": 3212.784,
      "p_mean_volume": 0.2656432748538011,
      "d_mean_volume": 0.3326896551724138,
      "p_cumulative_priority": 25,
      "p_mean_priority": 0,
      "d_max_priority": 1,
      "used_volume": 0.5564470686233677,
      "used_weight": 0.07948931818181817
    },
    {
      "iteration": 37,
      "time": "77.63883090019226",
      "p_mean_weight": 10.321631578947368,
      "d_mean_weight": 13.027172413793107,
      "p_total_weight": 1764.999,
      "d_total_weight": 377.78800000000007,
      "p_mean_taxability": 10.321631578947368,
      "d_mean_taxability": 13.027172413793107,
      "p_total_taxability": 15049.602000000003,
      "d_total_taxability": 3289.707,
      "p_mean_volume": 0.26429239766081875,
      "d_mean_volume": 0.340655172413793,
      "p_cumulative_priority": 26,
      "p_mean_priority": 0,
      "d_max_priority": 1,
      "used_volume": 0.5536173653134724,
      "used_weight": 0.08022722727272727
    }
  ],
  "weight": [
    {
      "iteration": 20,
      "time": "72.3089849948883",
      "p_mean_weight": 10.39569590643275,
      "d_mean_weight": 12.59044827586207,
      "p_total_weight": 1777.664,
      "d_total_weight": 365.123,
      "p_mean_taxability": 10.39569590643275,
      "d_mean_taxability": 12.59044827586207,
      "p_total_taxability": 15333.318,
      "d_total_taxability": 3005.990999999999,
      "p_mean_volume": 0.26927485380116956,
      "d_mean_volume": 0.31127586206896557,
      "p_cumulative_priority": 26,
      "p_mean_priority": 0,
      "d_max_priority": 1,
      "used_volume": 0.5640541931058136,
      "used_weight": 0.08080290909090909
    },
    {
      "iteration": 47,
      "time": "73.14683389663696",
      "p_mean_weight": 10.157114285714286,
      "d_mean_weight": 14.61168,
      "p_total_weight": 1777.4950000000001,
      "d_total_weight": 365.292,
      "p_mean_taxability": 10.157114285714286,
      "d_mean_taxability": 14.61168,
      "p_total_taxability": 15318.0,
      "d_total_taxability": 3021.309,
      "p_mean_volume": 0.26285714285714284,
      "d_mean_volume": 0.36291999999999996,
      "p_cumulative_priority": 27,
      "p_mean_priority": 0,
      "d_max_priority": 1,
      "used_volume": 0.5634907024034104,
      "used_weight": 0.08079522727272728
    },
    {
      "iteration": 28,
      "time": "73.89761185646057",
      "p_mean_weight": 10.357643274853801,
      "d_mean_weight": 12.814827586206896,
      "p_total_weight": 1771.157,
      "d_total_weight": 371.63,
      "p_mean_taxability": 10.357643274853801,
      "d_mean_taxability": 12.814827586206896,
      "p_total_taxability": 15264.054,
      "d_total_taxability": 3075.2549999999997,
      "p_mean_volume": 0.2680584795321638,
      "d_mean_volume": 0.31844827586206903,
      "p_cumulative_priority": 25,
      "p_mean_priority": 0,
      "d_max_priority": 1,
      "used_volume": 0.5615062351471201,
      "used_weight": 0.08050713636363636
    },
    {
      "iteration": 34,
      "time": "78.72683501243591",
      "p_mean_weight": 10.233682080924856,
      "d_mean_weight": 13.791111111111112,
      "p_total_weight": 1770.4270000000001,
      "d_total_weight": 372.36,
      "p_mean_taxability": 10.233682080924856,
      "d_mean_taxability": 13.791111111111112,
      "p_total_taxability": 15016.635000000002,
      "d_total_taxability": 3322.6739999999995,
      "p_mean_volume": 0.26066473988439304,
      "d_mean_volume": 0.36955555555555564,
      "p_cumulative_priority": 25,
      "p_mean_priority": 0,
      "d_max_priority": 1,
      "used_volume": 0.552404635323517,
      "used_weight": 0.08047395454545456
    },
    {
      "iteration": 37,
      "time": "77.63883090019226",
      "p_mean_weight": 10.321631578947368,
      "d_mean_weight": 13.027172413793107,
      "p_total_weight": 1764.999,
      "d_total_weight": 377.78800000000007,
      "p_mean_taxability": 10.321631578947368,
      "d_mean_taxability": 13.027172413793107,
      "p_total_taxability": 15049.602000000003,
      "d_total_taxability": 3289.707,
      "p_mean_volume": 0.26429239766081875,
      "d_mean_volume": 0.340655172413793,
      "p_cumulative_priority": 26,
      "p_mean_priority": 0,
      "d_max_priority": 1,
      "used_volume": 0.5536173653134724,
      "used_weight": 0.08022722727272727
    }
  ],
  "priority": [
    {
      "iteration": 5,
      "time": "67.76476097106934",
      "p_mean_weight": 10.08950289017341,
      "d_mean_weight": 14.714925925925927,
      "p_total_weight": 1745.484,
      "d_total_weight": 397.30300000000005,
      "p_mean_taxability": 10.08950289017341,
      "d_mean_taxability": 14.714925925925927,
      "p_total_taxability": 15009.641999999998,
      "d_total_taxability": 3329.667,
      "p_mean_volume": 0.2605433526011561,
      "d_mean_volume": 0.37033333333333335,
      "p_cumulative_priority": 28,
      "p_mean_priority": 0,
      "d_max_priority": 0,
      "used_volume": 0.5521473895680721,
      "used_weight": 0.07934018181818181
    },
    {
      "iteration": 32,
      "time": "76.95846009254456",
      "p_mean_weight": 10.028084848484848,
      "d_mean_weight": 13.947228571428573,
      "p_total_weight": 1654.634,
      "d_total_weight": 488.153,
      "p_mean_taxability": 10.028084848484848,
      "d_mean_taxability": 13.947228571428573,
      "p_total_taxability": 14162.49,
      "d_total_taxability": 4176.819,
      "p_mean_volume": 0.25775757575757574,
      "d_mean_volume": 0.3583714285714286,
      "p_cumulative_priority": 28,
      "p_mean_priority": 0,
      "d_max_priority": 0,
      "used_volume": 0.5209839037655879,