{
  "volume": [
    {
      "iteration": 5,
      "time": "67.76476097106934",
      "p_mean_weight": 10.08950289017341,
      "d_mean_weight": 14.714925925925927,
      "p_total_weight": 1745.484,
      "d_total_weight": 397.30300000000005,
      "p_mean_taxability": 10.08950289017341,
      "d_mean_taxability": 14.714925925925927,
      "p_total_taxability": 15009.641999999998,
      "d_total_taxability": 3329.667,
      "p_mean_volume": 0.2605433526011561,
      "d_mean_volume": 0.37033333333333335,
      "p_cumulative_priority": 28,
      "p_mean_priority": 0,
      "d_max_priority": 0,
      "used_volume": 0.5521473895680721,
      "used_weight": 0.07934018181818181
    },
    {
      "iteration": 36,
      "time": "72.57625699043274",
      "p_mean_weight": 10.171630057803467,
      "d_mean_weight": 14.188703703703705,
      "p_total_weight": 1759.6919999999998,
      "d_total_weight": 383.095,
      "p_mean_taxability": 10.171630057803467,
      "d_mean_taxability": 14.188703703703705,
      "p_total_taxability": 14892.426,
      "d_total_taxability": 3446.883,
      "p_mean_volume": 0.2585086705202312,
      "d_mean_volume": 0.3833703703703704,
      "p_cumulative_priority": 28,
      "p_mean_priority": 0,
      "d_max_priority": 0,
      "used_volume": 0.5478354607148981,
      "used_weight": 0.07998599999999999
    },
    {
      "iteration": 32,
      "time": "76.95846009254456",
      "p_mean_weight": 10.028084848484848,
      "d_mean_weight": 13.947228571428573,
      "p_total_weight": 1654.634,
      "d_total_weight": 488.153,
      "p_mean_taxability": 10.028084848484848,
      "d_mean_taxability": 13.947228571428573,
      "p_total_taxability": 14162.49,
      "d_total_taxability": 4176.819,
      "p_mean_volume": 0.25775757575757574,
      "d_mean_volume": 0.3583714285714286,
      "p_cumulative_priority": 28,
      "p_mean_priority": 0,
      "d_max_priority": 0,
      "used_volume": 0.5209839037655879,
      "used_weight": 0.07521063636363637
    }
  ],
  "weight": [
    {
      "iteration": 36,
      "time": "72.57625699043274",
      "p_mean_weight": 10.171630057803467,
      "d_mean_weight": 14.188703703703705,
      "p_total_weight": 1759.6919999999998,
      "d_total_weight": 383.095,
      "p_mean_taxability": 10.171630057803467,
      "d_mean_taxability": 14.188703703703705,
      "p_total_taxability": 14892.426,
      "d_total_taxability": 3446.883,
      "p_mean_volume": 0.2585086705202312,
      "d_mean_volume": 0.3833703703703704,
      "p_cumulative_priority": 28,
      "p_mean_priority": 0,
      "d_max_priority": 0,
      "used_volume": 0.5478354607148981,
      "used_weight": 0.07998599999999999
    },
    {
      "iteration": 5,
      "time": "67.76476097106934",
      "p_mean_weight": 10.08950289017341,
      "d_mean_weight": 14.714925925925927,
      "p_total_weight": 1745.484,
      "d_total_weight": 397.30300000000005,
      "p_mean_taxability": 10.08950289017341,
      "d_mean_taxability": 14.714925925925927,
      "p_total_taxability": 15009.641999999998,
      "d_total_taxability": 3329.667,
      "p_mean_volume": 0.2605433526011561,
      "d_mean_volume": 0.37033333333333335,
      "p_cumulative_priority": 28,
      "p_mean_priority": 0,
      "d_max_priority": 0,
      "used_volume": 0.5521473895680721,
      "used_weight": 0.07934018181818181
    },
    {
      "iteration": 32,
      "time": "76.95846009254456",
      "p_mean_weight": 10.028084848484848,
      "d_mean_weight": 13.947228571428573,
      "p_total_weight": 1654.634,
      "d_total_weight": 488.153,
      "p_mean_taxability": 10.028084848484848,
      "d_mean_taxability": 13.947228571428573,
      "p_total_taxability": 14162.49,
      "d_total_taxability": 4176.819,
      "p_mean_volume": 0.25775757575757574,
      "d_mean_volume": 0.3583714285714286,
      "p_cumulative_priority": 28,
      "p_mean_priority": 0,
      "d_max_priority": 0,
      "used_volume": 0.5209839037655879,
      "used_weight": 0.07521063636363637
    }
  ],
  "priority": [
    {
      "iteration": 5,
      "time": "67.76476097106934",
      "p_mean_weight": 10.08950289017341,
      "d_mean_weight": 14.714925925925927,
      "p_total_weight": 1745.484,
      "d_total_weight": 397.30300000000005,
      "p_mean_taxability": 10.08950289017341,
      "d_mean_taxability": 14.714925925925927,
      "p_total_taxability": 15009.641999999998,
      "d_total_taxability": 3329.667,
      "p_mean_volume": 0.2605433526011561,
      "d_mean_volume": 0.37033333333333335,
      "p_cumulative_priority": 28,
      "p_mean_priority": 0,
      "d_max_priority": 0,
      "used_volume": 0.5521473895680721,
      "used_weight": 0.07934018181818181
    },
    {
      "iteration": 32,
      "time": "76.95846009254456",
      "p_mean_weight": 10.028084848484848,
      "d_mean_weight": 13.947228571428573,
      "p_total_weight": 1654.634,
      "d_total_weight": 488.153,
      "p_mean_taxability": 10.028084848484848,
      "d_mean_taxability": 13.947228571428573,
      "p_total_taxability": 14162.49,
      "d_total_taxability": 4176.819,
      "p_mean_volume": 0.25775757575757574,
      "d_mean_volume": 0.3583714285714286,
      "p_cumulative_priority": 28,
      "p_mean_priority": 0,
      "d_max_priority": 0,
      "used_volume": 0.5209839037655879,
      "used_weight": 0.07521063636363637
    },
    {
      "iteration": 36,
      "time": "72.57625699043274",
      "p_mean_weight": 10.171630057803467,
      "d_mean_weight": 14.188703703703705,
      "p_total_weight": 1759.6919999999998,
      "d_total_weight": 383.095,
      "p_mean_taxability": 10.171630057803467,
      "d_mean_taxability": 14.188703703703705,
      "p_total_taxability": 14892.426,
      "d_total_taxability": 3446.883,
      "p_mean_volume": 0.2585086705202312,
      "d_mean_volume": 0.3833703703703704,
      "p_cumulative_priority": 28,
      "p_mean_priority": 0,
      "d_max_priority": 0,
      "used_volume": 0.5478354607148981,
      "used_weight": 0.07998599999999999
    }
  ],
  "taxability": [
    {
      "iteration": 5,
      "time": "67.76476097106934",
      "p_mean_weight": 10.08950289017341,
      "d_mean_weight": 14.714925925925927,
      "p_total_weight": 1745.484,
      "d_total_weight": 397.30300000000005,
      "p_mean_taxability": 10.08950289017341,
      "d_mean_taxability": 14.714925925925927,
      "p_total_taxability": 15009.641999999998,
      "d_total_taxability": 3329.667,
      "p_mean_volume": 0.2605433526011561,
      "d_mean_volume": 0.37033333333333335,
      "p_cumulative_priority": 28,
      "p_mean_priority": 0,
      "d_max_priority": 0,
      "used_volume": 0.5521473895680721,
      "used_weight": 0.07934018181818181
    },
    {
      "iteration": 36,
      "time": "72.57625699043274",
      "p_mean_weight": 10.171630057803467,
      "d_mean_weight": 14.188703703703705,
      "p_total_weight": 1759.6919999999998,
      "d_total_weight": 383.095,
      "p_mean_taxability": 10.171630057803467,
      "d_mean_taxability": 14.188703703703705,
      "p_total_taxability": 14892.426,
      "d_total_taxability": 3446.883,
      "p_mean_volume": 0.2585086705202312,
      "d_mean_volume": 0.3833703703703704,
      "p_cumulative_priority": 28,
      "p_mean_priority": 0,
      "d_max_priority": 0,
      "used_volume": 0.5478354607148981,
      "used_weight": 0.07998599999999999
    },
    {
      "iteration": 32,
      "time": "76.95846009254456",
      "p_mean_weight": 10.028084848484848,
      "d_mean_weight": 13.947228571428573,
      "p_total_weight": 1654.634,
      "d_total_weight": 488.153,
      "p_mean_taxability": 10.028084848484848,
      "d_mean_taxability": 13.947228571428573,
      "p_total_taxability": 14162.49,
      "d_total_taxability": 4176.819,
      "p_mean_volume": 0.25775757575757574,
      "d_mean_volume": 0.3583714285714286,
      "p_cumulative_priority": 28,
      "p_mean_priority": 0,
      "d_max_priority": 0,
      "used_volume": 0.5209839037655879,