{
  "volume": [
    {
      "iteration": 0,
      "time": "217.76641511917114",
      "p_mean_weight": 9.140806338028169,
      "d_mean_weight": 6.3641465517241365,
      "p_median_weight": 6.273,
      "d_median_weight": 5.966,
      "p_std_weight": 6.852007736084808,
      "d_std_weight": 2.8543780507488323,
      "p_total_weight": 2595.989,
      "d_total_weight": 738.2409999999999,
      "p_mean_taxability": 73.34442253521128,
      "d_mean_taxability": 56.70760344827586,
      "p_total_taxability": 20829.816000000003,
      "d_total_taxability": 6578.082,
      "p_mean_volume": 0.22025352112676055,
      "d_mean_volume": 0.17029310344827578,
      "p_median_volume": 0.143,
      "d_median_volume": 0.132,
      "p_std_volume": 0.1479593553500906,
      "d_std_volume": 0.08787303263838951,
      "p_total_volume": 62.552,
      "d_total_volume": 19.75399999999999,
      "d_max_priority": 0,
      "used_volume": 0.7662493568856114,
      "used_weight": 0.11799950000000001,
      "hs_cond": 1,
      "p_cond": 1
    }
  ],
  "weight": [
    {
      "iteration": 0,
      "time": "217.76641511917114",
      "p_mean_weight": 9.140806338028169,
      "d_mean_weight": 6.3641465517241365,
      "p_median_weight": 6.273,
      "d_median_weight": 5.966,
      "p_std_weight": 6.852007736084808,
      "d_std_weight": 2.8543780507488323,
      "p_total_weight": 2595.989,
      "d_total_weight": 738.2409999999999,
      "p_mean_taxability": 73.34442253521128,
      "d_mean_taxability": 56.70760344827586,
      "p_total_taxability": 20829.816000000003,
      "d_total_taxability": 6578.082,
      "p_mean_volume": 0.22025352112676055,
      "d_mean_volume": 0.17029310344827578,
      "p_median_volume": 0.143,
      "d_median_volume": 0.132,
      "p_std_volume": 0.1479593553500906,
      "d_std_volume": 0.08787303263838951,
      "p_total_volume": 62.552,
      "d_total_volume": 19.75399999999999,
      "d_max_priority": 0,
      "used_volume": 0.7662493568856114,
      "used_weight": 0.11799950000000001,
      "hs_cond": 1,
      "p_cond": 1
    }
  ],
  "taxability": [
    {
      "iteration": 0,
      "time": "217.76641511917114",
      "p_mean_weight": 9.140806338028169,
      "d_mean_weight": 6.3641465517241365,
      "p_median_weight": 6.273,
      "d_median_weight": 5.966,
      "p_std_weight": 6.852007736084808,
      "d_std_weight": 2.8543780507488323,
      "p_total_weight": 2595.989,
      "d_total_weight": 738.2409999999999,
      "p_mean_taxability": 73.34442253521128,
      "d_mean_taxability": 56.70760344827586,
      "p_total_taxability": 20829.816000000003,
      "d_total_taxability": 6578.082,
      "p_mean_volume": 0.22025352112676055,
      "d_mean_volume": 0.17029310344827578,
      "p_median_volume": 0.143,
      "d_median_volume": 0.132,
      "p_std_volume": 0.1479593553500906,
      "d_std_volume": 0.08787303263838951,
      "p_total_volume": 62.552,
      "d_total_volume": 19.75399999999999,
      "d_max_priority": 0,
      "used_volume": 0.7662493568856114,
      "used_weight": 0.11799950000000001,
      "hs_cond": 1,
      "p_cond": 1
    }
  ]
}