{
  "volume": [
    {
      "iteration": 57,
      "time": "66.67332291603088",
      "p_mean_weight": 12.214767123287672,
      "d_mean_weight": 13.47872222222222,
      "p_total_weight": 1783.356,
      "d_total_weight": 727.8509999999999,
      "p_mean_taxability": 12.214767123287672,
      "d_mean_taxability": 13.47872222222222,
      "p_total_taxability": 15368.283,
      "d_total_taxability": 6663.33,
      "p_mean_volume": 0.3161027397260274,
      "d_mean_volume": 0.37055555555555547,
      "p_cumulative_priority": 69,
      "p_mean_priority": 0,
      "d_max_priority": 1,
      "used_volume": 0.565340421883039,
      "used_weight": 0.08106163636363636
    },
    {
      "iteration": 26,
      "time": "54.3410279750824",
      "p_mean_weight": 12.544398550724637,
      "d_mean_weight": 12.581935483870966,
      "p_total_weight": 1731.127,
      "d_total_weight": 780.0799999999999,
      "p_mean_taxability": 12.544398550724637,
      "d_mean_taxability": 12.581935483870966,
      "p_total_taxability": 14890.428,
      "d_total_taxability": 7141.185,
      "p_mean_volume": 0.32402898550724646,
      "d_mean_volume": 0.3458870967741935,
      "p_cumulative_priority": 61,
      "p_mean_priority": 0,
      "d_max_priority": 1,
      "used_volume": 0.5477619619276283,
      "used_weight": 0.0786875909090909
    }
  ],
  "weight": [
    {
      "iteration": 57,
      "time": "66.67332291603088",
      "p_mean_weight": 12.214767123287672,
      "d_mean_weight": 13.47872222222222,
      "p_total_weight": 1783.356,
      "d_total_weight": 727.8509999999999,
      "p_mean_taxability": 12.214767123287672,
      "d_mean_taxability": 13.47872222222222,
      "p_total_taxability": 15368.283,
      "d_total_taxability": 6663.33,
      "p_mean_volume": 0.3161027397260274,
      "d_mean_volume": 0.37055555555555547,
      "p_cumulative_priority": 69,
      "p_mean_priority": 0,
      "d_max_priority": 1,
      "used_volume": 0.565340421883039,
      "used_weight": 0.08106163636363636
    },
    {
      "iteration": 26,
      "time": "54.3410279750824",
      "p_mean_weight": 12.544398550724637,
      "d_mean_weight": 12.581935483870966,
      "p_total_weight": 1731.127,
      "d_total_weight": 780.0799999999999,
      "p_mean_taxability": 12.544398550724637,
      "d_mean_taxability": 12.581935483870966,
      "p_total_taxability": 14890.428,
      "d_total_taxability": 7141.185,
      "p_mean_volume": 0.32402898550724646,
      "d_mean_volume": 0.3458870967741935,
      "p_cumulative_priority": 61,
      "p_mean_priority": 0,
      "d_max_priority": 1,
      "used_volume": 0.5477619619276283,
      "used_weight": 0.0786875909090909
    }
  ],
  "priority": [
    {
      "iteration": 57,
      "time": "66.67332291603088",
      "p_mean_weight": 12.214767123287672,
      "d_mean_weight": 13.47872222222222,
      "p_total_weight": 1783.356,
      "d_total_weight": 727.8509999999999,
      "p_mean_taxability": 12.214767123287672,
      "d_mean_taxability": 13.47872222222222,
      "p_total_taxability": 15368.283,
      "d_total_taxability": 6663.33,
      "p_mean_volume": 0.3161027397260274,
      "d_mean_volume": 0.37055555555555547,
      "p_cumulative_priority": 69,
      "p_mean_priority": 0,
      "d_max_priority": 1,
      "used_volume": 0.565340421883039,
      "used_weight": 0.08106163636363636
    },
    {
      "iteration": 26,
      "time": "54.3410279750824",
      "p_mean_weight": 12.544398550724637,
      "d_mean_weight": 12.581935483870966,
      "p_total_weight": 1731.127,
      "d_total_weight": 780.0799999999999,
      "p_mean_taxability": 12.544398550724637,
      "d_mean_taxability": 12.581935483870966,
      "p_total_taxability": 14890.428,
      "d_total_taxability": 7141.185,
      "p_mean_volume": 0.32402898550724646,
      "d_mean_volume": 0.3458870967741935,
      "p_cumulative_priority": 61,
      "p_mean_priority": 0,
      "d_max_priority": 1,
      "used_volume": 0.5477619619276283,
      "used_weight": 0.0786875909090909
    }
  ],
  "taxability": [
    {
      "iteration": 57,
      "time": "66.67332291603088",
      "p_mean_weight": 12.214767123287672,
      "d_mean_weight": 13.47872222222222,
      "p_total_weight": 1783.356,
      "d_total_weight": 727.8509999999999,
      "p_mean_taxability": 12.214767123287672,
      "d_mean_taxability": 13.47872222222222,
      "p_total_taxability": 15368.283,
      "d_total_taxability": 6663.33,
      "p_mean_volume": 0.3161027397260274,
      "d_mean_volume": 0.37055555555555547,
      "p_cumulative_priority": 69,
      "p_mean_priority": 0,
      "d_max_priority": 1,
      "used_volume": 0.565340421883039,
      "used_weight": 0.08106163636363636
    },
    {
      "iteration": 26,
      "time": "54.3410279750824",
      "p_mean_weight": 12.544398550724637,
      "d_mean_weight": 12.581935483870966,
      "p_total_weight": 1731.127,
      "d_total_weight": 780.0799999999999,
      "p_mean_taxability": 12.544398550724637,
      "d_mean_taxability": 12.581935483870966,
      "p_total_taxability": 14890.428,
      "d_total_taxability": 7141.185,
      "p_mean_volume": 0.32402898550724646,
      "d_mean_volume": 0.3458870967741935,
      "p_cumulative_priority": 61,
      "p_mean_priority": 0,
      "d_max_priority": 1,
      "used_volume": 0.5477619619276283,
      "used_weight": 0.0786875909090909
    }
  ]
}