{
  "volume": [
    {
      "iteration": 6,
      "time": "59.13247585296631",
      "p_mean_weight": 10.337477011494256,
      "d_mean_weight": 13.233307692307694,
      "p_total_weight": 1798.7210000000005,
      "d_total_weight": 344.06600000000003,
      "p_mean_taxability": 10.337477011494256,
      "d_mean_taxability": 13.233307692307694,
      "p_total_taxability": 15287.031,
      "d_total_taxability": 3052.278,
      "p_mean_volume": 0.2638333333333333,
      "d_mean_volume": 0.3525384615384616,
      "p_cumulative_priority": 26,
      "p_mean_priority": 0,
      "d_max_priority": 1,
      "used_volume": 0.5623514712007252,
      "used_weight": 0.08176004545454547
    },
    {
      "iteration": 48,
      "time": "78.02341675758362",
      "p_mean_weight": 10.193834285714287,
      "d_mean_weight": 14.354640000000002,
      "p_total_weight": 1783.9210000000003,
      "d_total_weight": 358.86600000000004,
      "p_mean_taxability": 10.193834285714287,
      "d_mean_taxability": 14.354640000000002,
      "p_total_taxability": 15236.748000000001,
      "d_total_taxability": 3102.5609999999997,
      "p_mean_volume": 0.26146285714285716,
      "d_mean_volume": 0.37268,
      "p_cumulative_priority": 27,
      "p_mean_priority": 0,
      "d_max_priority": 1,
      "used_volume": 0.5605017517210966,
      "used_weight": 0.08108731818181819
    },
    {
      "iteration": 20,
      "time": "66.02632212638855",
      "p_mean_weight": 10.361864705882354,
      "d_mean_weight": 12.709,
      "p_total_weight": 1761.517,
      "d_total_weight": 381.27,
      "p_mean_taxability": 10.361864705882354,
      "d_mean_taxability": 12.709,
      "p_total_taxability": 15195.456,
      "d_total_taxability": 3143.853,
      "p_mean_volume": 0.26842352941176467,
      "d_mean_volume": 0.3146999999999999,
      "p_cumulative_priority": 25,
      "p_mean_priority": 0,
      "d_max_priority": 1,
      "used_volume": 0.558982776784183,
      "used_weight": 0.08006895454545455
    },
    {
      "iteration": 21,
      "time": "61.49094581604004",
      "p_mean_weight": 10.089344827586206,
      "d_mean_weight": 14.893884615384614,
      "p_total_weight": 1755.5459999999998,
      "d_total_weight": 387.241,
      "p_mean_taxability": 10.089344827586206,
      "d_mean_taxability": 14.893884615384614,
      "p_total_taxability": 15160.158,
      "d_total_taxability": 3179.151,
      "p_mean_volume": 0.26164367816091955,
      "d_mean_volume": 0.3671923076923077,
      "p_cumulative_priority": 25,
      "p_mean_priority": 0,
      "d_max_priority": 1,
      "used_volume": 0.5576842982090795,
      "used_weight": 0.07979754545454544
    },
    {
      "iteration": 27,
      "time": "66.69167399406433",
      "p_mean_weight": 10.341179190751445,
      "d_mean_weight": 13.102333333333334,
      "p_total_weight": 1789.024,
      "d_total_weight": 353.76300000000003,
      "p_mean_taxability": 10.341179190751445,
      "d_mean_taxability": 13.102333333333334,
      "p_total_taxability": 15105.546,
      "d_total_taxability": 3233.7630000000004,
      "p_mean_volume": 0.26220809248554916,
      "d_mean_volume": 0.35966666666666675,
      "p_cumulative_priority": 27,
      "p_mean_priority": 0,
      "d_max_priority": 1,
      "used_volume": 0.5556753313570327,
      "used_weight": 0.08131927272727273
    }
  ],
  "weight": [
    {
      "iteration": 6,
      "time": "59.13247585296631",
      "p_mean_weight": 10.337477011494256,
      "d_mean_weight": 13.233307692307694,
      "p_total_weight": 1798.7210000000005,
      "d_total_weight": 344.06600000000003,
      "p_mean_taxability": 10.337477011494256,
      "d_mean_taxability": 13.233307692307694,
      "p_total_taxability": 15287.031,
      "d_total_taxability": 3052.278,
      "p_mean_volume": 0.2638333333333333,
      "d_mean_volume": 0.3525384615384616,
      "p_cumulative_priority": 26,
      "p_mean_priority": 0,
      "d_max_priority": 1,
      "used_volume": 0.5623514712007252,
      "used_weight": 0.08176004545454547
    },
    {
      "iteration": 27,
      "time": "66.69167399406433",
      "p_mean_weight": 10.341179190751445,
      "d_mean_weight": 13.102333333333334,
      "p_total_weight": 1789.024,
      "d_total_weight": 353.76300000000003,
      "p_mean_taxability": 10.341179190751445,
      "d_mean_taxability": 13.102333333333334,
      "p_total_taxability": 15105.546,
      "d_total_taxability": 3233.7630000000004,
      "p_mean_volume": 0.26220809248554916,
      "d_mean_volume": 0.35966666666666675,
      "p_cumulative_priority": 27,
      "p_mean_priority": 0,
      "d_max_priority": 1,
      "used_volume": 0.5556753313570327,
      "used_weight": 0.08131927272727273
    },
    {
      "iteration": 48,
      "time": "78.02341675758362",
      "p_mean_weight": 10.193834285714287,
      "d_mean_weight": 14.354640000000002,
      "p_total_weight": 1783.9210000000003,
      "d_total_weight": 358.86600000000004,
      "p_mean_taxability": 10.193834285714287,
      "d_mean_taxability": 14.354640000000002,
      "p_total_taxability": 15236.748000000001,
      "d_total_taxability": 3102.5609999999997,
      "p_mean_volume": 0.26146285714285716,
      "d_mean_volume": 0.37268,
      "p_cumulative_priority": 27,
      "p_mean_priority": 0,
      "d_max_priority": 1,
      "used_volume": 0.5605017517210966,
      "used_weight": 0.08108731818181819
    },
    {
      "iteration": 0,
      "time": "57.672821044921875",
      "p_mean_weight": 10.467476470588235,
      "d_mean_weight": 12.110533333333333,
      "p_total_weight": 1779.471,
      "d_total_weight": 363.316,
      "p_mean_taxability": 10.467476470588235,
      "d_mean_taxability": 12.110533333333333,
      "p_total_taxability": 15071.58,
      "d_total_taxability": 3267.729,
      "p_mean_volume": 0.26623529411764707,
      "d_mean_volume": 0.32709999999999995,
      "p_cumulative_priority": 28,
      "p_mean_priority": 0,
      "d_max_priority": 0,
      "used_volume": 0.5544258519734424,
      "used_weight": 0.08088504545454546
    },
    {
      "iteration": 78,
      "time": "87.4021110534668",
      "p_mean_weight": 10.168764367816092,
      "d_mean_weight": 14.362384615384617,
      "p_total_weight": 1769.365,
      "d_total_weight": 373.422,
      "p_mean_taxability": 10.168764367816092,
      "d_mean_taxability": 14.362384615384617,
      "p_total_taxability": 14918.400000000001,
      "d_total_taxability": 3420.9089999999997,
      "p_mean_volume": 0.2574712643678161,
      "d_mean_volume": 0.3951153846153846,
      "p_cumulative_priority": 28,
      "p_mean_priority": 0,
      "d_max_priority": 0,
      "used_volume": 0.5487909449494083,
      "used_weight": 0.08042568181818181
    }
  ],
  "priority": [
    {
      "iteration": 0,
      "time": "57.672821044921875",
      "p_mean_weight": 10.467476470588235,
      "d_mean_weight": 12.110533333333333,
      "p_total_weight": 1779.471,
      "d_total_weight": 363.316,
      "p_mean_taxability": 10.467476470588235,
      "d_mean_taxability": 12.110533333333333,
      "p_total_taxability": 15071.58,
      "d_total_taxability": 3267.729,
      "p_mean_volume": 0.26623529411764707,
      "d_mean_volume": 0.32709999999999995,
      "p_cumulative_priority": 28,
      "p_mean_priority": 0,
      "d_max_priority": 0,
      "used_volume": 0.5544258519734424,
      "used_weight": 0.08088504545454546
    },
    {
      "iteration": 1,
      "time": "62.389776945114136",
      "p_mean_weight": 10.220873493975906,
      "d_mean_weight": 13.121235294117648,
      "p_total_weight": 1696.6650000000004,
      "d_total_weight": 446.122,
      "p_mean_taxability": 10.220873493975906,
      "d_mean_taxability": 13.121235294117648,
      "p_total_taxability": 14413.239000000001,
      "d_total_taxability": 3926.0699999999997,
      "p_mean_volume": 0.26074096385542167,
      "d_mean_volume": 0.34676470588235303,
      "p_cumulative_priority": 28,
      "p_mean_priority": 0,
      "d_max_priority": 0,