{
  "volume": [
    {
      "iteration": 307,
      "time": "223.06627655029297",
      "n_placed": 210,
      "n_discard": 140,
      "p_mean_weight": 10.471400000000001,
      "d_mean_weight": 8.471499999999999,
      "p_median_weight": 8.06,
      "d_median_weight": 7.564,
      "p_std_weight": 6.410644706435782,
      "d_std_weight": 4.346246515072997,
      "p_total_weight": 2198.994,
      "d_total_weight": 1186.0099999999998,
      "p_mean_taxability": 97.33431428571427,
      "d_mean_taxability": 81.30908571428571,
      "p_total_taxability": 20440.206,
      "d_total_taxability": 11383.272,
      "p_mean_volume": 0.2922952380952381,
      "d_mean_volume": 0.2441714285714286,
      "p_median_volume": 0.216,
      "d_median_volume": 0.195,
      "p_std_volume": 0.18776685246950986,
      "d_std_volume": 0.10676013205548995,
      "p_total_volume": 61.382000000000005,
      "d_total_volume": 34.184000000000005,
      "d_max_priority": 0,
      "used_volume": 0.7519170933679595,
      "used_weight": 0.09995427272727274,
      "unload_obs": 1,
      "hs_cond": 1,
      "p_cond": 1
    },
    {
      "iteration": 163,
      "time": "307.55628418922424",
      "n_placed": 200,
      "n_discard": 150,
      "p_mean_weight": 11.118110000000001,
      "d_mean_weight": 7.742546666666666,
      "p_median_weight": 10.795,
      "d_median_weight": 5.88,
      "p_std_weight": 6.28304567568258,
      "d_std_weight": 4.27123671571832,
      "p_total_weight": 2223.6220000000003,
      "d_total_weight": 1161.3819999999998,
      "p_mean_taxability": 101.803095,
      "d_mean_taxability": 76.41906,
      "p_total_taxability": 20360.619,
      "d_total_taxability": 11462.859,
      "p_mean_volume": 0.305715,
      "d_mean_volume": 0.22948666666666673,
      "p_median_volume": 0.293,
      "d_median_volume": 0.194,
      "p_std_volume": 0.1844325094109989,
      "d_std_volume": 0.11233594969038703,
      "p_total_volume": 61.143,
      "d_total_volume": 34.42300000000001,
      "d_max_priority": 0,
      "used_volume": 0.7489893916750374,
      "used_weight": 0.10107372727272729,
      "unload_obs": 1,
      "hs_cond": 1,
      "p_cond": 1
    },
    {
      "iteration": 354,
      "time": "242.84877133369446",
      "n_placed": 178,
      "n_discard": 172,
      "p_mean_weight": 12.223730337078653,
      "d_mean_weight": 7.030116279069767,
      "p_median_weight": 12.823,
      "d_median_weight": 5.439,
      "p_std_weight": 6.287405477968253,
      "d_std_weight": 3.5821427182953456,
      "p_total_weight": 2175.824,
      "d_total_weight": 1209.1799999999998,
      "p_mean_taxability": 113.99637640449438,
      "d_mean_taxability": 67.04722674418605,
      "p_total_taxability": 20291.355,
      "d_total_taxability": 11532.123,
      "p_mean_volume": 0.3423314606741573,
      "d_mean_volume": 0.20134302325581396,
      "p_median_volume": 0.363,
      "d_median_volume": 0.188,
      "p_std_volume": 0.1851300877764451,
      "d_std_volume": 0.08859747866555906,
      "p_total_volume": 60.935,
      "d_total_volume": 34.631,
      "d_max_priority": 0,
      "used_volume": 0.7464414337163437,
      "used_weight": 0.09890109090909091,
      "unload_obs": 1,
      "hs_cond": 1,
      "p_cond": 1
    },
    {
      "iteration": 323,
      "time": "296.88891887664795",
      "n_placed": 196,
      "n_discard": 154,
      "p_mean_weight": 11.15660204081633,
      "d_mean_weight": 7.781233766233766,
      "p_median_weight": 9.394,
      "d_median_weight": 5.88,
      "p_std_weight": 6.367822910563979,
      "d_std_weight": 4.170521665763652,
      "p_total_weight": 2186.6940000000004,
      "d_total_weight": 1198.31,
      "p_mean_taxability": 103.44916836734694,
      "d_mean_taxability": 74.98338311688312,
      "p_total_taxability": 20276.037,
      "d_total_taxability": 11547.441,
      "p_mean_volume": 0.31065816326530615,
      "d_mean_volume": 0.22517532467532472,
      "p_median_volume": 0.293,
      "d_median_volume": 0.193,
      "p_std_volume": 0.1895140086417912,
      "d_std_volume": 0.09946550839866555,
      "p_total_volume": 60.889,
      "d_total_volume": 34.67700000000001,
      "d_max_priority": 1,
      "used_volume": 0.7458779430139403,
      "used_weight": 0.09939518181818184,
      "unload_obs": 1,
      "hs_cond": 1,
      "p_cond": 0
    },
    {
      "iteration": 321,
      "time": "283.9372389316559",
      "n_placed": 206,
      "n_discard": 144,
      "p_mean_weight": 10.57798058252427,
      "d_mean_weight": 8.374583333333334,
      "p_median_weight": 8.112,
      "d_median_weight": 5.88,
      "p_std_weight": 6.336282423153389,
      "d_std_weight": 4.510191401982568,
      "p_total_weight": 2179.064,
      "d_total_weight": 1205.94,
      "p_mean_taxability": 98.36108737864076,
      "d_mean_taxability": 80.285375,
      "p_total_taxability": 20262.384,
      "d_total_taxability": 11561.094000000001,
      "p_mean_volume": 0.295378640776699,
      "d_mean_volume": 0.24109722222222224,
      "p_median_volume": 0.226,
      "d_median_volume": 0.193,
      "p_std_volume": 0.18855098897644945,
      "d_std_volume": 0.1060949119509524,
      "p_total_volume": 60.848,
      "d_total_volume": 34.718,
      "d_max_priority": 1,
      "used_volume": 0.7453757013009286,
      "used_weight": 0.09904836363636363,
      "unload_obs": 2,
      "hs_cond": 1,
      "p_cond": 0
    }
  ],
  "weight": [
    {
      "iteration": 163,
      "time": "307.55628418922424",
      "n_placed": 200,
      "n_discard": 150,
      "p_mean_weight": 11.118110000000001,
      "d_mean_weight": 7.742546666666666,
      "p_median_weight": 10.795,
      "d_median_weight": 5.88,
      "p_std_weight": 6.28304567568258,
      "d_std_weight": 4.27123671571832,
      "p_total_weight": 2223.6220000000003,
      "d_total_weight": 1161.3819999999998,
      "p_mean_taxability": 101.803095,
      "d_mean_taxability": 76.41906,
      "p_total_taxability": 20360.619,
      "d_total_taxability": 11462.859,
      "p_mean_volume": 0.305715,
      "d_mean_volume": 0.22948666666666673,
      "p_median_volume": 0.293,
      "d_median_volume": 0.194,
      "p_std_volume": 0.1844325094109989,
      "d_std_volume": 0.11233594969038703,
      "p_total_volume": 61.143,
      "d_total_volume": 34.42300000000001,
      "d_max_priority": 0,
      "used_volume": 0.7489893916750374,
      "used_weight": 0.10107372727272729,
      "unload_obs": 1,
      "hs_cond": 1,
      "p_cond": 1
    },
    {
      "iteration": 307,
      "time": "223.06627655029297",
      "n_placed": 210,
      "n_discard": 140,
      "p_mean_weight": 10.471400000000001,
      "d_mean_weight": 8.471499999999999,
      "p_median_weight": 8.06,
      "d_median_weight": 7.564,
      "p_std_weight": 6.410644706435782,
      "d_std_weight": 4.346246515072997,
      "p_total_weight": 2198.994,
      "d_total_weight": 1186.0099999999998,
      "p_mean_taxability": 97.33431428571427,
      "d_mean_taxability": 81.30908571428571,
      "p_total_taxability": 20440.206,
      "d_total_taxability": 11383.272,
      "p_mean_volume": 0.2922952380952381,
      "d_mean_volume": 0.2441714285714286,
      "p_median_volume": 0.216,
      "d_median_volume": 0.195,
      "p_std_volume": 0.18776685246950986,
      "d_std_volume": 0.10676013205548995,
      "p_total_volume": 61.382000000000005,
      "d_total_volume": 34.184000000000005,
      "d_max_priority": 0,
      "used_volume": 0.7519170933679595,
      "used_weight": 0.09995427272727274,
      "unload_obs": 1,
      "hs_cond": 1,
      "p_cond": 1
    },
    {
      "iteration": 106,
      "time": "317.7683439254761",
      "n_placed": 199,
      "n_discard": 151,
      "p_mean_weight": 11.0065175879397,
      "d_mean_weight": 7.9119668874172175,
      "p_median_weight": 9.394,
      "d_median_weight": 5.88,
      "p_std_weight": 6.213330904411853,
      "d_std_weight": 4.53486519816884,
      "p_total_weight": 2190.297,
      "d_total_weight": 1194.7069999999999,