{
  "volume": [
    {
      "iteration": 307,
      "time": "223.06627655029297",
      "n_placed": 210,
      "n_discard": 140,
      "p_mean_weight": 10.471400000000001,
      "d_mean_weight": 8.471499999999999,
      "p_median_weight": 8.06,
      "d_median_weight": 7.564,
      "p_std_weight": 6.410644706435782,
      "d_std_weight": 4.346246515072997,
      "p_total_weight": 2198.994,
      "d_total_weight": 1186.0099999999998,
      "p_mean_taxability": 97.33431428571427,
      "d_mean_taxability": 81.30908571428571,
      "p_total_taxability": 20440.206,
      "d_total_taxability": 11383.272,
      "p_mean_volume": 0.2922952380952381,
      "d_mean_volume": 0.2441714285714286,
      "p_median_volume": 0.216,
      "d_median_volume": 0.195,
      "p_std_volume": 0.18776685246950986,
      "d_std_volume": 0.10676013205548995,
      "p_total_volume": 61.382000000000005,
      "d_total_volume": 34.184000000000005,
      "d_max_priority": 0,
      "used_volume": 0.7519170933679595,
      "used_weight": 0.09995427272727274,
      "unload_obs": 1,
      "hs_cond": 1,
      "p_cond": 1
    },
    {
      "iteration": 163,
      "time": "307.55628418922424",
      "n_placed": 200,
      "n_discard": 150,
      "p_mean_weight": 11.118110000000001,
      "d_mean_weight": 7.742546666666666,
      "p_median_weight": 10.795,
      "d_median_weight": 5.88,
      "p_std_weight": 6.28304567568258,
      "d_std_weight": 4.27123671571832,
      "p_total_weight": 2223.6220000000003,
      "d_total_weight": 1161.3819999999998,
      "p_mean_taxability": 101.803095,
      "d_mean_taxability": 76.41906,
      "p_total_taxability": 20360.619,
      "d_total_taxability": 11462.859,
      "p_mean_volume": 0.305715,
      "d_mean_volume": 0.22948666666666673,
      "p_median_volume": 0.293,
      "d_median_volume": 0.194,
      "p_std_volume": 0.1844325094109989,
      "d_std_volume": 0.11233594969038703,
      "p_total_volume": 61.143,
      "d_total_volume": 34.42300000000001,
      "d_max_priority": 0,
      "used_volume": 0.7489893916750374,
      "used_weight": 0.10107372727272729,
      "unload_obs": 1,
      "hs_cond": 1,
      "p_cond": 1
    },
    {
      "iteration": 354,
      "time": "242.84877133369446",
      "n_placed": 178,
      "n_discard": 172,
      "p_mean_weight": 12.223730337078653,
      "d_mean_weight": 7.030116279069767,
      "p_median_weight": 12.823,
      "d_median_weight": 5.439,
      "p_std_weight": 6.287405477968253,
      "d_std_weight": 3.5821427182953456,
      "p_total_weight": 2175.824,
      "d_total_weight": 1209.1799999999998,
      "p_mean_taxability": 113.99637640449438,
      "d_mean_taxability": 67.04722674418605,
      "p_total_taxability": 20291.355,
      "d_total_taxability": 11532.123,
      "p_mean_volume": 0.3423314606741573,
      "d_mean_volume": 0.20134302325581396,
      "p_median_volume": 0.363,
      "d_median_volume": 0.188,
      "p_std_volume": 0.1851300877764451,
      "d_std_volume": 0.08859747866555906,
      "p_total_volume": 60.935,
      "d_total_volume": 34.631,
      "d_max_priority": 0,
      "used_volume": 0.7464414337163437,
      "used_weight": 0.09890109090909091,
      "unload_obs": 1,
      "hs_cond": 1,
      "p_cond": 1
    },
    {
      "iteration": 144,
      "time": "212.80244851112366",
      "n_placed": 191,
      "n_discard": 159,
      "p_mean_weight": 11.38361780104712,
      "d_mean_weight": 7.614672955974842,
      "p_median_weight": 10.795,
      "d_median_weight": 5.439,
      "p_std_weight": 6.334978827322853,
      "d_std_weight": 4.128614705447354,
      "p_total_weight": 2174.2709999999997,
      "d_total_weight": 1210.733,
      "p_mean_taxability": 105.41454973821989,
      "d_mean_taxability": 73.51760377358491,
      "p_total_taxability": 20134.179,
      "d_total_taxability": 11689.299,
      "p_mean_volume": 0.31656020942408375,
      "d_mean_volume": 0.22077358490566043,
      "p_median_volume": 0.293,
      "d_median_volume": 0.188,
      "p_std_volume": 0.1855389171489314,
      "d_std_volume": 0.10704919752259552,
      "p_total_volume": 60.463,
      "d_total_volume": 35.10300000000001,
      "d_max_priority": 0,
      "used_volume": 0.7406595291177696,
      "used_weight": 0.09883049999999999,
      "unload_obs": 0,
      "hs_cond": 1,
      "p_cond": 1
    },
    {
      "iteration": 44,
      "time": "320.9402368068695",
      "n_placed": 205,
      "n_discard": 145,
      "p_mean_weight": 10.52510731707317,
      "d_mean_weight": 8.464531034482759,
      "p_median_weight": 8.112,
      "d_median_weight": 5.88,
      "p_std_weight": 6.162376140281356,
      "d_std_weight": 4.8899820737219315,
      "p_total_weight": 2157.647,
      "d_total_weight": 1227.357,
      "p_mean_taxability": 98.18951707317072,
      "d_mean_taxability": 80.6526,
      "p_total_taxability": 20128.851,
      "d_total_taxability": 11694.627,
      "p_mean_volume": 0.29486341463414634,
      "d_mean_volume": 0.2422,
      "p_median_volume": 0.216,
      "d_median_volume": 0.193,
      "p_std_volume": 0.18271493085917023,
      "d_std_volume": 0.12080094968353701,
      "p_total_volume": 60.447,
      "d_total_volume": 35.119,
      "d_max_priority": 0,
      "used_volume": 0.7404635323517162,
      "used_weight": 0.09807486363636363,
      "unload_obs": 0,
      "hs_cond": 1,
      "p_cond": 1
    }
  ],
  "weight": [
    {
      "iteration": 163,
      "time": "307.55628418922424",
      "n_placed": 200,
      "n_discard": 150,
      "p_mean_weight": 11.118110000000001,
      "d_mean_weight": 7.742546666666666,
      "p_median_weight": 10.795,
      "d_median_weight": 5.88,
      "p_std_weight": 6.28304567568258,
      "d_std_weight": 4.27123671571832,
      "p_total_weight": 2223.6220000000003,
      "d_total_weight": 1161.3819999999998,
      "p_mean_taxability": 101.803095,
      "d_mean_taxability": 76.41906,
      "p_total_taxability": 20360.619,
      "d_total_taxability": 11462.859,
      "p_mean_volume": 0.305715,
      "d_mean_volume": 0.22948666666666673,
      "p_median_volume": 0.293,
      "d_median_volume": 0.194,
      "p_std_volume": 0.1844325094109989,
      "d_std_volume": 0.11233594969038703,
      "p_total_volume": 61.143,
      "d_total_volume": 34.42300000000001,
      "d_max_priority": 0,
      "used_volume": 0.7489893916750374,
      "used_weight": 0.10107372727272729,
      "unload_obs": 1,
      "hs_cond": 1,
      "p_cond": 1
    },
    {
      "iteration": 307,
      "time": "223.06627655029297",
      "n_placed": 210,
      "n_discard": 140,
      "p_mean_weight": 10.471400000000001,
      "d_mean_weight": 8.471499999999999,
      "p_median_weight": 8.06,
      "d_median_weight": 7.564,
      "p_std_weight": 6.410644706435782,
      "d_std_weight": 4.346246515072997,
      "p_total_weight": 2198.994,
      "d_total_weight": 1186.0099999999998,
      "p_mean_taxability": 97.33431428571427,
      "d_mean_taxability": 81.30908571428571,
      "p_total_taxability": 20440.206,
      "d_total_taxability": 11383.272,
      "p_mean_volume": 0.2922952380952381,
      "d_mean_volume": 0.2441714285714286,
      "p_median_volume": 0.216,
      "d_median_volume": 0.195,
      "p_std_volume": 0.18776685246950986,
      "d_std_volume": 0.10676013205548995,
      "p_total_volume": 61.382000000000005,
      "d_total_volume": 34.184000000000005,
      "d_max_priority": 0,
      "used_volume": 0.7519170933679595,
      "used_weight": 0.09995427272727274,
      "unload_obs": 1,
      "hs_cond": 1,
      "p_cond": 1
    },
    {
      "iteration": 106,
      "time": "317.7683439254761",
      "n_placed": 199,
      "n_discard": 151,
      "p_mean_weight": 11.0065175879397,
      "d_mean_weight": 7.9119668874172175,
      "p_median_weight": 9.394,
      "d_median_weight": 5.88,
      "p_std_weight": 6.213330904411853,
      "d_std_weight": 4.53486519816884,
      "p_total_weight": 2190.297,
      "d_total_weight": 1194.7069999999999,