{
  "volume": [
    {
      "iteration": 310,
      "time": "426.5735716819763",
      "n_placed": 271,
      "n_discard": 129,
      "p_mean_weight": 9.638523985239853,
      "d_mean_weight": 4.565496124031008,
      "p_median_weight": 6.37,
      "d_median_weight": 3.19,
      "p_std_weight": 7.847739431905806,
      "d_std_weight": 3.4194435039839433,
      "p_total_weight": 2612.0400000000004,
      "d_total_weight": 588.9490000000001,
      "p_mean_taxability": 80.5528228782288,
      "d_mean_taxability": 40.15876744186047,
      "p_total_taxability": 21829.815000000002,
      "d_total_taxability": 5180.481000000001,
      "p_mean_volume": 0.2419003690036901,
      "d_mean_volume": 0.12059689922480621,
      "p_median_volume": 0.138,
      "d_median_volume": 0.078,
      "p_std_volume": 0.18931240406586322,
      "d_std_volume": 0.09060909510258933,
      "p_total_volume": 65.55500000000002,
      "d_total_volume": 15.557,
      "d_max_priority": 0,
      "used_volume": 0.8030354999142517,
      "used_weight": 0.11872909090909092,
      "unload_obs": 0,
      "hs_cond": 1,
      "p_cond": 1
    },
    {
      "iteration": 6,
      "time": "498.79205203056335",
      "n_placed": 265,
      "n_discard": 135,
      "p_mean_weight": 9.772630188679244,
      "d_mean_weight": 4.527718518518518,
      "p_median_weight": 6.37,
      "d_median_weight": 3.582,
      "p_std_weight": 7.94112688356655,
      "d_std_weight": 3.073470967139357,
      "p_total_weight": 2589.747,
      "d_total_weight": 611.242,
      "p_mean_taxability": 81.84511698113207,
      "d_mean_taxability": 39.41733333333333,
      "p_total_taxability": 21688.956,
      "d_total_taxability": 5321.34,
      "p_mean_volume": 0.24578113207547173,
      "d_mean_volume": 0.11837037037037038,
      "p_median_volume": 0.15,
      "d_median_volume": 0.09,
      "p_std_volume": 0.19236291169081451,
      "d_std_volume": 0.07691192294860953,
      "p_total_volume": 65.132,
      "d_total_volume": 15.98,
      "d_max_priority": 0,
      "used_volume": 0.7978538354117157,
      "used_weight": 0.11771577272727272,
      "unload_obs": 0,
      "hs_cond": 1,
      "p_cond": 1
    },
    {
      "iteration": 206,
      "time": "469.89766907691956",
      "n_placed": 265,
      "n_discard": 135,
      "p_mean_weight": 9.749901886792454,
      "d_mean_weight": 4.572333333333334,
      "p_median_weight": 7.643,
      "d_median_weight": 3.582,
      "p_std_weight": 7.868190605179074,
      "d_std_weight": 3.490904813642224,
      "p_total_weight": 2583.724,
      "d_total_weight": 617.2650000000001,
      "p_mean_taxability": 81.7194566037736,
      "d_mean_taxability": 39.664,
      "p_total_taxability": 21655.656000000003,
      "d_total_taxability": 5354.64,
      "p_mean_volume": 0.2454037735849057,
      "d_mean_volume": 0.1191111111111111,
      "p_median_volume": 0.194,
      "d_median_volume": 0.09,
      "p_std_volume": 0.1906299544435781,
      "d_std_volume": 0.08609519780206742,
      "p_total_volume": 65.03200000000001,
      "d_total_volume": 16.08,
      "d_max_priority": 0,
      "used_volume": 0.7966288556238823,
      "used_weight": 0.117442,
      "unload_obs": 0,
      "hs_cond": 1,
      "p_cond": 1
    },
    {
      "iteration": 236,
      "time": "474.7745289802551",
      "n_placed": 290,
      "n_discard": 110,
      "p_mean_weight": 8.926962068965517,
      "d_mean_weight": 5.565181818181816,
      "p_median_weight": 5.809,
      "d_median_weight": 3.19,
      "p_std_weight": 7.5577710722058224,
      "d_std_weight": 5.215908894877899,
      "p_total_weight": 2588.819,
      "d_total_weight": 612.1699999999997,
      "p_mean_taxability": 74.59659310344828,
      "d_mean_taxability": 48.884400000000014,
      "p_total_taxability": 21633.012000000002,
      "d_total_taxability": 5377.2840000000015,
      "p_mean_volume": 0.22401379310344827,
      "d_mean_volume": 0.14680000000000007,
      "p_median_volume": 0.138,
      "d_median_volume": 0.078,
      "p_std_volume": 0.18360015552861075,
      "d_std_volume": 0.12836664804486886,
      "p_total_volume": 64.964,
      "d_total_volume": 16.148000000000007,
      "d_max_priority": 0,
      "used_volume": 0.7957958693681554,
      "used_weight": 0.11767359090909091,
      "unload_obs": 0,
      "hs_cond": 1,
      "p_cond": 1
    },
    {
      "iteration": 4,
      "time": "399.4825735092163",
      "n_placed": 272,
      "n_discard": 128,
      "p_mean_weight": 9.434680147058824,
      "d_mean_weight": 4.959031250000001,
      "p_median_weight": 6.37,
      "d_median_weight": 3.616,
      "p_std_weight": 7.931760736476575,
      "d_std_weight": 3.5288033548394258,
      "p_total_weight": 2566.233,
      "d_total_weight": 634.7560000000001,
      "p_mean_taxability": 78.94303676470588,
      "d_mean_taxability": 43.26398437500001,
      "p_total_taxability": 21472.506,
      "d_total_taxability": 5537.790000000001,
      "p_mean_volume": 0.23706617647058822,
      "d_mean_volume": 0.12992187500000002,
      "p_median_volume": 0.14400000000000002,
      "d_median_volume": 0.109,
      "p_std_volume": 0.19239012111890222,
      "d_std_volume": 0.08799969661499242,
      "p_total_volume": 64.482,
      "d_total_volume": 16.630000000000003,
      "d_max_priority": 0,
      "used_volume": 0.7898914667907979,
      "used_weight": 0.11664695454545455,
      "unload_obs": 0,
      "hs_cond": 1,
      "p_cond": 1
    }
  ],
  "weight": [
    {
      "iteration": 310,
      "time": "426.5735716819763",
      "n_placed": 271,
      "n_discard": 129,
      "p_mean_weight": 9.638523985239853,
      "d_mean_weight": 4.565496124031008,
      "p_median_weight": 6.37,
      "d_median_weight": 3.19,
      "p_std_weight": 7.847739431905806,
      "d_std_weight": 3.4194435039839433,
      "p_total_weight": 2612.0400000000004,
      "d_total_weight": 588.9490000000001,
      "p_mean_taxability": 80.5528228782288,
      "d_mean_taxability": 40.15876744186047,
      "p_total_taxability": 21829.815000000002,
      "d_total_taxability": 5180.481000000001,
      "p_mean_volume": 0.2419003690036901,
      "d_mean_volume": 0.12059689922480621,
      "p_median_volume": 0.138,
      "d_median_volume": 0.078,
      "p_std_volume": 0.18931240406586322,
      "d_std_volume": 0.09060909510258933,
      "p_total_volume": 65.55500000000002,
      "d_total_volume": 15.557,
      "d_max_priority": 0,
      "used_volume": 0.8030354999142517,
      "used_weight": 0.11872909090909092,
      "unload_obs": 0,
      "hs_cond": 1,
      "p_cond": 1
    },
    {
      "iteration": 6,
      "time": "498.79205203056335",
      "n_placed": 265,
      "n_discard": 135,
      "p_mean_weight": 9.772630188679244,
      "d_mean_weight": 4.527718518518518,
      "p_median_weight": 6.37,
      "d_median_weight": 3.582,
      "p_std_weight": 7.94112688356655,
      "d_std_weight": 3.073470967139357,
      "p_total_weight": 2589.747,
      "d_total_weight": 611.242,
      "p_mean_taxability": 81.84511698113207,
      "d_mean_taxability": 39.41733333333333,
      "p_total_taxability": 21688.956,
      "d_total_taxability": 5321.34,
      "p_mean_volume": 0.24578113207547173,
      "d_mean_volume": 0.11837037037037038,
      "p_median_volume": 0.15,
      "d_median_volume": 0.09,
      "p_std_volume": 0.19236291169081451,
      "d_std_volume": 0.07691192294860953,
      "p_total_volume": 65.132,
      "d_total_volume": 15.98,
      "d_max_priority": 0,
      "used_volume": 0.7978538354117157,
      "used_weight": 0.11771577272727272,
      "unload_obs": 0,
      "hs_cond": 1,
      "p_cond": 1
    },
    {
      "iteration": 236,
      "time": "474.7745289802551",
      "n_placed": 290,
      "n_discard": 110,
      "p_mean_weight": 8.926962068965517,
      "d_mean_weight": 5.565181818181816,
      "p_median_weight": 5.809,
      "d_median_weight": 3.19,
      "p_std_weight": 7.5577710722058224,
      "d_std_weight": 5.215908894877899,
      "p_total_weight": 2588.819,