{
  "volume": [
    {
      "iteration": 175,
      "time": "79.42192912101746",
      "n_placed": 444,
      "n_discard": 208,
      "p_mean_weight": 20.19094594594595,
      "d_mean_weight": 20.41201923076923,
      "p_median_weight": 11.5,
      "d_median_weight": 12.5,
      "p_std_weight": 19.916430187868077,
      "d_std_weight": 17.837918623834625,
      "p_total_weight": 8964.78,
      "d_total_weight": 4245.7,
      "p_mean_taxability": 44.06950578828829,
      "d_mean_taxability": 48.965712836538465,
      "p_total_taxability": 19566.86057,
      "d_total_taxability": 10184.86827,
      "p_mean_volume": 0.1317051801801802,
      "d_mean_volume": 0.1470441826923077,
      "p_median_volume": 0.066495,
      "d_median_volume": 0.103385,
      "p_std_volume": 0.1449550086647156,
      "d_std_volume": 0.1173187843841603,
      "p_total_volume": 58.47710000000001,
      "d_total_volume": 30.585190000000004,
      "d_max_priority": 0,
      "used_volume": 0.7163326555111842,
      "used_weight": 0.40749,
      "unload_obs": 6,
      "hs_cond": 1,
      "p_cond": 1,
      "sub_cond": 1
    },
    {
      "iteration": 122,
      "time": "103.88508439064026",
      "n_placed": 435,
      "n_discard": 217,
      "p_mean_weight": 20.478827586206897,
      "d_mean_weight": 19.825760368663598,
      "p_median_weight": 12.1,
      "d_median_weight": 11.65,
      "p_std_weight": 19.611596758655885,
      "d_std_weight": 18.585416935948782,
      "p_total_weight": 8908.29,
      "d_total_weight": 4302.1900000000005,
      "p_mean_taxability": 44.730811425287364,
      "d_mean_taxability": 47.43698557603687,
      "p_total_taxability": 19457.902970000003,
      "d_total_taxability": 10293.82587,
      "p_mean_volume": 0.13367793103448278,
      "d_mean_volume": 0.14245341013824886,
      "p_median_volume": 0.06624000000000001,
      "d_median_volume": 0.08447,
      "p_std_volume": 0.14291549755478458,
      "d_std_volume": 0.12388724005149353,
      "p_total_volume": 58.1499,
      "d_total_volume": 30.912390000000002,
      "d_max_priority": 1,
      "used_volume": 0.7123245216453928,
      "used_weight": 0.40492227272727277,
      "unload_obs": 8,
      "hs_cond": 1,
      "p_cond": 0,
      "sub_cond": 0
    },
    {
      "iteration": 61,
      "time": "139.31501936912537",
      "n_placed": 438,
      "n_discard": 214,
      "p_mean_weight": 20.456050228310502,
      "d_mean_weight": 19.86322429906542,
      "p_median_weight": 12.22,
      "d_median_weight": 11.0,
      "p_std_weight": 19.836813260605748,
      "d_std_weight": 18.074585986106904,
      "p_total_weight": 8959.75,
      "d_total_weight": 4250.73,
      "p_mean_taxability": 44.27174175799087,
      "d_mean_taxability": 48.41451378504673,
      "p_total_taxability": 19391.02289,
      "d_total_taxability": 10360.70595,
      "p_mean_volume": 0.13236534246575343,
      "d_mean_volume": 0.14526294392523365,
      "p_median_volume": 0.068805,
      "d_median_volume": 0.08358000000000002,
      "p_std_volume": 0.14156186555415648,
      "d_std_volume": 0.12651741323571233,
      "p_total_volume": 57.976020000000005,
      "d_total_volume": 31.08627,
      "d_max_priority": 1,
      "used_volume": 0.710194526790308,
      "used_weight": 0.4072613636363636,
      "unload_obs": 8,
      "hs_cond": 1,
      "p_cond": 0,
      "sub_cond": 0
    }
  ],
  "weight": [
    {
      "iteration": 175,
      "time": "79.42192912101746",
      "n_placed": 444,
      "n_discard": 208,
      "p_mean_weight": 20.19094594594595,
      "d_mean_weight": 20.41201923076923,
      "p_median_weight": 11.5,
      "d_median_weight": 12.5,
      "p_std_weight": 19.916430187868077,
      "d_std_weight": 17.837918623834625,
      "p_total_weight": 8964.78,
      "d_total_weight": 4245.7,
      "p_mean_taxability": 44.06950578828829,
      "d_mean_taxability": 48.965712836538465,
      "p_total_taxability": 19566.86057,
      "d_total_taxability": 10184.86827,
      "p_mean_volume": 0.1317051801801802,
      "d_mean_volume": 0.1470441826923077,
      "p_median_volume": 0.066495,
      "d_median_volume": 0.103385,
      "p_std_volume": 0.1449550086647156,
      "d_std_volume": 0.1173187843841603,
      "p_total_volume": 58.47710000000001,
      "d_total_volume": 30.585190000000004,
      "d_max_priority": 0,
      "used_volume": 0.7163326555111842,
      "used_weight": 0.40749,
      "unload_obs": 6,
      "hs_cond": 1,
      "p_cond": 1,
      "sub_cond": 1
    },
    {
      "iteration": 61,
      "time": "139.31501936912537",
      "n_placed": 438,
      "n_discard": 214,
      "p_mean_weight": 20.456050228310502,
      "d_mean_weight": 19.86322429906542,
      "p_median_weight": 12.22,
      "d_median_weight": 11.0,
      "p_std_weight": 19.836813260605748,
      "d_std_weight": 18.074585986106904,
      "p_total_weight": 8959.75,
      "d_total_weight": 4250.73,
      "p_mean_taxability": 44.27174175799087,
      "d_mean_taxability": 48.41451378504673,
      "p_total_taxability": 19391.02289,
      "d_total_taxability": 10360.70595,
      "p_mean_volume": 0.13236534246575343,
      "d_mean_volume": 0.14526294392523365,
      "p_median_volume": 0.068805,
      "d_median_volume": 0.08358000000000002,
      "p_std_volume": 0.14156186555415648,
      "d_std_volume": 0.12651741323571233,
      "p_total_volume": 57.976020000000005,
      "d_total_volume": 31.08627,
      "d_max_priority": 1,
      "used_volume": 0.710194526790308,
      "used_weight": 0.4072613636363636,
      "unload_obs": 8,
      "hs_cond": 1,
      "p_cond": 0,
      "sub_cond": 0
    },
    {
      "iteration": 77,
      "time": "191.16890454292297",
      "n_placed": 428,
      "n_discard": 224,
      "p_mean_weight": 20.870630841121496,
      "d_mean_weight": 19.097544642857144,
      "p_median_weight": 12.22,
      "d_median_weight": 11.0,
      "p_std_weight": 20.320883406274735,
      "d_std_weight": 17.047524332654216,
      "p_total_weight": 8932.630000000001,
      "d_total_weight": 4277.85,
      "p_mean_taxability": 45.200782827102806,
      "d_mean_taxability": 46.4544365625,
      "p_total_taxability": 19345.93505,
      "d_total_taxability": 10405.79379,
      "p_mean_volume": 0.13507864485981308,
      "d_mean_volume": 0.13950281250000002,
      "p_median_volume": 0.069935,
      "d_median_volume": 0.07815000000000001,
      "p_std_volume": 0.14616608649335266,
      "d_std_volume": 0.11723988871712628,
      "p_total_volume": 57.81366,
      "d_total_volume": 31.248630000000002,
      "d_max_priority": 1,
      "used_volume": 0.7082056496067815,
      "used_weight": 0.4060286363636364,
      "unload_obs": 6,
      "hs_cond": 1,
      "p_cond": 0,
      "sub_cond": 0
    }
  ],
  "taxability": [
    {
      "iteration": 175,
      "time": "79.42192912101746",
      "n_placed": 444,
      "n_discard": 208,
      "p_mean_weight": 20.19094594594595,
      "d_mean_weight": 20.41201923076923,
      "p_median_weight": 11.5,
      "d_median_weight": 12.5,
      "p_std_weight": 19.916430187868077,
      "d_std_weight": 17.837918623834625,
      "p_total_weight": 8964.78,
      "d_total_weight": 4245.7,
      "p_mean_taxability": 44.06950578828829,
      "d_mean_taxability": 48.965712836538465,
      "p_total_taxability": 19566.86057,
      "d_total_taxability": 10184.86827,
      "p_mean_volume": 0.1317051801801802,
      "d_mean_volume": 0.1470441826923077,
      "p_median_volume": 0.066495,
      "d_median_volume": 0.103385,
      "p_std_volume": 0.1449550086647156,
      "d_std_volume": 0.1173187843841603,
      "p_total_volume": 58.47710000000001,
      "d_total_volume": 30.585190000000004,
      "d_max_priority": 0,
      "used_volume": 0.7163326555111842,
      "used_weight": 0.40749,
      "unload_obs": 6,
      "hs_cond": 1,
      "p_cond": 1,
      "sub_cond": 1
    },
    {
      "iteration": 122,
      "time": "103.88508439064026",
      "n_placed": 435,
      "n_discard": 217,
      "p_mean_weight": 20.478827586206897,