{
  "volume": [
    {
      "iteration": 114,
      "time": "38.28012442588806",
      "n_placed": 251,
      "n_discard": 107,
      "p_mean_weight": 38.40294820717131,
      "d_mean_weight": 38.54803738317757,
      "p_median_weight": 35.0,
      "d_median_weight": 37.0,
      "p_std_weight": 24.7089006326325,
      "d_std_weight": 20.053322852648424,
      "p_total_weight": 9639.14,
      "d_total_weight": 4124.64,
      "p_mean_taxability": 82.7809279681275,
      "d_mean_taxability": 99.1290271962617,
      "p_total_taxability": 20778.01292,
      "d_total_taxability": 10606.805910000003,
      "p_mean_volume": 0.2483523505976096,
      "d_mean_volume": 0.2976847663551402,
      "p_median_volume": 0.25646,
      "d_median_volume": 0.29931,
      "p_std_volume": 0.15581767880074646,
      "d_std_volume": 0.16016125112809462,
      "p_total_volume": 62.33644000000001,
      "d_total_volume": 31.85227,
      "d_max_priority": 0,
      "used_volume": 0.7636087904549577,
      "used_weight": 0.43814272727272724,
      "unload_obs": 0,
      "hs_cond": 1,
      "p_cond": 1,
      "sub_cond": 1
    },
    {
      "iteration": 128,
      "time": "31.24356985092163",
      "n_placed": 248,
      "n_discard": 110,
      "p_mean_weight": 38.891088709677426,
      "d_mean_weight": 37.44354545454546,
      "p_median_weight": 35.55,
      "d_median_weight": 36.5,
      "p_std_weight": 24.54343988360299,
      "d_std_weight": 20.612807258940865,
      "p_total_weight": 9644.990000000002,
      "d_total_weight": 4118.79,
      "p_mean_taxability": 83.65513907258065,
      "d_mean_taxability": 96.71222127272729,
      "p_total_taxability": 20746.47449,
      "d_total_taxability": 10638.344340000001,
      "p_mean_volume": 0.2509747177419355,
      "d_mean_volume": 0.29042709090909086,
      "p_median_volume": 0.259805,
      "d_median_volume": 0.29636000000000007,
      "p_std_volume": 0.15482422322455233,
      "d_std_volume": 0.16401230986104356,
      "p_total_volume": 62.24173000000001,
      "d_total_volume": 31.946979999999996,
      "d_max_priority": 0,
      "used_volume": 0.7624486120979005,
      "used_weight": 0.4384086363636364,
      "unload_obs": 1,
      "hs_cond": 1,
      "p_cond": 1,
      "sub_cond": 1
    },
    {
      "iteration": 52,
      "time": "37.59771656990051",
      "n_placed": 233,
      "n_discard": 125,
      "p_mean_weight": 40.9149356223176,
      "d_mean_weight": 33.844800000000006,
      "p_median_weight": 37.09,
      "d_median_weight": 33.8,
      "p_std_weight": 26.239022090695567,
      "d_std_weight": 15.929514633271566,
      "p_total_weight": 9533.18,
      "d_total_weight": 4230.6,
      "p_mean_taxability": 87.37363360515023,
      "d_mean_taxability": 88.21409760000002,
      "p_total_taxability": 20358.056630000003,
      "d_total_taxability": 11026.762200000003,
      "p_mean_volume": 0.26212579399141633,
      "d_mean_volume": 0.26490720000000006,
      "p_median_volume": 0.26624000000000003,
      "d_median_volume": 0.28301000000000004,
      "p_std_volume": 0.17832481924313093,
      "d_std_volume": 0.11335301886071986,
      "p_total_volume": 61.07531000000001,
      "d_total_volume": 33.113400000000006,
      "d_max_priority": 0,
      "used_volume": 0.748160202856653,
      "used_weight": 0.4333263636363637,
      "unload_obs": 0,
      "hs_cond": 1,
      "p_cond": 1,
      "sub_cond": 1
    }
  ],
  "weight": [
    {
      "iteration": 128,
      "time": "31.24356985092163",
      "n_placed": 248,
      "n_discard": 110,
      "p_mean_weight": 38.891088709677426,
      "d_mean_weight": 37.44354545454546,
      "p_median_weight": 35.55,
      "d_median_weight": 36.5,
      "p_std_weight": 24.54343988360299,
      "d_std_weight": 20.612807258940865,
      "p_total_weight": 9644.990000000002,
      "d_total_weight": 4118.79,
      "p_mean_taxability": 83.65513907258065,
      "d_mean_taxability": 96.71222127272729,
      "p_total_taxability": 20746.47449,
      "d_total_taxability": 10638.344340000001,
      "p_mean_volume": 0.2509747177419355,
      "d_mean_volume": 0.29042709090909086,
      "p_median_volume": 0.259805,
      "d_median_volume": 0.29636000000000007,
      "p_std_volume": 0.15482422322455233,
      "d_std_volume": 0.16401230986104356,
      "p_total_volume": 62.24173000000001,
      "d_total_volume": 31.946979999999996,
      "d_max_priority": 0,
      "used_volume": 0.7624486120979005,
      "used_weight": 0.4384086363636364,
      "unload_obs": 1,
      "hs_cond": 1,
      "p_cond": 1,
      "sub_cond": 1
    },
    {
      "iteration": 114,
      "time": "38.28012442588806",
      "n_placed": 251,
      "n_discard": 107,
      "p_mean_weight": 38.40294820717131,
      "d_mean_weight": 38.54803738317757,
      "p_median_weight": 35.0,
      "d_median_weight": 37.0,
      "p_std_weight": 24.7089006326325,
      "d_std_weight": 20.053322852648424,
      "p_total_weight": 9639.14,
      "d_total_weight": 4124.64,
      "p_mean_taxability": 82.7809279681275,
      "d_mean_taxability": 99.1290271962617,
      "p_total_taxability": 20778.01292,
      "d_total_taxability": 10606.805910000003,
      "p_mean_volume": 0.2483523505976096,
      "d_mean_volume": 0.2976847663551402,
      "p_median_volume": 0.25646,
      "d_median_volume": 0.29931,
      "p_std_volume": 0.15581767880074646,
      "d_std_volume": 0.16016125112809462,
      "p_total_volume": 62.33644000000001,
      "d_total_volume": 31.85227,
      "d_max_priority": 0,
      "used_volume": 0.7636087904549577,
      "used_weight": 0.43814272727272724,
      "unload_obs": 0,
      "hs_cond": 1,
      "p_cond": 1,
      "sub_cond": 1
    },
    {
      "iteration": 52,
      "time": "37.59771656990051",
      "n_placed": 233,
      "n_discard": 125,
      "p_mean_weight": 40.9149356223176,
      "d_mean_weight": 33.844800000000006,
      "p_median_weight": 37.09,
      "d_median_weight": 33.8,
      "p_std_weight": 26.239022090695567,
      "d_std_weight": 15.929514633271566,
      "p_total_weight": 9533.18,
      "d_total_weight": 4230.6,
      "p_mean_taxability": 87.37363360515023,
      "d_mean_taxability": 88.21409760000002,
      "p_total_taxability": 20358.056630000003,
      "d_total_taxability": 11026.762200000003,
      "p_mean_volume": 0.26212579399141633,
      "d_mean_volume": 0.26490720000000006,
      "p_median_volume": 0.26624000000000003,
      "d_median_volume": 0.28301000000000004,
      "p_std_volume": 0.17832481924313093,
      "d_std_volume": 0.11335301886071986,
      "p_total_volume": 61.07531000000001,
      "d_total_volume": 33.113400000000006,
      "d_max_priority": 0,
      "used_volume": 0.748160202856653,
      "used_weight": 0.4333263636363637,
      "unload_obs": 0,
      "hs_cond": 1,
      "p_cond": 1,
      "sub_cond": 1
    }
  ],
  "taxability": [
    {
      "iteration": 114,
      "time": "38.28012442588806",
      "n_placed": 251,
      "n_discard": 107,
      "p_mean_weight": 38.40294820717131,
      "d_mean_weight": 38.54803738317757,
      "p_median_weight": 35.0,
      "d_median_weight": 37.0,
      "p_std_weight": 24.7089006326325,
      "d_std_weight": 20.053322852648424,
      "p_total_weight": 9639.14,
      "d_total_weight": 4124.64,
      "p_mean_taxability": 82.7809279681275,
      "d_mean_taxability": 99.1290271962617,
      "p_total_taxability": 20778.01292,
      "d_total_taxability": 10606.805910000003,
      "p_mean_volume": 0.2483523505976096,
      "d_mean_volume": 0.2976847663551402,
      "p_median_volume": 0.25646,
      "d_median_volume": 0.29931,
      "p_std_volume": 0.15581767880074646,
      "d_std_volume": 0.16016125112809462,
      "p_total_volume": 62.33644000000001,
      "d_total_volume": 31.85227,
      "d_max_priority": 0,
      "used_volume": 0.7636087904549577,
      "used_weight": 0.43814272727272724,
      "unload_obs": 0,
      "hs_cond": 1,
      "p_cond": 1,
      "sub_cond": 1
    },
    {
      "iteration": 128,
      "time": "31.24356985092163",