{
  "volume": [
    {
      "iteration": 133,
      "time": "47.920494556427",
      "n_placed": 341,
      "n_discard": 178,
      "p_mean_weight": 24.07231671554252,
      "d_mean_weight": 26.922528089887642,
      "p_median_weight": 15.0,
      "d_median_weight": 11.57,
      "p_std_weight": 20.09981825128502,
      "d_std_weight": 23.581537109414842,
      "p_total_weight": 8208.66,
      "d_total_weight": 4792.21,
      "p_mean_taxability": 52.16412563049854,
      "d_mean_taxability": 62.14672365168539,
      "p_total_taxability": 17787.96684,
      "d_total_taxability": 11062.11681,
      "p_mean_volume": 0.1553851026392962,
      "d_mean_volume": 0.18662679775280902,
      "p_median_volume": 0.1009,
      "d_median_volume": 0.09553,
      "p_std_volume": 0.12975399563292847,
      "d_std_volume": 0.1525409341537954,
      "p_total_volume": 52.986320000000006,
      "d_total_volume": 33.219570000000004,
      "d_max_priority": 0,
      "used_volume": 0.6490717103167798,
      "used_weight": 0.37312090909090906,
      "unload_obs": 7,
      "hs_cond": 1,
      "p_cond": 1,
      "sub_cond": 1
    },
    {
      "iteration": 18,
      "time": "81.26916289329529",
      "n_placed": 331,
      "n_discard": 188,
      "p_mean_weight": 24.64679758308157,
      "d_mean_weight": 25.759468085106377,
      "p_median_weight": 16.0,
      "d_median_weight": 10.7,
      "p_std_weight": 20.138926862372635,
      "d_std_weight": 23.440684950433937,
      "p_total_weight": 8158.09,
      "d_total_weight": 4842.779999999999,
      "p_mean_taxability": 53.41747350453172,
      "d_mean_taxability": 59.409042127659575,
      "p_total_taxability": 17681.18373,
      "d_total_taxability": 11168.89992,
      "p_mean_volume": 0.1591107250755287,
      "d_mean_volume": 0.17840553191489364,
      "p_median_volume": 0.10494,
      "d_median_volume": 0.08302500000000002,
      "p_std_volume": 0.12994299911681534,
      "d_std_volume": 0.15234780076207782,
      "p_total_volume": 52.66565,
      "d_total_volume": 33.540240000000004,
      "d_max_priority": 0,
      "used_volume": 0.6451435676311341,
      "used_weight": 0.37082227272727275,
      "unload_obs": 7,
      "hs_cond": 1,
      "p_cond": 1,
      "sub_cond": 1
    },
    {
      "iteration": 156,
      "time": "40.566128730773926",
      "n_placed": 325,
      "n_discard": 194,
      "p_mean_weight": 25.17363076923077,
      "d_mean_weight": 24.842474226804125,
      "p_median_weight": 15.55,
      "d_median_weight": 11.75,
      "p_std_weight": 21.096766011868837,
      "d_std_weight": 21.89489540106745,
      "p_total_weight": 8181.43,
      "d_total_weight": 4819.4400000000005,
      "p_mean_taxability": 54.21411913846154,
      "d_mean_taxability": 57.88914912371134,
      "p_total_taxability": 17619.58872,
      "d_total_taxability": 11230.49493,
      "p_mean_volume": 0.16147901538461537,
      "d_mean_volume": 0.17384128865979384,
      "p_median_volume": 0.10070000000000001,
      "d_median_volume": 0.09578,
      "p_std_volume": 0.13594300399369588,
      "d_std_volume": 0.14307399263596818,
      "p_total_volume": 52.48068,
      "d_total_volume": 33.725210000000004,
      "d_max_priority": 0,
      "used_volume": 0.6428777225175785,
      "used_weight": 0.3718831818181818,
      "unload_obs": 1,
      "hs_cond": 1,
      "p_cond": 1,
      "sub_cond": 1
    }
  ],
  "weight": [
    {
      "iteration": 133,
      "time": "47.920494556427",
      "n_placed": 341,
      "n_discard": 178,
      "p_mean_weight": 24.07231671554252,
      "d_mean_weight": 26.922528089887642,
      "p_median_weight": 15.0,
      "d_median_weight": 11.57,
      "p_std_weight": 20.09981825128502,
      "d_std_weight": 23.581537109414842,
      "p_total_weight": 8208.66,
      "d_total_weight": 4792.21,
      "p_mean_taxability": 52.16412563049854,
      "d_mean_taxability": 62.14672365168539,
      "p_total_taxability": 17787.96684,
      "d_total_taxability": 11062.11681,
      "p_mean_volume": 0.1553851026392962,
      "d_mean_volume": 0.18662679775280902,
      "p_median_volume": 0.1009,
      "d_median_volume": 0.09553,
      "p_std_volume": 0.12975399563292847,
      "d_std_volume": 0.1525409341537954,
      "p_total_volume": 52.986320000000006,
      "d_total_volume": 33.219570000000004,
      "d_max_priority": 0,
      "used_volume": 0.6490717103167798,
      "used_weight": 0.37312090909090906,
      "unload_obs": 7,
      "hs_cond": 1,
      "p_cond": 1,
      "sub_cond": 1
    },
    {
      "iteration": 156,
      "time": "40.566128730773926",
      "n_placed": 325,
      "n_discard": 194,
      "p_mean_weight": 25.17363076923077,
      "d_mean_weight": 24.842474226804125,
      "p_median_weight": 15.55,
      "d_median_weight": 11.75,
      "p_std_weight": 21.096766011868837,
      "d_std_weight": 21.89489540106745,
      "p_total_weight": 8181.43,
      "d_total_weight": 4819.4400000000005,
      "p_mean_taxability": 54.21411913846154,
      "d_mean_taxability": 57.88914912371134,
      "p_total_taxability": 17619.58872,
      "d_total_taxability": 11230.49493,
      "p_mean_volume": 0.16147901538461537,
      "d_mean_volume": 0.17384128865979384,
      "p_median_volume": 0.10070000000000001,
      "d_median_volume": 0.09578,
      "p_std_volume": 0.13594300399369588,
      "d_std_volume": 0.14307399263596818,
      "p_total_volume": 52.48068,
      "d_total_volume": 33.725210000000004,
      "d_max_priority": 0,
      "used_volume": 0.6428777225175785,
      "used_weight": 0.3718831818181818,
      "unload_obs": 1,
      "hs_cond": 1,
      "p_cond": 1,
      "sub_cond": 1
    },
    {
      "iteration": 18,
      "time": "81.26916289329529",
      "n_placed": 331,
      "n_discard": 188,
      "p_mean_weight": 24.64679758308157,
      "d_mean_weight": 25.759468085106377,
      "p_median_weight": 16.0,
      "d_median_weight": 10.7,
      "p_std_weight": 20.138926862372635,
      "d_std_weight": 23.440684950433937,
      "p_total_weight": 8158.09,
      "d_total_weight": 4842.779999999999,
      "p_mean_taxability": 53.41747350453172,
      "d_mean_taxability": 59.409042127659575,
      "p_total_taxability": 17681.18373,
      "d_total_taxability": 11168.89992,
      "p_mean_volume": 0.1591107250755287,
      "d_mean_volume": 0.17840553191489364,
      "p_median_volume": 0.10494,
      "d_median_volume": 0.08302500000000002,
      "p_std_volume": 0.12994299911681534,
      "d_std_volume": 0.15234780076207782,
      "p_total_volume": 52.66565,
      "d_total_volume": 33.540240000000004,
      "d_max_priority": 0,
      "used_volume": 0.6451435676311341,
      "used_weight": 0.37082227272727275,
      "unload_obs": 7,
      "hs_cond": 1,
      "p_cond": 1,
      "sub_cond": 1
    }
  ],
  "taxability": [
    {
      "iteration": 133,
      "time": "47.920494556427",
      "n_placed": 341,
      "n_discard": 178,
      "p_mean_weight": 24.07231671554252,
      "d_mean_weight": 26.922528089887642,
      "p_median_weight": 15.0,
      "d_median_weight": 11.57,
      "p_std_weight": 20.09981825128502,
      "d_std_weight": 23.581537109414842,
      "p_total_weight": 8208.66,
      "d_total_weight": 4792.21,
      "p_mean_taxability": 52.16412563049854,
      "d_mean_taxability": 62.14672365168539,
      "p_total_taxability": 17787.96684,
      "d_total_taxability": 11062.11681,
      "p_mean_volume": 0.1553851026392962,
      "d_mean_volume": 0.18662679775280902,
      "p_median_volume": 0.1009,
      "d_median_volume": 0.09553,
      "p_std_volume": 0.12975399563292847,
      "d_std_volume": 0.1525409341537954,
      "p_total_volume": 52.986320000000006,
      "d_total_volume": 33.219570000000004,
      "d_max_priority": 0,
      "used_volume": 0.6490717103167798,
      "used_weight": 0.37312090909090906,
      "unload_obs": 7,
      "hs_cond": 1,
      "p_cond": 1,
      "sub_cond": 1
    },
    {
      "iteration": 18,
      "time": "81.26916289329529",
      "n_placed": 331,
      "n_discard": 188,