{
  "volume": [
    {
      "iteration": 39,
      "time": "80.83857226371765",
      "n_placed": 293,
      "n_discard": 168,
      "p_mean_weight": 32.46948805460751,
      "d_mean_weight": 23.331845238095237,
      "p_median_weight": 22.36,
      "d_median_weight": 14.95,
      "p_std_weight": 26.887939689838856,
      "d_std_weight": 17.985398157230463,
      "p_total_weight": 9513.56,
      "d_total_weight": 3919.75,
      "p_mean_taxability": 71.48524259385667,
      "d_mean_taxability": 56.45507571428572,
      "p_total_taxability": 20945.176080000005,
      "d_total_taxability": 9484.452720000001,
      "p_mean_volume": 0.21346518771331063,
      "d_mean_volume": 0.16953476190476194,
      "p_median_volume": 0.14208,
      "d_median_volume": 0.1136,
      "p_std_volume": 0.19801380688953454,
      "d_std_volume": 0.12334467585679743,
      "p_total_volume": 62.54530000000001,
      "d_total_volume": 28.481840000000005,
      "d_max_priority": 1,
      "used_volume": 0.7661672832398266,
      "used_weight": 0.4324345454545454,
      "unload_obs": 3,
      "hs_cond": 1,
      "p_cond": 0,
      "sub_cond": 0
    },
    {
      "iteration": 129,
      "time": "37.03798484802246",
      "n_placed": 296,
      "n_discard": 165,
      "p_mean_weight": 32.1210472972973,
      "d_mean_weight": 23.790787878787874,
      "p_median_weight": 22.0,
      "d_median_weight": 15.0,
      "p_std_weight": 26.857823603746425,
      "d_std_weight": 18.127690716606054,
      "p_total_weight": 9507.830000000002,
      "d_total_weight": 3925.4799999999996,
      "p_mean_taxability": 70.70836125000001,
      "d_mean_taxability": 57.575478000000004,
      "p_total_taxability": 20929.67493,
      "d_total_taxability": 9499.953870000001,
      "p_mean_volume": 0.2111444256756757,
      "d_mean_volume": 0.17289933333333335,
      "p_median_volume": 0.14104,
      "d_median_volume": 0.11264,
      "p_std_volume": 0.19723082692065314,
      "d_std_volume": 0.1250729430642294,
      "p_total_volume": 62.49875000000001,
      "d_total_volume": 28.52839,
      "d_max_priority": 1,
      "used_volume": 0.7655970551485901,
      "used_weight": 0.432174090909091,
      "unload_obs": 1,
      "hs_cond": 1,
      "p_cond": 0,
      "sub_cond": 0
    },
    {
      "iteration": 66,
      "time": "40.72118091583252",
      "n_placed": 296,
      "n_discard": 165,
      "p_mean_weight": 32.06621621621622,
      "d_mean_weight": 23.889151515151518,
      "p_median_weight": 21.325,
      "d_median_weight": 17.1,
      "p_std_weight": 27.015897552176614,
      "d_std_weight": 17.74621987938251,
      "p_total_weight": 9491.6,
      "d_total_weight": 3941.7100000000005,
      "p_mean_taxability": 69.80784374999999,
      "d_mean_taxability": 59.190951818181816,
      "p_total_taxability": 20663.12175,
      "d_total_taxability": 9766.50705,
      "p_mean_volume": 0.20844016891891895,
      "d_mean_volume": 0.17775060606060608,
      "p_median_volume": 0.13815500000000003,
      "d_median_volume": 0.11639000000000001,
      "p_std_volume": 0.1971319499003061,
      "d_std_volume": 0.1266879696229734,
      "p_total_volume": 61.69829000000001,
      "d_total_volume": 29.328850000000003,
      "d_max_priority": 1,
      "used_volume": 0.7557915819388981,
      "used_weight": 0.4314363636363637,
      "unload_obs": 3,
      "hs_cond": 1,
      "p_cond": 0,
      "sub_cond": 0
    }
  ],
  "weight": [
    {
      "iteration": 39,
      "time": "80.83857226371765",
      "n_placed": 293,
      "n_discard": 168,
      "p_mean_weight": 32.46948805460751,
      "d_mean_weight": 23.331845238095237,
      "p_median_weight": 22.36,
      "d_median_weight": 14.95,
      "p_std_weight": 26.887939689838856,
      "d_std_weight": 17.985398157230463,
      "p_total_weight": 9513.56,
      "d_total_weight": 3919.75,
      "p_mean_taxability": 71.48524259385667,
      "d_mean_taxability": 56.45507571428572,
      "p_total_taxability": 20945.176080000005,
      "d_total_taxability": 9484.452720000001,
      "p_mean_volume": 0.21346518771331063,
      "d_mean_volume": 0.16953476190476194,
      "p_median_volume": 0.14208,
      "d_median_volume": 0.1136,
      "p_std_volume": 0.19801380688953454,
      "d_std_volume": 0.12334467585679743,
      "p_total_volume": 62.54530000000001,
      "d_total_volume": 28.481840000000005,
      "d_max_priority": 1,
      "used_volume": 0.7661672832398266,
      "used_weight": 0.4324345454545454,
      "unload_obs": 3,
      "hs_cond": 1,
      "p_cond": 0,
      "sub_cond": 0
    },
    {
      "iteration": 129,
      "time": "37.03798484802246",
      "n_placed": 296,
      "n_discard": 165,
      "p_mean_weight": 32.1210472972973,
      "d_mean_weight": 23.790787878787874,
      "p_median_weight": 22.0,
      "d_median_weight": 15.0,
      "p_std_weight": 26.857823603746425,
      "d_std_weight": 18.127690716606054,
      "p_total_weight": 9507.830000000002,
      "d_total_weight": 3925.4799999999996,
      "p_mean_taxability": 70.70836125000001,
      "d_mean_taxability": 57.575478000000004,
      "p_total_taxability": 20929.67493,
      "d_total_taxability": 9499.953870000001,
      "p_mean_volume": 0.2111444256756757,
      "d_mean_volume": 0.17289933333333335,
      "p_median_volume": 0.14104,
      "d_median_volume": 0.11264,
      "p_std_volume": 0.19723082692065314,
      "d_std_volume": 0.1250729430642294,
      "p_total_volume": 62.49875000000001,
      "d_total_volume": 28.52839,
      "d_max_priority": 1,
      "used_volume": 0.7655970551485901,
      "used_weight": 0.432174090909091,
      "unload_obs": 1,
      "hs_cond": 1,
      "p_cond": 0,
      "sub_cond": 0
    },
    {
      "iteration": 66,
      "time": "40.72118091583252",
      "n_placed": 296,
      "n_discard": 165,
      "p_mean_weight": 32.06621621621622,
      "d_mean_weight": 23.889151515151518,
      "p_median_weight": 21.325,
      "d_median_weight": 17.1,
      "p_std_weight": 27.015897552176614,
      "d_std_weight": 17.74621987938251,
      "p_total_weight": 9491.6,
      "d_total_weight": 3941.7100000000005,
      "p_mean_taxability": 69.80784374999999,
      "d_mean_taxability": 59.190951818181816,
      "p_total_taxability": 20663.12175,
      "d_total_taxability": 9766.50705,
      "p_mean_volume": 0.20844016891891895,
      "d_mean_volume": 0.17775060606060608,
      "p_median_volume": 0.13815500000000003,
      "d_median_volume": 0.11639000000000001,
      "p_std_volume": 0.1971319499003061,
      "d_std_volume": 0.1266879696229734,
      "p_total_volume": 61.69829000000001,
      "d_total_volume": 29.328850000000003,
      "d_max_priority": 1,
      "used_volume": 0.7557915819388981,
      "used_weight": 0.4314363636363637,
      "unload_obs": 3,
      "hs_cond": 1,
      "p_cond": 0,
      "sub_cond": 0
    }
  ],
  "taxability": [
    {
      "iteration": 39,
      "time": "80.83857226371765",
      "n_placed": 293,
      "n_discard": 168,
      "p_mean_weight": 32.46948805460751,
      "d_mean_weight": 23.331845238095237,
      "p_median_weight": 22.36,
      "d_median_weight": 14.95,
      "p_std_weight": 26.887939689838856,
      "d_std_weight": 17.985398157230463,
      "p_total_weight": 9513.56,
      "d_total_weight": 3919.75,
      "p_mean_taxability": 71.48524259385667,
      "d_mean_taxability": 56.45507571428572,
      "p_total_taxability": 20945.176080000005,
      "d_total_taxability": 9484.452720000001,
      "p_mean_volume": 0.21346518771331063,
      "d_mean_volume": 0.16953476190476194,
      "p_median_volume": 0.14208,
      "d_median_volume": 0.1136,
      "p_std_volume": 0.19801380688953454,
      "d_std_volume": 0.12334467585679743,
      "p_total_volume": 62.54530000000001,
      "d_total_volume": 28.481840000000005,
      "d_max_priority": 1,
      "used_volume": 0.7661672832398266,
      "used_weight": 0.4324345454545454,
      "unload_obs": 3,
      "hs_cond": 1,
      "p_cond": 0,
      "sub_cond": 0
    },
    {
      "iteration": 129,