{
  "volume": [
    {
      "iteration": 3,
      "time": "275.4372274875641",
      "n_placed": 394,
      "n_discard": 257,
      "p_mean_weight": 26.089035532994924,
      "d_mean_weight": 15.224863813229572,
      "p_median_weight": 14.975,
      "d_median_weight": 9.73,
      "p_std_weight": 23.53366115184652,
      "d_std_weight": 12.643502904813877,
      "p_total_weight": 10279.08,
      "d_total_weight": 3912.79,
      "p_mean_taxability": 54.90739296954315,
      "d_mean_taxability": 38.68259073929962,
      "p_total_taxability": 21633.512830000003,
      "d_total_taxability": 9941.425820000002,
      "p_mean_volume": 0.16333403553299494,
      "d_mean_volume": 0.11610906614785994,
      "p_median_volume": 0.08407500000000001,
      "d_median_volume": 0.07314000000000001,
      "p_std_volume": 0.16418822413386666,
      "d_std_volume": 0.09963860321133455,
      "p_total_volume": 64.35361,
      "d_total_volume": 29.840030000000006,
      "d_max_priority": 1,
      "used_volume": 0.7883187152411986,
      "used_weight": 0.4672309090909091,
      "unload_obs": 4,
      "hs_cond": 1,
      "p_cond": 0,
      "sub_cond": 0
    },
    {
      "iteration": 20,
      "time": "268.3894817829132",
      "n_placed": 425,
      "n_discard": 226,
      "p_mean_weight": 23.867388235294115,
      "d_mean_weight": 17.912522123893808,
      "p_median_weight": 14.6,
      "d_median_weight": 10.1,
      "p_std_weight": 21.753722247146428,
      "d_std_weight": 17.77135731230821,
      "p_total_weight": 10143.64,
      "d_total_weight": 4048.2300000000005,
      "p_mean_taxability": 50.82657007058824,
      "d_mean_taxability": 44.131178628318594,
      "p_total_taxability": 21601.29228,
      "d_total_taxability": 9973.646370000002,
      "p_mean_volume": 0.15115941176470588,
      "d_mean_volume": 0.13252606194690267,
      "p_median_volume": 0.07779000000000001,
      "d_median_volume": 0.07667000000000002,
      "p_std_volume": 0.15688248384879766,
      "d_std_volume": 0.11539423243424898,
      "p_total_volume": 64.24275,
      "d_total_volume": 29.950890000000005,
      "d_max_priority": 1,
      "used_volume": 0.7869607026484063,
      "used_weight": 0.4610745454545454,
      "unload_obs": 5,
      "hs_cond": 1,
      "p_cond": 0,
      "sub_cond": 0
    },
    {
      "iteration": 5,
      "time": "265.46388483047485",
      "n_placed": 389,
      "n_discard": 262,
      "p_mean_weight": 26.367506426735215,
      "d_mean_weight": 15.018740458015268,
      "p_median_weight": 16.1,
      "d_median_weight": 9.4,
      "p_std_weight": 23.528284584029873,
      "d_std_weight": 12.683316384109864,
      "p_total_weight": 10256.96,
      "d_total_weight": 3934.9100000000003,
      "p_mean_taxability": 55.50746524421594,
      "d_mean_taxability": 38.10127736641222,
      "p_total_taxability": 21592.403980000003,
      "d_total_taxability": 9982.534670000001,
      "p_mean_volume": 0.16511609254498713,
      "d_mean_volume": 0.11436442748091605,
      "p_median_volume": 0.0959,
      "d_median_volume": 0.071135,
      "p_std_volume": 0.1641328432180372,
      "d_std_volume": 0.10032547114466463,
      "p_total_volume": 64.23016,
      "d_total_volume": 29.963480000000004,
      "d_max_priority": 0,
      "used_volume": 0.7868064776931181,
      "used_weight": 0.4662254545454545,
      "unload_obs": 6,
      "hs_cond": 1,
      "p_cond": 1,
      "sub_cond": 1
    }
  ],
  "weight": [
    {
      "iteration": 3,
      "time": "275.4372274875641",
      "n_placed": 394,
      "n_discard": 257,
      "p_mean_weight": 26.089035532994924,
      "d_mean_weight": 15.224863813229572,
      "p_median_weight": 14.975,
      "d_median_weight": 9.73,
      "p_std_weight": 23.53366115184652,
      "d_std_weight": 12.643502904813877,
      "p_total_weight": 10279.08,
      "d_total_weight": 3912.79,
      "p_mean_taxability": 54.90739296954315,
      "d_mean_taxability": 38.68259073929962,
      "p_total_taxability": 21633.512830000003,
      "d_total_taxability": 9941.425820000002,
      "p_mean_volume": 0.16333403553299494,
      "d_mean_volume": 0.11610906614785994,
      "p_median_volume": 0.08407500000000001,
      "d_median_volume": 0.07314000000000001,
      "p_std_volume": 0.16418822413386666,
      "d_std_volume": 0.09963860321133455,
      "p_total_volume": 64.35361,
      "d_total_volume": 29.840030000000006,
      "d_max_priority": 1,
      "used_volume": 0.7883187152411986,
      "used_weight": 0.4672309090909091,
      "unload_obs": 4,
      "hs_cond": 1,
      "p_cond": 0,
      "sub_cond": 0
    },
    {
      "iteration": 5,
      "time": "265.46388483047485",
      "n_placed": 389,
      "n_discard": 262,
      "p_mean_weight": 26.367506426735215,
      "d_mean_weight": 15.018740458015268,
      "p_median_weight": 16.1,
      "d_median_weight": 9.4,
      "p_std_weight": 23.528284584029873,
      "d_std_weight": 12.683316384109864,
      "p_total_weight": 10256.96,
      "d_total_weight": 3934.9100000000003,
      "p_mean_taxability": 55.50746524421594,
      "d_mean_taxability": 38.10127736641222,
      "p_total_taxability": 21592.403980000003,
      "d_total_taxability": 9982.534670000001,
      "p_mean_volume": 0.16511609254498713,
      "d_mean_volume": 0.11436442748091605,
      "p_median_volume": 0.0959,
      "d_median_volume": 0.071135,
      "p_std_volume": 0.1641328432180372,
      "d_std_volume": 0.10032547114466463,
      "p_total_volume": 64.23016,
      "d_total_volume": 29.963480000000004,
      "d_max_priority": 0,
      "used_volume": 0.7868064776931181,
      "used_weight": 0.4662254545454545,
      "unload_obs": 6,
      "hs_cond": 1,
      "p_cond": 1,
      "sub_cond": 1
    },
    {
      "iteration": 35,
      "time": "226.4316647052765",
      "n_placed": 397,
      "n_discard": 254,
      "p_mean_weight": 25.78347607052897,
      "d_mean_weight": 15.574133858267718,
      "p_median_weight": 16.0,
      "d_median_weight": 10.02,
      "p_std_weight": 23.447913198000506,
      "d_std_weight": 13.047672692306794,
      "p_total_weight": 10236.04,
      "d_total_weight": 3955.8300000000004,
      "p_mean_taxability": 54.32345926952142,
      "d_mean_taxability": 39.40364299212599,
      "p_total_taxability": 21566.413330000003,
      "d_total_taxability": 10008.52532,
      "p_mean_volume": 0.16159221662468512,
      "d_mean_volume": 0.11827374015748032,
      "p_median_volume": 0.08479,
      "d_median_volume": 0.074565,
      "p_std_volume": 0.163386644576239,
      "d_std_volume": 0.10177989678474451,
      "p_total_volume": 64.15211,
      "d_total_volume": 30.04153,
      "d_max_priority": 1,
      "used_volume": 0.785850380968714,
      "used_weight": 0.4652745454545455,
      "unload_obs": 4,
      "hs_cond": 1,
      "p_cond": 0,
      "sub_cond": 0
    }
  ],
  "taxability": [
    {
      "iteration": 3,
      "time": "275.4372274875641",
      "n_placed": 394,
      "n_discard": 257,
      "p_mean_weight": 26.089035532994924,
      "d_mean_weight": 15.224863813229572,
      "p_median_weight": 14.975,
      "d_median_weight": 9.73,
      "p_std_weight": 23.53366115184652,
      "d_std_weight": 12.643502904813877,
      "p_total_weight": 10279.08,
      "d_total_weight": 3912.79,
      "p_mean_taxability": 54.90739296954315,
      "d_mean_taxability": 38.68259073929962,
      "p_total_taxability": 21633.512830000003,
      "d_total_taxability": 9941.425820000002,
      "p_mean_volume": 0.16333403553299494,
      "d_mean_volume": 0.11610906614785994,
      "p_median_volume": 0.08407500000000001,
      "d_median_volume": 0.07314000000000001,
      "p_std_volume": 0.16418822413386666,
      "d_std_volume": 0.09963860321133455,
      "p_total_volume": 64.35361,
      "d_total_volume": 29.840030000000006,
      "d_max_priority": 1,
      "used_volume": 0.7883187152411986,
      "used_weight": 0.4672309090909091,
      "unload_obs": 4,
      "hs_cond": 1,
      "p_cond": 0,
      "sub_cond": 0
    },
    {
      "iteration": 20,