{
  "volume": [
    {
      "iteration": 56,
      "time": "327.7452561855316",
      "n_placed": 441,
      "n_discard": 178,
      "p_mean_weight": 18.256326530612245,
      "d_mean_weight": 32.00162921348315,
      "p_median_weight": 9.0,
      "d_median_weight": 28.3,
      "p_std_weight": 22.67996135202834,
      "d_std_weight": 16.649527678193706,
      "p_total_weight": 8051.04,
      "d_total_weight": 5696.290000000001,
      "p_mean_taxability": 39.21329950113379,
      "d_mean_taxability": 76.20168084269663,
      "p_total_taxability": 17293.06508,
      "d_total_taxability": 13563.89919,
      "p_mean_volume": 0.11626272108843537,
      "d_mean_volume": 0.22883387640449437,
      "p_median_volume": 0.057800000000000004,
      "d_median_volume": 0.225385,
      "p_std_volume": 0.16740743646819153,
      "d_std_volume": 0.10533130391447561,
      "p_total_volume": 51.27186,
      "d_total_volume": 40.73243,
      "d_max_priority": 0,
      "used_volume": 0.6280699218462895,
      "used_weight": 0.36595636363636364,
      "unload_obs": 0,
      "hs_cond": 1,
      "p_cond": 1,
      "sub_cond": 1
    },
    {
      "iteration": 8,
      "time": "337.564439535141",
      "n_placed": 436,
      "n_discard": 183,
      "p_mean_weight": 18.487729357798166,
      "d_mean_weight": 31.074754098360657,
      "p_median_weight": 9.0,
      "d_median_weight": 27.45,
      "p_std_weight": 22.767387244889747,
      "d_std_weight": 17.136620476053587,
      "p_total_weight": 8060.65,
      "d_total_weight": 5686.68,
      "p_mean_taxability": 39.64651896788991,
      "d_mean_taxability": 74.1589180327869,
      "p_total_taxability": 17285.882270000002,
      "d_total_taxability": 13571.082000000002,
      "p_mean_volume": 0.11754653669724768,
      "d_mean_volume": 0.22269945355191256,
      "p_median_volume": 0.057935,
      "d_median_volume": 0.2182,
      "p_std_volume": 0.16816294041463922,
      "d_std_volume": 0.10932812208083395,
      "p_total_volume": 51.25028999999999,
      "d_total_volume": 40.754,
      "d_max_priority": 0,
      "used_volume": 0.6278056937060538,
      "used_weight": 0.3663931818181818,
      "unload_obs": 0,
      "hs_cond": 1,
      "p_cond": 1,
      "sub_cond": 1
    },
    {
      "iteration": 133,
      "time": "240.49085640907288",
      "n_placed": 438,
      "n_discard": 181,
      "p_mean_weight": 18.365205479452055,
      "d_mean_weight": 31.510331491712705,
      "p_median_weight": 9.0,
      "d_median_weight": 28.0,
      "p_std_weight": 22.72044275176873,
      "d_std_weight": 16.936894077740874,
      "p_total_weight": 8043.96,
      "d_total_weight": 5703.37,
      "p_mean_taxability": 39.4305196347032,
      "d_mean_taxability": 75.06296502762432,
      "p_total_taxability": 17270.567600000002,
      "d_total_taxability": 13586.396670000002,
      "p_mean_volume": 0.11690479452054793,
      "d_mean_volume": 0.2254143093922652,
      "p_median_volume": 0.057800000000000004,
      "d_median_volume": 0.21945,
      "p_std_volume": 0.16780980808506332,
      "d_std_volume": 0.10770142430293819,
      "p_total_volume": 51.204299999999996,
      "d_total_volume": 40.79999,
      "d_max_priority": 0,
      "used_volume": 0.6272423255016292,
      "used_weight": 0.36563454545454543,
      "unload_obs": 0,
      "hs_cond": 1,
      "p_cond": 1,
      "sub_cond": 1
    }
  ],
  "weight": [
    {
      "iteration": 8,
      "time": "337.564439535141",
      "n_placed": 436,
      "n_discard": 183,
      "p_mean_weight": 18.487729357798166,
      "d_mean_weight": 31.074754098360657,
      "p_median_weight": 9.0,
      "d_median_weight": 27.45,
      "p_std_weight": 22.767387244889747,
      "d_std_weight": 17.136620476053587,
      "p_total_weight": 8060.65,
      "d_total_weight": 5686.68,
      "p_mean_taxability": 39.64651896788991,
      "d_mean_taxability": 74.1589180327869,
      "p_total_taxability": 17285.882270000002,
      "d_total_taxability": 13571.082000000002,
      "p_mean_volume": 0.11754653669724768,
      "d_mean_volume": 0.22269945355191256,
      "p_median_volume": 0.057935,
      "d_median_volume": 0.2182,
      "p_std_volume": 0.16816294041463922,
      "d_std_volume": 0.10932812208083395,
      "p_total_volume": 51.25028999999999,
      "d_total_volume": 40.754,
      "d_max_priority": 0,
      "used_volume": 0.6278056937060538,
      "used_weight": 0.3663931818181818,
      "unload_obs": 0,
      "hs_cond": 1,
      "p_cond": 1,
      "sub_cond": 1
    },
    {
      "iteration": 56,
      "time": "327.7452561855316",
      "n_placed": 441,
      "n_discard": 178,
      "p_mean_weight": 18.256326530612245,
      "d_mean_weight": 32.00162921348315,
      "p_median_weight": 9.0,
      "d_median_weight": 28.3,
      "p_std_weight": 22.67996135202834,
      "d_std_weight": 16.649527678193706,
      "p_total_weight": 8051.04,
      "d_total_weight": 5696.290000000001,
      "p_mean_taxability": 39.21329950113379,
      "d_mean_taxability": 76.20168084269663,
      "p_total_taxability": 17293.06508,
      "d_total_taxability": 13563.89919,
      "p_mean_volume": 0.11626272108843537,
      "d_mean_volume": 0.22883387640449437,
      "p_median_volume": 0.057800000000000004,
      "d_median_volume": 0.225385,
      "p_std_volume": 0.16740743646819153,
      "d_std_volume": 0.10533130391447561,
      "p_total_volume": 51.27186,
      "d_total_volume": 40.73243,
      "d_max_priority": 0,
      "used_volume": 0.6280699218462895,
      "used_weight": 0.36595636363636364,
      "unload_obs": 0,
      "hs_cond": 1,
      "p_cond": 1,
      "sub_cond": 1
    },
    {
      "iteration": 133,
      "time": "240.49085640907288",
      "n_placed": 438,
      "n_discard": 181,
      "p_mean_weight": 18.365205479452055,
      "d_mean_weight": 31.510331491712705,
      "p_median_weight": 9.0,
      "d_median_weight": 28.0,
      "p_std_weight": 22.72044275176873,
      "d_std_weight": 16.936894077740874,
      "p_total_weight": 8043.96,
      "d_total_weight": 5703.37,
      "p_mean_taxability": 39.4305196347032,
      "d_mean_taxability": 75.06296502762432,
      "p_total_taxability": 17270.567600000002,
      "d_total_taxability": 13586.396670000002,
      "p_mean_volume": 0.11690479452054793,
      "d_mean_volume": 0.2254143093922652,
      "p_median_volume": 0.057800000000000004,
      "d_median_volume": 0.21945,
      "p_std_volume": 0.16780980808506332,
      "d_std_volume": 0.10770142430293819,
      "p_total_volume": 51.204299999999996,
      "d_total_volume": 40.79999,
      "d_max_priority": 0,
      "used_volume": 0.6272423255016292,
      "used_weight": 0.36563454545454543,
      "unload_obs": 0,
      "hs_cond": 1,
      "p_cond": 1,
      "sub_cond": 1
    }
  ],
  "taxability": [
    {
      "iteration": 56,
      "time": "327.7452561855316",
      "n_placed": 441,
      "n_discard": 178,
      "p_mean_weight": 18.256326530612245,
      "d_mean_weight": 32.00162921348315,
      "p_median_weight": 9.0,
      "d_median_weight": 28.3,
      "p_std_weight": 22.67996135202834,
      "d_std_weight": 16.649527678193706,
      "p_total_weight": 8051.04,
      "d_total_weight": 5696.290000000001,
      "p_mean_taxability": 39.21329950113379,
      "d_mean_taxability": 76.20168084269663,
      "p_total_taxability": 17293.06508,
      "d_total_taxability": 13563.89919,
      "p_mean_volume": 0.11626272108843537,
      "d_mean_volume": 0.22883387640449437,
      "p_median_volume": 0.057800000000000004,
      "d_median_volume": 0.225385,
      "p_std_volume": 0.16740743646819153,
      "d_std_volume": 0.10533130391447561,
      "p_total_volume": 51.27186,
      "d_total_volume": 40.73243,
      "d_max_priority": 0,
      "used_volume": 0.6280699218462895,
      "used_weight": 0.36595636363636364,
      "unload_obs": 0,
      "hs_cond": 1,
      "p_cond": 1,
      "sub_cond": 1
    },
    {
      "iteration": 8,
      "time": "337.564439535141",
      "n_placed": 436,
      "n_discard": 183,