{
  "volume": [
    {
      "iteration": 16,
      "time": "93.46020603179932",
      "n_placed": 327,
      "n_discard": 142,
      "p_mean_weight": 15.957217125382263,
      "d_mean_weight": 15.232183098591548,
      "p_median_weight": 8.8,
      "d_median_weight": 6.6899999999999995,
      "p_std_weight": 18.090870419595667,
      "d_std_weight": 17.7508010054485,
      "p_total_weight": 5218.01,
      "d_total_weight": 2162.97,
      "p_mean_taxability": 59.89101140672783,
      "d_mean_taxability": 83.03791183098592,
      "p_total_taxability": 19584.36073,
      "d_total_taxability": 11791.38348,
      "p_mean_volume": 0.17970269113149845,
      "d_mean_volume": 0.24936309859154934,
      "p_median_volume": 0.08003,
      "d_median_volume": 0.184875,
      "p_std_volume": 0.23357650562077442,
      "d_std_volume": 0.23774634563771846,
      "p_total_volume": 58.76277999999999,
      "d_total_volume": 35.409560000000006,
      "d_max_priority": 0,
      "used_volume": 0.7198321777690667,
      "used_weight": 0.23718227272727274,
      "unload_obs": 3,
      "hs_cond": 1,
      "p_cond": 1,
      "sub_cond": 1
    },
    {
      "iteration": 68,
      "time": "47.8955020904541",
      "n_placed": 331,
      "n_discard": 138,
      "p_mean_weight": 15.414622356495467,
      "d_mean_weight": 16.512608695652176,
      "p_median_weight": 7.85,
      "d_median_weight": 8.600000000000001,
      "p_std_weight": 18.039645349248143,
      "d_std_weight": 17.852618990609344,
      "p_total_weight": 5102.24,
      "d_total_weight": 2278.7400000000002,
      "p_mean_taxability": 59.086437583081576,
      "d_mean_taxability": 85.63864760869565,
      "p_total_taxability": 19557.61084,
      "d_total_taxability": 11818.13337,
      "p_mean_volume": 0.1772883685800604,
      "d_mean_volume": 0.257173115942029,
      "p_median_volume": 0.07629,
      "d_median_volume": 0.19957,
      "p_std_volume": 0.23641117883838456,
      "d_std_volume": 0.2287831418225365,
      "p_total_volume": 58.68244999999999,
      "d_total_volume": 35.48989,
      "d_max_priority": 0,
      "used_volume": 0.7188481515055,
      "used_weight": 0.23192,
      "unload_obs": 1,
      "hs_cond": 1,
      "p_cond": 1,
      "sub_cond": 1
    },
    {
      "iteration": 84,
      "time": "94.62442636489868",
      "n_placed": 335,
      "n_discard": 134,
      "p_mean_weight": 15.476,
      "d_mean_weight": 16.391940298507464,
      "p_median_weight": 8.15,
      "d_median_weight": 7.24,
      "p_std_weight": 17.519170512587113,
      "d_std_weight": 19.112053649547338,
      "p_total_weight": 5184.46,
      "d_total_weight": 2196.52,
      "p_mean_taxability": 58.176813791044786,
      "d_mean_taxability": 88.70531037313434,
      "p_total_taxability": 19489.232620000002,
      "d_total_taxability": 11886.511590000002,
      "p_mean_volume": 0.17455853731343282,
      "d_mean_volume": 0.26638231343283586,
      "p_median_volume": 0.08092,
      "d_median_volume": 0.193625,
      "p_std_volume": 0.22602914149052541,
      "d_std_volume": 0.25079300451898656,
      "p_total_volume": 58.477109999999996,
      "d_total_volume": 35.69523,
      "d_max_priority": 0,
      "used_volume": 0.7163327780091628,
      "used_weight": 0.23565727272727272,
      "unload_obs": 2,
      "hs_cond": 1,
      "p_cond": 1,
      "sub_cond": 1
    }
  ],
  "weight": [
    {
      "iteration": 4,
      "time": "57.99018096923828",
      "n_placed": 337,
      "n_discard": 132,
      "p_mean_weight": 15.516854599406528,
      "d_mean_weight": 16.30151515151515,
      "p_median_weight": 8.8,
      "d_median_weight": 6.6899999999999995,
      "p_std_weight": 17.594116463313213,
      "d_std_weight": 18.962564747652912,
      "p_total_weight": 5229.18,
      "d_total_weight": 2151.7999999999997,
      "p_mean_taxability": 57.7577868545994,
      "d_mean_taxability": 90.23765181818182,
      "p_total_taxability": 19464.37417,
      "d_total_taxability": 11911.37004,
      "p_mean_volume": 0.17330106824925817,
      "d_mean_volume": 0.2709839393939394,
      "p_median_volume": 0.08092,
      "d_median_volume": 0.18762,
      "p_std_volume": 0.2252349672129154,
      "d_std_volume": 0.2514923639432563,
      "p_total_volume": 58.402460000000005,
      "d_total_volume": 35.76988,
      "d_max_priority": 0,
      "used_volume": 0.7154183305975452,
      "used_weight": 0.23769,
      "unload_obs": 0,
      "hs_cond": 1,
      "p_cond": 1,
      "sub_cond": 1
    },
    {
      "iteration": 42,
      "time": "96.95040726661682",
      "n_placed": 337,
      "n_discard": 132,
      "p_mean_weight": 15.514688427299703,
      "d_mean_weight": 16.307045454545452,
      "p_median_weight": 8.8,
      "d_median_weight": 6.6899999999999995,
      "p_std_weight": 17.59591815425737,
      "d_std_weight": 18.95804462726895,
      "p_total_weight": 5228.45,
      "d_total_weight": 2152.5299999999997,
      "p_mean_taxability": 57.72876545994065,
      "d_mean_taxability": 90.31174431818182,
      "p_total_taxability": 19454.59396,
      "d_total_taxability": 11921.15025,
      "p_mean_volume": 0.1732139169139466,
      "d_mean_volume": 0.2712064393939394,
      "p_median_volume": 0.08092,
      "d_median_volume": 0.18762,
      "p_std_volume": 0.2252779494672298,
      "d_std_volume": 0.2513063317918506,
      "p_total_volume": 58.373090000000005,
      "d_total_volume": 35.79925,
      "d_max_priority": 0,
      "used_volume": 0.7150585540338585,
      "used_weight": 0.23765681818181816,
      "unload_obs": 0,
      "hs_cond": 1,
      "p_cond": 1,
      "sub_cond": 1
    },
    {
      "iteration": 125,
      "time": "44.67817831039429",
      "n_placed": 336,
      "n_discard": 133,
      "p_mean_weight": 15.556309523809524,
      "d_mean_weight": 16.195939849624057,
      "p_median_weight": 8.8,
      "d_median_weight": 6.43,
      "p_std_weight": 17.6055528404348,
      "d_std_weight": 18.92948273787816,
      "p_total_weight": 5226.92,
      "d_total_weight": 2154.0599999999995,
      "p_mean_taxability": 57.85116244047619,
      "d_mean_taxability": 89.75754609022556,
      "p_total_taxability": 19437.990579999998,
      "d_total_taxability": 11937.75363,
      "p_mean_volume": 0.17358104166666669,
      "d_mean_volume": 0.26954218045112777,
      "p_median_volume": 0.08113000000000001,
      "d_median_volume": 0.18705,
      "p_std_volume": 0.22551230366894814,
      "d_std_volume": 0.25108871869332977,
      "p_total_volume": 58.32323,
      "d_total_volume": 35.849109999999996,
      "d_max_priority": 0,
      "used_volume": 0.7144477791116447,
      "used_weight": 0.23758727272727273,
      "unload_obs": 1,
      "hs_cond": 1,
      "p_cond": 1,
      "sub_cond": 1
    }
  ],
  "taxability": [
    {
      "iteration": 16,
      "time": "93.46020603179932",
      "n_placed": 327,
      "n_discard": 142,
      "p_mean_weight": 15.957217125382263,
      "d_mean_weight": 15.232183098591548,
      "p_median_weight": 8.8,
      "d_median_weight": 6.6899999999999995,
      "p_std_weight": 18.090870419595667,
      "d_std_weight": 17.7508010054485,
      "p_total_weight": 5218.01,
      "d_total_weight": 2162.97,
      "p_mean_taxability": 59.89101140672783,
      "d_mean_taxability": 83.03791183098592,
      "p_total_taxability": 19584.36073,
      "d_total_taxability": 11791.38348,
      "p_mean_volume": 0.17970269113149845,
      "d_mean_volume": 0.24936309859154934,
      "p_median_volume": 0.08003,
      "d_median_volume": 0.184875,
      "p_std_volume": 0.23357650562077442,
      "d_std_volume": 0.23774634563771846,
      "p_total_volume": 58.76277999999999,
      "d_total_volume": 35.409560000000006,
      "d_max_priority": 0,
      "used_volume": 0.7198321777690667,
      "used_weight": 0.23718227272727274,
      "unload_obs": 3,
      "hs_cond": 1,
      "p_cond": 1,
      "sub_cond": 1
    },
    {
      "iteration": 68,
      "time": "47.8955020904541",
      "n_placed": 331,
      "n_discard": 138,