{
  "volume": [
    {
      "iteration": 31,
      "time": "41.5501389503479",
      "n_placed": 212,
      "n_discard": 103,
      "p_mean_weight": 44.83396226415094,
      "d_mean_weight": 42.76407766990292,
      "p_median_weight": 42.0,
      "d_median_weight": 41.3,
      "p_std_weight": 24.67346548253813,
      "d_std_weight": 12.579718928006052,
      "p_total_weight": 9504.8,
      "d_total_weight": 4404.700000000001,
      "p_mean_taxability": 93.36369108490568,
      "d_mean_taxability": 109.40575980582524,
      "p_total_taxability": 19793.102510000004,
      "d_total_taxability": 11268.79326,
      "p_mean_volume": 0.27985391509433966,
      "d_mean_volume": 0.32854582524271847,
      "p_median_volume": 0.271575,
      "d_median_volume": 0.33434,
      "p_std_volume": 0.1647925865799442,
      "d_std_volume": 0.08052324313725641,
      "p_total_volume": 59.32903,
      "d_total_volume": 33.84022,
      "d_max_priority": 0,
      "used_volume": 0.7267686258176741,
      "used_weight": 0.4320363636363636,
      "unload_obs": 1,
      "hs_cond": 1,
      "p_cond": 1,
      "sub_cond": 1
    },
    {
      "iteration": 129,
      "time": "35.3738808631897",
      "n_placed": 213,
      "n_discard": 102,
      "p_mean_weight": 43.50164319248827,
      "d_mean_weight": 45.52598039215687,
      "p_median_weight": 37.7,
      "d_median_weight": 44.1,
      "p_std_weight": 23.970706899637197,
      "d_std_weight": 15.02283834039333,
      "p_total_weight": 9265.85,
      "d_total_weight": 4643.650000000001,
      "p_mean_taxability": 92.5860634741784,
      "d_mean_taxability": 111.18690441176471,
      "p_total_taxability": 19720.83152,
      "d_total_taxability": 11341.064250000001,
      "p_mean_volume": 0.27752112676056334,
      "d_mean_volume": 0.3338946078431373,
      "p_median_volume": 0.27331,
      "d_median_volume": 0.33434,
      "p_std_volume": 0.1602978856739995,
      "d_std_volume": 0.0938265257905455,
      "p_total_volume": 59.111999999999995,
      "d_total_volume": 34.05725,
      "d_max_priority": 0,
      "used_volume": 0.7241100521841389,
      "used_weight": 0.421175,
      "unload_obs": 1,
      "hs_cond": 1,
      "p_cond": 1,
      "sub_cond": 1
    },
    {
      "iteration": 156,
      "time": "28.91071844100952",
      "n_placed": 207,
      "n_discard": 108,
      "p_mean_weight": 45.22304347826087,
      "d_mean_weight": 42.11416666666668,
      "p_median_weight": 41.8,
      "d_median_weight": 41.5,
      "p_std_weight": 24.56586173986926,
      "d_std_weight": 13.633329152670184,
      "p_total_weight": 9361.17,
      "d_total_weight": 4548.330000000001,
      "p_mean_taxability": 95.13738618357488,
      "d_mean_taxability": 105.26348916666669,
      "p_total_taxability": 19693.43894,
      "d_total_taxability": 11368.456830000003,
      "p_mean_volume": 0.2851678260869565,
      "d_mean_volume": 0.316106574074074,
      "p_median_volume": 0.27768000000000004,
      "d_median_volume": 0.30839500000000003,
      "p_std_volume": 0.16647181270955322,
      "d_std_volume": 0.08532385892139112,
      "p_total_volume": 59.02974,
      "d_total_volume": 34.139509999999994,
      "d_max_priority": 1,
      "used_volume": 0.723102383810667,
      "used_weight": 0.4255077272727273,
      "unload_obs": 0,
      "hs_cond": 1,
      "p_cond": 0,
      "sub_cond": 0
    }
  ],
  "weight": [
    {
      "iteration": 31,
      "time": "41.5501389503479",
      "n_placed": 212,
      "n_discard": 103,
      "p_mean_weight": 44.83396226415094,
      "d_mean_weight": 42.76407766990292,
      "p_median_weight": 42.0,
      "d_median_weight": 41.3,
      "p_std_weight": 24.67346548253813,
      "d_std_weight": 12.579718928006052,
      "p_total_weight": 9504.8,
      "d_total_weight": 4404.700000000001,
      "p_mean_taxability": 93.36369108490568,
      "d_mean_taxability": 109.40575980582524,
      "p_total_taxability": 19793.102510000004,
      "d_total_taxability": 11268.79326,
      "p_mean_volume": 0.27985391509433966,
      "d_mean_volume": 0.32854582524271847,
      "p_median_volume": 0.271575,
      "d_median_volume": 0.33434,
      "p_std_volume": 0.1647925865799442,
      "d_std_volume": 0.08052324313725641,
      "p_total_volume": 59.32903,
      "d_total_volume": 33.84022,
      "d_max_priority": 0,
      "used_volume": 0.7267686258176741,
      "used_weight": 0.4320363636363636,
      "unload_obs": 1,
      "hs_cond": 1,
      "p_cond": 1,
      "sub_cond": 1
    },
    {
      "iteration": 167,
      "time": "32.56843447685242",
      "n_placed": 207,
      "n_discard": 108,
      "p_mean_weight": 45.45937198067633,
      "d_mean_weight": 41.66120370370371,
      "p_median_weight": 42.0,
      "d_median_weight": 41.5,
      "p_std_weight": 24.54157997484941,
      "d_std_weight": 13.601671469413432,
      "p_total_weight": 9410.09,
      "d_total_weight": 4499.410000000001,
      "p_mean_taxability": 95.02231618357489,
      "d_mean_taxability": 105.48404000000002,
      "p_total_taxability": 19669.619450000002,
      "d_total_taxability": 11392.276320000003,
      "p_mean_volume": 0.2848222705314009,
      "d_mean_volume": 0.3167688888888889,
      "p_median_volume": 0.27768000000000004,
      "d_median_volume": 0.32256,
      "p_std_volume": 0.16648323569110163,
      "d_std_volume": 0.08503410741022077,
      "p_total_volume": 58.958209999999994,
      "d_total_volume": 34.21104,
      "d_max_priority": 1,
      "used_volume": 0.7222261557684297,
      "used_weight": 0.42773136363636366,
      "unload_obs": 0,
      "hs_cond": 1,
      "p_cond": 0,
      "sub_cond": 0
    },
    {
      "iteration": 156,
      "time": "28.91071844100952",
      "n_placed": 207,
      "n_discard": 108,
      "p_mean_weight": 45.22304347826087,
      "d_mean_weight": 42.11416666666668,
      "p_median_weight": 41.8,
      "d_median_weight": 41.5,
      "p_std_weight": 24.56586173986926,
      "d_std_weight": 13.633329152670184,
      "p_total_weight": 9361.17,
      "d_total_weight": 4548.330000000001,
      "p_mean_taxability": 95.13738618357488,
      "d_mean_taxability": 105.26348916666669,
      "p_total_taxability": 19693.43894,
      "d_total_taxability": 11368.456830000003,
      "p_mean_volume": 0.2851678260869565,
      "d_mean_volume": 0.316106574074074,
      "p_median_volume": 0.27768000000000004,
      "d_median_volume": 0.30839500000000003,
      "p_std_volume": 0.16647181270955322,
      "d_std_volume": 0.08532385892139112,
      "p_total_volume": 59.02974,
      "d_total_volume": 34.139509999999994,
      "d_max_priority": 1,
      "used_volume": 0.723102383810667,
      "used_weight": 0.4255077272727273,
      "unload_obs": 0,
      "hs_cond": 1,
      "p_cond": 0,
      "sub_cond": 0
    }
  ],
  "taxability": [
    {
      "iteration": 31,
      "time": "41.5501389503479",
      "n_placed": 212,
      "n_discard": 103,
      "p_mean_weight": 44.83396226415094,
      "d_mean_weight": 42.76407766990292,
      "p_median_weight": 42.0,
      "d_median_weight": 41.3,
      "p_std_weight": 24.67346548253813,
      "d_std_weight": 12.579718928006052,
      "p_total_weight": 9504.8,
      "d_total_weight": 4404.700000000001,
      "p_mean_taxability": 93.36369108490568,
      "d_mean_taxability": 109.40575980582524,
      "p_total_taxability": 19793.102510000004,
      "d_total_taxability": 11268.79326,
      "p_mean_volume": 0.27985391509433966,
      "d_mean_volume": 0.32854582524271847,
      "p_median_volume": 0.271575,
      "d_median_volume": 0.33434,
      "p_std_volume": 0.1647925865799442,
      "d_std_volume": 0.08052324313725641,
      "p_total_volume": 59.32903,
      "d_total_volume": 33.84022,
      "d_max_priority": 0,
      "used_volume": 0.7267686258176741,
      "used_weight": 0.4320363636363636,
      "unload_obs": 1,
      "hs_cond": 1,
      "p_cond": 1,
      "sub_cond": 1
    },
    {
      "iteration": 129,
      "time": "35.3738808631897",
      "n_placed": 213,
      "n_discard": 102,