{
  "volume": [
    {
      "iteration": 175,
      "time": "79.42192912101746",
      "n_placed": 444,
      "n_discard": 208,
      "p_mean_weight": 20.19094594594595,
      "d_mean_weight": 20.41201923076923,
      "p_median_weight": 11.5,
      "d_median_weight": 12.5,
      "p_std_weight": 19.916430187868077,
      "d_std_weight": 17.837918623834625,
      "p_total_weight": 8964.78,
      "d_total_weight": 4245.7,
      "p_mean_taxability": 44.06950578828829,
      "d_mean_taxability": 48.965712836538465,
      "p_total_taxability": 19566.86057,
      "d_total_taxability": 10184.86827,
      "p_mean_volume": 0.1317051801801802,
      "d_mean_volume": 0.1470441826923077,
      "p_median_volume": 0.066495,
      "d_median_volume": 0.103385,
      "p_std_volume": 0.1449550086647156,
      "d_std_volume": 0.1173187843841603,
      "p_total_volume": 58.47710000000001,
      "d_total_volume": 30.585190000000004,
      "d_max_priority": 0,
      "used_volume": 0.7163326555111842,
      "used_weight": 0.40749,
      "unload_obs": 6,
      "hs_cond": 1,
      "p_cond": 1,
      "sub_cond": 1
    },
    {
      "iteration": 0,
      "time": "189.26702189445496",
      "n_placed": 442,
      "n_discard": 210,
      "p_mean_weight": 19.862714932126696,
      "d_mean_weight": 21.100761904761903,
      "p_median_weight": 11.3,
      "d_median_weight": 13.79,
      "p_std_weight": 19.693493402856387,
      "d_std_weight": 18.345684638935367,
      "p_total_weight": 8779.32,
      "d_total_weight": 4431.16,
      "p_mean_taxability": 43.63596588235295,
      "d_mean_taxability": 49.83158057142858,
      "p_total_taxability": 19287.096920000004,
      "d_total_taxability": 10464.631920000002,
      "p_mean_volume": 0.13046138009049776,
      "d_mean_volume": 0.149516,
      "p_median_volume": 0.06622,
      "d_median_volume": 0.10154500000000001,
      "p_std_volume": 0.14320688272089177,
      "d_std_volume": 0.1216886407251355,
      "p_total_volume": 57.66393000000001,
      "d_total_volume": 31.398360000000004,
      "d_max_priority": 0,
      "used_volume": 0.7063714873704585,
      "used_weight": 0.39905999999999997,
      "unload_obs": 8,
      "hs_cond": 1,
      "p_cond": 1,
      "sub_cond": 1
    },
    {
      "iteration": 73,
      "time": "172.76719856262207",
      "n_placed": 446,
      "n_discard": 206,
      "p_mean_weight": 19.75531390134529,
      "d_mean_weight": 21.35733009708738,
      "p_median_weight": 11.735,
      "d_median_weight": 12.12,
      "p_std_weight": 18.99974072596922,
      "d_std_weight": 19.827610882924112,
      "p_total_weight": 8810.869999999999,
      "d_total_weight": 4399.610000000001,
      "p_mean_taxability": 43.05268894618834,
      "d_mean_taxability": 51.21470665048543,
      "p_total_taxability": 19201.49927,
      "d_total_taxability": 10550.22957,
      "p_mean_volume": 0.12871497757847536,
      "d_mean_volume": 0.15366703883495145,
      "p_median_volume": 0.068055,
      "d_median_volume": 0.09620500000000001,
      "p_std_volume": 0.1375455469939491,
      "d_std_volume": 0.13405710569669216,
      "p_total_volume": 57.40688000000001,
      "d_total_volume": 31.65541,
      "d_max_priority": 0,
      "used_volume": 0.7032226768258325,
      "used_weight": 0.4004940909090909,
      "unload_obs": 12,
      "hs_cond": 1,
      "p_cond": 1,
      "sub_cond": 1
    }
  ],
  "weight": [
    {
      "iteration": 175,
      "time": "79.42192912101746",
      "n_placed": 444,
      "n_discard": 208,
      "p_mean_weight": 20.19094594594595,
      "d_mean_weight": 20.41201923076923,
      "p_median_weight": 11.5,
      "d_median_weight": 12.5,
      "p_std_weight": 19.916430187868077,
      "d_std_weight": 17.837918623834625,
      "p_total_weight": 8964.78,
      "d_total_weight": 4245.7,
      "p_mean_taxability": 44.06950578828829,
      "d_mean_taxability": 48.965712836538465,
      "p_total_taxability": 19566.86057,
      "d_total_taxability": 10184.86827,
      "p_mean_volume": 0.1317051801801802,
      "d_mean_volume": 0.1470441826923077,
      "p_median_volume": 0.066495,
      "d_median_volume": 0.103385,
      "p_std_volume": 0.1449550086647156,
      "d_std_volume": 0.1173187843841603,
      "p_total_volume": 58.47710000000001,
      "d_total_volume": 30.585190000000004,
      "d_max_priority": 0,
      "used_volume": 0.7163326555111842,
      "used_weight": 0.40749,
      "unload_obs": 6,
      "hs_cond": 1,
      "p_cond": 1,
      "sub_cond": 1
    },
    {
      "iteration": 138,
      "time": "89.30689787864685",
      "n_placed": 431,
      "n_discard": 221,
      "p_mean_weight": 20.51638051044084,
      "d_mean_weight": 19.764343891402714,
      "p_median_weight": 12.15,
      "d_median_weight": 11.5,
      "p_std_weight": 20.122299429008827,
      "d_std_weight": 17.503527232826304,
      "p_total_weight": 8842.560000000001,
      "d_total_weight": 4367.92,
      "p_mean_taxability": 44.06536542923434,
      "d_mean_taxability": 48.68577529411764,
      "p_total_taxability": 18992.1725,
      "d_total_taxability": 10759.55634,
      "p_mean_volume": 0.13167357308584687,
      "d_mean_volume": 0.1462035294117647,
      "p_median_volume": 0.06811,
      "d_median_volume": 0.08442000000000001,
      "p_std_volume": 0.14400345152595967,
      "d_std_volume": 0.1214113576768713,
      "p_total_volume": 56.751310000000004,
      "d_total_volume": 32.31098,
      "d_max_priority": 0,
      "used_volume": 0.6951920768307324,
      "used_weight": 0.4019345454545455,
      "unload_obs": 7,
      "hs_cond": 1,
      "p_cond": 1,
      "sub_cond": 1
    },
    {
      "iteration": 136,
      "time": "97.13184070587158",
      "n_placed": 439,
      "n_discard": 213,
      "p_mean_weight": 20.120615034168566,
      "d_mean_weight": 20.551784037558683,
      "p_median_weight": 11.77,
      "d_median_weight": 12.0,
      "p_std_weight": 19.37576936954931,
      "d_std_weight": 19.074574715463037,
      "p_total_weight": 8832.95,
      "d_total_weight": 4377.53,
      "p_mean_taxability": 43.66418963553531,
      "d_mean_taxability": 49.686148309859156,
      "p_total_taxability": 19168.57925,
      "d_total_taxability": 10583.14959,
      "p_mean_volume": 0.13048077448747153,
      "d_mean_volume": 0.14920765258215962,
      "p_median_volume": 0.06536,
      "d_median_volume": 0.09516000000000001,
      "p_std_volume": 0.13425222681534282,
      "d_std_volume": 0.14152220603519228,
      "p_total_volume": 57.28106,
      "d_total_volume": 31.78123,
      "d_max_priority": 0,
      "used_volume": 0.7016814072567802,
      "used_weight": 0.4014977272727273,
      "unload_obs": 6,
      "hs_cond": 1,
      "p_cond": 1,
      "sub_cond": 1
    }
  ],
  "taxability": [
    {
      "iteration": 175,
      "time": "79.42192912101746",
      "n_placed": 444,
      "n_discard": 208,
      "p_mean_weight": 20.19094594594595,
      "d_mean_weight": 20.41201923076923,
      "p_median_weight": 11.5,
      "d_median_weight": 12.5,
      "p_std_weight": 19.916430187868077,
      "d_std_weight": 17.837918623834625,
      "p_total_weight": 8964.78,
      "d_total_weight": 4245.7,
      "p_mean_taxability": 44.06950578828829,
      "d_mean_taxability": 48.965712836538465,
      "p_total_taxability": 19566.86057,
      "d_total_taxability": 10184.86827,
      "p_mean_volume": 0.1317051801801802,
      "d_mean_volume": 0.1470441826923077,
      "p_median_volume": 0.066495,
      "d_median_volume": 0.103385,
      "p_std_volume": 0.1449550086647156,
      "d_std_volume": 0.1173187843841603,
      "p_total_volume": 58.47710000000001,
      "d_total_volume": 30.585190000000004,
      "d_max_priority": 0,
      "used_volume": 0.7163326555111842,
      "used_weight": 0.40749,
      "unload_obs": 6,
      "hs_cond": 1,
      "p_cond": 1,
      "sub_cond": 1
    },
    {
      "iteration": 0,
      "time": "189.26702189445496",
      "n_placed": 442,
      "n_discard": 210,
      "p_mean_weight": 19.862714932126696,