{
  "volume": [
    {
      "iteration": 87,
      "time": "99.46805739402771",
      "n_placed": 307,
      "n_discard": 155,
      "p_mean_weight": 32.34729641693811,
      "d_mean_weight": 26.907612903225807,
      "p_median_weight": 23.04,
      "d_median_weight": 21.1,
      "p_std_weight": 24.416673563274543,
      "d_std_weight": 18.761311223105437,
      "p_total_weight": 9930.619999999999,
      "d_total_weight": 4170.68,
      "p_mean_taxability": 67.99665205211728,
      "d_mean_taxability": 68.310954,
      "p_total_taxability": 20874.972180000004,
      "d_total_taxability": 10588.19787,
      "p_mean_volume": 0.20297697068403914,
      "d_mean_volume": 0.20513800000000001,
      "p_median_volume": 0.1665,
      "d_median_volume": 0.18,
      "p_std_volume": 0.15503651024441667,
      "d_std_volume": 0.13468543611140546,
      "p_total_volume": 62.31393000000001,
      "d_total_volume": 31.796390000000002,
      "d_max_priority": 1,
      "used_volume": 0.7633330475047163,
      "used_weight": 0.4513918181818181,
      "unload_obs": 1,
      "hs_cond": 1,
      "p_cond": 0,
      "sub_cond": 0
    },
    {
      "iteration": 173,
      "time": "44.48034310340881",
      "n_placed": 315,
      "n_discard": 147,
      "p_mean_weight": 31.59088888888889,
      "d_mean_weight": 28.232448979591837,
      "p_median_weight": 20.7,
      "d_median_weight": 25.77,
      "p_std_weight": 24.530691016665855,
      "d_std_weight": 18.43192475369308,
      "p_total_weight": 9951.130000000001,
      "d_total_weight": 4150.17,
      "p_mean_taxability": 66.11827495238096,
      "d_mean_taxability": 72.35315265306123,
      "p_total_taxability": 20827.25661,
      "d_total_taxability": 10635.91344,
      "p_mean_volume": 0.19736711111111113,
      "d_mean_volume": 0.21727673469387757,
      "p_median_volume": 0.14283,
      "d_median_volume": 0.19933,
      "p_std_volume": 0.15556781563886166,
      "d_std_volume": 0.13112340296199318,
      "p_total_volume": 62.170640000000006,
      "d_total_volume": 31.939680000000003,
      "d_max_priority": 1,
      "used_volume": 0.7615777739667297,
      "used_weight": 0.452324090909091,
      "unload_obs": 3,
      "hs_cond": 1,
      "p_cond": 0,
      "sub_cond": 0
    },
    {
      "iteration": 71,
      "time": "97.92492413520813",
      "n_placed": 286,
      "n_discard": 176,
      "p_mean_weight": 34.509580419580416,
      "d_mean_weight": 24.042954545454542,
      "p_median_weight": 27.799999999999997,
      "d_median_weight": 19.865000000000002,
      "p_std_weight": 24.729090841727732,
      "d_std_weight": 17.47842664766832,
      "p_total_weight": 9869.74,
      "d_total_weight": 4231.5599999999995,
      "p_mean_taxability": 72.72234954545455,
      "d_mean_taxability": 60.594193636363634,
      "p_total_taxability": 20798.59197,
      "d_total_taxability": 10664.57808,
      "p_mean_volume": 0.21707888111888116,
      "d_mean_volume": 0.18196454545454543,
      "p_median_volume": 0.18224,
      "d_median_volume": 0.16169500000000003,
      "p_std_volume": 0.16022663624238867,
      "d_std_volume": 0.12416938871358954,
      "p_total_volume": 62.08456000000001,
      "d_total_volume": 32.02576,
      "d_max_priority": 1,
      "used_volume": 0.7605233113653626,
      "used_weight": 0.44862454545454544,
      "unload_obs": 0,
      "hs_cond": 1,
      "p_cond": 0,
      "sub_cond": 0
    }
  ],
  "weight": [
    {
      "iteration": 173,
      "time": "44.48034310340881",
      "n_placed": 315,
      "n_discard": 147,
      "p_mean_weight": 31.59088888888889,
      "d_mean_weight": 28.232448979591837,
      "p_median_weight": 20.7,
      "d_median_weight": 25.77,
      "p_std_weight": 24.530691016665855,
      "d_std_weight": 18.43192475369308,
      "p_total_weight": 9951.130000000001,
      "d_total_weight": 4150.17,
      "p_mean_taxability": 66.11827495238096,
      "d_mean_taxability": 72.35315265306123,
      "p_total_taxability": 20827.25661,
      "d_total_taxability": 10635.91344,
      "p_mean_volume": 0.19736711111111113,
      "d_mean_volume": 0.21727673469387757,
      "p_median_volume": 0.14283,
      "d_median_volume": 0.19933,
      "p_std_volume": 0.15556781563886166,
      "d_std_volume": 0.13112340296199318,
      "p_total_volume": 62.170640000000006,
      "d_total_volume": 31.939680000000003,
      "d_max_priority": 1,
      "used_volume": 0.7615777739667297,
      "used_weight": 0.452324090909091,
      "unload_obs": 3,
      "hs_cond": 1,
      "p_cond": 0,
      "sub_cond": 0
    },
    {
      "iteration": 87,
      "time": "99.46805739402771",
      "n_placed": 307,
      "n_discard": 155,
      "p_mean_weight": 32.34729641693811,
      "d_mean_weight": 26.907612903225807,
      "p_median_weight": 23.04,
      "d_median_weight": 21.1,
      "p_std_weight": 24.416673563274543,
      "d_std_weight": 18.761311223105437,
      "p_total_weight": 9930.619999999999,
      "d_total_weight": 4170.68,
      "p_mean_taxability": 67.99665205211728,
      "d_mean_taxability": 68.310954,
      "p_total_taxability": 20874.972180000004,
      "d_total_taxability": 10588.19787,
      "p_mean_volume": 0.20297697068403914,
      "d_mean_volume": 0.20513800000000001,
      "p_median_volume": 0.1665,
      "d_median_volume": 0.18,
      "p_std_volume": 0.15503651024441667,
      "d_std_volume": 0.13468543611140546,
      "p_total_volume": 62.31393000000001,
      "d_total_volume": 31.796390000000002,
      "d_max_priority": 1,
      "used_volume": 0.7633330475047163,
      "used_weight": 0.4513918181818181,
      "unload_obs": 1,
      "hs_cond": 1,
      "p_cond": 0,
      "sub_cond": 0
    },
    {
      "iteration": 135,
      "time": "53.31699085235596",
      "n_placed": 308,
      "n_discard": 154,
      "p_mean_weight": 32.227629870129874,
      "d_mean_weight": 27.111623376623374,
      "p_median_weight": 21.8,
      "d_median_weight": 23.0,
      "p_std_weight": 24.836921473998228,
      "d_std_weight": 17.64128026087814,
      "p_total_weight": 9926.11,
      "d_total_weight": 4175.19,
      "p_mean_taxability": 67.02133597402599,
      "d_mean_taxability": 70.2636270779221,
      "p_total_taxability": 20642.571480000002,
      "d_total_taxability": 10820.598570000002,
      "p_mean_volume": 0.2000520454545455,
      "d_mean_volume": 0.21100188311688317,
      "p_median_volume": 0.15158,
      "d_median_volume": 0.184475,
      "p_std_volume": 0.1573595725413466,
      "d_std_volume": 0.12871730322189895,
      "p_total_volume": 61.61603000000001,
      "d_total_volume": 32.49429000000001,
      "d_max_priority": 1,
      "used_volume": 0.7547839135654263,
      "used_weight": 0.4511868181818182,
      "unload_obs": 1,
      "hs_cond": 1,
      "p_cond": 0,
      "sub_cond": 0
    }
  ],
  "taxability": [
    {
      "iteration": 87,
      "time": "99.46805739402771",
      "n_placed": 307,
      "n_discard": 155,
      "p_mean_weight": 32.34729641693811,
      "d_mean_weight": 26.907612903225807,
      "p_median_weight": 23.04,
      "d_median_weight": 21.1,
      "p_std_weight": 24.416673563274543,
      "d_std_weight": 18.761311223105437,
      "p_total_weight": 9930.619999999999,
      "d_total_weight": 4170.68,
      "p_mean_taxability": 67.99665205211728,
      "d_mean_taxability": 68.310954,
      "p_total_taxability": 20874.972180000004,
      "d_total_taxability": 10588.19787,
      "p_mean_volume": 0.20297697068403914,
      "d_mean_volume": 0.20513800000000001,
      "p_median_volume": 0.1665,
      "d_median_volume": 0.18,
      "p_std_volume": 0.15503651024441667,
      "d_std_volume": 0.13468543611140546,
      "p_total_volume": 62.31393000000001,
      "d_total_volume": 31.796390000000002,
      "d_max_priority": 1,
      "used_volume": 0.7633330475047163,
      "used_weight": 0.4513918181818181,
      "unload_obs": 1,
      "hs_cond": 1,
      "p_cond": 0,
      "sub_cond": 0
    },
    {
      "iteration": 173,
      "time": "44.48034310340881",