{
  "volume": [
    {
      "iteration": 31,
      "time": "41.5501389503479",
      "n_placed": 212,
      "n_discard": 103,
      "p_mean_weight": 44.83396226415094,
      "d_mean_weight": 42.76407766990292,
      "p_median_weight": 42.0,
      "d_median_weight": 41.3,
      "p_std_weight": 24.67346548253813,
      "d_std_weight": 12.579718928006052,
      "p_total_weight": 9504.8,
      "d_total_weight": 4404.700000000001,
      "p_mean_taxability": 93.36369108490568,
      "d_mean_taxability": 109.40575980582524,
      "p_total_taxability": 19793.102510000004,
      "d_total_taxability": 11268.79326,
      "p_mean_volume": 0.27985391509433966,
      "d_mean_volume": 0.32854582524271847,
      "p_median_volume": 0.271575,
      "d_median_volume": 0.33434,
      "p_std_volume": 0.1647925865799442,
      "d_std_volume": 0.08052324313725641,
      "p_total_volume": 59.32903,
      "d_total_volume": 33.84022,
      "d_max_priority": 0,
      "used_volume": 0.7267686258176741,
      "used_weight": 0.4320363636363636,
      "unload_obs": 1,
      "hs_cond": 1,
      "p_cond": 1,
      "sub_cond": 1
    },
    {
      "iteration": 129,
      "time": "35.3738808631897",
      "n_placed": 213,
      "n_discard": 102,
      "p_mean_weight": 43.50164319248827,
      "d_mean_weight": 45.52598039215687,
      "p_median_weight": 37.7,
      "d_median_weight": 44.1,
      "p_std_weight": 23.970706899637197,
      "d_std_weight": 15.02283834039333,
      "p_total_weight": 9265.85,
      "d_total_weight": 4643.650000000001,
      "p_mean_taxability": 92.5860634741784,
      "d_mean_taxability": 111.18690441176471,
      "p_total_taxability": 19720.83152,
      "d_total_taxability": 11341.064250000001,
      "p_mean_volume": 0.27752112676056334,
      "d_mean_volume": 0.3338946078431373,
      "p_median_volume": 0.27331,
      "d_median_volume": 0.33434,
      "p_std_volume": 0.1602978856739995,
      "d_std_volume": 0.0938265257905455,
      "p_total_volume": 59.111999999999995,
      "d_total_volume": 34.05725,
      "d_max_priority": 0,
      "used_volume": 0.7241100521841389,
      "used_weight": 0.421175,
      "unload_obs": 1,
      "hs_cond": 1,
      "p_cond": 1,
      "sub_cond": 1
    },
    {
      "iteration": 175,
      "time": "32.04565095901489",
      "n_placed": 205,
      "n_discard": 110,
      "p_mean_weight": 45.31419512195122,
      "d_mean_weight": 42.00081818181819,
      "p_median_weight": 40.1,
      "d_median_weight": 41.75,
      "p_std_weight": 24.484688752260546,
      "d_std_weight": 14.14442984551559,
      "p_total_weight": 9289.41,
      "d_total_weight": 4620.090000000001,
      "p_mean_taxability": 95.82529224390245,
      "d_mean_taxability": 103.79737145454547,
      "p_total_taxability": 19644.184910000004,
      "d_total_taxability": 11417.710860000001,
      "p_mean_volume": 0.28722843902439027,
      "d_mean_volume": 0.31170381818181814,
      "p_median_volume": 0.27768000000000004,
      "d_median_volume": 0.32256,
      "p_std_volume": 0.16751476884115132,
      "d_std_volume": 0.0850468446629421,
      "p_total_volume": 58.88183,
      "d_total_volume": 34.28742,
      "d_max_priority": 0,
      "used_volume": 0.7212905162064825,
      "used_weight": 0.4222459090909091,
      "unload_obs": 0,
      "hs_cond": 1,
      "p_cond": 1,
      "sub_cond": 1
    }
  ],
  "weight": [
    {
      "iteration": 31,
      "time": "41.5501389503479",
      "n_placed": 212,
      "n_discard": 103,
      "p_mean_weight": 44.83396226415094,
      "d_mean_weight": 42.76407766990292,
      "p_median_weight": 42.0,
      "d_median_weight": 41.3,
      "p_std_weight": 24.67346548253813,
      "d_std_weight": 12.579718928006052,
      "p_total_weight": 9504.8,
      "d_total_weight": 4404.700000000001,
      "p_mean_taxability": 93.36369108490568,
      "d_mean_taxability": 109.40575980582524,
      "p_total_taxability": 19793.102510000004,
      "d_total_taxability": 11268.79326,
      "p_mean_volume": 0.27985391509433966,
      "d_mean_volume": 0.32854582524271847,
      "p_median_volume": 0.271575,
      "d_median_volume": 0.33434,
      "p_std_volume": 0.1647925865799442,
      "d_std_volume": 0.08052324313725641,
      "p_total_volume": 59.32903,
      "d_total_volume": 33.84022,
      "d_max_priority": 0,
      "used_volume": 0.7267686258176741,
      "used_weight": 0.4320363636363636,
      "unload_obs": 1,
      "hs_cond": 1,
      "p_cond": 1,
      "sub_cond": 1
    },
    {
      "iteration": 61,
      "time": "19.321171045303345",
      "n_placed": 204,
      "n_discard": 111,
      "p_mean_weight": 45.56995098039216,
      "d_mean_weight": 41.56063063063064,
      "p_median_weight": 42.0,
      "d_median_weight": 41.3,
      "p_std_weight": 24.645232584825546,
      "d_std_weight": 13.630110736512698,
      "p_total_weight": 9296.27,
      "d_total_weight": 4613.230000000001,
      "p_mean_taxability": 96.10529568627452,
      "d_mean_taxability": 103.21095,
      "p_total_taxability": 19605.480320000002,
      "d_total_taxability": 11456.41545,
      "p_mean_volume": 0.28806666666666664,
      "d_mean_volume": 0.3099427927927928,
      "p_median_volume": 0.27796000000000004,
      "d_median_volume": 0.30739000000000005,
      "p_std_volume": 0.16750627476127772,
      "d_std_volume": 0.08662952059484712,
      "p_total_volume": 58.7656,
      "d_total_volume": 34.40365,
      "d_max_priority": 0,
      "used_volume": 0.7198667221990837,
      "used_weight": 0.4225577272727273,
      "unload_obs": 1,
      "hs_cond": 1,
      "p_cond": 1,
      "sub_cond": 1
    },
    {
      "iteration": 76,
      "time": "40.50220561027527",
      "n_placed": 205,
      "n_discard": 110,
      "p_mean_weight": 45.33629268292683,
      "d_mean_weight": 41.95963636363637,
      "p_median_weight": 41.8,
      "d_median_weight": 41.5,
      "p_std_weight": 24.565641355519997,
      "d_std_weight": 13.869223530336706,
      "p_total_weight": 9293.94,
      "d_total_weight": 4615.56,
      "p_mean_taxability": 95.0499707804878,
      "d_mean_taxability": 105.24228872727275,
      "p_total_taxability": 19485.24401,
      "d_total_taxability": 11576.651760000002,
      "p_mean_volume": 0.2849001463414634,
      "d_mean_volume": 0.31604290909090915,
      "p_median_volume": 0.27768000000000004,
      "d_median_volume": 0.32256,
      "p_std_volume": 0.16630709969599078,
      "d_std_volume": 0.08799961380592339,
      "p_total_volume": 58.404529999999994,
      "d_total_volume": 34.764720000000004,
      "d_max_priority": 0,
      "used_volume": 0.7154436876791532,
      "used_weight": 0.4224518181818182,
      "unload_obs": 0,
      "hs_cond": 1,
      "p_cond": 1,
      "sub_cond": 1
    }
  ],
  "taxability": [
    {
      "iteration": 31,
      "time": "41.5501389503479",
      "n_placed": 212,
      "n_discard": 103,
      "p_mean_weight": 44.83396226415094,
      "d_mean_weight": 42.76407766990292,
      "p_median_weight": 42.0,
      "d_median_weight": 41.3,
      "p_std_weight": 24.67346548253813,
      "d_std_weight": 12.579718928006052,
      "p_total_weight": 9504.8,
      "d_total_weight": 4404.700000000001,
      "p_mean_taxability": 93.36369108490568,
      "d_mean_taxability": 109.40575980582524,
      "p_total_taxability": 19793.102510000004,
      "d_total_taxability": 11268.79326,
      "p_mean_volume": 0.27985391509433966,
      "d_mean_volume": 0.32854582524271847,
      "p_median_volume": 0.271575,
      "d_median_volume": 0.33434,
      "p_std_volume": 0.1647925865799442,
      "d_std_volume": 0.08052324313725641,
      "p_total_volume": 59.32903,
      "d_total_volume": 33.84022,
      "d_max_priority": 0,
      "used_volume": 0.7267686258176741,
      "used_weight": 0.4320363636363636,
      "unload_obs": 1,
      "hs_cond": 1,
      "p_cond": 1,
      "sub_cond": 1
    },
    {
      "iteration": 129,
      "time": "35.3738808631897",
      "n_placed": 213,
      "n_discard": 102,
      "p_mean_weight": 43.50164319248827,