{
  "volume": [
    {
      "iteration": 45,
      "time": "99.26635766029358",
      "n_placed": 288,
      "n_discard": 174,
      "p_mean_weight": 33.392916666666665,
      "d_mean_weight": 25.770919540229883,
      "p_median_weight": 25.0,
      "d_median_weight": 20.0,
      "p_std_weight": 24.357292832158056,
      "d_std_weight": 19.09980014616767,
      "p_total_weight": 9617.16,
      "d_total_weight": 4484.139999999999,
      "p_mean_taxability": 70.19487854166668,
      "d_mean_taxability": 64.63818982758622,
      "p_total_taxability": 20216.125020000003,
      "d_total_taxability": 11247.045030000003,
      "p_mean_volume": 0.2094979513888889,
      "d_mean_volume": 0.19410867816091953,
      "p_median_volume": 0.17439,
      "d_median_volume": 0.17544500000000002,
      "p_std_volume": 0.15515179124473746,
      "d_std_volume": 0.1363183461754983,
      "p_total_volume": 60.33541,
      "d_total_volume": 33.77491,
      "d_max_priority": 0,
      "used_volume": 0.7390965774064728,
      "used_weight": 0.43714363636363635,
      "unload_obs": 2,
      "hs_cond": 1,
      "p_cond": 1,
      "sub_cond": 1
    },
    {
      "iteration": 102,
      "time": "100.56337881088257",
      "n_placed": 295,
      "n_discard": 167,
      "p_mean_weight": 32.39823728813559,
      "d_mean_weight": 27.20850299401197,
      "p_median_weight": 22.0,
      "d_median_weight": 23.0,
      "p_std_weight": 24.794128137112573,
      "d_std_weight": 18.3793292622722,
      "p_total_weight": 9557.48,
      "d_total_weight": 4543.819999999999,
      "p_mean_taxability": 67.71097169491526,
      "d_mean_taxability": 68.7930143712575,
      "p_total_taxability": 19974.736650000003,
      "d_total_taxability": 11488.433400000002,
      "p_mean_volume": 0.20206955932203394,
      "d_mean_volume": 0.20658562874251496,
      "p_median_volume": 0.14168,
      "d_median_volume": 0.18,
      "p_std_volume": 0.15799771526638284,
      "d_std_volume": 0.1300556394766973,
      "p_total_volume": 59.61052000000001,
      "d_total_volume": 34.4998,
      "d_max_priority": 0,
      "used_volume": 0.7302168214224466,
      "used_weight": 0.4344309090909091,
      "unload_obs": 0,
      "hs_cond": 1,
      "p_cond": 1,
      "sub_cond": 1
    },
    {
      "iteration": 95,
      "time": "103.82648181915283",
      "n_placed": 300,
      "n_discard": 162,
      "p_mean_weight": 31.4672,
      "d_mean_weight": 28.772469135802467,
      "p_median_weight": 20.0,
      "d_median_weight": 26.95,
      "p_std_weight": 25.03360632520782,
      "d_std_weight": 17.892238681775552,
      "p_total_weight": 9440.16,
      "d_total_weight": 4661.139999999999,
      "p_mean_taxability": 65.85187570000001,
      "d_mean_taxability": 72.26918111111111,
      "p_total_taxability": 19755.562710000002,
      "d_total_taxability": 11707.60734,
      "p_mean_volume": 0.1965078,
      "d_mean_volume": 0.21702456790123462,
      "p_median_volume": 0.13549,
      "d_median_volume": 0.21120500000000003,
      "p_std_volume": 0.16032177530605218,
      "d_std_volume": 0.1225931401680851,
      "p_total_volume": 58.95234000000001,
      "d_total_volume": 35.15798000000001,
      "d_max_priority": 0,
      "used_volume": 0.722154249454884,
      "used_weight": 0.4290981818181818,
      "unload_obs": 0,
      "hs_cond": 1,
      "p_cond": 1,
      "sub_cond": 1
    }
  ],
  "weight": [
    {
      "iteration": 45,
      "time": "99.26635766029358",
      "n_placed": 288,
      "n_discard": 174,
      "p_mean_weight": 33.392916666666665,
      "d_mean_weight": 25.770919540229883,
      "p_median_weight": 25.0,
      "d_median_weight": 20.0,
      "p_std_weight": 24.357292832158056,
      "d_std_weight": 19.09980014616767,
      "p_total_weight": 9617.16,
      "d_total_weight": 4484.139999999999,
      "p_mean_taxability": 70.19487854166668,
      "d_mean_taxability": 64.63818982758622,
      "p_total_taxability": 20216.125020000003,
      "d_total_taxability": 11247.045030000003,
      "p_mean_volume": 0.2094979513888889,
      "d_mean_volume": 0.19410867816091953,
      "p_median_volume": 0.17439,
      "d_median_volume": 0.17544500000000002,
      "p_std_volume": 0.15515179124473746,
      "d_std_volume": 0.1363183461754983,
      "p_total_volume": 60.33541,
      "d_total_volume": 33.77491,
      "d_max_priority": 0,
      "used_volume": 0.7390965774064728,
      "used_weight": 0.43714363636363635,
      "unload_obs": 2,
      "hs_cond": 1,
      "p_cond": 1,
      "sub_cond": 1
    },
    {
      "iteration": 102,
      "time": "100.56337881088257",
      "n_placed": 295,
      "n_discard": 167,
      "p_mean_weight": 32.39823728813559,
      "d_mean_weight": 27.20850299401197,
      "p_median_weight": 22.0,
      "d_median_weight": 23.0,
      "p_std_weight": 24.794128137112573,
      "d_std_weight": 18.3793292622722,
      "p_total_weight": 9557.48,
      "d_total_weight": 4543.819999999999,
      "p_mean_taxability": 67.71097169491526,
      "d_mean_taxability": 68.7930143712575,
      "p_total_taxability": 19974.736650000003,
      "d_total_taxability": 11488.433400000002,
      "p_mean_volume": 0.20206955932203394,
      "d_mean_volume": 0.20658562874251496,
      "p_median_volume": 0.14168,
      "d_median_volume": 0.18,
      "p_std_volume": 0.15799771526638284,
      "d_std_volume": 0.1300556394766973,
      "p_total_volume": 59.61052000000001,
      "d_total_volume": 34.4998,
      "d_max_priority": 0,
      "used_volume": 0.7302168214224466,
      "used_weight": 0.4344309090909091,
      "unload_obs": 0,
      "hs_cond": 1,
      "p_cond": 1,
      "sub_cond": 1
    },
    {
      "iteration": 95,
      "time": "103.82648181915283",
      "n_placed": 300,
      "n_discard": 162,
      "p_mean_weight": 31.4672,
      "d_mean_weight": 28.772469135802467,
      "p_median_weight": 20.0,
      "d_median_weight": 26.95,
      "p_std_weight": 25.03360632520782,
      "d_std_weight": 17.892238681775552,
      "p_total_weight": 9440.16,
      "d_total_weight": 4661.139999999999,
      "p_mean_taxability": 65.85187570000001,
      "d_mean_taxability": 72.26918111111111,
      "p_total_taxability": 19755.562710000002,
      "d_total_taxability": 11707.60734,
      "p_mean_volume": 0.1965078,
      "d_mean_volume": 0.21702456790123462,
      "p_median_volume": 0.13549,
      "d_median_volume": 0.21120500000000003,
      "p_std_volume": 0.16032177530605218,
      "d_std_volume": 0.1225931401680851,
      "p_total_volume": 58.95234000000001,
      "d_total_volume": 35.15798000000001,
      "d_max_priority": 0,
      "used_volume": 0.722154249454884,
      "used_weight": 0.4290981818181818,
      "unload_obs": 0,
      "hs_cond": 1,
      "p_cond": 1,
      "sub_cond": 1
    }
  ],
  "taxability": [
    {
      "iteration": 45,
      "time": "99.26635766029358",
      "n_placed": 288,
      "n_discard": 174,
      "p_mean_weight": 33.392916666666665,
      "d_mean_weight": 25.770919540229883,
      "p_median_weight": 25.0,
      "d_median_weight": 20.0,
      "p_std_weight": 24.357292832158056,
      "d_std_weight": 19.09980014616767,
      "p_total_weight": 9617.16,
      "d_total_weight": 4484.139999999999,
      "p_mean_taxability": 70.19487854166668,
      "d_mean_taxability": 64.63818982758622,
      "p_total_taxability": 20216.125020000003,
      "d_total_taxability": 11247.045030000003,
      "p_mean_volume": 0.2094979513888889,
      "d_mean_volume": 0.19410867816091953,
      "p_median_volume": 0.17439,
      "d_median_volume": 0.17544500000000002,
      "p_std_volume": 0.15515179124473746,
      "d_std_volume": 0.1363183461754983,
      "p_total_volume": 60.33541,
      "d_total_volume": 33.77491,
      "d_max_priority": 0,
      "used_volume": 0.7390965774064728,
      "used_weight": 0.43714363636363635,
      "unload_obs": 2,
      "hs_cond": 1,
      "p_cond": 1,
      "sub_cond": 1
    },
    {
      "iteration": 102,
      "time": "100.56337881088257",
      "n_placed": 295,