{
  "volume": [
    {
      "iteration": 90,
      "time": "126.21986889839172",
      "n_placed": 351,
      "n_discard": 151,
      "p_mean_weight": 27.49458689458689,
      "d_mean_weight": 20.38662251655629,
      "p_median_weight": 17.2,
      "d_median_weight": 11.3,
      "p_std_weight": 22.59913755086999,
      "d_std_weight": 16.700138438045645,
      "p_total_weight": 9650.599999999999,
      "d_total_weight": 3078.3799999999997,
      "p_mean_taxability": 58.66052723646724,
      "d_mean_taxability": 53.77374417218544,
      "p_total_taxability": 20589.84506,
      "d_total_taxability": 8119.835370000001,
      "p_mean_volume": 0.1751449002849003,
      "d_mean_volume": 0.16148271523178806,
      "p_median_volume": 0.11086000000000001,
      "d_median_volume": 0.0886,
      "p_std_volume": 0.1449641037594333,
      "d_std_volume": 0.13379032983956043,
      "p_total_volume": 61.47586,
      "d_total_volume": 24.383889999999997,
      "d_max_priority": 1,
      "used_volume": 0.7530668593968199,
      "used_weight": 0.4386636363636363,
      "unload_obs": 2,
      "hs_cond": 1,
      "p_cond": 0,
      "sub_cond": 0
    },
    {
      "iteration": 17,
      "time": "150.71887969970703",
      "n_placed": 329,
      "n_discard": 173,
      "p_mean_weight": 28.68808510638298,
      "d_mean_weight": 19.020809248554915,
      "p_median_weight": 19.1,
      "d_median_weight": 10.04,
      "p_std_weight": 22.887073416094736,
      "d_std_weight": 15.90529952027567,
      "p_total_weight": 9438.380000000001,
      "d_total_weight": 3290.6000000000004,
      "p_mean_taxability": 61.46736325227965,
      "d_mean_taxability": 49.05732901734104,
      "p_total_taxability": 20222.762510000004,
      "d_total_taxability": 8486.91792,
      "p_mean_volume": 0.18350610942249243,
      "d_mean_volume": 0.1473193063583815,
      "p_median_volume": 0.12190000000000001,
      "d_median_volume": 0.08003,
      "p_std_volume": 0.14895733778072062,
      "d_std_volume": 0.12373929879304771,
      "p_total_volume": 60.37351000000001,
      "d_total_volume": 25.486240000000002,
      "d_max_priority": 0,
      "used_volume": 0.7395632947056375,
      "used_weight": 0.42901727272727275,
      "unload_obs": 0,
      "hs_cond": 1,
      "p_cond": 1,
      "sub_cond": 1
    },
    {
      "iteration": 111,
      "time": "122.9433753490448",
      "n_placed": 335,
      "n_discard": 167,
      "p_mean_weight": 28.418089552238804,
      "d_mean_weight": 19.21508982035928,
      "p_median_weight": 18.0,
      "d_median_weight": 11.85,
      "p_std_weight": 23.17568909874175,
      "d_std_weight": 14.94697067540449,
      "p_total_weight": 9520.06,
      "d_total_weight": 3208.92,
      "p_mean_taxability": 60.23030298507463,
      "d_mean_taxability": 51.09298760479042,
      "p_total_taxability": 20177.1515,
      "d_total_taxability": 8532.52893,
      "p_mean_volume": 0.17981056716417912,
      "d_mean_volume": 0.15343239520958085,
      "p_median_volume": 0.11248000000000001,
      "d_median_volume": 0.08321,
      "p_std_volume": 0.14893986145393345,
      "d_std_volume": 0.12450138065334801,
      "p_total_volume": 60.236540000000005,
      "d_total_volume": 25.62321,
      "d_max_priority": 1,
      "used_volume": 0.7378854398902419,
      "used_weight": 0.43273,
      "unload_obs": 1,
      "hs_cond": 1,
      "p_cond": 0,
      "sub_cond": 0
    }
  ],
  "weight": [
    {
      "iteration": 90,
      "time": "126.21986889839172",
      "n_placed": 351,
      "n_discard": 151,
      "p_mean_weight": 27.49458689458689,
      "d_mean_weight": 20.38662251655629,
      "p_median_weight": 17.2,
      "d_median_weight": 11.3,
      "p_std_weight": 22.59913755086999,
      "d_std_weight": 16.700138438045645,
      "p_total_weight": 9650.599999999999,
      "d_total_weight": 3078.3799999999997,
      "p_mean_taxability": 58.66052723646724,
      "d_mean_taxability": 53.77374417218544,
      "p_total_taxability": 20589.84506,
      "d_total_taxability": 8119.835370000001,
      "p_mean_volume": 0.1751449002849003,
      "d_mean_volume": 0.16148271523178806,
      "p_median_volume": 0.11086000000000001,
      "d_median_volume": 0.0886,
      "p_std_volume": 0.1449641037594333,
      "d_std_volume": 0.13379032983956043,
      "p_total_volume": 61.47586,
      "d_total_volume": 24.383889999999997,
      "d_max_priority": 1,
      "used_volume": 0.7530668593968199,
      "used_weight": 0.4386636363636363,
      "unload_obs": 2,
      "hs_cond": 1,
      "p_cond": 0,
      "sub_cond": 0
    },
    {
      "iteration": 111,
      "time": "122.9433753490448",
      "n_placed": 335,
      "n_discard": 167,
      "p_mean_weight": 28.418089552238804,
      "d_mean_weight": 19.21508982035928,
      "p_median_weight": 18.0,
      "d_median_weight": 11.85,
      "p_std_weight": 23.17568909874175,
      "d_std_weight": 14.94697067540449,
      "p_total_weight": 9520.06,
      "d_total_weight": 3208.92,
      "p_mean_taxability": 60.23030298507463,
      "d_mean_taxability": 51.09298760479042,
      "p_total_taxability": 20177.1515,
      "d_total_taxability": 8532.52893,
      "p_mean_volume": 0.17981056716417912,
      "d_mean_volume": 0.15343239520958085,
      "p_median_volume": 0.11248000000000001,
      "d_median_volume": 0.08321,
      "p_std_volume": 0.14893986145393345,
      "d_std_volume": 0.12450138065334801,
      "p_total_volume": 60.236540000000005,
      "d_total_volume": 25.62321,
      "d_max_priority": 1,
      "used_volume": 0.7378854398902419,
      "used_weight": 0.43273,
      "unload_obs": 1,
      "hs_cond": 1,
      "p_cond": 0,
      "sub_cond": 0
    },
    {
      "iteration": 80,
      "time": "123.0684027671814",
      "n_placed": 327,
      "n_discard": 175,
      "p_mean_weight": 28.918929663608555,
      "d_mean_weight": 18.699942857142855,
      "p_median_weight": 19.1,
      "d_median_weight": 11.0,
      "p_std_weight": 23.122761959376888,
      "d_std_weight": 15.108189280322419,
      "p_total_weight": 9456.489999999998,
      "d_total_weight": 3272.49,
      "p_mean_taxability": 61.4709410703364,
      "d_mean_taxability": 49.19247257142858,
      "p_total_taxability": 20100.997730000003,
      "d_total_taxability": 8608.682700000001,
      "p_mean_volume": 0.18351024464831805,
      "d_mean_volume": 0.14772514285714286,
      "p_median_volume": 0.11762000000000002,
      "d_median_volume": 0.08321,
      "p_std_volume": 0.15024454343858482,
      "d_std_volume": 0.12117428961233563,
      "p_total_volume": 60.007850000000005,
      "d_total_volume": 25.8519,
      "d_max_priority": 1,
      "used_volume": 0.7350840336134454,
      "used_weight": 0.42984045454545444,
      "unload_obs": 3,
      "hs_cond": 1,
      "p_cond": 0,
      "sub_cond": 0
    }
  ],
  "taxability": [
    {
      "iteration": 90,
      "time": "126.21986889839172",
      "n_placed": 351,
      "n_discard": 151,
      "p_mean_weight": 27.49458689458689,
      "d_mean_weight": 20.38662251655629,
      "p_median_weight": 17.2,
      "d_median_weight": 11.3,
      "p_std_weight": 22.59913755086999,
      "d_std_weight": 16.700138438045645,
      "p_total_weight": 9650.599999999999,
      "d_total_weight": 3078.3799999999997,
      "p_mean_taxability": 58.66052723646724,
      "d_mean_taxability": 53.77374417218544,
      "p_total_taxability": 20589.84506,
      "d_total_taxability": 8119.835370000001,
      "p_mean_volume": 0.1751449002849003,
      "d_mean_volume": 0.16148271523178806,
      "p_median_volume": 0.11086000000000001,
      "d_median_volume": 0.0886,
      "p_std_volume": 0.1449641037594333,
      "d_std_volume": 0.13379032983956043,
      "p_total_volume": 61.47586,
      "d_total_volume": 24.383889999999997,
      "d_max_priority": 1,
      "used_volume": 0.7530668593968199,
      "used_weight": 0.4386636363636363,
      "unload_obs": 2,
      "hs_cond": 1,
      "p_cond": 0,
      "sub_cond": 0
    },
    {
      "iteration": 17,