{
  "volume": [
    {
      "iteration": 38,
      "time": "176.23018741607666",
      "n_placed": 326,
      "n_discard": 175,
      "p_mean_weight": 30.26312883435583,
      "d_mean_weight": 19.284285714285716,
      "p_median_weight": 20.0,
      "d_median_weight": 10.9,
      "p_std_weight": 24.420785044307518,
      "d_std_weight": 15.880632512540487,
      "p_total_weight": 9865.78,
      "d_total_weight": 3374.75,
      "p_mean_taxability": 64.54831901840491,
      "d_mean_taxability": 50.094636171428576,
      "p_total_taxability": 21042.752,
      "d_total_taxability": 8766.56133,
      "p_mean_volume": 0.1928815337423313,
      "d_mean_volume": 0.15043434285714286,
      "p_median_volume": 0.13163,
      "d_median_volume": 0.0844,
      "p_std_volume": 0.16824414747652275,
      "d_std_volume": 0.12141852429963133,
      "p_total_volume": 62.879380000000005,
      "d_total_volume": 26.32601,
      "d_max_priority": 1,
      "used_volume": 0.7702596957150207,
      "used_weight": 0.4484445454545455,
      "unload_obs": 2,
      "hs_cond": 1,
      "p_cond": 0,
      "sub_cond": 0
    },
    {
      "iteration": 101,
      "time": "153.93968892097473",
      "n_placed": 308,
      "n_discard": 193,
      "p_mean_weight": 31.663506493506496,
      "d_mean_weight": 18.07341968911917,
      "p_median_weight": 21.835,
      "d_median_weight": 9.73,
      "p_std_weight": 24.2548148961172,
      "d_std_weight": 15.960349003958278,
      "p_total_weight": 9752.36,
      "d_total_weight": 3488.1699999999996,
      "p_mean_taxability": 68.25343954545454,
      "d_mean_taxability": 45.52981321243524,
      "p_total_taxability": 21022.05938,
      "d_total_taxability": 8787.253950000002,
      "p_mean_volume": 0.20395207792207792,
      "d_mean_volume": 0.1367261658031088,
      "p_median_volume": 0.15158,
      "d_median_volume": 0.07652,
      "p_std_volume": 0.16993671122620407,
      "d_std_volume": 0.11564859892423701,
      "p_total_volume": 62.81724,
      "d_total_volume": 26.388150000000003,
      "d_max_priority": 1,
      "used_volume": 0.769498493274861,
      "used_weight": 0.4432890909090909,
      "unload_obs": 2,
      "hs_cond": 1,
      "p_cond": 0,
      "sub_cond": 0
    },
    {
      "iteration": 30,
      "time": "172.53219175338745",
      "n_placed": 331,
      "n_discard": 170,
      "p_mean_weight": 29.353534743202417,
      "d_mean_weight": 20.73241176470588,
      "p_median_weight": 18.28,
      "d_median_weight": 11.485,
      "p_std_weight": 24.14284803843827,
      "d_std_weight": 17.325986350702024,
      "p_total_weight": 9716.02,
      "d_total_weight": 3524.5099999999993,
      "p_mean_taxability": 63.23481613293052,
      "d_mean_taxability": 52.22699523529412,
      "p_total_taxability": 20930.724140000002,
      "d_total_taxability": 8878.58919,
      "p_mean_volume": 0.1889515407854985,
      "d_mean_volume": 0.15683782352941178,
      "p_median_volume": 0.11086000000000001,
      "d_median_volume": 0.10031500000000002,
      "p_std_volume": 0.1687903242031026,
      "d_std_volume": 0.12045897992898166,
      "p_total_volume": 62.54296000000001,
      "d_total_volume": 26.662430000000004,
      "d_max_priority": 1,
      "used_volume": 0.7661386187127913,
      "used_weight": 0.44163727272727277,
      "unload_obs": 1,
      "hs_cond": 1,
      "p_cond": 0,
      "sub_cond": 0
    }
  ],
  "weight": [
    {
      "iteration": 38,
      "time": "176.23018741607666",
      "n_placed": 326,
      "n_discard": 175,
      "p_mean_weight": 30.26312883435583,
      "d_mean_weight": 19.284285714285716,
      "p_median_weight": 20.0,
      "d_median_weight": 10.9,
      "p_std_weight": 24.420785044307518,
      "d_std_weight": 15.880632512540487,
      "p_total_weight": 9865.78,
      "d_total_weight": 3374.75,
      "p_mean_taxability": 64.54831901840491,
      "d_mean_taxability": 50.094636171428576,
      "p_total_taxability": 21042.752,
      "d_total_taxability": 8766.56133,
      "p_mean_volume": 0.1928815337423313,
      "d_mean_volume": 0.15043434285714286,
      "p_median_volume": 0.13163,
      "d_median_volume": 0.0844,
      "p_std_volume": 0.16824414747652275,
      "d_std_volume": 0.12141852429963133,
      "p_total_volume": 62.879380000000005,
      "d_total_volume": 26.32601,
      "d_max_priority": 1,
      "used_volume": 0.7702596957150207,
      "used_weight": 0.4484445454545455,
      "unload_obs": 2,
      "hs_cond": 1,
      "p_cond": 0,
      "sub_cond": 0
    },
    {
      "iteration": 141,
      "time": "86.20693850517273",
      "n_placed": 315,
      "n_discard": 186,
      "p_mean_weight": 30.990761904761904,
      "d_mean_weight": 18.701290322580647,
      "p_median_weight": 20.08,
      "d_median_weight": 11.370000000000001,
      "p_std_weight": 24.666059239338257,
      "d_std_weight": 15.196830624468072,
      "p_total_weight": 9762.09,
      "d_total_weight": 3478.44,
      "p_mean_taxability": 66.36566044444446,
      "d_mean_taxability": 47.87166822580646,
      "p_total_taxability": 20905.183040000004,
      "d_total_taxability": 8904.130290000001,
      "p_mean_volume": 0.19830558730158732,
      "d_mean_volume": 0.14375876344086022,
      "p_median_volume": 0.13163,
      "d_median_volume": 0.09384,
      "p_std_volume": 0.17157294732571615,
      "d_std_volume": 0.11338949525241654,
      "p_total_volume": 62.466260000000005,
      "d_total_volume": 26.739130000000003,
      "d_max_priority": 1,
      "used_volume": 0.765199059215523,
      "used_weight": 0.4437313636363636,
      "unload_obs": 1,
      "hs_cond": 1,
      "p_cond": 0,
      "sub_cond": 0
    },
    {
      "iteration": 101,
      "time": "153.93968892097473",
      "n_placed": 308,
      "n_discard": 193,
      "p_mean_weight": 31.663506493506496,
      "d_mean_weight": 18.07341968911917,
      "p_median_weight": 21.835,
      "d_median_weight": 9.73,
      "p_std_weight": 24.2548148961172,
      "d_std_weight": 15.960349003958278,
      "p_total_weight": 9752.36,
      "d_total_weight": 3488.1699999999996,
      "p_mean_taxability": 68.25343954545454,
      "d_mean_taxability": 45.52981321243524,
      "p_total_taxability": 21022.05938,
      "d_total_taxability": 8787.253950000002,
      "p_mean_volume": 0.20395207792207792,
      "d_mean_volume": 0.1367261658031088,
      "p_median_volume": 0.15158,
      "d_median_volume": 0.07652,
      "p_std_volume": 0.16993671122620407,
      "d_std_volume": 0.11564859892423701,
      "p_total_volume": 62.81724,
      "d_total_volume": 26.388150000000003,
      "d_max_priority": 1,
      "used_volume": 0.769498493274861,
      "used_weight": 0.4432890909090909,
      "unload_obs": 2,
      "hs_cond": 1,
      "p_cond": 0,
      "sub_cond": 0
    }
  ],
  "taxability": [
    {
      "iteration": 38,
      "time": "176.23018741607666",
      "n_placed": 326,
      "n_discard": 175,
      "p_mean_weight": 30.26312883435583,
      "d_mean_weight": 19.284285714285716,
      "p_median_weight": 20.0,
      "d_median_weight": 10.9,
      "p_std_weight": 24.420785044307518,
      "d_std_weight": 15.880632512540487,
      "p_total_weight": 9865.78,
      "d_total_weight": 3374.75,
      "p_mean_taxability": 64.54831901840491,
      "d_mean_taxability": 50.094636171428576,
      "p_total_taxability": 21042.752,
      "d_total_taxability": 8766.56133,
      "p_mean_volume": 0.1928815337423313,
      "d_mean_volume": 0.15043434285714286,
      "p_median_volume": 0.13163,
      "d_median_volume": 0.0844,
      "p_std_volume": 0.16824414747652275,
      "d_std_volume": 0.12141852429963133,
      "p_total_volume": 62.879380000000005,
      "d_total_volume": 26.32601,
      "d_max_priority": 1,
      "used_volume": 0.7702596957150207,
      "used_weight": 0.4484445454545455,
      "unload_obs": 2,
      "hs_cond": 1,
      "p_cond": 0,
      "sub_cond": 0
    },
    {
      "iteration": 101,
      "time": "153.93968892097473",
      "n_placed": 308,
      "n_discard": 193,