{
  "volume": [
    {
      "iteration": 127,
      "time": "77.65800380706787",
      "n_placed": 244,
      "n_discard": 113,
      "p_mean_weight": 41.00364754098361,
      "d_mean_weight": 32.704513274336286,
      "p_median_weight": 37.1,
      "d_median_weight": 33.1,
      "p_std_weight": 25.402081073303528,
      "d_std_weight": 14.263669383083425,
      "p_total_weight": 10004.89,
      "d_total_weight": 3695.61,
      "p_mean_taxability": 86.11578090163935,
      "d_mean_taxability": 86.98956053097345,
      "p_total_taxability": 21012.25054,
      "d_total_taxability": 9829.82034,
      "p_mean_volume": 0.2579104098360656,
      "d_mean_volume": 0.2612299115044248,
      "p_median_volume": 0.259805,
      "d_median_volume": 0.27849,
      "p_std_volume": 0.17346239572036776,
      "d_std_volume": 0.10338076922487961,
      "p_total_volume": 62.93014000000001,
      "d_total_volume": 29.518980000000006,
      "d_max_priority": 0,
      "used_volume": 0.7708814954553251,
      "used_weight": 0.45476772727272724,
      "unload_obs": 0,
      "hs_cond": 1,
      "p_cond": 1,
      "sub_cond": 1
    },
    {
      "iteration": 139,
      "time": "66.99426245689392",
      "n_placed": 247,
      "n_discard": 110,
      "p_mean_weight": 40.11101214574899,
      "d_mean_weight": 34.48254545454545,
      "p_median_weight": 36.5,
      "d_median_weight": 33.9,
      "p_std_weight": 25.236375753394515,
      "d_std_weight": 15.391964330074375,
      "p_total_weight": 9907.42,
      "d_total_weight": 3793.08,
      "p_mean_taxability": 84.71280222672065,
      "d_mean_taxability": 90.16371572727272,
      "p_total_taxability": 20924.06215,
      "d_total_taxability": 9918.00873,
      "p_mean_volume": 0.2537057085020243,
      "d_mean_volume": 0.27076190909090914,
      "p_median_volume": 0.255,
      "d_median_volume": 0.28301000000000004,
      "p_std_volume": 0.17207636441784877,
      "d_std_volume": 0.10506741024847781,
      "p_total_volume": 62.665310000000005,
      "d_total_volume": 29.783810000000003,
      "d_max_priority": 0,
      "used_volume": 0.7676373814832056,
      "used_weight": 0.45033727272727275,
      "unload_obs": 1,
      "hs_cond": 1,
      "p_cond": 1,
      "sub_cond": 1
    },
    {
      "iteration": 16,
      "time": "87.04635286331177",
      "n_placed": 247,
      "n_discard": 110,
      "p_mean_weight": 39.927813765182194,
      "d_mean_weight": 34.8939090909091,
      "p_median_weight": 35.6,
      "d_median_weight": 34.9,
      "p_std_weight": 25.301660299279472,
      "d_std_weight": 15.293550004324667,
      "p_total_weight": 9862.170000000002,
      "d_total_weight": 3838.3300000000004,
      "p_mean_taxability": 84.11279554655871,
      "d_mean_taxability": 91.51100345454546,
      "p_total_taxability": 20775.860500000003,
      "d_total_taxability": 10066.21038,
      "p_mean_volume": 0.25190388663967617,
      "d_mean_volume": 0.2748078181818182,
      "p_median_volume": 0.255,
      "d_median_volume": 0.28301000000000004,
      "p_std_volume": 0.1723798491405265,
      "d_std_volume": 0.10315073624485939,
      "p_total_volume": 62.22026000000001,
      "d_total_volume": 30.22886,
      "d_max_priority": 0,
      "used_volume": 0.7621856089374527,
      "used_weight": 0.4482804545454546,
      "unload_obs": 0,
      "hs_cond": 1,
      "p_cond": 1,
      "sub_cond": 1
    }
  ],
  "weight": [
    {
      "iteration": 127,
      "time": "77.65800380706787",
      "n_placed": 244,
      "n_discard": 113,
      "p_mean_weight": 41.00364754098361,
      "d_mean_weight": 32.704513274336286,
      "p_median_weight": 37.1,
      "d_median_weight": 33.1,
      "p_std_weight": 25.402081073303528,
      "d_std_weight": 14.263669383083425,
      "p_total_weight": 10004.89,
      "d_total_weight": 3695.61,
      "p_mean_taxability": 86.11578090163935,
      "d_mean_taxability": 86.98956053097345,
      "p_total_taxability": 21012.25054,
      "d_total_taxability": 9829.82034,
      "p_mean_volume": 0.2579104098360656,
      "d_mean_volume": 0.2612299115044248,
      "p_median_volume": 0.259805,
      "d_median_volume": 0.27849,
      "p_std_volume": 0.17346239572036776,
      "d_std_volume": 0.10338076922487961,
      "p_total_volume": 62.93014000000001,
      "d_total_volume": 29.518980000000006,
      "d_max_priority": 0,
      "used_volume": 0.7708814954553251,
      "used_weight": 0.45476772727272724,
      "unload_obs": 0,
      "hs_cond": 1,
      "p_cond": 1,
      "sub_cond": 1
    },
    {
      "iteration": 52,
      "time": "81.26712727546692",
      "n_placed": 241,
      "n_discard": 116,
      "p_mean_weight": 41.16800829875518,
      "d_mean_weight": 32.5776724137931,
      "p_median_weight": 37.6,
      "d_median_weight": 33.1,
      "p_std_weight": 25.47601543968884,
      "d_std_weight": 14.25251595533124,
      "p_total_weight": 9921.49,
      "d_total_weight": 3779.01,
      "p_mean_taxability": 86.12527049792531,
      "d_mean_taxability": 86.94724732758621,
      "p_total_taxability": 20756.19019,
      "d_total_taxability": 10085.88069,
      "p_mean_volume": 0.2579302489626556,
      "d_mean_volume": 0.2611028448275863,
      "p_median_volume": 0.25754000000000005,
      "d_median_volume": 0.2803,
      "p_std_volume": 0.17378924136705864,
      "d_std_volume": 0.10467757292966473,
      "p_total_volume": 62.161190000000005,
      "d_total_volume": 30.287930000000006,
      "d_max_priority": 0,
      "used_volume": 0.7614620133767793,
      "used_weight": 0.4509768181818182,
      "unload_obs": 0,
      "hs_cond": 1,
      "p_cond": 1,
      "sub_cond": 1
    },
    {
      "iteration": 139,
      "time": "66.99426245689392",
      "n_placed": 247,
      "n_discard": 110,
      "p_mean_weight": 40.11101214574899,
      "d_mean_weight": 34.48254545454545,
      "p_median_weight": 36.5,
      "d_median_weight": 33.9,
      "p_std_weight": 25.236375753394515,
      "d_std_weight": 15.391964330074375,
      "p_total_weight": 9907.42,
      "d_total_weight": 3793.08,
      "p_mean_taxability": 84.71280222672065,
      "d_mean_taxability": 90.16371572727272,
      "p_total_taxability": 20924.06215,
      "d_total_taxability": 9918.00873,
      "p_mean_volume": 0.2537057085020243,
      "d_mean_volume": 0.27076190909090914,
      "p_median_volume": 0.255,
      "d_median_volume": 0.28301000000000004,
      "p_std_volume": 0.17207636441784877,
      "d_std_volume": 0.10506741024847781,
      "p_total_volume": 62.665310000000005,
      "d_total_volume": 29.783810000000003,
      "d_max_priority": 0,
      "used_volume": 0.7676373814832056,
      "used_weight": 0.45033727272727275,
      "unload_obs": 1,
      "hs_cond": 1,
      "p_cond": 1,
      "sub_cond": 1
    }
  ],
  "taxability": [
    {
      "iteration": 127,
      "time": "77.65800380706787",
      "n_placed": 244,
      "n_discard": 113,
      "p_mean_weight": 41.00364754098361,
      "d_mean_weight": 32.704513274336286,
      "p_median_weight": 37.1,
      "d_median_weight": 33.1,
      "p_std_weight": 25.402081073303528,
      "d_std_weight": 14.263669383083425,
      "p_total_weight": 10004.89,
      "d_total_weight": 3695.61,
      "p_mean_taxability": 86.11578090163935,
      "d_mean_taxability": 86.98956053097345,
      "p_total_taxability": 21012.25054,
      "d_total_taxability": 9829.82034,
      "p_mean_volume": 0.2579104098360656,
      "d_mean_volume": 0.2612299115044248,
      "p_median_volume": 0.259805,
      "d_median_volume": 0.27849,
      "p_std_volume": 0.17346239572036776,
      "d_std_volume": 0.10338076922487961,
      "p_total_volume": 62.93014000000001,
      "d_total_volume": 29.518980000000006,
      "d_max_priority": 0,
      "used_volume": 0.7708814954553251,
      "used_weight": 0.45476772727272724,
      "unload_obs": 0,
      "hs_cond": 1,
      "p_cond": 1,
      "sub_cond": 1
    },
    {
      "iteration": 139,
      "time": "66.99426245689392",
      "n_placed": 247,
      "n_discard": 110,