{
  "volume": [
    {
      "iteration": 175,
      "time": "78.90782499313354",
      "n_placed": 328,
      "n_discard": 195,
      "p_mean_weight": 28.973871951219515,
      "d_mean_weight": 20.42866666666667,
      "p_median_weight": 17.299999999999997,
      "d_median_weight": 12.4,
      "p_std_weight": 26.402121484969737,
      "d_std_weight": 16.221212288542606,
      "p_total_weight": 9503.43,
      "d_total_weight": 3983.59,
      "p_mean_taxability": 62.84532408536586,
      "d_mean_taxability": 52.14342830769232,
      "p_total_taxability": 20613.266300000003,
      "d_total_taxability": 10167.968520000002,
      "p_mean_volume": 0.18779820121951218,
      "d_mean_volume": 0.1565868717948718,
      "p_median_volume": 0.100625,
      "d_median_volume": 0.10573,
      "p_std_volume": 0.1996774846678985,
      "d_std_volume": 0.12210952848725766,
      "p_total_volume": 61.597809999999996,
      "d_total_volume": 30.53444,
      "d_max_priority": 0,
      "used_volume": 0.7545607222480828,
      "used_weight": 0.43197409090909095,
      "unload_obs": 1,
      "hs_cond": 1,
      "p_cond": 1,
      "sub_cond": 1
    },
    {
      "iteration": 74,
      "time": "167.42651104927063",
      "n_placed": 335,
      "n_discard": 188,
      "p_mean_weight": 27.727253731343286,
      "d_mean_weight": 22.331861702127657,
      "p_median_weight": 17.2,
      "d_median_weight": 13.0,
      "p_std_weight": 25.781339946585703,
      "d_std_weight": 18.268873977576696,
      "p_total_weight": 9288.630000000001,
      "d_total_weight": 4198.389999999999,
      "p_mean_taxability": 60.5793208358209,
      "d_mean_taxability": 55.78277840425533,
      "p_total_taxability": 20294.072480000003,
      "d_total_taxability": 10487.162340000003,
      "p_mean_volume": 0.18101274626865674,
      "d_mean_volume": 0.1675158510638298,
      "p_median_volume": 0.09844000000000001,
      "d_median_volume": 0.10599000000000001,
      "p_std_volume": 0.19792971784652927,
      "d_std_volume": 0.12544863536649015,
      "p_total_volume": 60.63927000000001,
      "d_total_volume": 31.49298,
      "d_max_priority": 0,
      "used_volume": 0.7428188009897838,
      "used_weight": 0.4222104545454546,
      "unload_obs": 1,
      "hs_cond": 1,
      "p_cond": 1,
      "sub_cond": 1
    },
    {
      "iteration": 179,
      "time": "87.79566884040833",
      "n_placed": 328,
      "n_discard": 195,
      "p_mean_weight": 28.514390243902437,
      "d_mean_weight": 21.20153846153846,
      "p_median_weight": 19.45,
      "d_median_weight": 13.0,
      "p_std_weight": 24.645393753523276,
      "d_std_weight": 20.654371063111274,
      "p_total_weight": 9352.72,
      "d_total_weight": 4134.299999999999,
      "p_mean_taxability": 61.619762256097566,
      "d_mean_taxability": 54.20488615384616,
      "p_total_taxability": 20211.282020000002,
      "d_total_taxability": 10569.952800000001,
      "p_mean_volume": 0.1841178353658537,
      "d_mean_volume": 0.1627774358974359,
      "p_median_volume": 0.09847,
      "d_median_volume": 0.10599000000000001,
      "p_std_volume": 0.17821370042923831,
      "d_std_volume": 0.17002744006737772,
      "p_total_volume": 60.39065000000001,
      "d_total_volume": 31.7416,
      "d_max_priority": 0,
      "used_volume": 0.7397732562412721,
      "used_weight": 0.4251236363636363,
      "unload_obs": 0,
      "hs_cond": 1,
      "p_cond": 1,
      "sub_cond": 1
    }
  ],
  "weight": [
    {
      "iteration": 175,
      "time": "78.90782499313354",
      "n_placed": 328,
      "n_discard": 195,
      "p_mean_weight": 28.973871951219515,
      "d_mean_weight": 20.42866666666667,
      "p_median_weight": 17.299999999999997,
      "d_median_weight": 12.4,
      "p_std_weight": 26.402121484969737,
      "d_std_weight": 16.221212288542606,
      "p_total_weight": 9503.43,
      "d_total_weight": 3983.59,
      "p_mean_taxability": 62.84532408536586,
      "d_mean_taxability": 52.14342830769232,
      "p_total_taxability": 20613.266300000003,
      "d_total_taxability": 10167.968520000002,
      "p_mean_volume": 0.18779820121951218,
      "d_mean_volume": 0.1565868717948718,
      "p_median_volume": 0.100625,
      "d_median_volume": 0.10573,
      "p_std_volume": 0.1996774846678985,
      "d_std_volume": 0.12210952848725766,
      "p_total_volume": 61.597809999999996,
      "d_total_volume": 30.53444,
      "d_max_priority": 0,
      "used_volume": 0.7545607222480828,
      "used_weight": 0.43197409090909095,
      "unload_obs": 1,
      "hs_cond": 1,
      "p_cond": 1,
      "sub_cond": 1
    },
    {
      "iteration": 179,
      "time": "87.79566884040833",
      "n_placed": 328,
      "n_discard": 195,
      "p_mean_weight": 28.514390243902437,
      "d_mean_weight": 21.20153846153846,
      "p_median_weight": 19.45,
      "d_median_weight": 13.0,
      "p_std_weight": 24.645393753523276,
      "d_std_weight": 20.654371063111274,
      "p_total_weight": 9352.72,
      "d_total_weight": 4134.299999999999,
      "p_mean_taxability": 61.619762256097566,
      "d_mean_taxability": 54.20488615384616,
      "p_total_taxability": 20211.282020000002,
      "d_total_taxability": 10569.952800000001,
      "p_mean_volume": 0.1841178353658537,
      "d_mean_volume": 0.1627774358974359,
      "p_median_volume": 0.09847,
      "d_median_volume": 0.10599000000000001,
      "p_std_volume": 0.17821370042923831,
      "d_std_volume": 0.17002744006737772,
      "p_total_volume": 60.39065000000001,
      "d_total_volume": 31.7416,
      "d_max_priority": 0,
      "used_volume": 0.7397732562412721,
      "used_weight": 0.4251236363636363,
      "unload_obs": 0,
      "hs_cond": 1,
      "p_cond": 1,
      "sub_cond": 1
    },
    {
      "iteration": 99,
      "time": "178.2791702747345",
      "n_placed": 326,
      "n_discard": 197,
      "p_mean_weight": 28.59070552147239,
      "d_mean_weight": 21.149492385786807,
      "p_median_weight": 19.45,
      "d_median_weight": 12.4,
      "p_std_weight": 24.701759646927062,
      "d_std_weight": 20.55510869877764,
      "p_total_weight": 9320.57,
      "d_total_weight": 4166.450000000001,
      "p_mean_taxability": 61.80626131901841,
      "d_mean_taxability": 53.97154126903555,
      "p_total_taxability": 20148.841190000003,
      "d_total_taxability": 10632.393630000002,
      "p_mean_volume": 0.18467220858895708,
      "d_mean_volume": 0.16207670050761422,
      "p_median_volume": 0.09941,
      "d_median_volume": 0.10599000000000001,
      "p_std_volume": 0.17859266506438454,
      "d_std_volume": 0.16934726431928315,
      "p_total_volume": 60.203140000000005,
      "d_total_volume": 31.92911,
      "d_max_priority": 0,
      "used_volume": 0.7374762966411055,
      "used_weight": 0.4236622727272727,
      "unload_obs": 0,
      "hs_cond": 1,
      "p_cond": 1,
      "sub_cond": 1
    }
  ],
  "taxability": [
    {
      "iteration": 175,
      "time": "78.90782499313354",
      "n_placed": 328,
      "n_discard": 195,
      "p_mean_weight": 28.973871951219515,
      "d_mean_weight": 20.42866666666667,
      "p_median_weight": 17.299999999999997,
      "d_median_weight": 12.4,
      "p_std_weight": 26.402121484969737,
      "d_std_weight": 16.221212288542606,
      "p_total_weight": 9503.43,
      "d_total_weight": 3983.59,
      "p_mean_taxability": 62.84532408536586,
      "d_mean_taxability": 52.14342830769232,
      "p_total_taxability": 20613.266300000003,
      "d_total_taxability": 10167.968520000002,
      "p_mean_volume": 0.18779820121951218,
      "d_mean_volume": 0.1565868717948718,
      "p_median_volume": 0.100625,
      "d_median_volume": 0.10573,
      "p_std_volume": 0.1996774846678985,
      "d_std_volume": 0.12210952848725766,
      "p_total_volume": 61.597809999999996,
      "d_total_volume": 30.53444,
      "d_max_priority": 0,
      "used_volume": 0.7545607222480828,
      "used_weight": 0.43197409090909095,
      "unload_obs": 1,
      "hs_cond": 1,
      "p_cond": 1,