{
  "volume": [
    {
      "iteration": 112,
      "time": "66.99619793891907",
      "n_placed": 285,
      "n_discard": 175,
      "p_mean_weight": 32.19385964912281,
      "d_mean_weight": 30.065028571428567,
      "p_median_weight": 22.0,
      "d_median_weight": 21.1,
      "p_std_weight": 24.906196423017356,
      "d_std_weight": 24.493468608043287,
      "p_total_weight": 9175.25,
      "d_total_weight": 5261.379999999999,
      "p_mean_taxability": 69.50424614035089,
      "d_mean_taxability": 74.04578485714288,
      "p_total_taxability": 19808.710150000003,
      "d_total_taxability": 12958.012350000003,
      "p_mean_volume": 0.20795249122807016,
      "d_mean_volume": 0.2223597142857143,
      "p_median_volume": 0.16611,
      "d_median_volume": 0.18,
      "p_std_volume": 0.17012581379312175,
      "d_std_volume": 0.19031457815709574,
      "p_total_volume": 59.266459999999995,
      "d_total_volume": 38.91295,
      "d_max_priority": 0,
      "used_volume": 0.7260021559644265,
      "used_weight": 0.41705681818181817,
      "unload_obs": 3,
      "hs_cond": 1,
      "p_cond": 1,
      "sub_cond": 1
    },
    {
      "iteration": 76,
      "time": "65.92844486236572",
      "n_placed": 285,
      "n_discard": 175,
      "p_mean_weight": 32.17421052631579,
      "d_mean_weight": 30.09702857142857,
      "p_median_weight": 22.0,
      "d_median_weight": 21.1,
      "p_std_weight": 24.926159920979142,
      "d_std_weight": 24.463066608695605,
      "p_total_weight": 9169.65,
      "d_total_weight": 5266.98,
      "p_mean_taxability": 69.47186919298245,
      "d_mean_taxability": 74.09851302857143,
      "p_total_taxability": 19799.48272,
      "d_total_taxability": 12967.239780000002,
      "p_mean_volume": 0.2078552631578947,
      "d_mean_volume": 0.22251805714285716,
      "p_median_volume": 0.16611,
      "d_median_volume": 0.18,
      "p_std_volume": 0.1702210923288007,
      "d_std_volume": 0.19016330118018002,
      "p_total_volume": 59.238749999999996,
      "d_total_volume": 38.94066,
      "d_max_priority": 0,
      "used_volume": 0.7256627140652179,
      "used_weight": 0.4168022727272727,
      "unload_obs": 3,
      "hs_cond": 1,
      "p_cond": 1,
      "sub_cond": 1
    },
    {
      "iteration": 178,
      "time": "31.99381732940674",
      "n_placed": 284,
      "n_discard": 176,
      "p_mean_weight": 32.30281690140845,
      "d_mean_weight": 29.901306818181812,
      "p_median_weight": 22.25,
      "d_median_weight": 20.9,
      "p_std_weight": 24.887585361204344,
      "d_std_weight": 24.510650046684585,
      "p_total_weight": 9174.0,
      "d_total_weight": 5262.629999999999,
      "p_mean_taxability": 69.71392059859156,
      "d_mean_taxability": 73.68164232954547,
      "p_total_taxability": 19798.753450000004,
      "d_total_taxability": 12967.969050000003,
      "p_mean_volume": 0.2085794366197183,
      "d_mean_volume": 0.22126619318181823,
      "p_median_volume": 0.166305,
      "d_median_volume": 0.17908000000000002,
      "p_std_volume": 0.1701294798857131,
      "d_std_volume": 0.19027533233936,
      "p_total_volume": 59.236560000000004,
      "d_total_volume": 38.94285000000001,
      "d_max_priority": 0,
      "used_volume": 0.7256358870078644,
      "used_weight": 0.417,
      "unload_obs": 3,
      "hs_cond": 1,
      "p_cond": 1,
      "sub_cond": 1
    }
  ],
  "weight": [
    {
      "iteration": 112,
      "time": "66.99619793891907",
      "n_placed": 285,
      "n_discard": 175,
      "p_mean_weight": 32.19385964912281,
      "d_mean_weight": 30.065028571428567,
      "p_median_weight": 22.0,
      "d_median_weight": 21.1,
      "p_std_weight": 24.906196423017356,
      "d_std_weight": 24.493468608043287,
      "p_total_weight": 9175.25,
      "d_total_weight": 5261.379999999999,
      "p_mean_taxability": 69.50424614035089,
      "d_mean_taxability": 74.04578485714288,
      "p_total_taxability": 19808.710150000003,
      "d_total_taxability": 12958.012350000003,
      "p_mean_volume": 0.20795249122807016,
      "d_mean_volume": 0.2223597142857143,
      "p_median_volume": 0.16611,
      "d_median_volume": 0.18,
      "p_std_volume": 0.17012581379312175,
      "d_std_volume": 0.19031457815709574,
      "p_total_volume": 59.266459999999995,
      "d_total_volume": 38.91295,
      "d_max_priority": 0,
      "used_volume": 0.7260021559644265,
      "used_weight": 0.41705681818181817,
      "unload_obs": 3,
      "hs_cond": 1,
      "p_cond": 1,
      "sub_cond": 1
    },
    {
      "iteration": 178,
      "time": "31.99381732940674",
      "n_placed": 284,
      "n_discard": 176,
      "p_mean_weight": 32.30281690140845,
      "d_mean_weight": 29.901306818181812,
      "p_median_weight": 22.25,
      "d_median_weight": 20.9,
      "p_std_weight": 24.887585361204344,
      "d_std_weight": 24.510650046684585,
      "p_total_weight": 9174.0,
      "d_total_weight": 5262.629999999999,
      "p_mean_taxability": 69.71392059859156,
      "d_mean_taxability": 73.68164232954547,
      "p_total_taxability": 19798.753450000004,
      "d_total_taxability": 12967.969050000003,
      "p_mean_volume": 0.2085794366197183,
      "d_mean_volume": 0.22126619318181823,
      "p_median_volume": 0.166305,
      "d_median_volume": 0.17908000000000002,
      "p_std_volume": 0.1701294798857131,
      "d_std_volume": 0.19027533233936,
      "p_total_volume": 59.236560000000004,
      "d_total_volume": 38.94285000000001,
      "d_max_priority": 0,
      "used_volume": 0.7256358870078644,
      "used_weight": 0.417,
      "unload_obs": 3,
      "hs_cond": 1,
      "p_cond": 1,
      "sub_cond": 1
    },
    {
      "iteration": 76,
      "time": "65.92844486236572",
      "n_placed": 285,
      "n_discard": 175,
      "p_mean_weight": 32.17421052631579,
      "d_mean_weight": 30.09702857142857,
      "p_median_weight": 22.0,
      "d_median_weight": 21.1,
      "p_std_weight": 24.926159920979142,
      "d_std_weight": 24.463066608695605,
      "p_total_weight": 9169.65,
      "d_total_weight": 5266.98,
      "p_mean_taxability": 69.47186919298245,
      "d_mean_taxability": 74.09851302857143,
      "p_total_taxability": 19799.48272,
      "d_total_taxability": 12967.239780000002,
      "p_mean_volume": 0.2078552631578947,
      "d_mean_volume": 0.22251805714285716,
      "p_median_volume": 0.16611,
      "d_median_volume": 0.18,
      "p_std_volume": 0.1702210923288007,
      "d_std_volume": 0.19016330118018002,
      "p_total_volume": 59.238749999999996,
      "d_total_volume": 38.94066,
      "d_max_priority": 0,
      "used_volume": 0.7256627140652179,
      "used_weight": 0.4168022727272727,
      "unload_obs": 3,
      "hs_cond": 1,
      "p_cond": 1,
      "sub_cond": 1
    }
  ],
  "taxability": [
    {
      "iteration": 112,
      "time": "66.99619793891907",
      "n_placed": 285,
      "n_discard": 175,
      "p_mean_weight": 32.19385964912281,
      "d_mean_weight": 30.065028571428567,
      "p_median_weight": 22.0,
      "d_median_weight": 21.1,
      "p_std_weight": 24.906196423017356,
      "d_std_weight": 24.493468608043287,
      "p_total_weight": 9175.25,
      "d_total_weight": 5261.379999999999,
      "p_mean_taxability": 69.50424614035089,
      "d_mean_taxability": 74.04578485714288,
      "p_total_taxability": 19808.710150000003,
      "d_total_taxability": 12958.012350000003,
      "p_mean_volume": 0.20795249122807016,
      "d_mean_volume": 0.2223597142857143,
      "p_median_volume": 0.16611,
      "d_median_volume": 0.18,
      "p_std_volume": 0.17012581379312175,
      "d_std_volume": 0.19031457815709574,
      "p_total_volume": 59.266459999999995,
      "d_total_volume": 38.91295,
      "d_max_priority": 0,
      "used_volume": 0.7260021559644265,
      "used_weight": 0.41705681818181817,
      "unload_obs": 3,
      "hs_cond": 1,
      "p_cond": 1,
      "sub_cond": 1
    },
    {
      "iteration": 76,
      "time": "65.92844486236572",
      "n_placed": 285,
      "n_discard": 175,