{
  "volume": [
    {
      "iteration": 122,
      "time": "150.28012776374817",
      "n_placed": 410,
      "n_discard": 217,
      "p_mean_weight": 22.797902439024387,
      "d_mean_weight": 18.145668202764977,
      "p_median_weight": 14.77,
      "d_median_weight": 10.8,
      "p_std_weight": 20.578244357130043,
      "d_std_weight": 19.9887301497747,
      "p_total_weight": 9347.14,
      "d_total_weight": 3937.6099999999997,
      "p_mean_taxability": 48.87581573170732,
      "d_mean_taxability": 45.580958709677425,
      "p_total_taxability": 20039.084450000002,
      "d_total_taxability": 9891.068040000002,
      "p_mean_volume": 0.1459426585365854,
      "d_mean_volume": 0.13687963133640554,
      "p_median_volume": 0.07692500000000001,
      "d_median_volume": 0.08045000000000001,
      "p_std_volume": 0.14162794990272368,
      "d_std_volume": 0.16161534782514078,
      "p_total_volume": 59.836490000000005,
      "d_total_volume": 29.70288,
      "d_max_priority": 0,
      "used_volume": 0.732984908249014,
      "used_weight": 0.42486999999999997,
      "unload_obs": 3,
      "hs_cond": 1,
      "p_cond": 1,
      "sub_cond": 1
    },
    {
      "iteration": 78,
      "time": "105.38918876647949",
      "n_placed": 426,
      "n_discard": 201,
      "p_mean_weight": 21.894225352112677,
      "d_mean_weight": 19.690597014925373,
      "p_median_weight": 13.58,
      "d_median_weight": 12.0,
      "p_std_weight": 20.596348745197602,
      "d_std_weight": 20.201287054091157,
      "p_total_weight": 9326.94,
      "d_total_weight": 3957.81,
      "p_mean_taxability": 46.857342863849766,
      "d_mean_taxability": 49.59663895522389,
      "p_total_taxability": 19961.22806,
      "d_total_taxability": 9968.924430000001,
      "p_mean_volume": 0.13991234741784042,
      "d_mean_volume": 0.14893885572139304,
      "p_median_volume": 0.071385,
      "d_median_volume": 0.09183000000000001,
      "p_std_volume": 0.14234790162839098,
      "d_std_volume": 0.16177945396799953,
      "p_total_volume": 59.602660000000014,
      "d_total_volume": 29.936709999999998,
      "d_max_priority": 0,
      "used_volume": 0.730120538011123,
      "used_weight": 0.4239518181818182,
      "unload_obs": 5,
      "hs_cond": 1,
      "p_cond": 1,
      "sub_cond": 1
    },
    {
      "iteration": 25,
      "time": "90.57991027832031",
      "n_placed": 435,
      "n_discard": 192,
      "p_mean_weight": 21.447241379310345,
      "d_mean_weight": 20.599999999999998,
      "p_median_weight": 12.5,
      "d_median_weight": 12.0,
      "p_std_weight": 20.184095868109384,
      "d_std_weight": 21.17792933927858,
      "p_total_weight": 9329.55,
      "d_total_weight": 3955.2,
      "p_mean_taxability": 45.84152087356322,
      "d_mean_taxability": 52.02651515624999,
      "p_total_taxability": 19941.06158,
      "d_total_taxability": 9989.090909999999,
      "p_mean_volume": 0.1368783908045977,
      "d_mean_volume": 0.15623578125,
      "p_median_volume": 0.07402,
      "d_median_volume": 0.09222,
      "p_std_volume": 0.13770582517717653,
      "d_std_volume": 0.17088588164921767,
      "p_total_volume": 59.542100000000005,
      "d_total_volume": 29.997270000000004,
      "d_max_priority": 0,
      "used_volume": 0.729378690251611,
      "used_weight": 0.4240704545454545,
      "unload_obs": 2,
      "hs_cond": 1,
      "p_cond": 1,
      "sub_cond": 1
    }
  ],
  "weight": [
    {
      "iteration": 103,
      "time": "162.8906569480896",
      "n_placed": 425,
      "n_discard": 202,
      "p_mean_weight": 22.03715294117647,
      "d_mean_weight": 19.40079207920792,
      "p_median_weight": 13.76,
      "d_median_weight": 11.39,
      "p_std_weight": 20.76806499688311,
      "d_std_weight": 19.792764026967046,
      "p_total_weight": 9365.789999999999,
      "d_total_weight": 3918.96,
      "p_mean_taxability": 46.52694632941177,
      "d_mean_taxability": 50.278219306930694,
      "p_total_taxability": 19773.952190000004,
      "d_total_taxability": 10156.2003,
      "p_mean_volume": 0.13891828235294118,
      "d_mean_volume": 0.15098564356435643,
      "p_median_volume": 0.0748,
      "d_median_volume": 0.088,
      "p_std_volume": 0.139948143437217,
      "d_std_volume": 0.16591679638067255,
      "p_total_volume": 59.04027000000001,
      "d_total_volume": 30.4991,
      "d_max_priority": 0,
      "used_volume": 0.7232313741823261,
      "used_weight": 0.4257177272727272,
      "unload_obs": 4,
      "hs_cond": 1,
      "p_cond": 1,
      "sub_cond": 1
    },
    {
      "iteration": 20,
      "time": "172.67520141601562",
      "n_placed": 426,
      "n_discard": 201,
      "p_mean_weight": 21.956760563380282,
      "d_mean_weight": 19.558059701492535,
      "p_median_weight": 13.88,
      "d_median_weight": 10.5,
      "p_std_weight": 20.107169580529785,
      "d_std_weight": 21.208265103879143,
      "p_total_weight": 9353.58,
      "d_total_weight": 3931.1699999999996,
      "p_mean_taxability": 46.43626983568076,
      "d_mean_taxability": 50.4890623880597,
      "p_total_taxability": 19781.850950000004,
      "d_total_taxability": 10148.30154,
      "p_mean_volume": 0.13864786384976527,
      "d_mean_volume": 0.15161880597014926,
      "p_median_volume": 0.07657,
      "d_median_volume": 0.0843,
      "p_std_volume": 0.13442540530854763,
      "d_std_volume": 0.1754220848199199,
      "p_total_volume": 59.063990000000004,
      "d_total_volume": 30.47538,
      "d_max_priority": 0,
      "used_volume": 0.7235219393880001,
      "used_weight": 0.42516272727272725,
      "unload_obs": 3,
      "hs_cond": 1,
      "p_cond": 1,
      "sub_cond": 1
    },
    {
      "iteration": 122,
      "time": "150.28012776374817",
      "n_placed": 410,
      "n_discard": 217,
      "p_mean_weight": 22.797902439024387,
      "d_mean_weight": 18.145668202764977,
      "p_median_weight": 14.77,
      "d_median_weight": 10.8,
      "p_std_weight": 20.578244357130043,
      "d_std_weight": 19.9887301497747,
      "p_total_weight": 9347.14,
      "d_total_weight": 3937.6099999999997,
      "p_mean_taxability": 48.87581573170732,
      "d_mean_taxability": 45.580958709677425,
      "p_total_taxability": 20039.084450000002,
      "d_total_taxability": 9891.068040000002,
      "p_mean_volume": 0.1459426585365854,
      "d_mean_volume": 0.13687963133640554,
      "p_median_volume": 0.07692500000000001,
      "d_median_volume": 0.08045000000000001,
      "p_std_volume": 0.14162794990272368,
      "d_std_volume": 0.16161534782514078,
      "p_total_volume": 59.836490000000005,
      "d_total_volume": 29.70288,
      "d_max_priority": 0,
      "used_volume": 0.732984908249014,
      "used_weight": 0.42486999999999997,
      "unload_obs": 3,
      "hs_cond": 1,
      "p_cond": 1,
      "sub_cond": 1
    }
  ],
  "taxability": [
    {
      "iteration": 122,
      "time": "150.28012776374817",
      "n_placed": 410,
      "n_discard": 217,
      "p_mean_weight": 22.797902439024387,
      "d_mean_weight": 18.145668202764977,
      "p_median_weight": 14.77,
      "d_median_weight": 10.8,
      "p_std_weight": 20.578244357130043,
      "d_std_weight": 19.9887301497747,
      "p_total_weight": 9347.14,
      "d_total_weight": 3937.6099999999997,
      "p_mean_taxability": 48.87581573170732,
      "d_mean_taxability": 45.580958709677425,
      "p_total_taxability": 20039.084450000002,
      "d_total_taxability": 9891.068040000002,
      "p_mean_volume": 0.1459426585365854,
      "d_mean_volume": 0.13687963133640554,
      "p_median_volume": 0.07692500000000001,
      "d_median_volume": 0.08045000000000001,
      "p_std_volume": 0.14162794990272368,
      "d_std_volume": 0.16161534782514078,
      "p_total_volume": 59.836490000000005,
      "d_total_volume": 29.70288,
      "d_max_priority": 0,
      "used_volume": 0.732984908249014,
      "used_weight": 0.42486999999999997,
      "unload_obs": 3,
      "hs_cond": 1,
      "p_cond": 1,