{
  "volume": [
    {
      "iteration": 51,
      "time": "134.08410453796387",
      "n_placed": 319,
      "n_discard": 132,
      "p_mean_weight": 30.133636363636366,
      "d_mean_weight": 34.84136363636363,
      "p_median_weight": 20.0,
      "d_median_weight": 33.43,
      "p_std_weight": 26.225770955435713,
      "d_std_weight": 21.55601797882439,
      "p_total_weight": 9612.630000000001,
      "d_total_weight": 4599.0599999999995,
      "p_mean_taxability": 65.93055918495298,
      "d_mean_taxability": 83.49039068181821,
      "p_total_taxability": 21031.848380000003,
      "d_total_taxability": 11020.731570000004,
      "p_mean_volume": 0.196676802507837,
      "d_mean_volume": 0.2507218939393939,
      "p_median_volume": 0.14168,
      "d_median_volume": 0.27836500000000003,
      "p_std_volume": 0.19114682087994872,
      "d_std_volume": 0.1362687218995663,
      "p_total_volume": 62.739900000000006,
      "d_total_volume": 33.09529,
      "d_max_priority": 0,
      "used_volume": 0.7685510939069506,
      "used_weight": 0.43693772727272734,
      "unload_obs": 0,
      "hs_cond": 1,
      "p_cond": 1,
      "sub_cond": 1
    },
    {
      "iteration": 107,
      "time": "131.47393155097961",
      "n_placed": 321,
      "n_discard": 130,
      "p_mean_weight": 29.94651090342679,
      "d_mean_weight": 35.375846153846155,
      "p_median_weight": 20.0,
      "d_median_weight": 34.099999999999994,
      "p_std_weight": 26.237242869881772,
      "d_std_weight": 21.321509385049833,
      "p_total_weight": 9612.83,
      "d_total_weight": 4598.86,
      "p_mean_taxability": 65.49456847352026,
      "d_mean_taxability": 84.83710361538462,
      "p_total_taxability": 21023.756480000004,
      "d_total_taxability": 11028.823470000001,
      "p_mean_volume": 0.19537570093457945,
      "d_mean_volume": 0.25476607692307696,
      "p_median_volume": 0.13833,
      "d_median_volume": 0.28075000000000006,
      "p_std_volume": 0.19106250554029505,
      "d_std_volume": 0.13399476696073714,
      "p_total_volume": 62.71560000000001,
      "d_total_volume": 33.11959,
      "d_max_priority": 0,
      "used_volume": 0.7682534238185071,
      "used_weight": 0.4369468181818182,
      "unload_obs": 1,
      "hs_cond": 1,
      "p_cond": 1,
      "sub_cond": 1
    },
    {
      "iteration": 53,
      "time": "136.0146381855011",
      "n_placed": 296,
      "n_discard": 155,
      "p_mean_weight": 32.78445945945946,
      "d_mean_weight": 29.080580645161287,
      "p_median_weight": 24.465,
      "d_median_weight": 21.08,
      "p_std_weight": 26.947520820121714,
      "d_std_weight": 20.70856680871594,
      "p_total_weight": 9704.2,
      "d_total_weight": 4507.49,
      "p_mean_taxability": 70.64980182432433,
      "d_mean_taxability": 71.87250716129033,
      "p_total_taxability": 20912.341340000003,
      "d_total_taxability": 11140.23861,
      "p_mean_volume": 0.2107466891891892,
      "d_mean_volume": 0.21583335483870972,
      "p_median_volume": 0.18,
      "d_median_volume": 0.18,
      "p_std_volume": 0.1933101478072803,
      "d_std_volume": 0.146332619075704,
      "p_total_volume": 62.38102000000001,
      "d_total_volume": 33.454170000000005,
      "d_max_priority": 0,
      "used_volume": 0.7641548864443738,
      "used_weight": 0.44110000000000005,
      "unload_obs": 1,
      "hs_cond": 1,
      "p_cond": 1,
      "sub_cond": 1
    }
  ],
  "weight": [
    {
      "iteration": 53,
      "time": "136.0146381855011",
      "n_placed": 296,
      "n_discard": 155,
      "p_mean_weight": 32.78445945945946,
      "d_mean_weight": 29.080580645161287,
      "p_median_weight": 24.465,
      "d_median_weight": 21.08,
      "p_std_weight": 26.947520820121714,
      "d_std_weight": 20.70856680871594,
      "p_total_weight": 9704.2,
      "d_total_weight": 4507.49,
      "p_mean_taxability": 70.64980182432433,
      "d_mean_taxability": 71.87250716129033,
      "p_total_taxability": 20912.341340000003,
      "d_total_taxability": 11140.23861,
      "p_mean_volume": 0.2107466891891892,
      "d_mean_volume": 0.21583335483870972,
      "p_median_volume": 0.18,
      "d_median_volume": 0.18,
      "p_std_volume": 0.1933101478072803,
      "d_std_volume": 0.146332619075704,
      "p_total_volume": 62.38102000000001,
      "d_total_volume": 33.454170000000005,
      "d_max_priority": 0,
      "used_volume": 0.7641548864443738,
      "used_weight": 0.44110000000000005,
      "unload_obs": 1,
      "hs_cond": 1,
      "p_cond": 1,
      "sub_cond": 1
    },
    {
      "iteration": 21,
      "time": "136.70805835723877",
      "n_placed": 303,
      "n_discard": 148,
      "p_mean_weight": 32.00861386138614,
      "d_mean_weight": 30.493783783783783,
      "p_median_weight": 23.04,
      "d_median_weight": 20.87,
      "p_std_weight": 26.193671447509455,
      "d_std_weight": 22.47063006498835,
      "p_total_weight": 9698.61,
      "d_total_weight": 4513.08,
      "p_mean_taxability": 68.73572115511551,
      "d_mean_taxability": 75.84903000000001,
      "p_total_taxability": 20826.92351,
      "d_total_taxability": 11225.656440000002,
      "p_mean_volume": 0.20503138613861388,
      "d_mean_volume": 0.2277748648648649,
      "p_median_volume": 0.18,
      "d_median_volume": 0.18,
      "p_std_volume": 0.1871240686432986,
      "d_std_volume": 0.1586074906162173,
      "p_total_volume": 62.12451000000001,
      "d_total_volume": 33.71068,
      "d_max_priority": 0,
      "used_volume": 0.7610126907906021,
      "used_weight": 0.4408459090909091,
      "unload_obs": 2,
      "hs_cond": 1,
      "p_cond": 1,
      "sub_cond": 1
    },
    {
      "iteration": 16,
      "time": "137.22027897834778",
      "n_placed": 310,
      "n_discard": 141,
      "p_mean_weight": 31.200258064516127,
      "d_mean_weight": 32.19581560283688,
      "p_median_weight": 20.14,
      "d_median_weight": 32.0,
      "p_std_weight": 27.23254082058517,
      "d_std_weight": 19.347122900023454,
      "p_total_weight": 9672.08,
      "d_total_weight": 4539.61,
      "p_mean_taxability": 66.71534029032259,
      "d_mean_taxability": 80.64414510638301,
      "p_total_taxability": 20681.755490000003,
      "d_total_taxability": 11370.824460000003,
      "p_mean_volume": 0.19899538709677422,
      "d_mean_volume": 0.242174609929078,
      "p_median_volume": 0.139165,
      "d_median_volume": 0.25502,
      "p_std_volume": 0.19388652110039206,
      "d_std_volume": 0.13436223228655192,
      "p_total_volume": 61.688570000000006,
      "d_total_volume": 34.14662,
      "d_max_priority": 0,
      "used_volume": 0.7556725139035206,
      "used_weight": 0.43964,
      "unload_obs": 2,
      "hs_cond": 1,
      "p_cond": 1,
      "sub_cond": 1
    }
  ],
  "taxability": [
    {
      "iteration": 51,
      "time": "134.08410453796387",
      "n_placed": 319,
      "n_discard": 132,
      "p_mean_weight": 30.133636363636366,
      "d_mean_weight": 34.84136363636363,
      "p_median_weight": 20.0,
      "d_median_weight": 33.43,
      "p_std_weight": 26.225770955435713,
      "d_std_weight": 21.55601797882439,
      "p_total_weight": 9612.630000000001,
      "d_total_weight": 4599.0599999999995,
      "p_mean_taxability": 65.93055918495298,
      "d_mean_taxability": 83.49039068181821,
      "p_total_taxability": 21031.848380000003,
      "d_total_taxability": 11020.731570000004,
      "p_mean_volume": 0.196676802507837,
      "d_mean_volume": 0.2507218939393939,
      "p_median_volume": 0.14168,
      "d_median_volume": 0.27836500000000003,
      "p_std_volume": 0.19114682087994872,
      "d_std_volume": 0.1362687218995663,
      "p_total_volume": 62.739900000000006,
      "d_total_volume": 33.09529,
      "d_max_priority": 0,
      "used_volume": 0.7685510939069506,
      "used_weight": 0.43693772727272734,
      "unload_obs": 0,
      "hs_cond": 1,
      "p_cond": 1,
      "sub_cond": 1
    },
    {
      "iteration": 107,
      "time": "131.47393155097961",
      "n_placed": 321,