{
  "volume": [
    {
      "iteration": 138,
      "time": "279.2476170063019",
      "n_placed": 455,
      "n_discard": 199,
      "p_mean_weight": 21.796505494505496,
      "d_mean_weight": 16.286130653266333,
      "p_median_weight": 14.0,
      "d_median_weight": 10.5,
      "p_std_weight": 20.049272331469925,
      "d_std_weight": 14.609163362234666,
      "p_total_weight": 9917.41,
      "d_total_weight": 3240.94,
      "p_mean_taxability": 46.410828879120885,
      "d_mean_taxability": 42.00776592964825,
      "p_total_taxability": 21116.927140000003,
      "d_total_taxability": 8359.545420000002,
      "p_mean_volume": 0.13853131868131868,
      "d_mean_volume": 0.1261494472361809,
      "p_median_volume": 0.07548,
      "d_median_volume": 0.07819000000000001,
      "p_std_volume": 0.13508359550955953,
      "d_std_volume": 0.10619173552653406,
      "p_total_volume": 63.03175,
      "d_total_volume": 25.103740000000002,
      "d_max_priority": 0,
      "used_volume": 0.7721261974177427,
      "used_weight": 0.45079136363636363,
      "unload_obs": 0,
      "hs_cond": 1,
      "p_cond": 1,
      "sub_cond": 1
    },
    {
      "iteration": 62,
      "time": "248.59503555297852",
      "n_placed": 443,
      "n_discard": 211,
      "p_mean_weight": 22.38765237020316,
      "d_mean_weight": 15.358388625592417,
      "p_median_weight": 13.0,
      "d_median_weight": 10.5,
      "p_std_weight": 20.623626072897977,
      "d_std_weight": 12.705232752526417,
      "p_total_weight": 9917.73,
      "d_total_weight": 3240.62,
      "p_mean_taxability": 47.48175706546276,
      "d_mean_taxability": 40.009735450236974,
      "p_total_taxability": 21034.418380000003,
      "d_total_taxability": 8442.054180000001,
      "p_mean_volume": 0.14172853273137698,
      "d_mean_volume": 0.1201409952606635,
      "p_median_volume": 0.07429000000000001,
      "d_median_volume": 0.07980000000000001,
      "p_std_volume": 0.13834384802314598,
      "d_std_volume": 0.09789100554263194,
      "p_total_volume": 62.785740000000004,
      "d_total_volume": 25.34975,
      "d_max_priority": 0,
      "used_volume": 0.7691126246416935,
      "used_weight": 0.45080590909090906,
      "unload_obs": 0,
      "hs_cond": 1,
      "p_cond": 1,
      "sub_cond": 1
    },
    {
      "iteration": 77,
      "time": "527.6990134716034",
      "n_placed": 453,
      "n_discard": 201,
      "p_mean_weight": 21.743068432671084,
      "d_mean_weight": 16.46139303482587,
      "p_median_weight": 12.5,
      "d_median_weight": 11.3,
      "p_std_weight": 20.478238959286152,
      "d_std_weight": 13.327540059956723,
      "p_total_weight": 9849.61,
      "d_total_weight": 3308.74,
      "p_mean_taxability": 46.262569426048564,
      "d_mean_taxability": 42.38571447761195,
      "p_total_taxability": 20956.94395,
      "d_total_taxability": 8519.528610000001,
      "p_mean_volume": 0.1380823841059603,
      "d_mean_volume": 0.12728442786069655,
      "p_median_volume": 0.07129,
      "d_median_volume": 0.09331,
      "p_std_volume": 0.13816637786604255,
      "d_std_volume": 0.09730159123979434,
      "p_total_volume": 62.55132000000001,
      "d_total_volume": 25.584170000000004,
      "d_max_priority": 0,
      "used_volume": 0.7662410270230543,
      "used_weight": 0.4477095454545455,
      "unload_obs": 0,
      "hs_cond": 1,
      "p_cond": 1,
      "sub_cond": 1
    }
  ],
  "weight": [
    {
      "iteration": 62,
      "time": "248.59503555297852",
      "n_placed": 443,
      "n_discard": 211,
      "p_mean_weight": 22.38765237020316,
      "d_mean_weight": 15.358388625592417,
      "p_median_weight": 13.0,
      "d_median_weight": 10.5,
      "p_std_weight": 20.623626072897977,
      "d_std_weight": 12.705232752526417,
      "p_total_weight": 9917.73,
      "d_total_weight": 3240.62,
      "p_mean_taxability": 47.48175706546276,
      "d_mean_taxability": 40.009735450236974,
      "p_total_taxability": 21034.418380000003,
      "d_total_taxability": 8442.054180000001,
      "p_mean_volume": 0.14172853273137698,
      "d_mean_volume": 0.1201409952606635,
      "p_median_volume": 0.07429000000000001,
      "d_median_volume": 0.07980000000000001,
      "p_std_volume": 0.13834384802314598,
      "d_std_volume": 0.09789100554263194,
      "p_total_volume": 62.785740000000004,
      "d_total_volume": 25.34975,
      "d_max_priority": 0,
      "used_volume": 0.7691126246416935,
      "used_weight": 0.45080590909090906,
      "unload_obs": 0,
      "hs_cond": 1,
      "p_cond": 1,
      "sub_cond": 1
    },
    {
      "iteration": 138,
      "time": "279.2476170063019",
      "n_placed": 455,
      "n_discard": 199,
      "p_mean_weight": 21.796505494505496,
      "d_mean_weight": 16.286130653266333,
      "p_median_weight": 14.0,
      "d_median_weight": 10.5,
      "p_std_weight": 20.049272331469925,
      "d_std_weight": 14.609163362234666,
      "p_total_weight": 9917.41,
      "d_total_weight": 3240.94,
      "p_mean_taxability": 46.410828879120885,
      "d_mean_taxability": 42.00776592964825,
      "p_total_taxability": 21116.927140000003,
      "d_total_taxability": 8359.545420000002,
      "p_mean_volume": 0.13853131868131868,
      "d_mean_volume": 0.1261494472361809,
      "p_median_volume": 0.07548,
      "d_median_volume": 0.07819000000000001,
      "p_std_volume": 0.13508359550955953,
      "d_std_volume": 0.10619173552653406,
      "p_total_volume": 63.03175,
      "d_total_volume": 25.103740000000002,
      "d_max_priority": 0,
      "used_volume": 0.7721261974177427,
      "used_weight": 0.45079136363636363,
      "unload_obs": 0,
      "hs_cond": 1,
      "p_cond": 1,
      "sub_cond": 1
    },
    {
      "iteration": 124,
      "time": "346.3165833950043",
      "n_placed": 450,
      "n_discard": 204,
      "p_mean_weight": 21.981044444444443,
      "d_mean_weight": 16.01411764705882,
      "p_median_weight": 13.95,
      "d_median_weight": 10.27,
      "p_std_weight": 20.33674790589133,
      "d_std_weight": 13.728878294224115,
      "p_total_weight": 9891.47,
      "d_total_weight": 3266.8799999999997,
      "p_mean_taxability": 46.25929855555556,
      "d_mean_taxability": 42.44994220588236,
      "p_total_taxability": 20816.684350000003,
      "d_total_taxability": 8659.78821,
      "p_mean_volume": 0.13806693333333334,
      "d_mean_volume": 0.1274773039215686,
      "p_median_volume": 0.074545,
      "d_median_volume": 0.07991500000000001,
      "p_std_volume": 0.13564360569549797,
      "d_std_volume": 0.10554651001077192,
      "p_total_volume": 62.130120000000005,
      "d_total_volume": 26.00537,
      "d_max_priority": 0,
      "used_volume": 0.7610814121566994,
      "used_weight": 0.4496122727272727,
      "unload_obs": 0,
      "hs_cond": 1,
      "p_cond": 1,
      "sub_cond": 1
    }
  ],
  "taxability": [
    {
      "iteration": 138,
      "time": "279.2476170063019",
      "n_placed": 455,
      "n_discard": 199,
      "p_mean_weight": 21.796505494505496,
      "d_mean_weight": 16.286130653266333,
      "p_median_weight": 14.0,
      "d_median_weight": 10.5,
      "p_std_weight": 20.049272331469925,
      "d_std_weight": 14.609163362234666,
      "p_total_weight": 9917.41,
      "d_total_weight": 3240.94,
      "p_mean_taxability": 46.410828879120885,
      "d_mean_taxability": 42.00776592964825,
      "p_total_taxability": 21116.927140000003,
      "d_total_taxability": 8359.545420000002,
      "p_mean_volume": 0.13853131868131868,
      "d_mean_volume": 0.1261494472361809,
      "p_median_volume": 0.07548,
      "d_median_volume": 0.07819000000000001,
      "p_std_volume": 0.13508359550955953,
      "d_std_volume": 0.10619173552653406,
      "p_total_volume": 63.03175,
      "d_total_volume": 25.103740000000002,
      "d_max_priority": 0,
      "used_volume": 0.7721261974177427,
      "used_weight": 0.45079136363636363,
      "unload_obs": 0,
      "hs_cond": 1,
      "p_cond": 1,
      "sub_cond": 1
    },
    {
      "iteration": 62,