{
  "volume": [
    {
      "iteration": 17,
      "time": "150.71887969970703",
      "n_placed": 329,
      "n_discard": 173,
      "p_mean_weight": 28.68808510638298,
      "d_mean_weight": 19.020809248554915,
      "p_median_weight": 19.1,
      "d_median_weight": 10.04,
      "p_std_weight": 22.887073416094736,
      "d_std_weight": 15.90529952027567,
      "p_total_weight": 9438.380000000001,
      "d_total_weight": 3290.6000000000004,
      "p_mean_taxability": 61.46736325227965,
      "d_mean_taxability": 49.05732901734104,
      "p_total_taxability": 20222.762510000004,
      "d_total_taxability": 8486.91792,
      "p_mean_volume": 0.18350610942249243,
      "d_mean_volume": 0.1473193063583815,
      "p_median_volume": 0.12190000000000001,
      "d_median_volume": 0.08003,
      "p_std_volume": 0.14895733778072062,
      "d_std_volume": 0.12373929879304771,
      "p_total_volume": 60.37351000000001,
      "d_total_volume": 25.486240000000002,
      "d_max_priority": 0,
      "used_volume": 0.7395632947056375,
      "used_weight": 0.42901727272727275,
      "unload_obs": 0,
      "hs_cond": 1,
      "p_cond": 1,
      "sub_cond": 1
    },
    {
      "iteration": 124,
      "time": "101.26554465293884",
      "n_placed": 332,
      "n_discard": 170,
      "p_mean_weight": 28.34807228915663,
      "d_mean_weight": 19.514235294117647,
      "p_median_weight": 17.6,
      "d_median_weight": 12.0,
      "p_std_weight": 23.322739054360223,
      "d_std_weight": 14.816347430689948,
      "p_total_weight": 9411.560000000001,
      "d_total_weight": 3317.42,
      "p_mean_taxability": 59.90534246987952,
      "d_mean_taxability": 51.888863117647055,
      "p_total_taxability": 19888.5737,
      "d_total_taxability": 8821.10673,
      "p_mean_volume": 0.17882512048192775,
      "d_mean_volume": 0.15582241176470588,
      "p_median_volume": 0.11011500000000002,
      "d_median_volume": 0.09528500000000001,
      "p_std_volume": 0.15060518801115944,
      "d_std_volume": 0.12144557836173547,
      "p_total_volume": 59.369940000000014,
      "d_total_volume": 26.48981,
      "d_max_priority": 0,
      "used_volume": 0.7272697650488769,
      "used_weight": 0.42779818181818186,
      "unload_obs": 0,
      "hs_cond": 1,
      "p_cond": 1,
      "sub_cond": 1
    },
    {
      "iteration": 73,
      "time": "123.51638460159302",
      "n_placed": 345,
      "n_discard": 157,
      "p_mean_weight": 27.05498550724638,
      "d_mean_weight": 21.624267515923567,
      "p_median_weight": 16.82,
      "d_median_weight": 12.4,
      "p_std_weight": 23.005494074907485,
      "d_std_weight": 16.14747837755535,
      "p_total_weight": 9333.970000000001,
      "d_total_weight": 3395.0099999999998,
      "p_mean_taxability": 57.475622927536236,
      "d_mean_taxability": 56.564270828025485,
      "p_total_taxability": 19829.089910000002,
      "d_total_taxability": 8880.590520000002,
      "p_mean_volume": 0.17156901449275366,
      "d_mean_volume": 0.16986267515923564,
      "p_median_volume": 0.1009,
      "d_median_volume": 0.10599000000000001,
      "p_std_volume": 0.14871881309246188,
      "d_std_volume": 0.12534903885869111,
      "p_total_volume": 59.191310000000016,
      "d_total_volume": 26.668439999999997,
      "d_max_priority": 0,
      "used_volume": 0.7250815836538699,
      "used_weight": 0.4242713636363637,
      "unload_obs": 0,
      "hs_cond": 1,
      "p_cond": 1,
      "sub_cond": 1
    }
  ],
  "weight": [
    {
      "iteration": 17,
      "time": "150.71887969970703",
      "n_placed": 329,
      "n_discard": 173,
      "p_mean_weight": 28.68808510638298,
      "d_mean_weight": 19.020809248554915,
      "p_median_weight": 19.1,
      "d_median_weight": 10.04,
      "p_std_weight": 22.887073416094736,
      "d_std_weight": 15.90529952027567,
      "p_total_weight": 9438.380000000001,
      "d_total_weight": 3290.6000000000004,
      "p_mean_taxability": 61.46736325227965,
      "d_mean_taxability": 49.05732901734104,
      "p_total_taxability": 20222.762510000004,
      "d_total_taxability": 8486.91792,
      "p_mean_volume": 0.18350610942249243,
      "d_mean_volume": 0.1473193063583815,
      "p_median_volume": 0.12190000000000001,
      "d_median_volume": 0.08003,
      "p_std_volume": 0.14895733778072062,
      "d_std_volume": 0.12373929879304771,
      "p_total_volume": 60.37351000000001,
      "d_total_volume": 25.486240000000002,
      "d_max_priority": 0,
      "used_volume": 0.7395632947056375,
      "used_weight": 0.42901727272727275,
      "unload_obs": 0,
      "hs_cond": 1,
      "p_cond": 1,
      "sub_cond": 1
    },
    {
      "iteration": 124,
      "time": "101.26554465293884",
      "n_placed": 332,
      "n_discard": 170,
      "p_mean_weight": 28.34807228915663,
      "d_mean_weight": 19.514235294117647,
      "p_median_weight": 17.6,
      "d_median_weight": 12.0,
      "p_std_weight": 23.322739054360223,
      "d_std_weight": 14.816347430689948,
      "p_total_weight": 9411.560000000001,
      "d_total_weight": 3317.42,
      "p_mean_taxability": 59.90534246987952,
      "d_mean_taxability": 51.888863117647055,
      "p_total_taxability": 19888.5737,
      "d_total_taxability": 8821.10673,
      "p_mean_volume": 0.17882512048192775,
      "d_mean_volume": 0.15582241176470588,
      "p_median_volume": 0.11011500000000002,
      "d_median_volume": 0.09528500000000001,
      "p_std_volume": 0.15060518801115944,
      "d_std_volume": 0.12144557836173547,
      "p_total_volume": 59.369940000000014,
      "d_total_volume": 26.48981,
      "d_max_priority": 0,
      "used_volume": 0.7272697650488769,
      "used_weight": 0.42779818181818186,
      "unload_obs": 0,
      "hs_cond": 1,
      "p_cond": 1,
      "sub_cond": 1
    },
    {
      "iteration": 73,
      "time": "123.51638460159302",
      "n_placed": 345,
      "n_discard": 157,
      "p_mean_weight": 27.05498550724638,
      "d_mean_weight": 21.624267515923567,
      "p_median_weight": 16.82,
      "d_median_weight": 12.4,
      "p_std_weight": 23.005494074907485,
      "d_std_weight": 16.14747837755535,
      "p_total_weight": 9333.970000000001,
      "d_total_weight": 3395.0099999999998,
      "p_mean_taxability": 57.475622927536236,
      "d_mean_taxability": 56.564270828025485,
      "p_total_taxability": 19829.089910000002,
      "d_total_taxability": 8880.590520000002,
      "p_mean_volume": 0.17156901449275366,
      "d_mean_volume": 0.16986267515923564,
      "p_median_volume": 0.1009,
      "d_median_volume": 0.10599000000000001,
      "p_std_volume": 0.14871881309246188,
      "d_std_volume": 0.12534903885869111,
      "p_total_volume": 59.191310000000016,
      "d_total_volume": 26.668439999999997,
      "d_max_priority": 0,
      "used_volume": 0.7250815836538699,
      "used_weight": 0.4242713636363637,
      "unload_obs": 0,
      "hs_cond": 1,
      "p_cond": 1,
      "sub_cond": 1
    }
  ],
  "taxability": [
    {
      "iteration": 17,
      "time": "150.71887969970703",
      "n_placed": 329,
      "n_discard": 173,
      "p_mean_weight": 28.68808510638298,
      "d_mean_weight": 19.020809248554915,
      "p_median_weight": 19.1,
      "d_median_weight": 10.04,
      "p_std_weight": 22.887073416094736,
      "d_std_weight": 15.90529952027567,
      "p_total_weight": 9438.380000000001,
      "d_total_weight": 3290.6000000000004,
      "p_mean_taxability": 61.46736325227965,
      "d_mean_taxability": 49.05732901734104,
      "p_total_taxability": 20222.762510000004,
      "d_total_taxability": 8486.91792,
      "p_mean_volume": 0.18350610942249243,
      "d_mean_volume": 0.1473193063583815,
      "p_median_volume": 0.12190000000000001,
      "d_median_volume": 0.08003,
      "p_std_volume": 0.14895733778072062,
      "d_std_volume": 0.12373929879304771,
      "p_total_volume": 60.37351000000001,
      "d_total_volume": 25.486240000000002,
      "d_max_priority": 0,
      "used_volume": 0.7395632947056375,