{
  "volume": [
    {
      "iteration": 141,
      "time": "195.0175814628601",
      "n_placed": 297,
      "n_discard": 306,
      "p_mean_weight": 29.919629629629625,
      "d_mean_weight": 17.26408496732026,
      "p_median_weight": 19.8,
      "d_median_weight": 10.175,
      "p_std_weight": 26.411331033421185,
      "d_std_weight": 14.44510397443027,
      "p_total_weight": 8886.13,
      "d_total_weight": 5282.81,
      "p_mean_taxability": 62.49645410774411,
      "d_mean_taxability": 42.12324307189543,
      "p_total_taxability": 18561.44687,
      "d_total_taxability": 12889.71238,
      "p_mean_volume": 0.1863339393939394,
      "d_mean_volume": 0.126483660130719,
      "p_median_volume": 0.09487000000000001,
      "d_median_volume": 0.07662000000000001,
      "p_std_volume": 0.20981049925654366,
      "d_std_volume": 0.10583371344694166,
      "p_total_volume": 55.34118000000001,
      "d_total_volume": 38.70400000000001,
      "d_max_priority": 0,
      "used_volume": 0.6779182693485558,
      "used_weight": 0.40391499999999997,
      "unload_obs": 0,
      "hs_cond": 1,
      "p_cond": 1,
      "sub_cond": 1
    },
    {
      "iteration": 53,
      "time": "267.8771605491638",
      "n_placed": 293,
      "n_discard": 310,
      "p_mean_weight": 30.194197952218428,
      "d_mean_weight": 17.167870967741937,
      "p_median_weight": 19.92,
      "d_median_weight": 10.73,
      "p_std_weight": 26.56811056694975,
      "d_std_weight": 14.231775582451105,
      "p_total_weight": 8846.9,
      "d_total_weight": 5322.040000000001,
      "p_mean_taxability": 63.096147508532425,
      "d_mean_taxability": 41.81931622580645,
      "p_total_taxability": 18487.17122,
      "d_total_taxability": 12963.98803,
      "p_mean_volume": 0.18811648464163824,
      "d_mean_volume": 0.1255711290322581,
      "p_median_volume": 0.09487000000000001,
      "d_median_volume": 0.07662000000000001,
      "p_std_volume": 0.21100114874126677,
      "d_std_volume": 0.10484440431822835,
      "p_total_volume": 55.11813000000001,
      "d_total_volume": 38.92705000000001,
      "d_max_priority": 0,
      "used_volume": 0.6751859519317932,
      "used_weight": 0.40213181818181815,
      "unload_obs": 0,
      "hs_cond": 1,
      "p_cond": 1,
      "sub_cond": 1
    },
    {
      "iteration": 118,
      "time": "277.0494136810303",
      "n_placed": 331,
      "n_discard": 272,
      "p_mean_weight": 24.782205438066466,
      "d_mean_weight": 21.933933823529415,
      "p_median_weight": 16.68,
      "d_median_weight": 12.0,
      "p_std_weight": 24.402086987873144,
      "d_std_weight": 18.874647973629756,
      "p_total_weight": 8202.91,
      "d_total_weight": 5966.030000000001,
      "p_mean_taxability": 53.5427726283988,
      "d_mean_taxability": 50.47243202205883,
      "p_total_taxability": 17722.657740000002,
      "d_total_taxability": 13728.501510000002,
      "p_mean_volume": 0.1595854078549849,
      "d_mean_volume": 0.15155297794117648,
      "p_median_volume": 0.08349000000000001,
      "d_median_volume": 0.08829500000000001,
      "p_std_volume": 0.19691721060430864,
      "d_std_volume": 0.12419960175298866,
      "p_total_volume": 52.822770000000006,
      "d_total_volume": 41.22241,
      "d_max_priority": 0,
      "used_volume": 0.6470682558737781,
      "used_weight": 0.37285954545454547,
      "unload_obs": 0,
      "hs_cond": 1,
      "p_cond": 1,
      "sub_cond": 1
    }
  ],
  "weight": [
    {
      "iteration": 141,
      "time": "195.0175814628601",
      "n_placed": 297,
      "n_discard": 306,
      "p_mean_weight": 29.919629629629625,
      "d_mean_weight": 17.26408496732026,
      "p_median_weight": 19.8,
      "d_median_weight": 10.175,
      "p_std_weight": 26.411331033421185,
      "d_std_weight": 14.44510397443027,
      "p_total_weight": 8886.13,
      "d_total_weight": 5282.81,
      "p_mean_taxability": 62.49645410774411,
      "d_mean_taxability": 42.12324307189543,
      "p_total_taxability": 18561.44687,
      "d_total_taxability": 12889.71238,
      "p_mean_volume": 0.1863339393939394,
      "d_mean_volume": 0.126483660130719,
      "p_median_volume": 0.09487000000000001,
      "d_median_volume": 0.07662000000000001,
      "p_std_volume": 0.20981049925654366,
      "d_std_volume": 0.10583371344694166,
      "p_total_volume": 55.34118000000001,
      "d_total_volume": 38.70400000000001,
      "d_max_priority": 0,
      "used_volume": 0.6779182693485558,
      "used_weight": 0.40391499999999997,
      "unload_obs": 0,
      "hs_cond": 1,
      "p_cond": 1,
      "sub_cond": 1
    },
    {
      "iteration": 53,
      "time": "267.8771605491638",
      "n_placed": 293,
      "n_discard": 310,
      "p_mean_weight": 30.194197952218428,
      "d_mean_weight": 17.167870967741937,
      "p_median_weight": 19.92,
      "d_median_weight": 10.73,
      "p_std_weight": 26.56811056694975,
      "d_std_weight": 14.231775582451105,
      "p_total_weight": 8846.9,
      "d_total_weight": 5322.040000000001,
      "p_mean_taxability": 63.096147508532425,
      "d_mean_taxability": 41.81931622580645,
      "p_total_taxability": 18487.17122,
      "d_total_taxability": 12963.98803,
      "p_mean_volume": 0.18811648464163824,
      "d_mean_volume": 0.1255711290322581,
      "p_median_volume": 0.09487000000000001,
      "d_median_volume": 0.07662000000000001,
      "p_std_volume": 0.21100114874126677,
      "d_std_volume": 0.10484440431822835,
      "p_total_volume": 55.11813000000001,
      "d_total_volume": 38.92705000000001,
      "d_max_priority": 0,
      "used_volume": 0.6751859519317932,
      "used_weight": 0.40213181818181815,
      "unload_obs": 0,
      "hs_cond": 1,
      "p_cond": 1,
      "sub_cond": 1
    },
    {
      "iteration": 118,
      "time": "277.0494136810303",
      "n_placed": 331,
      "n_discard": 272,
      "p_mean_weight": 24.782205438066466,
      "d_mean_weight": 21.933933823529415,
      "p_median_weight": 16.68,
      "d_median_weight": 12.0,
      "p_std_weight": 24.402086987873144,
      "d_std_weight": 18.874647973629756,
      "p_total_weight": 8202.91,
      "d_total_weight": 5966.030000000001,
      "p_mean_taxability": 53.5427726283988,
      "d_mean_taxability": 50.47243202205883,
      "p_total_taxability": 17722.657740000002,
      "d_total_taxability": 13728.501510000002,
      "p_mean_volume": 0.1595854078549849,
      "d_mean_volume": 0.15155297794117648,
      "p_median_volume": 0.08349000000000001,
      "d_median_volume": 0.08829500000000001,
      "p_std_volume": 0.19691721060430864,
      "d_std_volume": 0.12419960175298866,
      "p_total_volume": 52.822770000000006,
      "d_total_volume": 41.22241,
      "d_max_priority": 0,
      "used_volume": 0.6470682558737781,
      "used_weight": 0.37285954545454547,
      "unload_obs": 0,
      "hs_cond": 1,
      "p_cond": 1,
      "sub_cond": 1
    }
  ],
  "taxability": [
    {
      "iteration": 141,
      "time": "195.0175814628601",
      "n_placed": 297,
      "n_discard": 306,
      "p_mean_weight": 29.919629629629625,
      "d_mean_weight": 17.26408496732026,
      "p_median_weight": 19.8,
      "d_median_weight": 10.175,
      "p_std_weight": 26.411331033421185,
      "d_std_weight": 14.44510397443027,
      "p_total_weight": 8886.13,
      "d_total_weight": 5282.81,
      "p_mean_taxability": 62.49645410774411,
      "d_mean_taxability": 42.12324307189543,
      "p_total_taxability": 18561.44687,
      "d_total_taxability": 12889.71238,
      "p_mean_volume": 0.1863339393939394,
      "d_mean_volume": 0.126483660130719,
      "p_median_volume": 0.09487000000000001,
      "d_median_volume": 0.07662000000000001,
      "p_std_volume": 0.20981049925654366,
      "d_std_volume": 0.10583371344694166,
      "p_total_volume": 55.34118000000001,
      "d_total_volume": 38.70400000000001,
      "d_max_priority": 0,
      "used_volume": 0.6779182693485558,
      "used_weight": 0.40391499999999997,
      "unload_obs": 0,
      "hs_cond": 1,