{
  "volume": [
    {
      "iteration": 128,
      "time": "71.44525480270386",
      "n_placed": 296,
      "n_discard": 157,
      "p_mean_weight": 33.267804054054054,
      "d_mean_weight": 28.260127388535032,
      "p_median_weight": 20.85,
      "d_median_weight": 27.2,
      "p_std_weight": 27.973532797903328,
      "d_std_weight": 18.470968800937502,
      "p_total_weight": 9847.27,
      "d_total_weight": 4436.84,
      "p_mean_taxability": 70.96691682432433,
      "d_mean_taxability": 72.19344554140127,
      "p_total_taxability": 21006.20738,
      "d_total_taxability": 11334.37095,
      "p_mean_volume": 0.211625472972973,
      "d_mean_volume": 0.2167971337579618,
      "p_median_volume": 0.13575000000000004,
      "d_median_volume": 0.1872,
      "p_std_volume": 0.2000034570983736,
      "d_std_volume": 0.13316886914861797,
      "p_total_volume": 62.64114000000001,
      "d_total_volume": 34.037150000000004,
      "d_max_priority": 1,
      "used_volume": 0.7673413038684862,
      "used_weight": 0.4476031818181818,
      "unload_obs": 4,
      "hs_cond": 1,
      "p_cond": 0,
      "sub_cond": 0
    },
    {
      "iteration": 7,
      "time": "53.5932776927948",
      "n_placed": 302,
      "n_discard": 151,
      "p_mean_weight": 31.835231788079476,
      "d_mean_weight": 30.926291390728476,
      "p_median_weight": 20.04,
      "d_median_weight": 31.6,
      "p_std_weight": 27.462148915112177,
      "d_std_weight": 19.92500414440422,
      "p_total_weight": 9614.240000000002,
      "d_total_weight": 4669.87,
      "p_mean_taxability": 68.55283973509934,
      "d_mean_taxability": 77.07033596026491,
      "p_total_taxability": 20702.9576,
      "d_total_taxability": 11637.620730000002,
      "p_mean_volume": 0.2044055629139073,
      "d_mean_volume": 0.23144245033112584,
      "p_median_volume": 0.140735,
      "d_median_volume": 0.25502,
      "p_std_volume": 0.19641986222864857,
      "d_std_volume": 0.13864226114220193,
      "p_total_volume": 61.73048,
      "d_total_volume": 34.947810000000004,
      "d_max_priority": 1,
      "used_volume": 0.7561859029326016,
      "used_weight": 0.43701090909090917,
      "unload_obs": 2,
      "hs_cond": 1,
      "p_cond": 0,
      "sub_cond": 0
    },
    {
      "iteration": 17,
      "time": "98.83374357223511",
      "n_placed": 311,
      "n_discard": 142,
      "p_mean_weight": 30.769228295819936,
      "d_mean_weight": 33.203380281690144,
      "p_median_weight": 18.18,
      "d_median_weight": 33.55,
      "p_std_weight": 27.22819814532833,
      "d_std_weight": 19.97077442278715,
      "p_total_weight": 9569.23,
      "d_total_weight": 4714.88,
      "p_mean_taxability": 66.56722877813506,
      "d_mean_taxability": 81.95894492957747,
      "p_total_taxability": 20702.408150000003,
      "d_total_taxability": 11638.170180000001,
      "p_mean_volume": 0.19848498392282962,
      "d_mean_volume": 0.24612295774647888,
      "p_median_volume": 0.12190000000000001,
      "d_median_volume": 0.274415,
      "p_std_volume": 0.1957253717722947,
      "d_std_volume": 0.1324295710093275,
      "p_total_volume": 61.72883000000001,
      "d_total_volume": 34.94946,
      "d_max_priority": 1,
      "used_volume": 0.7561656907661025,
      "used_weight": 0.434965,
      "unload_obs": 1,
      "hs_cond": 1,
      "p_cond": 0,
      "sub_cond": 0
    }
  ],
  "weight": [
    {
      "iteration": 128,
      "time": "71.44525480270386",
      "n_placed": 296,
      "n_discard": 157,
      "p_mean_weight": 33.267804054054054,
      "d_mean_weight": 28.260127388535032,
      "p_median_weight": 20.85,
      "d_median_weight": 27.2,
      "p_std_weight": 27.973532797903328,
      "d_std_weight": 18.470968800937502,
      "p_total_weight": 9847.27,
      "d_total_weight": 4436.84,
      "p_mean_taxability": 70.96691682432433,
      "d_mean_taxability": 72.19344554140127,
      "p_total_taxability": 21006.20738,
      "d_total_taxability": 11334.37095,
      "p_mean_volume": 0.211625472972973,
      "d_mean_volume": 0.2167971337579618,
      "p_median_volume": 0.13575000000000004,
      "d_median_volume": 0.1872,
      "p_std_volume": 0.2000034570983736,
      "d_std_volume": 0.13316886914861797,
      "p_total_volume": 62.64114000000001,
      "d_total_volume": 34.037150000000004,
      "d_max_priority": 1,
      "used_volume": 0.7673413038684862,
      "used_weight": 0.4476031818181818,
      "unload_obs": 4,
      "hs_cond": 1,
      "p_cond": 0,
      "sub_cond": 0
    },
    {
      "iteration": 74,
      "time": "96.41218042373657",
      "n_placed": 301,
      "n_discard": 152,
      "p_mean_weight": 32.04820598006645,
      "d_mean_weight": 30.51052631578947,
      "p_median_weight": 20.08,
      "d_median_weight": 30.0,
      "p_std_weight": 27.536575533353766,
      "d_std_weight": 19.753680243561345,
      "p_total_weight": 9646.51,
      "d_total_weight": 4637.599999999999,
      "p_mean_taxability": 68.49590269102991,
      "d_mean_taxability": 77.12705013157895,
      "p_total_taxability": 20617.266710000004,
      "d_total_taxability": 11723.31162,
      "p_mean_volume": 0.20422973421926913,
      "d_mean_volume": 0.23161276315789472,
      "p_median_volume": 0.13833,
      "d_median_volume": 0.255,
      "p_std_volume": 0.1965445104921422,
      "d_std_volume": 0.1387024306628568,
      "p_total_volume": 61.473150000000004,
      "d_total_volume": 35.20514,
      "d_max_priority": 1,
      "used_volume": 0.7530336624445697,
      "used_weight": 0.43847772727272727,
      "unload_obs": 2,
      "hs_cond": 1,
      "p_cond": 0,
      "sub_cond": 0
    },
    {
      "iteration": 7,
      "time": "53.5932776927948",
      "n_placed": 302,
      "n_discard": 151,
      "p_mean_weight": 31.835231788079476,
      "d_mean_weight": 30.926291390728476,
      "p_median_weight": 20.04,
      "d_median_weight": 31.6,
      "p_std_weight": 27.462148915112177,
      "d_std_weight": 19.92500414440422,
      "p_total_weight": 9614.240000000002,
      "d_total_weight": 4669.87,
      "p_mean_taxability": 68.55283973509934,
      "d_mean_taxability": 77.07033596026491,
      "p_total_taxability": 20702.9576,
      "d_total_taxability": 11637.620730000002,
      "p_mean_volume": 0.2044055629139073,
      "d_mean_volume": 0.23144245033112584,
      "p_median_volume": 0.140735,
      "d_median_volume": 0.25502,
      "p_std_volume": 0.19641986222864857,
      "d_std_volume": 0.13864226114220193,
      "p_total_volume": 61.73048,
      "d_total_volume": 34.947810000000004,
      "d_max_priority": 1,
      "used_volume": 0.7561859029326016,
      "used_weight": 0.43701090909090917,
      "unload_obs": 2,
      "hs_cond": 1,
      "p_cond": 0,
      "sub_cond": 0
    }
  ],
  "taxability": [
    {
      "iteration": 128,
      "time": "71.44525480270386",
      "n_placed": 296,
      "n_discard": 157,
      "p_mean_weight": 33.267804054054054,
      "d_mean_weight": 28.260127388535032,
      "p_median_weight": 20.85,
      "d_median_weight": 27.2,
      "p_std_weight": 27.973532797903328,
      "d_std_weight": 18.470968800937502,
      "p_total_weight": 9847.27,
      "d_total_weight": 4436.84,
      "p_mean_taxability": 70.96691682432433,
      "d_mean_taxability": 72.19344554140127,
      "p_total_taxability": 21006.20738,
      "d_total_taxability": 11334.37095,
      "p_mean_volume": 0.211625472972973,
      "d_mean_volume": 0.2167971337579618,
      "p_median_volume": 0.13575000000000004,
      "d_median_volume": 0.1872,
      "p_std_volume": 0.2000034570983736,
      "d_std_volume": 0.13316886914861797,
      "p_total_volume": 62.64114000000001,
      "d_total_volume": 34.037150000000004,
      "d_max_priority": 1,
      "used_volume": 0.7673413038684862,
      "used_weight": 0.4476031818181818,
      "unload_obs": 4,
      "hs_cond": 1,
      "p_cond": 0,
      "sub_cond": 0
    },
    {
      "iteration": 7,
      "time": "53.5932776927948",
      "n_placed": 302,
      "n_discard": 151,