{
  "volume": [
    {
      "iteration": 11,
      "time": "169.73408365249634",
      "n_placed": 356,
      "n_discard": 167,
      "p_mean_weight": 26.496516853932587,
      "d_mean_weight": 24.277005988023955,
      "p_median_weight": 17.2,
      "d_median_weight": 13.0,
      "p_std_weight": 24.89225493443376,
      "d_std_weight": 20.148948476702984,
      "p_total_weight": 9432.76,
      "d_total_weight": 4054.26,
      "p_mean_taxability": 58.58914303370787,
      "d_mean_taxability": 59.42215508982037,
      "p_total_taxability": 20857.734920000003,
      "d_total_taxability": 9923.499900000003,
      "p_mean_volume": 0.17508974719101125,
      "d_mean_volume": 0.17844491017964073,
      "p_median_volume": 0.09847,
      "d_median_volume": 0.10599000000000001,
      "p_std_volume": 0.19042011890448415,
      "d_std_volume": 0.13832362116039915,
      "p_total_volume": 62.331950000000006,
      "d_total_volume": 29.8003,
      "d_max_priority": 1,
      "used_volume": 0.7635537888624838,
      "used_weight": 0.4287618181818182,
      "unload_obs": 1,
      "hs_cond": 1,
      "p_cond": 0,
      "sub_cond": 0
    },
    {
      "iteration": 98,
      "time": "179.17944312095642",
      "n_placed": 355,
      "n_discard": 168,
      "p_mean_weight": 26.462197183098585,
      "d_mean_weight": 24.362738095238093,
      "p_median_weight": 14.6,
      "d_median_weight": 18.905,
      "p_std_weight": 25.5480224497113,
      "d_std_weight": 18.370829086359077,
      "p_total_weight": 9394.079999999998,
      "d_total_weight": 4092.9399999999996,
      "p_mean_taxability": 58.19295123943663,
      "d_mean_taxability": 60.25438767857143,
      "p_total_taxability": 20658.497690000004,
      "d_total_taxability": 10122.737130000001,
      "p_mean_volume": 0.17389757746478876,
      "d_mean_volume": 0.18094410714285716,
      "p_median_volume": 0.0874,
      "d_median_volume": 0.13524,
      "p_std_volume": 0.19388114260535125,
      "d_std_volume": 0.12802457766625588,
      "p_total_volume": 61.73364000000001,
      "d_total_volume": 30.39861,
      "d_max_priority": 0,
      "used_volume": 0.7562246122938973,
      "used_weight": 0.42700363636363625,
      "unload_obs": 4,
      "hs_cond": 1,
      "p_cond": 1,
      "sub_cond": 0
    },
    {
      "iteration": 163,
      "time": "95.6615731716156",
      "n_placed": 332,
      "n_discard": 191,
      "p_mean_weight": 28.34234939759036,
      "d_mean_weight": 21.34743455497382,
      "p_median_weight": 16.91,
      "d_median_weight": 14.0,
      "p_std_weight": 26.268414963128922,
      "d_std_weight": 16.793963928640668,
      "p_total_weight": 9409.66,
      "d_total_weight": 4077.3599999999997,
      "p_mean_taxability": 62.18674759036145,
      "d_mean_taxability": 53.06405560209425,
      "p_total_taxability": 20646.000200000002,
      "d_total_taxability": 10135.234620000001,
      "p_mean_volume": 0.18583165662650603,
      "d_mean_volume": 0.1593515183246073,
      "p_median_volume": 0.098225,
      "d_median_volume": 0.10599000000000001,
      "p_std_volume": 0.19971381836641153,
      "d_std_volume": 0.12057996307451327,
      "p_total_volume": 61.696110000000004,
      "d_total_volume": 30.436139999999998,
      "d_max_priority": 1,
      "used_volume": 0.7557648773795232,
      "used_weight": 0.4277118181818182,
      "unload_obs": 0,
      "hs_cond": 1,
      "p_cond": 0,
      "sub_cond": 0
    }
  ],
  "weight": [
    {
      "iteration": 36,
      "time": "181.44937562942505",
      "n_placed": 340,
      "n_discard": 183,
      "p_mean_weight": 28.058264705882358,
      "d_mean_weight": 21.56945355191257,
      "p_median_weight": 16.380000000000003,
      "d_median_weight": 15.25,
      "p_std_weight": 26.34571335196903,
      "d_std_weight": 16.174103767034104,
      "p_total_weight": 9539.810000000001,
      "d_total_weight": 3947.21,
      "p_mean_taxability": 60.72110105882354,
      "d_mean_taxability": 55.388308524590165,
      "p_total_taxability": 20645.174360000005,
      "d_total_taxability": 10136.06046,
      "p_mean_volume": 0.18145185294117647,
      "d_mean_volume": 0.1663312568306011,
      "p_median_volume": 0.09036,
      "d_median_volume": 0.11544000000000001,
      "p_std_volume": 0.19861879775051586,
      "d_std_volume": 0.12064636460940978,
      "p_total_volume": 61.69363,
      "d_total_volume": 30.43862,
      "d_max_priority": 1,
      "used_volume": 0.755734497880785,
      "used_weight": 0.43362772727272736,
      "unload_obs": 1,
      "hs_cond": 1,
      "p_cond": 0,
      "sub_cond": 0
    },
    {
      "iteration": 32,
      "time": "185.20434069633484",
      "n_placed": 307,
      "n_discard": 216,
      "p_mean_weight": 31.029739413680787,
      "d_mean_weight": 18.337453703703705,
      "p_median_weight": 22.0,
      "d_median_weight": 11.45,
      "p_std_weight": 24.86672024511609,
      "d_std_weight": 19.080941629967292,
      "p_total_weight": 9526.130000000001,
      "d_total_weight": 3960.8900000000003,
      "p_mean_taxability": 67.2391003257329,
      "d_mean_taxability": 46.939032499999996,
      "p_total_taxability": 20642.4038,
      "d_total_taxability": 10138.83102,
      "p_mean_volume": 0.20092934853420197,
      "d_mean_volume": 0.14095805555555557,
      "p_median_volume": 0.13409000000000001,
      "d_median_volume": 0.07968,
      "p_std_volume": 0.18069063237570557,
      "d_std_volume": 0.16143291076212365,
      "p_total_volume": 61.68531000000001,
      "d_total_volume": 30.446940000000005,
      "d_max_priority": 1,
      "used_volume": 0.7556325795624373,
      "used_weight": 0.43300590909090914,
      "unload_obs": 0,
      "hs_cond": 1,
      "p_cond": 0,
      "sub_cond": 0
    },
    {
      "iteration": 175,
      "time": "78.90782499313354",
      "n_placed": 328,
      "n_discard": 195,
      "p_mean_weight": 28.973871951219515,
      "d_mean_weight": 20.42866666666667,
      "p_median_weight": 17.299999999999997,
      "d_median_weight": 12.4,
      "p_std_weight": 26.402121484969737,
      "d_std_weight": 16.221212288542606,
      "p_total_weight": 9503.43,
      "d_total_weight": 3983.59,
      "p_mean_taxability": 62.84532408536586,
      "d_mean_taxability": 52.14342830769232,
      "p_total_taxability": 20613.266300000003,
      "d_total_taxability": 10167.968520000002,
      "p_mean_volume": 0.18779820121951218,
      "d_mean_volume": 0.1565868717948718,
      "p_median_volume": 0.100625,
      "d_median_volume": 0.10573,
      "p_std_volume": 0.1996774846678985,
      "d_std_volume": 0.12210952848725766,
      "p_total_volume": 61.597809999999996,
      "d_total_volume": 30.53444,
      "d_max_priority": 0,
      "used_volume": 0.7545607222480828,
      "used_weight": 0.43197409090909095,
      "unload_obs": 1,
      "hs_cond": 1,
      "p_cond": 1,
      "sub_cond": 1
    }
  ],
  "taxability": [
    {
      "iteration": 11,
      "time": "169.73408365249634",
      "n_placed": 356,
      "n_discard": 167,
      "p_mean_weight": 26.496516853932587,
      "d_mean_weight": 24.277005988023955,
      "p_median_weight": 17.2,
      "d_median_weight": 13.0,
      "p_std_weight": 24.89225493443376,
      "d_std_weight": 20.148948476702984,
      "p_total_weight": 9432.76,
      "d_total_weight": 4054.26,
      "p_mean_taxability": 58.58914303370787,
      "d_mean_taxability": 59.42215508982037,
      "p_total_taxability": 20857.734920000003,
      "d_total_taxability": 9923.499900000003,
      "p_mean_volume": 0.17508974719101125,
      "d_mean_volume": 0.17844491017964073,
      "p_median_volume": 0.09847,
      "d_median_volume": 0.10599000000000001,
      "p_std_volume": 0.19042011890448415,
      "d_std_volume": 0.13832362116039915,
      "p_total_volume": 62.331950000000006,
      "d_total_volume": 29.8003,
      "d_max_priority": 1,
      "used_volume": 0.7635537888624838,
      "used_weight": 0.4287618181818182,
      "unload_obs": 1,
      "hs_cond": 1,
      "p_cond": 0,