{
  "volume": [
    {
      "iteration": 116,
      "time": "83.29809141159058",
      "n_placed": 296,
      "n_discard": 165,
      "p_mean_weight": 31.43729729729729,
      "d_mean_weight": 25.017393939393934,
      "p_median_weight": 20.0,
      "d_median_weight": 19.81,
      "p_std_weight": 27.256492744636706,
      "d_std_weight": 17.550206999577295,
      "p_total_weight": 9305.439999999999,
      "d_total_weight": 4127.869999999999,
      "p_mean_taxability": 68.365875,
      "d_mean_taxability": 61.777756363636364,
      "p_total_taxability": 20236.299,
      "d_total_taxability": 10193.3298,
      "p_mean_volume": 0.20410993243243247,
      "d_mean_volume": 0.18551878787878792,
      "p_median_volume": 0.12976000000000001,
      "d_median_volume": 0.15106,
      "p_std_volume": 0.19922248478028107,
      "d_std_volume": 0.12224786669687304,
      "p_total_volume": 60.41654000000001,
      "d_total_volume": 30.610600000000005,
      "d_max_priority": 0,
      "used_volume": 0.7400904035083422,
      "used_weight": 0.4229745454545454,
      "unload_obs": 3,
      "hs_cond": 1,
      "p_cond": 1,
      "sub_cond": 1
    },
    {
      "iteration": 86,
      "time": "81.82248139381409",
      "n_placed": 294,
      "n_discard": 167,
      "p_mean_weight": 31.178979591836736,
      "d_mean_weight": 25.549041916167663,
      "p_median_weight": 19.6,
      "d_median_weight": 20.0,
      "p_std_weight": 27.342661068622697,
      "d_std_weight": 17.632747164594676,
      "p_total_weight": 9166.62,
      "d_total_weight": 4266.69,
      "p_mean_taxability": 67.64881030612244,
      "d_mean_taxability": 63.11903335329342,
      "p_total_taxability": 19888.750229999998,
      "d_total_taxability": 10540.87857,
      "p_mean_volume": 0.2019484693877551,
      "d_mean_volume": 0.18954664670658686,
      "p_median_volume": 0.12677,
      "d_median_volume": 0.16553,
      "p_std_volume": 0.19949308812828534,
      "d_std_volume": 0.12318336888807434,
      "p_total_volume": 59.37285,
      "d_total_volume": 31.654290000000003,
      "d_max_priority": 0,
      "used_volume": 0.7273054119607026,
      "used_weight": 0.4166645454545455,
      "unload_obs": 2,
      "hs_cond": 1,
      "p_cond": 1,
      "sub_cond": 1
    },
    {
      "iteration": 112,
      "time": "84.02708268165588",
      "n_placed": 286,
      "n_discard": 175,
      "p_mean_weight": 31.767972027972025,
      "d_mean_weight": 24.84382857142857,
      "p_median_weight": 20.85,
      "d_median_weight": 18.39,
      "p_std_weight": 27.017899708245807,
      "d_std_weight": 18.692102784924103,
      "p_total_weight": 9085.64,
      "d_total_weight": 4347.67,
      "p_mean_taxability": 69.21303314685315,
      "d_mean_taxability": 60.76972182857143,
      "p_total_taxability": 19794.927480000002,
      "d_total_taxability": 10634.70132,
      "p_mean_volume": 0.20661223776223778,
      "d_mean_volume": 0.18249165714285717,
      "p_median_volume": 0.1335,
      "d_median_volume": 0.13655,
      "p_std_volume": 0.1960764436639117,
      "d_std_volume": 0.13509652442885176,
      "p_total_volume": 59.091100000000004,
      "d_total_volume": 31.936040000000006,
      "d_max_priority": 0,
      "used_volume": 0.7238540314084818,
      "used_weight": 0.41298363636363633,
      "unload_obs": 3,
      "hs_cond": 1,
      "p_cond": 1,
      "sub_cond": 1
    }
  ],
  "weight": [
    {
      "iteration": 116,
      "time": "83.29809141159058",
      "n_placed": 296,
      "n_discard": 165,
      "p_mean_weight": 31.43729729729729,
      "d_mean_weight": 25.017393939393934,
      "p_median_weight": 20.0,
      "d_median_weight": 19.81,
      "p_std_weight": 27.256492744636706,
      "d_std_weight": 17.550206999577295,
      "p_total_weight": 9305.439999999999,
      "d_total_weight": 4127.869999999999,
      "p_mean_taxability": 68.365875,
      "d_mean_taxability": 61.777756363636364,
      "p_total_taxability": 20236.299,
      "d_total_taxability": 10193.3298,
      "p_mean_volume": 0.20410993243243247,
      "d_mean_volume": 0.18551878787878792,
      "p_median_volume": 0.12976000000000001,
      "d_median_volume": 0.15106,
      "p_std_volume": 0.19922248478028107,
      "d_std_volume": 0.12224786669687304,
      "p_total_volume": 60.41654000000001,
      "d_total_volume": 30.610600000000005,
      "d_max_priority": 0,
      "used_volume": 0.7400904035083422,
      "used_weight": 0.4229745454545454,
      "unload_obs": 3,
      "hs_cond": 1,
      "p_cond": 1,
      "sub_cond": 1
    },
    {
      "iteration": 86,
      "time": "81.82248139381409",
      "n_placed": 294,
      "n_discard": 167,
      "p_mean_weight": 31.178979591836736,
      "d_mean_weight": 25.549041916167663,
      "p_median_weight": 19.6,
      "d_median_weight": 20.0,
      "p_std_weight": 27.342661068622697,
      "d_std_weight": 17.632747164594676,
      "p_total_weight": 9166.62,
      "d_total_weight": 4266.69,
      "p_mean_taxability": 67.64881030612244,
      "d_mean_taxability": 63.11903335329342,
      "p_total_taxability": 19888.750229999998,
      "d_total_taxability": 10540.87857,
      "p_mean_volume": 0.2019484693877551,
      "d_mean_volume": 0.18954664670658686,
      "p_median_volume": 0.12677,
      "d_median_volume": 0.16553,
      "p_std_volume": 0.19949308812828534,
      "d_std_volume": 0.12318336888807434,
      "p_total_volume": 59.37285,
      "d_total_volume": 31.654290000000003,
      "d_max_priority": 0,
      "used_volume": 0.7273054119607026,
      "used_weight": 0.4166645454545455,
      "unload_obs": 2,
      "hs_cond": 1,
      "p_cond": 1,
      "sub_cond": 1
    },
    {
      "iteration": 112,
      "time": "84.02708268165588",
      "n_placed": 286,
      "n_discard": 175,
      "p_mean_weight": 31.767972027972025,
      "d_mean_weight": 24.84382857142857,
      "p_median_weight": 20.85,
      "d_median_weight": 18.39,
      "p_std_weight": 27.017899708245807,
      "d_std_weight": 18.692102784924103,
      "p_total_weight": 9085.64,
      "d_total_weight": 4347.67,
      "p_mean_taxability": 69.21303314685315,
      "d_mean_taxability": 60.76972182857143,
      "p_total_taxability": 19794.927480000002,
      "d_total_taxability": 10634.70132,
      "p_mean_volume": 0.20661223776223778,
      "d_mean_volume": 0.18249165714285717,
      "p_median_volume": 0.1335,
      "d_median_volume": 0.13655,
      "p_std_volume": 0.1960764436639117,
      "d_std_volume": 0.13509652442885176,
      "p_total_volume": 59.091100000000004,
      "d_total_volume": 31.936040000000006,
      "d_max_priority": 0,
      "used_volume": 0.7238540314084818,
      "used_weight": 0.41298363636363633,
      "unload_obs": 3,
      "hs_cond": 1,
      "p_cond": 1,
      "sub_cond": 1
    }
  ],
  "taxability": [
    {
      "iteration": 116,
      "time": "83.29809141159058",
      "n_placed": 296,
      "n_discard": 165,
      "p_mean_weight": 31.43729729729729,
      "d_mean_weight": 25.017393939393934,
      "p_median_weight": 20.0,
      "d_median_weight": 19.81,
      "p_std_weight": 27.256492744636706,
      "d_std_weight": 17.550206999577295,
      "p_total_weight": 9305.439999999999,
      "d_total_weight": 4127.869999999999,
      "p_mean_taxability": 68.365875,
      "d_mean_taxability": 61.777756363636364,
      "p_total_taxability": 20236.299,
      "d_total_taxability": 10193.3298,
      "p_mean_volume": 0.20410993243243247,
      "d_mean_volume": 0.18551878787878792,
      "p_median_volume": 0.12976000000000001,
      "d_median_volume": 0.15106,
      "p_std_volume": 0.19922248478028107,
      "d_std_volume": 0.12224786669687304,
      "p_total_volume": 60.41654000000001,
      "d_total_volume": 30.610600000000005,
      "d_max_priority": 0,
      "used_volume": 0.7400904035083422,
      "used_weight": 0.4229745454545454,
      "unload_obs": 3,
      "hs_cond": 1,
      "p_cond": 1,
      "sub_cond": 1
    },
    {
      "iteration": 86,
      "time": "81.82248139381409",
      "n_placed": 294,