{
  "volume": [
    {
      "iteration": 18,
      "time": "78.82613682746887",
      "n_placed": 284,
      "n_discard": 235,
      "p_mean_weight": 29.459366197183094,
      "d_mean_weight": 22.590553191489363,
      "p_median_weight": 18.37,
      "d_median_weight": 13.7,
      "p_std_weight": 24.731728615355383,
      "d_std_weight": 19.28893332556185,
      "p_total_weight": 8366.46,
      "d_total_weight": 5308.780000000001,
      "p_mean_taxability": 64.68369820422537,
      "d_mean_taxability": 54.30466225531915,
      "p_total_taxability": 18370.170290000002,
      "d_total_taxability": 12761.59563,
      "p_mean_volume": 0.19333989436619717,
      "d_mean_volume": 0.16307706382978723,
      "p_median_volume": 0.11129,
      "d_median_volume": 0.09979,
      "p_std_volume": 0.17392321779851044,
      "d_std_volume": 0.13592228512140353,
      "p_total_volume": 54.90853,
      "d_total_volume": 38.32311,
      "d_max_priority": 0,
      "used_volume": 0.6726183942964941,
      "used_weight": 0.38029363636363633,
      "unload_obs": 1,
      "hs_cond": 1,
      "p_cond": 1,
      "sub_cond": 1
    },
    {
      "iteration": 4,
      "time": "76.17326307296753",
      "n_placed": 282,
      "n_discard": 237,
      "p_mean_weight": 29.614113475177305,
      "d_mean_weight": 22.464388185654006,
      "p_median_weight": 18.82,
      "d_median_weight": 13.7,
      "p_std_weight": 24.746935223334862,
      "d_std_weight": 19.261686397240055,
      "p_total_weight": 8351.18,
      "d_total_weight": 5324.0599999999995,
      "p_mean_taxability": 65.03016070921987,
      "d_mean_taxability": 53.980002531645574,
      "p_total_taxability": 18338.505320000004,
      "d_total_taxability": 12793.260600000001,
      "p_mean_volume": 0.19437390070921987,
      "d_mean_volume": 0.16210210970464137,
      "p_median_volume": 0.113235,
      "d_median_volume": 0.09844000000000001,
      "p_std_volume": 0.1740849398285842,
      "d_std_volume": 0.13578801671288387,
      "p_total_volume": 54.81344,
      "d_total_volume": 38.418200000000006,
      "d_max_priority": 0,
      "used_volume": 0.6714535610162432,
      "used_weight": 0.37959909090909094,
      "unload_obs": 1,
      "hs_cond": 1,
      "p_cond": 1,
      "sub_cond": 1
    },
    {
      "iteration": 148,
      "time": "67.09728837013245",
      "n_placed": 277,
      "n_discard": 242,
      "p_mean_weight": 29.952671480144403,
      "d_mean_weight": 22.224586776859507,
      "p_median_weight": 18.3,
      "d_median_weight": 13.7,
      "p_std_weight": 25.311318573116644,
      "d_std_weight": 18.411205591223897,
      "p_total_weight": 8296.89,
      "d_total_weight": 5378.35,
      "p_mean_taxability": 66.11653274368231,
      "d_mean_taxability": 52.964819628099185,
      "p_total_taxability": 18314.279570000002,
      "d_total_taxability": 12817.486350000003,
      "p_mean_volume": 0.19761981949458485,
      "d_mean_volume": 0.1590535123966942,
      "p_median_volume": 0.10985,
      "d_median_volume": 0.09844000000000001,
      "p_std_volume": 0.17991403867180344,
      "d_std_volume": 0.12681004058435624,
      "p_total_volume": 54.74069,
      "d_total_volume": 38.49095,
      "d_max_priority": 0,
      "used_volume": 0.6705623882205943,
      "used_weight": 0.3771313636363636,
      "unload_obs": 8,
      "hs_cond": 1,
      "p_cond": 1,
      "sub_cond": 1
    }
  ],
  "weight": [
    {
      "iteration": 103,
      "time": "83.00486326217651",
      "n_placed": 275,
      "n_discard": 244,
      "p_mean_weight": 30.566290909090906,
      "d_mean_weight": 21.59635245901639,
      "p_median_weight": 20.7,
      "d_median_weight": 12.12,
      "p_std_weight": 24.56348619548225,
      "d_std_weight": 19.29890393843795,
      "p_total_weight": 8405.73,
      "d_total_weight": 5269.509999999999,
      "p_mean_taxability": 66.4197277818182,
      "d_mean_taxability": 52.730904836065584,
      "p_total_taxability": 18265.425140000003,
      "d_total_taxability": 12866.340780000002,
      "p_mean_volume": 0.19852356363636364,
      "d_mean_volume": 0.15835106557377052,
      "p_median_volume": 0.125,
      "d_median_volume": 0.09315000000000001,
      "p_std_volume": 0.16602475541500375,
      "d_std_volume": 0.14684885288035288,
      "p_total_volume": 54.59398,
      "d_total_volume": 38.637660000000004,
      "d_max_priority": 0,
      "used_volume": 0.6687652203738639,
      "used_weight": 0.38207863636363637,
      "unload_obs": 4,
      "hs_cond": 1,
      "p_cond": 1,
      "sub_cond": 1
    },
    {
      "iteration": 18,
      "time": "78.82613682746887",
      "n_placed": 284,
      "n_discard": 235,
      "p_mean_weight": 29.459366197183094,
      "d_mean_weight": 22.590553191489363,
      "p_median_weight": 18.37,
      "d_median_weight": 13.7,
      "p_std_weight": 24.731728615355383,
      "d_std_weight": 19.28893332556185,
      "p_total_weight": 8366.46,
      "d_total_weight": 5308.780000000001,
      "p_mean_taxability": 64.68369820422537,
      "d_mean_taxability": 54.30466225531915,
      "p_total_taxability": 18370.170290000002,
      "d_total_taxability": 12761.59563,
      "p_mean_volume": 0.19333989436619717,
      "d_mean_volume": 0.16307706382978723,
      "p_median_volume": 0.11129,
      "d_median_volume": 0.09979,
      "p_std_volume": 0.17392321779851044,
      "d_std_volume": 0.13592228512140353,
      "p_total_volume": 54.90853,
      "d_total_volume": 38.32311,
      "d_max_priority": 0,
      "used_volume": 0.6726183942964941,
      "used_weight": 0.38029363636363633,
      "unload_obs": 1,
      "hs_cond": 1,
      "p_cond": 1,
      "sub_cond": 1
    },
    {
      "iteration": 160,
      "time": "62.02923631668091",
      "n_placed": 284,
      "n_discard": 235,
      "p_mean_weight": 29.441549295774646,
      "d_mean_weight": 22.61208510638298,
      "p_median_weight": 17.475,
      "d_median_weight": 13.0,
      "p_std_weight": 24.20742412464018,
      "d_std_weight": 20.084601542924,
      "p_total_weight": 8361.4,
      "d_total_weight": 5313.84,
      "p_mean_taxability": 63.984574084507045,
      "d_mean_taxability": 55.14956119148936,
      "p_total_taxability": 18171.61904,
      "d_total_taxability": 12960.14688,
      "p_mean_volume": 0.19124042253521129,
      "d_mean_volume": 0.16561429787234042,
      "p_median_volume": 0.10996500000000001,
      "d_median_volume": 0.09844000000000001,
      "p_std_volume": 0.16325061892478737,
      "d_std_volume": 0.15155637410366268,
      "p_total_volume": 54.31228,
      "d_total_volume": 38.91936,
      "d_max_priority": 0,
      "used_volume": 0.6653144523115369,
      "used_weight": 0.3800636363636363,
      "unload_obs": 5,
      "hs_cond": 1,
      "p_cond": 1,
      "sub_cond": 1
    }
  ],
  "taxability": [
    {
      "iteration": 18,
      "time": "78.82613682746887",
      "n_placed": 284,
      "n_discard": 235,
      "p_mean_weight": 29.459366197183094,
      "d_mean_weight": 22.590553191489363,
      "p_median_weight": 18.37,
      "d_median_weight": 13.7,
      "p_std_weight": 24.731728615355383,
      "d_std_weight": 19.28893332556185,
      "p_total_weight": 8366.46,
      "d_total_weight": 5308.780000000001,
      "p_mean_taxability": 64.68369820422537,
      "d_mean_taxability": 54.30466225531915,
      "p_total_taxability": 18370.170290000002,
      "d_total_taxability": 12761.59563,
      "p_mean_volume": 0.19333989436619717,
      "d_mean_volume": 0.16307706382978723,
      "p_median_volume": 0.11129,
      "d_median_volume": 0.09979,
      "p_std_volume": 0.17392321779851044,
      "d_std_volume": 0.13592228512140353,
      "p_total_volume": 54.90853,
      "d_total_volume": 38.32311,
      "d_max_priority": 0,
      "used_volume": 0.6726183942964941,
      "used_weight": 0.38029363636363633,
      "unload_obs": 1,
      "hs_cond": 1,
      "p_cond": 1,
      "sub_cond": 1
    },
    {
      "iteration": 4,
      "time": "76.17326307296753",
      "n_placed": 282,
      "n_discard": 237,