{
  "volume": [
    {
      "iteration": 165,
      "time": "98.85583567619324",
      "n_placed": 321,
      "n_discard": 198,
      "p_mean_weight": 30.36492211838006,
      "d_mean_weight": 19.234494949494948,
      "p_median_weight": 20.08,
      "d_median_weight": 11.105,
      "p_std_weight": 24.55468556502079,
      "d_std_weight": 16.49173906408425,
      "p_total_weight": 9747.14,
      "d_total_weight": 3808.43,
      "p_mean_taxability": 66.33822912772585,
      "d_mean_taxability": 47.58712954545456,
      "p_total_taxability": 21294.57155,
      "d_total_taxability": 9422.251650000002,
      "p_mean_volume": 0.19786299065420562,
      "d_mean_volume": 0.14290429292929294,
      "p_median_volume": 0.12971000000000002,
      "d_median_volume": 0.079095,
      "p_std_volume": 0.17332849364112943,
      "d_std_volume": 0.11839191084940583,
      "p_total_volume": 63.51402000000001,
      "d_total_volume": 28.295050000000003,
      "d_max_priority": 0,
      "used_volume": 0.7780339074405274,
      "used_weight": 0.44305181818181816,
      "unload_obs": 1,
      "hs_cond": 1,
      "p_cond": 1,
      "sub_cond": 1
    },
    {
      "iteration": 147,
      "time": "109.25960993766785",
      "n_placed": 319,
      "n_discard": 200,
      "p_mean_weight": 30.533573667711597,
      "d_mean_weight": 19.0768,
      "p_median_weight": 20.65,
      "d_median_weight": 11.105,
      "p_std_weight": 24.549746346536956,
      "d_std_weight": 16.457444215629376,
      "p_total_weight": 9740.21,
      "d_total_weight": 3815.3599999999997,
      "p_mean_taxability": 66.64652846394983,
      "d_mean_taxability": 47.282903100000006,
      "p_total_taxability": 21260.24258,
      "d_total_taxability": 9456.58062,
      "p_mean_volume": 0.19878034482758622,
      "d_mean_volume": 0.14199070000000003,
      "p_median_volume": 0.12973,
      "d_median_volume": 0.07846,
      "p_std_volume": 0.17348196478192685,
      "d_std_volume": 0.11814901129871686,
      "p_total_volume": 63.41093,
      "d_total_volume": 28.398140000000005,
      "d_max_priority": 0,
      "used_volume": 0.7767710757772497,
      "used_weight": 0.44273681818181815,
      "unload_obs": 1,
      "hs_cond": 1,
      "p_cond": 1,
      "sub_cond": 1
    },
    {
      "iteration": 108,
      "time": "148.68877339363098",
      "n_placed": 321,
      "n_discard": 198,
      "p_mean_weight": 30.384517133956386,
      "d_mean_weight": 19.202727272727273,
      "p_median_weight": 20.1,
      "d_median_weight": 11.21,
      "p_std_weight": 24.561164146254075,
      "d_std_weight": 16.454427285560584,
      "p_total_weight": 9753.43,
      "d_total_weight": 3802.1400000000003,
      "p_mean_taxability": 66.2311815576324,
      "d_mean_taxability": 47.76067636363637,
      "p_total_taxability": 21260.20928,
      "d_total_taxability": 9456.613920000002,
      "p_mean_volume": 0.19754152647975082,
      "d_mean_volume": 0.14342545454545455,
      "p_median_volume": 0.12971000000000002,
      "d_median_volume": 0.07953,
      "p_std_volume": 0.17353299084532914,
      "d_std_volume": 0.11814634514281229,
      "p_total_volume": 63.41083000000001,
      "d_total_volume": 28.39824,
      "d_max_priority": 0,
      "used_volume": 0.776769850797462,
      "used_weight": 0.4433377272727273,
      "unload_obs": 1,
      "hs_cond": 1,
      "p_cond": 1,
      "sub_cond": 1
    }
  ],
  "weight": [
    {
      "iteration": 108,
      "time": "148.68877339363098",
      "n_placed": 321,
      "n_discard": 198,
      "p_mean_weight": 30.384517133956386,
      "d_mean_weight": 19.202727272727273,
      "p_median_weight": 20.1,
      "d_median_weight": 11.21,
      "p_std_weight": 24.561164146254075,
      "d_std_weight": 16.454427285560584,
      "p_total_weight": 9753.43,
      "d_total_weight": 3802.1400000000003,
      "p_mean_taxability": 66.2311815576324,
      "d_mean_taxability": 47.76067636363637,
      "p_total_taxability": 21260.20928,
      "d_total_taxability": 9456.613920000002,
      "p_mean_volume": 0.19754152647975082,
      "d_mean_volume": 0.14342545454545455,
      "p_median_volume": 0.12971000000000002,
      "d_median_volume": 0.07953,
      "p_std_volume": 0.17353299084532914,
      "d_std_volume": 0.11814634514281229,
      "p_total_volume": 63.41083000000001,
      "d_total_volume": 28.39824,
      "d_max_priority": 0,
      "used_volume": 0.776769850797462,
      "used_weight": 0.4433377272727273,
      "unload_obs": 1,
      "hs_cond": 1,
      "p_cond": 1,
      "sub_cond": 1
    },
    {
      "iteration": 28,
      "time": "144.1698501110077",
      "n_placed": 320,
      "n_discard": 199,
      "p_mean_weight": 30.464031249999998,
      "d_mean_weight": 19.131055276381908,
      "p_median_weight": 20.375,
      "d_median_weight": 11.21,
      "p_std_weight": 24.558314918993574,
      "d_std_weight": 16.443696879430295,
      "p_total_weight": 9748.49,
      "d_total_weight": 3807.08,
      "p_mean_taxability": 66.39314696874999,
      "d_mean_taxability": 47.59304608040201,
      "p_total_taxability": 21245.807029999996,
      "d_total_taxability": 9471.01617,
      "p_mean_volume": 0.19802368750000005,
      "d_mean_volume": 0.14292206030150756,
      "p_median_volume": 0.12972,
      "d_median_volume": 0.07869000000000001,
      "p_std_volume": 0.17358941546262086,
      "d_std_volume": 0.11806106553059127,
      "p_total_volume": 63.36758000000001,
      "d_total_volume": 28.44149,
      "d_max_priority": 0,
      "used_volume": 0.776240047039224,
      "used_weight": 0.4431131818181818,
      "unload_obs": 1,
      "hs_cond": 1,
      "p_cond": 1,
      "sub_cond": 1
    },
    {
      "iteration": 137,
      "time": "85.25644278526306",
      "n_placed": 321,
      "n_discard": 198,
      "p_mean_weight": 30.3690031152648,
      "d_mean_weight": 19.227878787878787,
      "p_median_weight": 20.1,
      "d_median_weight": 11.255,
      "p_std_weight": 24.574190899765455,
      "d_std_weight": 16.439974697865303,
      "p_total_weight": 9748.45,
      "d_total_weight": 3807.12,
      "p_mean_taxability": 66.21513323987539,
      "d_mean_taxability": 47.786694090909094,
      "p_total_taxability": 21255.05777,
      "d_total_taxability": 9461.765430000001,
      "p_mean_volume": 0.19749333333333335,
      "d_mean_volume": 0.14350358585858586,
      "p_median_volume": 0.12971000000000002,
      "d_median_volume": 0.079095,
      "p_std_volume": 0.17356923910875358,
      "d_std_volume": 0.11809576905116885,
      "p_total_volume": 63.39536000000001,
      "d_total_volume": 28.413710000000002,
      "d_max_priority": 0,
      "used_volume": 0.7765803464242841,
      "used_weight": 0.44311136363636366,
      "unload_obs": 1,
      "hs_cond": 1,
      "p_cond": 1,
      "sub_cond": 1
    }
  ],
  "taxability": [
    {
      "iteration": 165,
      "time": "98.85583567619324",
      "n_placed": 321,
      "n_discard": 198,
      "p_mean_weight": 30.36492211838006,
      "d_mean_weight": 19.234494949494948,
      "p_median_weight": 20.08,
      "d_median_weight": 11.105,
      "p_std_weight": 24.55468556502079,
      "d_std_weight": 16.49173906408425,
      "p_total_weight": 9747.14,
      "d_total_weight": 3808.43,
      "p_mean_taxability": 66.33822912772585,
      "d_mean_taxability": 47.58712954545456,
      "p_total_taxability": 21294.57155,
      "d_total_taxability": 9422.251650000002,
      "p_mean_volume": 0.19786299065420562,
      "d_mean_volume": 0.14290429292929294,
      "p_median_volume": 0.12971000000000002,
      "d_median_volume": 0.079095,
      "p_std_volume": 0.17332849364112943,
      "d_std_volume": 0.11839191084940583,
      "p_total_volume": 63.51402000000001,
      "d_total_volume": 28.295050000000003,
      "d_max_priority": 0,
      "used_volume": 0.7780339074405274,
      "used_weight": 0.44305181818181816,
      "unload_obs": 1,
      "hs_cond": 1,
      "p_cond": 1,
      "sub_cond": 1
    },
    {
      "iteration": 147,