{
  "volume": [
    {
      "iteration": 59,
      "time": "47.65213489532471",
      "n_placed": 241,
      "n_discard": 118,
      "p_mean_weight": 39.800580912863076,
      "d_mean_weight": 37.81305084745763,
      "p_median_weight": 35.0,
      "d_median_weight": 37.05,
      "p_std_weight": 24.850855226620823,
      "d_std_weight": 22.240865925329967,
      "p_total_weight": 9591.94,
      "d_total_weight": 4461.9400000000005,
      "p_mean_taxability": 83.75679385892117,
      "d_mean_taxability": 96.83679508474577,
      "p_total_taxability": 20185.38732,
      "d_total_taxability": 11426.741820000001,
      "p_mean_volume": 0.25023858921161823,
      "d_mean_volume": 0.290801186440678,
      "p_median_volume": 0.25502,
      "d_median_volume": 0.28301000000000004,
      "p_std_volume": 0.1536718135904176,
      "d_std_volume": 0.1897328469242981,
      "p_total_volume": 60.3075,
      "d_total_volume": 34.31454,
      "d_max_priority": 1,
      "used_volume": 0.7387546855476884,
      "used_weight": 0.43599727272727273,
      "unload_obs": 0,
      "hs_cond": 1,
      "p_cond": 0,
      "sub_cond": 0
    },
    {
      "iteration": 23,
      "time": "48.807738065719604",
      "n_placed": 239,
      "n_discard": 120,
      "p_mean_weight": 39.68154811715482,
      "d_mean_weight": 38.08325,
      "p_median_weight": 35.0,
      "d_median_weight": 37.05,
      "p_std_weight": 26.16315022978319,
      "d_std_weight": 19.07211520582785,
      "p_total_weight": 9483.890000000001,
      "d_total_weight": 4569.99,
      "p_mean_taxability": 84.41935769874478,
      "d_mean_taxability": 95.29918875,
      "p_total_taxability": 20176.22649,
      "d_total_taxability": 11435.90265,
      "p_mean_volume": 0.25221753138075315,
      "d_mean_volume": 0.28618375,
      "p_median_volume": 0.2535,
      "d_median_volume": 0.28403,
      "p_std_volume": 0.17556297971736998,
      "d_std_volume": 0.14729725085468753,
      "p_total_volume": 60.27999,
      "d_total_volume": 34.34205,
      "d_max_priority": 0,
      "used_volume": 0.7384176936080554,
      "used_weight": 0.43108590909090916,
      "unload_obs": 1,
      "hs_cond": 1,
      "p_cond": 1,
      "sub_cond": 1
    },
    {
      "iteration": 39,
      "time": "46.257168769836426",
      "n_placed": 241,
      "n_discard": 118,
      "p_mean_weight": 39.85618257261411,
      "d_mean_weight": 37.69949152542374,
      "p_median_weight": 35.0,
      "d_median_weight": 37.0,
      "p_std_weight": 24.864445892341845,
      "d_std_weight": 22.19899777700215,
      "p_total_weight": 9605.34,
      "d_total_weight": 4448.540000000001,
      "p_mean_taxability": 83.65049639004151,
      "d_mean_taxability": 97.05389415254238,
      "p_total_taxability": 20159.769630000003,
      "d_total_taxability": 11452.359510000002,
      "p_mean_volume": 0.24991937759336103,
      "d_mean_volume": 0.2914531355932204,
      "p_median_volume": 0.255,
      "d_median_volume": 0.28301000000000004,
      "p_std_volume": 0.15382401113510963,
      "d_std_volume": 0.18933719357160445,
      "p_total_volume": 60.23057000000001,
      "d_total_volume": 34.391470000000005,
      "d_max_priority": 1,
      "used_volume": 0.7378123085969083,
      "used_weight": 0.4366063636363636,
      "unload_obs": 0,
      "hs_cond": 1,
      "p_cond": 0,
      "sub_cond": 0
    }
  ],
  "weight": [
    {
      "iteration": 39,
      "time": "46.257168769836426",
      "n_placed": 241,
      "n_discard": 118,
      "p_mean_weight": 39.85618257261411,
      "d_mean_weight": 37.69949152542374,
      "p_median_weight": 35.0,
      "d_median_weight": 37.0,
      "p_std_weight": 24.864445892341845,
      "d_std_weight": 22.19899777700215,
      "p_total_weight": 9605.34,
      "d_total_weight": 4448.540000000001,
      "p_mean_taxability": 83.65049639004151,
      "d_mean_taxability": 97.05389415254238,
      "p_total_taxability": 20159.769630000003,
      "d_total_taxability": 11452.359510000002,
      "p_mean_volume": 0.24991937759336103,
      "d_mean_volume": 0.2914531355932204,
      "p_median_volume": 0.255,
      "d_median_volume": 0.28301000000000004,
      "p_std_volume": 0.15382401113510963,
      "d_std_volume": 0.18933719357160445,
      "p_total_volume": 60.23057000000001,
      "d_total_volume": 34.391470000000005,
      "d_max_priority": 1,
      "used_volume": 0.7378123085969083,
      "used_weight": 0.4366063636363636,
      "unload_obs": 0,
      "hs_cond": 1,
      "p_cond": 0,
      "sub_cond": 0
    },
    {
      "iteration": 59,
      "time": "47.65213489532471",
      "n_placed": 241,
      "n_discard": 118,
      "p_mean_weight": 39.800580912863076,
      "d_mean_weight": 37.81305084745763,
      "p_median_weight": 35.0,
      "d_median_weight": 37.05,
      "p_std_weight": 24.850855226620823,
      "d_std_weight": 22.240865925329967,
      "p_total_weight": 9591.94,
      "d_total_weight": 4461.9400000000005,
      "p_mean_taxability": 83.75679385892117,
      "d_mean_taxability": 96.83679508474577,
      "p_total_taxability": 20185.38732,
      "d_total_taxability": 11426.741820000001,
      "p_mean_volume": 0.25023858921161823,
      "d_mean_volume": 0.290801186440678,
      "p_median_volume": 0.25502,
      "d_median_volume": 0.28301000000000004,
      "p_std_volume": 0.1536718135904176,
      "d_std_volume": 0.1897328469242981,
      "p_total_volume": 60.3075,
      "d_total_volume": 34.31454,
      "d_max_priority": 1,
      "used_volume": 0.7387546855476884,
      "used_weight": 0.43599727272727273,
      "unload_obs": 0,
      "hs_cond": 1,
      "p_cond": 0,
      "sub_cond": 0
    },
    {
      "iteration": 33,
      "time": "22.306708812713623",
      "n_placed": 244,
      "n_discard": 115,
      "p_mean_weight": 39.28213114754099,
      "d_mean_weight": 38.86121739130435,
      "p_median_weight": 34.4,
      "d_median_weight": 39.0,
      "p_std_weight": 24.9199123359306,
      "d_std_weight": 22.061704700553666,
      "p_total_weight": 9584.84,
      "d_total_weight": 4469.04,
      "p_mean_taxability": 82.60224504098362,
      "d_mean_taxability": 99.62766391304349,
      "p_total_taxability": 20154.947790000002,
      "d_total_taxability": 11457.18135,
      "p_mean_volume": 0.2467872540983607,
      "d_mean_volume": 0.2991821739130435,
      "p_median_volume": 0.2477,
      "d_median_volume": 0.28925,
      "p_std_volume": 0.15403376400029892,
      "d_std_volume": 0.18801091718387092,
      "p_total_volume": 60.21609000000001,
      "d_total_volume": 34.405950000000004,
      "d_max_priority": 1,
      "used_volume": 0.7376349315236299,
      "used_weight": 0.4356745454545455,
      "unload_obs": 0,
      "hs_cond": 1,
      "p_cond": 0,
      "sub_cond": 0
    }
  ],
  "taxability": [
    {
      "iteration": 59,
      "time": "47.65213489532471",
      "n_placed": 241,
      "n_discard": 118,
      "p_mean_weight": 39.800580912863076,
      "d_mean_weight": 37.81305084745763,
      "p_median_weight": 35.0,
      "d_median_weight": 37.05,
      "p_std_weight": 24.850855226620823,
      "d_std_weight": 22.240865925329967,
      "p_total_weight": 9591.94,
      "d_total_weight": 4461.9400000000005,
      "p_mean_taxability": 83.75679385892117,
      "d_mean_taxability": 96.83679508474577,
      "p_total_taxability": 20185.38732,
      "d_total_taxability": 11426.741820000001,
      "p_mean_volume": 0.25023858921161823,
      "d_mean_volume": 0.290801186440678,
      "p_median_volume": 0.25502,
      "d_median_volume": 0.28301000000000004,
      "p_std_volume": 0.1536718135904176,
      "d_std_volume": 0.1897328469242981,
      "p_total_volume": 60.3075,
      "d_total_volume": 34.31454,
      "d_max_priority": 1,
      "used_volume": 0.7387546855476884,
      "used_weight": 0.43599727272727273,
      "unload_obs": 0,
      "hs_cond": 1,
      "p_cond": 0,
      "sub_cond": 0
    },
    {
      "iteration": 23,
      "time": "48.807738065719604",
      "n_placed": 239,
      "n_discard": 120,