{
  "volume": [
    {
      "iteration": 130,
      "time": "57.30744457244873",
      "n_placed": 232,
      "n_discard": 125,
      "p_mean_weight": 39.99543103448276,
      "d_mean_weight": 34.89688,
      "p_median_weight": 35.0,
      "d_median_weight": 35.5,
      "p_std_weight": 26.445909654911524,
      "d_std_weight": 17.374657500267823,
      "p_total_weight": 9278.94,
      "d_total_weight": 4362.110000000001,
      "p_mean_taxability": 86.58847336206898,
      "d_mean_taxability": 86.4802332,
      "p_total_taxability": 20088.525820000003,
      "d_total_taxability": 10810.02915,
      "p_mean_volume": 0.25931379310344826,
      "d_mean_volume": 0.2597004,
      "p_median_volume": 0.25646,
      "d_median_volume": 0.28125,
      "p_std_volume": 0.18885809698502604,
      "d_std_volume": 0.11657244507449076,
      "p_total_volume": 60.1608,
      "d_total_volume": 32.46255,
      "d_max_priority": 0,
      "used_volume": 0.7369576401989367,
      "used_weight": 0.42177000000000003,
      "unload_obs": 1,
      "hs_cond": 1,
      "p_cond": 1,
      "sub_cond": 1
    },
    {
      "iteration": 41,
      "time": "64.22543430328369",
      "n_placed": 236,
      "n_discard": 121,
      "p_mean_weight": 39.28275423728813,
      "d_mean_weight": 36.11834710743802,
      "p_median_weight": 34.1,
      "d_median_weight": 36.0,
      "p_std_weight": 26.728923302155945,
      "d_std_weight": 16.434097041776052,
      "p_total_weight": 9270.73,
      "d_total_weight": 4370.320000000001,
      "p_mean_taxability": 84.82421991525426,
      "d_mean_taxability": 89.91767826446282,
      "p_total_taxability": 20018.515900000006,
      "d_total_taxability": 10880.03907,
      "p_mean_volume": 0.2540277966101695,
      "d_mean_volume": 0.2700230578512397,
      "p_median_volume": 0.255,
      "d_median_volume": 0.28301000000000004,
      "p_std_volume": 0.19004045526367946,
      "d_std_volume": 0.10865280314563892,
      "p_total_volume": 59.950559999999996,
      "d_total_volume": 32.672790000000006,
      "d_max_priority": 0,
      "used_volume": 0.7343822426929955,
      "used_weight": 0.4213968181818182,
      "unload_obs": 0,
      "hs_cond": 1,
      "p_cond": 1,
      "sub_cond": 1
    },
    {
      "iteration": 105,
      "time": "34.88432478904724",
      "n_placed": 240,
      "n_discard": 117,
      "p_mean_weight": 38.23166666666667,
      "d_mean_weight": 38.16623931623931,
      "p_median_weight": 32.0,
      "d_median_weight": 39.0,
      "p_std_weight": 26.624063040329762,
      "d_std_weight": 16.528331044441472,
      "p_total_weight": 9175.6,
      "d_total_weight": 4465.45,
      "p_mean_taxability": 82.73169016666667,
      "d_mean_taxability": 94.38418230769231,
      "p_total_taxability": 19855.60564,
      "d_total_taxability": 11042.949330000001,
      "p_mean_volume": 0.24775558333333333,
      "d_mean_volume": 0.28343598290598293,
      "p_median_volume": 0.235605,
      "d_median_volume": 0.28925,
      "p_std_volume": 0.18852839736064642,
      "d_std_volume": 0.10705008717369763,
      "p_total_volume": 59.46134,
      "d_total_volume": 33.16201,
      "d_max_priority": 0,
      "used_volume": 0.7283893965749565,
      "used_weight": 0.41707272727272726,
      "unload_obs": 0,
      "hs_cond": 1,
      "p_cond": 1,
      "sub_cond": 1
    }
  ],
  "weight": [
    {
      "iteration": 130,
      "time": "57.30744457244873",
      "n_placed": 232,
      "n_discard": 125,
      "p_mean_weight": 39.99543103448276,
      "d_mean_weight": 34.89688,
      "p_median_weight": 35.0,
      "d_median_weight": 35.5,
      "p_std_weight": 26.445909654911524,
      "d_std_weight": 17.374657500267823,
      "p_total_weight": 9278.94,
      "d_total_weight": 4362.110000000001,
      "p_mean_taxability": 86.58847336206898,
      "d_mean_taxability": 86.4802332,
      "p_total_taxability": 20088.525820000003,
      "d_total_taxability": 10810.02915,
      "p_mean_volume": 0.25931379310344826,
      "d_mean_volume": 0.2597004,
      "p_median_volume": 0.25646,
      "d_median_volume": 0.28125,
      "p_std_volume": 0.18885809698502604,
      "d_std_volume": 0.11657244507449076,
      "p_total_volume": 60.1608,
      "d_total_volume": 32.46255,
      "d_max_priority": 0,
      "used_volume": 0.7369576401989367,
      "used_weight": 0.42177000000000003,
      "unload_obs": 1,
      "hs_cond": 1,
      "p_cond": 1,
      "sub_cond": 1
    },
    {
      "iteration": 41,
      "time": "64.22543430328369",
      "n_placed": 236,
      "n_discard": 121,
      "p_mean_weight": 39.28275423728813,
      "d_mean_weight": 36.11834710743802,
      "p_median_weight": 34.1,
      "d_median_weight": 36.0,
      "p_std_weight": 26.728923302155945,
      "d_std_weight": 16.434097041776052,
      "p_total_weight": 9270.73,
      "d_total_weight": 4370.320000000001,
      "p_mean_taxability": 84.82421991525426,
      "d_mean_taxability": 89.91767826446282,
      "p_total_taxability": 20018.515900000006,
      "d_total_taxability": 10880.03907,
      "p_mean_volume": 0.2540277966101695,
      "d_mean_volume": 0.2700230578512397,
      "p_median_volume": 0.255,
      "d_median_volume": 0.28301000000000004,
      "p_std_volume": 0.19004045526367946,
      "d_std_volume": 0.10865280314563892,
      "p_total_volume": 59.950559999999996,
      "d_total_volume": 32.672790000000006,
      "d_max_priority": 0,
      "used_volume": 0.7343822426929955,
      "used_weight": 0.4213968181818182,
      "unload_obs": 0,
      "hs_cond": 1,
      "p_cond": 1,
      "sub_cond": 1
    },
    {
      "iteration": 105,
      "time": "34.88432478904724",
      "n_placed": 240,
      "n_discard": 117,
      "p_mean_weight": 38.23166666666667,
      "d_mean_weight": 38.16623931623931,
      "p_median_weight": 32.0,
      "d_median_weight": 39.0,
      "p_std_weight": 26.624063040329762,
      "d_std_weight": 16.528331044441472,
      "p_total_weight": 9175.6,
      "d_total_weight": 4465.45,
      "p_mean_taxability": 82.73169016666667,
      "d_mean_taxability": 94.38418230769231,
      "p_total_taxability": 19855.60564,
      "d_total_taxability": 11042.949330000001,
      "p_mean_volume": 0.24775558333333333,
      "d_mean_volume": 0.28343598290598293,
      "p_median_volume": 0.235605,
      "d_median_volume": 0.28925,
      "p_std_volume": 0.18852839736064642,
      "d_std_volume": 0.10705008717369763,
      "p_total_volume": 59.46134,
      "d_total_volume": 33.16201,
      "d_max_priority": 0,
      "used_volume": 0.7283893965749565,
      "used_weight": 0.41707272727272726,
      "unload_obs": 0,
      "hs_cond": 1,
      "p_cond": 1,
      "sub_cond": 1
    }
  ],
  "taxability": [
    {
      "iteration": 130,
      "time": "57.30744457244873",
      "n_placed": 232,
      "n_discard": 125,
      "p_mean_weight": 39.99543103448276,
      "d_mean_weight": 34.89688,
      "p_median_weight": 35.0,
      "d_median_weight": 35.5,
      "p_std_weight": 26.445909654911524,
      "d_std_weight": 17.374657500267823,
      "p_total_weight": 9278.94,
      "d_total_weight": 4362.110000000001,
      "p_mean_taxability": 86.58847336206898,
      "d_mean_taxability": 86.4802332,
      "p_total_taxability": 20088.525820000003,
      "d_total_taxability": 10810.02915,
      "p_mean_volume": 0.25931379310344826,
      "d_mean_volume": 0.2597004,
      "p_median_volume": 0.25646,
      "d_median_volume": 0.28125,
      "p_std_volume": 0.18885809698502604,
      "d_std_volume": 0.11657244507449076,
      "p_total_volume": 60.1608,
      "d_total_volume": 32.46255,
      "d_max_priority": 0,
      "used_volume": 0.7369576401989367,
      "used_weight": 0.42177000000000003,
      "unload_obs": 1,
      "hs_cond": 1,
      "p_cond": 1,
      "sub_cond": 1
    },
    {
      "iteration": 41,
      "time": "64.22543430328369",
      "n_placed": 236,
      "n_discard": 121,
      "p_mean_weight": 39.28275423728813,
      "d_mean_weight": 36.11834710743802,
      "p_median_weight": 34.1,