{
  "volume": [
    {
      "iteration": 46,
      "time": "37.34247612953186",
      "n_placed": 243,
      "n_discard": 276,
      "p_mean_weight": 31.61432098765432,
      "d_mean_weight": 20.978007246376812,
      "p_median_weight": 21.1,
      "d_median_weight": 12.19,
      "p_std_weight": 26.237132175709142,
      "d_std_weight": 17.0180489645537,
      "p_total_weight": 7682.28,
      "d_total_weight": 5789.93,
      "p_mean_taxability": 65.77482139917696,
      "d_mean_taxability": 50.865979239130446,
      "p_total_taxability": 15983.281600000002,
      "d_total_taxability": 14039.010270000002,
      "p_mean_volume": 0.19635432098765432,
      "d_mean_volume": 0.1527506884057971,
      "p_median_volume": 0.13163,
      "d_median_volume": 0.090055,
      "p_std_volume": 0.1737197514303916,
      "d_std_volume": 0.11947585168817708,
      "p_total_volume": 47.7141,
      "d_total_volume": 42.15919,
      "d_max_priority": 0,
      "used_volume": 0.5844880809466644,
      "used_weight": 0.3491945454545454,
      "unload_obs": 1,
      "hs_cond": 1,
      "p_cond": 1,
      "sub_cond": 1
    },
    {
      "iteration": 140,
      "time": "35.13190031051636",
      "n_placed": 251,
      "n_discard": 268,
      "p_mean_weight": 30.356972111553784,
      "d_mean_weight": 21.838097014925374,
      "p_median_weight": 20.0,
      "d_median_weight": 12.98,
      "p_std_weight": 25.561200840242602,
      "d_std_weight": 18.16520002286522,
      "p_total_weight": 7619.599999999999,
      "d_total_weight": 5852.610000000001,
      "p_mean_taxability": 63.64411772908367,
      "d_mean_taxability": 52.41648626865672,
      "p_total_taxability": 15974.673550000001,
      "d_total_taxability": 14047.618320000001,
      "p_mean_volume": 0.18999302788844621,
      "d_mean_volume": 0.1574068656716418,
      "p_median_volume": 0.11691000000000001,
      "d_median_volume": 0.09887500000000002,
      "p_std_volume": 0.17062901174066275,
      "d_std_volume": 0.1232851131917738,
      "p_total_volume": 47.68825,
      "d_total_volume": 42.18504,
      "d_max_priority": 0,
      "used_volume": 0.5841714236715094,
      "used_weight": 0.3463454545454545,
      "unload_obs": 2,
      "hs_cond": 1,
      "p_cond": 1,
      "sub_cond": 1
    },
    {
      "iteration": 151,
      "time": "34.11087608337402",
      "n_placed": 245,
      "n_discard": 274,
      "p_mean_weight": 31.386367346938776,
      "d_mean_weight": 21.104197080291968,
      "p_median_weight": 20.8,
      "d_median_weight": 12.61,
      "p_std_weight": 26.2671744961662,
      "d_std_weight": 16.992445043227228,
      "p_total_weight": 7689.66,
      "d_total_weight": 5782.549999999999,
      "p_mean_taxability": 64.84384314285715,
      "d_mean_taxability": 51.58959963503649,
      "p_total_taxability": 15886.741570000002,
      "d_total_taxability": 14135.550299999999,
      "p_mean_volume": 0.1935681224489796,
      "d_mean_volume": 0.15492372262773724,
      "p_median_volume": 0.13139,
      "d_median_volume": 0.09639,
      "p_std_volume": 0.17318644793903204,
      "d_std_volume": 0.12048128734072398,
      "p_total_volume": 47.42419,
      "d_total_volume": 42.4491,
      "d_max_priority": 0,
      "used_volume": 0.5809367420437563,
      "used_weight": 0.34953,
      "unload_obs": 1,
      "hs_cond": 1,
      "p_cond": 1,
      "sub_cond": 1
    }
  ],
  "weight": [
    {
      "iteration": 151,
      "time": "34.11087608337402",
      "n_placed": 245,
      "n_discard": 274,
      "p_mean_weight": 31.386367346938776,
      "d_mean_weight": 21.104197080291968,
      "p_median_weight": 20.8,
      "d_median_weight": 12.61,
      "p_std_weight": 26.2671744961662,
      "d_std_weight": 16.992445043227228,
      "p_total_weight": 7689.66,
      "d_total_weight": 5782.549999999999,
      "p_mean_taxability": 64.84384314285715,
      "d_mean_taxability": 51.58959963503649,
      "p_total_taxability": 15886.741570000002,
      "d_total_taxability": 14135.550299999999,
      "p_mean_volume": 0.1935681224489796,
      "d_mean_volume": 0.15492372262773724,
      "p_median_volume": 0.13139,
      "d_median_volume": 0.09639,
      "p_std_volume": 0.17318644793903204,
      "d_std_volume": 0.12048128734072398,
      "p_total_volume": 47.42419,
      "d_total_volume": 42.4491,
      "d_max_priority": 0,
      "used_volume": 0.5809367420437563,
      "used_weight": 0.34953,
      "unload_obs": 1,
      "hs_cond": 1,
      "p_cond": 1,
      "sub_cond": 1
    },
    {
      "iteration": 46,
      "time": "37.34247612953186",
      "n_placed": 243,
      "n_discard": 276,
      "p_mean_weight": 31.61432098765432,
      "d_mean_weight": 20.978007246376812,
      "p_median_weight": 21.1,
      "d_median_weight": 12.19,
      "p_std_weight": 26.237132175709142,
      "d_std_weight": 17.0180489645537,
      "p_total_weight": 7682.28,
      "d_total_weight": 5789.93,
      "p_mean_taxability": 65.77482139917696,
      "d_mean_taxability": 50.865979239130446,
      "p_total_taxability": 15983.281600000002,
      "d_total_taxability": 14039.010270000002,
      "p_mean_volume": 0.19635432098765432,
      "d_mean_volume": 0.1527506884057971,
      "p_median_volume": 0.13163,
      "d_median_volume": 0.090055,
      "p_std_volume": 0.1737197514303916,
      "d_std_volume": 0.11947585168817708,
      "p_total_volume": 47.7141,
      "d_total_volume": 42.15919,
      "d_max_priority": 0,
      "used_volume": 0.5844880809466644,
      "used_weight": 0.3491945454545454,
      "unload_obs": 1,
      "hs_cond": 1,
      "p_cond": 1,
      "sub_cond": 1
    },
    {
      "iteration": 121,
      "time": "31.763625860214233",
      "n_placed": 241,
      "n_discard": 278,
      "p_mean_weight": 31.698381742738587,
      "d_mean_weight": 20.98165467625899,
      "p_median_weight": 21.3,
      "d_median_weight": 12.19,
      "p_std_weight": 26.32713910815856,
      "d_std_weight": 16.96021539596219,
      "p_total_weight": 7639.3099999999995,
      "d_total_weight": 5832.9,
      "p_mean_taxability": 65.89632352697096,
      "d_mean_taxability": 50.867906115107914,
      "p_total_taxability": 15881.01397,
      "d_total_taxability": 14141.277900000001,
      "p_mean_volume": 0.19670950207468882,
      "d_mean_volume": 0.1527564748201439,
      "p_median_volume": 0.13154000000000002,
      "d_median_volume": 0.08687500000000001,
      "p_std_volume": 0.17443378201507978,
      "d_std_volume": 0.11899828654145662,
      "p_total_volume": 47.40699000000001,
      "d_total_volume": 42.466300000000004,
      "d_max_priority": 0,
      "used_volume": 0.580726045520249,
      "used_weight": 0.3472413636363636,
      "unload_obs": 1,
      "hs_cond": 1,
      "p_cond": 1,
      "sub_cond": 1
    }
  ],
  "taxability": [
    {
      "iteration": 46,
      "time": "37.34247612953186",
      "n_placed": 243,
      "n_discard": 276,
      "p_mean_weight": 31.61432098765432,
      "d_mean_weight": 20.978007246376812,
      "p_median_weight": 21.1,
      "d_median_weight": 12.19,
      "p_std_weight": 26.237132175709142,
      "d_std_weight": 17.0180489645537,
      "p_total_weight": 7682.28,
      "d_total_weight": 5789.93,
      "p_mean_taxability": 65.77482139917696,
      "d_mean_taxability": 50.865979239130446,
      "p_total_taxability": 15983.281600000002,
      "d_total_taxability": 14039.010270000002,
      "p_mean_volume": 0.19635432098765432,
      "d_mean_volume": 0.1527506884057971,
      "p_median_volume": 0.13163,
      "d_median_volume": 0.090055,
      "p_std_volume": 0.1737197514303916,
      "d_std_volume": 0.11947585168817708,
      "p_total_volume": 47.7141,
      "d_total_volume": 42.15919,
      "d_max_priority": 0,
      "used_volume": 0.5844880809466644,
      "used_weight": 0.3491945454545454,
      "unload_obs": 1,
      "hs_cond": 1,
      "p_cond": 1,
      "sub_cond": 1
    },
    {
      "iteration": 140,
      "time": "35.13190031051636",
      "n_placed": 251,
      "n_discard": 268,