{
  "volume": [
    {
      "iteration": 73,
      "time": "136.32623505592346",
      "n_placed": 292,
      "n_discard": 159,
      "p_mean_weight": 34.33075342465754,
      "d_mean_weight": 26.334025157232702,
      "p_median_weight": 25.21,
      "d_median_weight": 20.0,
      "p_std_weight": 27.519632019876983,
      "d_std_weight": 18.605050699841343,
      "p_total_weight": 10024.58,
      "d_total_weight": 4187.11,
      "p_mean_taxability": 73.80678582191781,
      "d_mean_taxability": 66.04401566037737,
      "p_total_taxability": 21551.58146,
      "d_total_taxability": 10500.998490000002,
      "p_mean_volume": 0.22020773972602736,
      "d_mean_volume": 0.1983303773584906,
      "p_median_volume": 0.18,
      "d_median_volume": 0.18,
      "p_std_volume": 0.19915634231310184,
      "d_std_volume": 0.13151487701323403,
      "p_total_volume": 64.30066,
      "d_total_volume": 31.534530000000004,
      "d_max_priority": 1,
      "used_volume": 0.7876700884435406,
      "used_weight": 0.4556627272727273,
      "unload_obs": 1,
      "hs_cond": 1,
      "p_cond": 0,
      "sub_cond": 0
    },
    {
      "iteration": 81,
      "time": "82.77590870857239",
      "n_placed": 315,
      "n_discard": 136,
      "p_mean_weight": 31.80784126984127,
      "d_mean_weight": 30.825147058823525,
      "p_median_weight": 20.7,
      "d_median_weight": 32.0,
      "p_std_weight": 27.205532790837292,
      "d_std_weight": 19.082957103920382,
      "p_total_weight": 10019.47,
      "d_total_weight": 4192.219999999999,
      "p_mean_taxability": 68.14168834920636,
      "d_mean_taxability": 77.85255970588236,
      "p_total_taxability": 21464.631830000002,
      "d_total_taxability": 10587.948120000001,
      "p_mean_volume": 0.20330015873015875,
      "d_mean_volume": 0.23379147058823532,
      "p_median_volume": 0.14283,
      "d_median_volume": 0.25574,
      "p_std_volume": 0.1940317840459094,
      "d_std_volume": 0.1337266585380315,
      "p_total_volume": 64.03955,
      "d_total_volume": 31.795640000000002,
      "d_max_priority": 1,
      "used_volume": 0.7844715437195287,
      "used_weight": 0.4554304545454545,
      "unload_obs": 0,
      "hs_cond": 1,
      "p_cond": 0,
      "sub_cond": 0
    },
    {
      "iteration": 119,
      "time": "122.41063261032104",
      "n_placed": 309,
      "n_discard": 142,
      "p_mean_weight": 32.21488673139159,
      "d_mean_weight": 29.980915492957738,
      "p_median_weight": 21.65,
      "d_median_weight": 28.55,
      "p_std_weight": 27.30103615374877,
      "d_std_weight": 19.130982183300794,
      "p_total_weight": 9954.4,
      "d_total_weight": 4257.289999999999,
      "p_mean_taxability": 69.29981511326862,
      "d_mean_taxability": 74.92209211267608,
      "p_total_taxability": 21413.642870000003,
      "d_total_taxability": 10638.937080000003,
      "p_mean_volume": 0.2067522006472492,
      "d_mean_volume": 0.22499126760563382,
      "p_median_volume": 0.15216000000000002,
      "d_median_volume": 0.25225000000000003,
      "p_std_volume": 0.1959561017440535,
      "d_std_volume": 0.13221723042431657,
      "p_total_volume": 63.886430000000004,
      "d_total_volume": 31.94876,
      "d_max_priority": 1,
      "used_volume": 0.782595854668398,
      "used_weight": 0.45247272727272725,
      "unload_obs": 0,
      "hs_cond": 1,
      "p_cond": 0,
      "sub_cond": 0
    }
  ],
  "weight": [
    {
      "iteration": 73,
      "time": "136.32623505592346",
      "n_placed": 292,
      "n_discard": 159,
      "p_mean_weight": 34.33075342465754,
      "d_mean_weight": 26.334025157232702,
      "p_median_weight": 25.21,
      "d_median_weight": 20.0,
      "p_std_weight": 27.519632019876983,
      "d_std_weight": 18.605050699841343,
      "p_total_weight": 10024.58,
      "d_total_weight": 4187.11,
      "p_mean_taxability": 73.80678582191781,
      "d_mean_taxability": 66.04401566037737,
      "p_total_taxability": 21551.58146,
      "d_total_taxability": 10500.998490000002,
      "p_mean_volume": 0.22020773972602736,
      "d_mean_volume": 0.1983303773584906,
      "p_median_volume": 0.18,
      "d_median_volume": 0.18,
      "p_std_volume": 0.19915634231310184,
      "d_std_volume": 0.13151487701323403,
      "p_total_volume": 64.30066,
      "d_total_volume": 31.534530000000004,
      "d_max_priority": 1,
      "used_volume": 0.7876700884435406,
      "used_weight": 0.4556627272727273,
      "unload_obs": 1,
      "hs_cond": 1,
      "p_cond": 0,
      "sub_cond": 0
    },
    {
      "iteration": 81,
      "time": "82.77590870857239",
      "n_placed": 315,
      "n_discard": 136,
      "p_mean_weight": 31.80784126984127,
      "d_mean_weight": 30.825147058823525,
      "p_median_weight": 20.7,
      "d_median_weight": 32.0,
      "p_std_weight": 27.205532790837292,
      "d_std_weight": 19.082957103920382,
      "p_total_weight": 10019.47,
      "d_total_weight": 4192.219999999999,
      "p_mean_taxability": 68.14168834920636,
      "d_mean_taxability": 77.85255970588236,
      "p_total_taxability": 21464.631830000002,
      "d_total_taxability": 10587.948120000001,
      "p_mean_volume": 0.20330015873015875,
      "d_mean_volume": 0.23379147058823532,
      "p_median_volume": 0.14283,
      "d_median_volume": 0.25574,
      "p_std_volume": 0.1940317840459094,
      "d_std_volume": 0.1337266585380315,
      "p_total_volume": 64.03955,
      "d_total_volume": 31.795640000000002,
      "d_max_priority": 1,
      "used_volume": 0.7844715437195287,
      "used_weight": 0.4554304545454545,
      "unload_obs": 0,
      "hs_cond": 1,
      "p_cond": 0,
      "sub_cond": 0
    },
    {
      "iteration": 110,
      "time": "136.36775660514832",
      "n_placed": 312,
      "n_discard": 139,
      "p_mean_weight": 32.000801282051285,
      "d_mean_weight": 30.413237410071947,
      "p_median_weight": 20.7,
      "d_median_weight": 32.0,
      "p_std_weight": 27.246096785248408,
      "d_std_weight": 19.138012413868193,
      "p_total_weight": 9984.25,
      "d_total_weight": 4227.4400000000005,
      "p_mean_taxability": 68.38824612179488,
      "d_mean_taxability": 77.08954791366908,
      "p_total_taxability": 21337.132790000003,
      "d_total_taxability": 10715.447160000002,
      "p_mean_volume": 0.2040277884615385,
      "d_mean_volume": 0.23150014388489212,
      "p_median_volume": 0.14424,
      "d_median_volume": 0.25502,
      "p_std_volume": 0.1943913238785966,
      "d_std_volume": 0.1345801800769503,
      "p_total_volume": 63.656670000000005,
      "d_total_volume": 32.178520000000006,
      "d_max_priority": 1,
      "used_volume": 0.7797813411078718,
      "used_weight": 0.45382954545454546,
      "unload_obs": 2,
      "hs_cond": 1,
      "p_cond": 0,
      "sub_cond": 0
    }
  ],
  "taxability": [
    {
      "iteration": 73,
      "time": "136.32623505592346",
      "n_placed": 292,
      "n_discard": 159,
      "p_mean_weight": 34.33075342465754,
      "d_mean_weight": 26.334025157232702,
      "p_median_weight": 25.21,
      "d_median_weight": 20.0,
      "p_std_weight": 27.519632019876983,
      "d_std_weight": 18.605050699841343,
      "p_total_weight": 10024.58,
      "d_total_weight": 4187.11,
      "p_mean_taxability": 73.80678582191781,
      "d_mean_taxability": 66.04401566037737,
      "p_total_taxability": 21551.58146,
      "d_total_taxability": 10500.998490000002,
      "p_mean_volume": 0.22020773972602736,
      "d_mean_volume": 0.1983303773584906,
      "p_median_volume": 0.18,
      "d_median_volume": 0.18,
      "p_std_volume": 0.19915634231310184,
      "d_std_volume": 0.13151487701323403,
      "p_total_volume": 64.30066,
      "d_total_volume": 31.534530000000004,
      "d_max_priority": 1,
      "used_volume": 0.7876700884435406,
      "used_weight": 0.4556627272727273,
      "unload_obs": 1,
      "hs_cond": 1,
      "p_cond": 0,
      "sub_cond": 0
    },
    {
      "iteration": 81,
      "time": "82.77590870857239",
      "n_placed": 315,