{
  "volume": [
    {
      "iteration": 62,
      "time": "30.660929441452026",
      "n_placed": 213,
      "n_discard": 99,
      "p_mean_weight": 46.042769953051646,
      "d_mean_weight": 41.9989898989899,
      "p_median_weight": 40.5,
      "d_median_weight": 42.0,
      "p_std_weight": 27.32427465122719,
      "d_std_weight": 15.474605233496264,
      "p_total_weight": 9807.11,
      "d_total_weight": 4157.9,
      "p_mean_taxability": 100.73540206572771,
      "d_mean_taxability": 103.95156727272729,
      "p_total_taxability": 21456.64064,
      "d_total_taxability": 10291.205160000001,
      "p_mean_volume": 0.3019936150234742,
      "d_mean_volume": 0.3121668686868687,
      "p_median_volume": 0.27768000000000004,
      "d_median_volume": 0.31078,
      "p_std_volume": 0.2111083373767677,
      "d_std_volume": 0.09191133345592288,
      "p_total_volume": 64.32464,
      "d_total_volume": 30.904520000000005,
      "d_max_priority": 0,
      "used_volume": 0.7879638385966632,
      "used_weight": 0.4457777272727273,
      "unload_obs": 1,
      "hs_cond": 1,
      "p_cond": 1,
      "sub_cond": 1
    },
    {
      "iteration": 98,
      "time": "31.267848014831543",
      "n_placed": 214,
      "n_discard": 98,
      "p_mean_weight": 45.64570093457944,
      "d_mean_weight": 42.82479591836736,
      "p_median_weight": 39.35,
      "d_median_weight": 42.05,
      "p_std_weight": 27.765657888065398,
      "d_std_weight": 13.664551492225954,
      "p_total_weight": 9768.18,
      "d_total_weight": 4196.830000000001,
      "p_mean_taxability": 100.15330761682243,
      "d_mean_taxability": 105.25548948979593,
      "p_total_taxability": 21432.80783,
      "d_total_taxability": 10315.037970000001,
      "p_mean_volume": 0.30024799065420565,
      "d_mean_volume": 0.31608255102040816,
      "p_median_volume": 0.27768000000000004,
      "d_median_volume": 0.303665,
      "p_std_volume": 0.21299249299557343,
      "d_std_volume": 0.07886083095157988,
      "p_total_volume": 64.25307000000001,
      "d_total_volume": 30.976090000000003,
      "d_max_priority": 0,
      "used_volume": 0.7870871205625108,
      "used_weight": 0.44400818181818186,
      "unload_obs": 2,
      "hs_cond": 1,
      "p_cond": 1,
      "sub_cond": 1
    },
    {
      "iteration": 82,
      "time": "67.45447850227356",
      "n_placed": 213,
      "n_discard": 99,
      "p_mean_weight": 45.84338028169014,
      "d_mean_weight": 42.42797979797981,
      "p_median_weight": 39.7,
      "d_median_weight": 42.0,
      "p_std_weight": 27.694681200939737,
      "d_std_weight": 14.092904712091029,
      "p_total_weight": 9764.64,
      "d_total_weight": 4200.370000000001,
      "p_mean_taxability": 100.52825417840376,
      "d_mean_taxability": 104.39724909090909,
      "p_total_taxability": 21412.51814,
      "d_total_taxability": 10335.327659999999,
      "p_mean_volume": 0.30137154929577464,
      "d_mean_volume": 0.3135052525252526,
      "p_median_volume": 0.27768000000000004,
      "d_median_volume": 0.30208,
      "p_std_volume": 0.21293733431733683,
      "d_std_volume": 0.08209599144236562,
      "p_total_volume": 64.19214,
      "d_total_volume": 31.037020000000005,
      "d_max_priority": 0,
      "used_volume": 0.7863407403777837,
      "used_weight": 0.4438472727272727,
      "unload_obs": 1,
      "hs_cond": 1,
      "p_cond": 1,
      "sub_cond": 1
    }
  ],
  "weight": [
    {
      "iteration": 36,
      "time": "66.526686668396",
      "n_placed": 221,
      "n_discard": 91,
      "p_mean_weight": 44.656606334841634,
      "d_mean_weight": 45.00989010989011,
      "p_median_weight": 41.3,
      "d_median_weight": 42.0,
      "p_std_weight": 24.004050676609406,
      "d_std_weight": 24.963165018994843,
      "p_total_weight": 9869.11,
      "d_total_weight": 4095.9,
      "p_mean_taxability": 95.10257941176471,
      "d_mean_taxability": 117.91401923076923,
      "p_total_taxability": 21017.67005,
      "d_total_taxability": 10730.17575,
      "p_mean_volume": 0.2850968778280543,
      "d_mean_volume": 0.3540961538461539,
      "p_median_volume": 0.27768000000000004,
      "d_median_volume": 0.33434,
      "p_std_volume": 0.1601876790623722,
      "d_std_volume": 0.21936563980294144,
      "p_total_volume": 63.00641,
      "d_total_volume": 32.222750000000005,
      "d_max_priority": 0,
      "used_volume": 0.7718157875395056,
      "used_weight": 0.44859590909090913,
      "unload_obs": 2,
      "hs_cond": 1,
      "p_cond": 1,
      "sub_cond": 1
    },
    {
      "iteration": 62,
      "time": "30.660929441452026",
      "n_placed": 213,
      "n_discard": 99,
      "p_mean_weight": 46.042769953051646,
      "d_mean_weight": 41.9989898989899,
      "p_median_weight": 40.5,
      "d_median_weight": 42.0,
      "p_std_weight": 27.32427465122719,
      "d_std_weight": 15.474605233496264,
      "p_total_weight": 9807.11,
      "d_total_weight": 4157.9,
      "p_mean_taxability": 100.73540206572771,
      "d_mean_taxability": 103.95156727272729,
      "p_total_taxability": 21456.64064,
      "d_total_taxability": 10291.205160000001,
      "p_mean_volume": 0.3019936150234742,
      "d_mean_volume": 0.3121668686868687,
      "p_median_volume": 0.27768000000000004,
      "d_median_volume": 0.31078,
      "p_std_volume": 0.2111083373767677,
      "d_std_volume": 0.09191133345592288,
      "p_total_volume": 64.32464,
      "d_total_volume": 30.904520000000005,
      "d_max_priority": 0,
      "used_volume": 0.7879638385966632,
      "used_weight": 0.4457777272727273,
      "unload_obs": 1,
      "hs_cond": 1,
      "p_cond": 1,
      "sub_cond": 1
    },
    {
      "iteration": 141,
      "time": "48.674365758895874",
      "n_placed": 221,
      "n_discard": 91,
      "p_mean_weight": 44.30027149321267,
      "d_mean_weight": 45.875274725274714,
      "p_median_weight": 39.7,
      "d_median_weight": 43.0,
      "p_std_weight": 24.102860107889725,
      "d_std_weight": 24.695199818797864,
      "p_total_weight": 9790.36,
      "d_total_weight": 4174.649999999999,
      "p_mean_taxability": 94.76034280542986,
      "d_mean_taxability": 118.74516527472525,
      "p_total_taxability": 20942.03576,
      "d_total_taxability": 10805.810039999998,
      "p_mean_volume": 0.28406914027149327,
      "d_mean_volume": 0.356592087912088,
      "p_median_volume": 0.27768000000000004,
      "d_median_volume": 0.33434,
      "p_std_volume": 0.16068427682509254,
      "d_std_volume": 0.21765711734293605,
      "p_total_volume": 62.779280000000014,
      "d_total_volume": 32.44988000000001,
      "d_max_priority": 0,
      "used_volume": 0.7690334909473996,
      "used_weight": 0.44501636363636365,
      "unload_obs": 2,
      "hs_cond": 1,
      "p_cond": 1,
      "sub_cond": 1
    }
  ],
  "taxability": [
    {
      "iteration": 62,
      "time": "30.660929441452026",
      "n_placed": 213,
      "n_discard": 99,
      "p_mean_weight": 46.042769953051646,
      "d_mean_weight": 41.9989898989899,
      "p_median_weight": 40.5,
      "d_median_weight": 42.0,
      "p_std_weight": 27.32427465122719,
      "d_std_weight": 15.474605233496264,
      "p_total_weight": 9807.11,
      "d_total_weight": 4157.9,
      "p_mean_taxability": 100.73540206572771,
      "d_mean_taxability": 103.95156727272729,
      "p_total_taxability": 21456.64064,
      "d_total_taxability": 10291.205160000001,
      "p_mean_volume": 0.3019936150234742,
      "d_mean_volume": 0.3121668686868687,
      "p_median_volume": 0.27768000000000004,
      "d_median_volume": 0.31078,
      "p_std_volume": 0.2111083373767677,
      "d_std_volume": 0.09191133345592288,
      "p_total_volume": 64.32464,
      "d_total_volume": 30.904520000000005,
      "d_max_priority": 0,
      "used_volume": 0.7879638385966632,
      "used_weight": 0.4457777272727273,
      "unload_obs": 1,
      "hs_cond": 1,
      "p_cond": 1,
      "sub_cond": 1
    },
    {
      "iteration": 98,
      "time": "31.267848014831543",