{
  "volume": [
    {
      "iteration": 126,
      "time": "150.91424012184143",
      "n_placed": 332,
      "n_discard": 184,
      "p_mean_weight": 30.912650602409638,
      "d_mean_weight": 17.054945652173913,
      "p_median_weight": 20.439999999999998,
      "d_median_weight": 9.370000000000001,
      "p_std_weight": 23.963633277140985,
      "d_std_weight": 19.60302145767979,
      "p_total_weight": 10263.0,
      "d_total_weight": 3138.11,
      "p_mean_taxability": 66.65075403614458,
      "d_mean_taxability": 46.53589940217391,
      "p_total_taxability": 22128.05034,
      "d_total_taxability": 8562.60549,
      "p_mean_volume": 0.19961885542168675,
      "d_mean_volume": 0.1397474456521739,
      "p_median_volume": 0.14,
      "d_median_volume": 0.07597500000000001,
      "p_std_volume": 0.16660749641999473,
      "d_std_volume": 0.17605062482758427,
      "p_total_volume": 66.27346,
      "d_total_volume": 25.71353,
      "d_max_priority": 0,
      "used_volume": 0.81183648969792,
      "used_weight": 0.4665,
      "unload_obs": 0,
      "hs_cond": 1,
      "p_cond": 1,
      "sub_cond": 1
    },
    {
      "iteration": 113,
      "time": "306.09141659736633",
      "n_placed": 334,
      "n_discard": 182,
      "p_mean_weight": 30.734371257485027,
      "d_mean_weight": 17.229835164835166,
      "p_median_weight": 20.439999999999998,
      "d_median_weight": 9.32,
      "p_std_weight": 23.8841542089346,
      "d_std_weight": 19.901813945347314,
      "p_total_weight": 10265.279999999999,
      "d_total_weight": 3135.83,
      "p_mean_taxability": 66.2186069461078,
      "d_mean_taxability": 47.10791818681319,
      "p_total_taxability": 22117.014720000003,
      "d_total_taxability": 8573.64111,
      "p_mean_volume": 0.1983243113772455,
      "d_mean_volume": 0.14146521978021978,
      "p_median_volume": 0.139895,
      "d_median_volume": 0.07648,
      "p_std_volume": 0.16596355805530694,
      "d_std_volume": 0.17794367615216936,
      "p_total_volume": 66.24032,
      "d_total_volume": 25.746669999999998,
      "d_max_priority": 0,
      "used_volume": 0.8114305313962319,
      "used_weight": 0.46660363636363633,
      "unload_obs": 0,
      "hs_cond": 1,
      "p_cond": 1,
      "sub_cond": 1
    },
    {
      "iteration": 12,
      "time": "299.13784766197205",
      "n_placed": 335,
      "n_discard": 181,
      "p_mean_weight": 30.651462686567164,
      "d_mean_weight": 17.30867403314917,
      "p_median_weight": 20.18,
      "d_median_weight": 9.34,
      "p_std_weight": 23.895873054813194,
      "d_std_weight": 19.930123666027647,
      "p_total_weight": 10268.24,
      "d_total_weight": 3132.87,
      "p_mean_taxability": 66.02007465671642,
      "d_mean_taxability": 47.36978353591161,
      "p_total_taxability": 22116.725010000002,
      "d_total_taxability": 8573.930820000001,
      "p_mean_volume": 0.19772970149253732,
      "d_mean_volume": 0.14225160220994476,
      "p_median_volume": 0.13979,
      "d_median_volume": 0.07662000000000001,
      "p_std_volume": 0.1659976391521947,
      "d_std_volume": 0.17824828706104429,
      "p_total_volume": 66.23945,
      "d_total_volume": 25.74754,
      "d_max_priority": 0,
      "used_volume": 0.8114198740720778,
      "used_weight": 0.46673818181818183,
      "unload_obs": 0,
      "hs_cond": 1,
      "p_cond": 1,
      "sub_cond": 1
    }
  ],
  "weight": [
    {
      "iteration": 10,
      "time": "306.8681607246399",
      "n_placed": 336,
      "n_discard": 180,
      "p_mean_weight": 30.563333333333336,
      "d_mean_weight": 17.399055555555556,
      "p_median_weight": 20.14,
      "d_median_weight": 9.370000000000001,
      "p_std_weight": 23.912918900633162,
      "d_std_weight": 19.95271507258714,
      "p_total_weight": 10269.28,
      "d_total_weight": 3131.83,
      "p_mean_taxability": 65.80267473214286,
      "d_mean_taxability": 47.671984,
      "p_total_taxability": 22109.69871,
      "d_total_taxability": 8580.957120000001,
      "p_mean_volume": 0.19707842261904762,
      "d_mean_volume": 0.1431591111111111,
      "p_median_volume": 0.135665,
      "d_median_volume": 0.07662000000000001,
      "p_std_volume": 0.16612189386617152,
      "d_std_volume": 0.1784253511226132,
      "p_total_volume": 66.21835,
      "d_total_volume": 25.768639999999998,
      "d_max_priority": 0,
      "used_volume": 0.8111614033368449,
      "used_weight": 0.46678545454545456,
      "unload_obs": 0,
      "hs_cond": 1,
      "p_cond": 1,
      "sub_cond": 1
    },
    {
      "iteration": 12,
      "time": "299.13784766197205",
      "n_placed": 335,
      "n_discard": 181,
      "p_mean_weight": 30.651462686567164,
      "d_mean_weight": 17.30867403314917,
      "p_median_weight": 20.18,
      "d_median_weight": 9.34,
      "p_std_weight": 23.895873054813194,
      "d_std_weight": 19.930123666027647,
      "p_total_weight": 10268.24,
      "d_total_weight": 3132.87,
      "p_mean_taxability": 66.02007465671642,
      "d_mean_taxability": 47.36978353591161,
      "p_total_taxability": 22116.725010000002,
      "d_total_taxability": 8573.930820000001,
      "p_mean_volume": 0.19772970149253732,
      "d_mean_volume": 0.14225160220994476,
      "p_median_volume": 0.13979,
      "d_median_volume": 0.07662000000000001,
      "p_std_volume": 0.1659976391521947,
      "d_std_volume": 0.17824828706104429,
      "p_total_volume": 66.23945,
      "d_total_volume": 25.74754,
      "d_max_priority": 0,
      "used_volume": 0.8114198740720778,
      "used_weight": 0.46673818181818183,
      "unload_obs": 0,
      "hs_cond": 1,
      "p_cond": 1,
      "sub_cond": 1
    },
    {
      "iteration": 113,
      "time": "306.09141659736633",
      "n_placed": 334,
      "n_discard": 182,
      "p_mean_weight": 30.734371257485027,
      "d_mean_weight": 17.229835164835166,
      "p_median_weight": 20.439999999999998,
      "d_median_weight": 9.32,
      "p_std_weight": 23.8841542089346,
      "d_std_weight": 19.901813945347314,
      "p_total_weight": 10265.279999999999,
      "d_total_weight": 3135.83,
      "p_mean_taxability": 66.2186069461078,
      "d_mean_taxability": 47.10791818681319,
      "p_total_taxability": 22117.014720000003,
      "d_total_taxability": 8573.64111,
      "p_mean_volume": 0.1983243113772455,
      "d_mean_volume": 0.14146521978021978,
      "p_median_volume": 0.139895,
      "d_median_volume": 0.07648,
      "p_std_volume": 0.16596355805530694,
      "d_std_volume": 0.17794367615216936,
      "p_total_volume": 66.24032,
      "d_total_volume": 25.746669999999998,
      "d_max_priority": 0,
      "used_volume": 0.8114305313962319,
      "used_weight": 0.46660363636363633,
      "unload_obs": 0,
      "hs_cond": 1,
      "p_cond": 1,
      "sub_cond": 1
    }
  ],
  "taxability": [
    {
      "iteration": 126,
      "time": "150.91424012184143",
      "n_placed": 332,
      "n_discard": 184,
      "p_mean_weight": 30.912650602409638,
      "d_mean_weight": 17.054945652173913,
      "p_median_weight": 20.439999999999998,
      "d_median_weight": 9.370000000000001,
      "p_std_weight": 23.963633277140985,
      "d_std_weight": 19.60302145767979,
      "p_total_weight": 10263.0,
      "d_total_weight": 3138.11,
      "p_mean_taxability": 66.65075403614458,
      "d_mean_taxability": 46.53589940217391,
      "p_total_taxability": 22128.05034,
      "d_total_taxability": 8562.60549,
      "p_mean_volume": 0.19961885542168675,
      "d_mean_volume": 0.1397474456521739,
      "p_median_volume": 0.14,
      "d_median_volume": 0.07597500000000001,
      "p_std_volume": 0.16660749641999473,
      "d_std_volume": 0.17605062482758427,
      "p_total_volume": 66.27346,
      "d_total_volume": 25.71353,
      "d_max_priority": 0,
      "used_volume": 0.81183648969792,
      "used_weight": 0.4665,
      "unload_obs": 0,
      "hs_cond": 1,
      "p_cond": 1,
      "sub_cond": 1
    },
    {
      "iteration": 113,
      "time": "306.09141659736633",
      "n_placed": 334,