{
  "volume": [
    {
      "iteration": 75,
      "time": "26.97908902168274",
      "n_placed": 214,
      "n_discard": 98,
      "p_mean_weight": 40.35733644859813,
      "d_mean_weight": 50.094183673469395,
      "p_median_weight": 35.25,
      "d_median_weight": 43.75,
      "p_std_weight": 23.604911956180665,
      "d_std_weight": 25.040042691388024,
      "p_total_weight": 8636.470000000001,
      "d_total_weight": 4909.2300000000005,
      "p_mean_taxability": 88.26677897196262,
      "d_mean_taxability": 123.88836857142856,
      "p_total_taxability": 18889.0907,
      "d_total_taxability": 12141.060119999998,
      "p_mean_volume": 0.2649460747663552,
      "d_mean_volume": 0.37203714285714296,
      "p_median_volume": 0.25574,
      "d_median_volume": 0.33434,
      "p_std_volume": 0.15968575904506077,
      "d_std_volume": 0.21441072349221157,
      "p_total_volume": 56.698460000000004,
      "d_total_volume": 36.45964000000001,
      "d_max_priority": 0,
      "used_volume": 0.6945446750128623,
      "used_weight": 0.3925668181818182,
      "unload_obs": 0,
      "hs_cond": 1,
      "p_cond": 1,
      "sub_cond": 1
    },
    {
      "iteration": 119,
      "time": "29.054680824279785",
      "n_placed": 213,
      "n_discard": 99,
      "p_mean_weight": 40.481502347417845,
      "d_mean_weight": 49.72868686868687,
      "p_median_weight": 35.5,
      "d_median_weight": 43.5,
      "p_std_weight": 23.590599994694166,
      "d_std_weight": 25.175521908396096,
      "p_total_weight": 8622.560000000001,
      "d_total_weight": 4923.14,
      "p_mean_taxability": 88.46189727699532,
      "d_mean_taxability": 123.10875454545454,
      "p_total_taxability": 18842.384120000002,
      "d_total_taxability": 12187.7667,
      "p_mean_volume": 0.2655314553990611,
      "d_mean_volume": 0.36969595959595963,
      "p_median_volume": 0.25646,
      "d_median_volume": 0.33434,
      "p_std_volume": 0.15977919711998115,
      "d_std_volume": 0.21466655838204096,
      "p_total_volume": 56.55820000000001,
      "d_total_volume": 36.599900000000005,
      "d_max_priority": 0,
      "used_volume": 0.6928265183624471,
      "used_weight": 0.39193454545454554,
      "unload_obs": 0,
      "hs_cond": 1,
      "p_cond": 1,
      "sub_cond": 1
    },
    {
      "iteration": 59,
      "time": "30.32940673828125",
      "n_placed": 212,
      "n_discard": 100,
      "p_mean_weight": 39.981981132075475,
      "d_mean_weight": 50.69520000000001,
      "p_median_weight": 35.900000000000006,
      "d_median_weight": 45.0,
      "p_std_weight": 23.41868929677298,
      "d_std_weight": 25.09687080498324,
      "p_total_weight": 8476.18,
      "d_total_weight": 5069.52,
      "p_mean_taxability": 88.17895933962265,
      "d_mean_taxability": 123.36211440000001,
      "p_total_taxability": 18693.939380000003,
      "d_total_taxability": 12336.211440000001,
      "p_mean_volume": 0.26468122641509434,
      "d_mean_volume": 0.37045680000000003,
      "p_median_volume": 0.25502,
      "d_median_volume": 0.33434,
      "p_std_volume": 0.1608566848326821,
      "d_std_volume": 0.21181587732898227,
      "p_total_volume": 56.11242,
      "d_total_volume": 37.045680000000004,
      "d_max_priority": 0,
      "used_volume": 0.6873658034642428,
      "used_weight": 0.3852809090909091,
      "unload_obs": 0,
      "hs_cond": 1,
      "p_cond": 1,
      "sub_cond": 1
    }
  ],
  "weight": [
    {
      "iteration": 75,
      "time": "26.97908902168274",
      "n_placed": 214,
      "n_discard": 98,
      "p_mean_weight": 40.35733644859813,
      "d_mean_weight": 50.094183673469395,
      "p_median_weight": 35.25,
      "d_median_weight": 43.75,
      "p_std_weight": 23.604911956180665,
      "d_std_weight": 25.040042691388024,
      "p_total_weight": 8636.470000000001,
      "d_total_weight": 4909.2300000000005,
      "p_mean_taxability": 88.26677897196262,
      "d_mean_taxability": 123.88836857142856,
      "p_total_taxability": 18889.0907,
      "d_total_taxability": 12141.060119999998,
      "p_mean_volume": 0.2649460747663552,
      "d_mean_volume": 0.37203714285714296,
      "p_median_volume": 0.25574,
      "d_median_volume": 0.33434,
      "p_std_volume": 0.15968575904506077,
      "d_std_volume": 0.21441072349221157,
      "p_total_volume": 56.698460000000004,
      "d_total_volume": 36.45964000000001,
      "d_max_priority": 0,
      "used_volume": 0.6945446750128623,
      "used_weight": 0.3925668181818182,
      "unload_obs": 0,
      "hs_cond": 1,
      "p_cond": 1,
      "sub_cond": 1
    },
    {
      "iteration": 119,
      "time": "29.054680824279785",
      "n_placed": 213,
      "n_discard": 99,
      "p_mean_weight": 40.481502347417845,
      "d_mean_weight": 49.72868686868687,
      "p_median_weight": 35.5,
      "d_median_weight": 43.5,
      "p_std_weight": 23.590599994694166,
      "d_std_weight": 25.175521908396096,
      "p_total_weight": 8622.560000000001,
      "d_total_weight": 4923.14,
      "p_mean_taxability": 88.46189727699532,
      "d_mean_taxability": 123.10875454545454,
      "p_total_taxability": 18842.384120000002,
      "d_total_taxability": 12187.7667,
      "p_mean_volume": 0.2655314553990611,
      "d_mean_volume": 0.36969595959595963,
      "p_median_volume": 0.25646,
      "d_median_volume": 0.33434,
      "p_std_volume": 0.15977919711998115,
      "d_std_volume": 0.21466655838204096,
      "p_total_volume": 56.55820000000001,
      "d_total_volume": 36.599900000000005,
      "d_max_priority": 0,
      "used_volume": 0.6928265183624471,
      "used_weight": 0.39193454545454554,
      "unload_obs": 0,
      "hs_cond": 1,
      "p_cond": 1,
      "sub_cond": 1
    },
    {
      "iteration": 59,
      "time": "30.32940673828125",
      "n_placed": 212,
      "n_discard": 100,
      "p_mean_weight": 39.981981132075475,
      "d_mean_weight": 50.69520000000001,
      "p_median_weight": 35.900000000000006,
      "d_median_weight": 45.0,
      "p_std_weight": 23.41868929677298,
      "d_std_weight": 25.09687080498324,
      "p_total_weight": 8476.18,
      "d_total_weight": 5069.52,
      "p_mean_taxability": 88.17895933962265,
      "d_mean_taxability": 123.36211440000001,
      "p_total_taxability": 18693.939380000003,
      "d_total_taxability": 12336.211440000001,
      "p_mean_volume": 0.26468122641509434,
      "d_mean_volume": 0.37045680000000003,
      "p_median_volume": 0.25502,
      "d_median_volume": 0.33434,
      "p_std_volume": 0.1608566848326821,
      "d_std_volume": 0.21181587732898227,
      "p_total_volume": 56.11242,
      "d_total_volume": 37.045680000000004,
      "d_max_priority": 0,
      "used_volume": 0.6873658034642428,
      "used_weight": 0.3852809090909091,
      "unload_obs": 0,
      "hs_cond": 1,
      "p_cond": 1,
      "sub_cond": 1
    }
  ],
  "taxability": [
    {
      "iteration": 75,
      "time": "26.97908902168274",
      "n_placed": 214,
      "n_discard": 98,
      "p_mean_weight": 40.35733644859813,
      "d_mean_weight": 50.094183673469395,
      "p_median_weight": 35.25,
      "d_median_weight": 43.75,
      "p_std_weight": 23.604911956180665,
      "d_std_weight": 25.040042691388024,
      "p_total_weight": 8636.470000000001,
      "d_total_weight": 4909.2300000000005,
      "p_mean_taxability": 88.26677897196262,
      "d_mean_taxability": 123.88836857142856,
      "p_total_taxability": 18889.0907,
      "d_total_taxability": 12141.060119999998,
      "p_mean_volume": 0.2649460747663552,
      "d_mean_volume": 0.37203714285714296,
      "p_median_volume": 0.25574,
      "d_median_volume": 0.33434,
      "p_std_volume": 0.15968575904506077,
      "d_std_volume": 0.21441072349221157,
      "p_total_volume": 56.698460000000004,
      "d_total_volume": 36.45964000000001,
      "d_max_priority": 0,
      "used_volume": 0.6945446750128623,
      "used_weight": 0.3925668181818182,
      "unload_obs": 0,
      "hs_cond": 1,
      "p_cond": 1,