{
  "volume": [
    {
      "iteration": 70,
      "time": "500.45410084724426",
      "n_placed": 436,
      "n_discard": 218,
      "p_mean_weight": 23.295366972477066,
      "d_mean_weight": 13.76866972477064,
      "p_median_weight": 16.0,
      "d_median_weight": 9.64,
      "p_std_weight": 20.695232692261776,
      "d_std_weight": 11.65181663695009,
      "p_total_weight": 10156.78,
      "d_total_weight": 3001.5699999999997,
      "p_mean_taxability": 49.41987745412845,
      "d_mean_taxability": 36.37342197247707,
      "p_total_taxability": 21547.066570000003,
      "d_total_taxability": 7929.405990000001,
      "p_mean_volume": 0.14753087155963301,
      "d_mean_volume": 0.10922949541284403,
      "p_median_volume": 0.08114,
      "d_median_volume": 0.07270000000000001,
      "p_std_volume": 0.13960611342926516,
      "d_std_volume": 0.09226075072156822,
      "p_total_volume": 64.32346,
      "d_total_volume": 23.81203,
      "d_max_priority": 1,
      "used_volume": 0.7879493838351667,
      "used_weight": 0.46167181818181824,
      "unload_obs": 0,
      "hs_cond": 1,
      "p_cond": 0,
      "sub_cond": 0
    },
    {
      "iteration": 24,
      "time": "505.35831212997437",
      "n_placed": 439,
      "n_discard": 215,
      "p_mean_weight": 23.0601138952164,
      "d_mean_weight": 14.116093023255814,
      "p_median_weight": 16.08,
      "d_median_weight": 9.4,
      "p_std_weight": 20.46060062268162,
      "d_std_weight": 12.614127060032072,
      "p_total_weight": 10123.39,
      "d_total_weight": 3034.96,
      "p_mean_taxability": 49.0134853758542,
      "d_mean_taxability": 37.0211743255814,
      "p_total_taxability": 21516.920079999996,
      "d_total_taxability": 7959.552480000001,
      "p_mean_volume": 0.1463164692482916,
      "d_mean_volume": 0.11117469767441861,
      "p_median_volume": 0.08114,
      "d_median_volume": 0.07223,
      "p_std_volume": 0.13835932859971783,
      "d_std_volume": 0.0960776499814581,
      "p_total_volume": 64.23293000000001,
      "d_total_volume": 23.90256,
      "d_max_priority": 1,
      "used_volume": 0.7868404096332412,
      "used_weight": 0.4601540909090909,
      "unload_obs": 0,
      "hs_cond": 1,
      "p_cond": 0,
      "sub_cond": 0
    },
    {
      "iteration": 171,
      "time": "391.9183449745178",
      "n_placed": 431,
      "n_discard": 223,
      "p_mean_weight": 23.242250580046402,
      "d_mean_weight": 14.084932735426007,
      "p_median_weight": 16.08,
      "d_median_weight": 9.49,
      "p_std_weight": 20.482021686468613,
      "d_std_weight": 12.777382497461916,
      "p_total_weight": 10017.41,
      "d_total_weight": 3140.9399999999996,
      "p_mean_taxability": 49.650165266821354,
      "d_mean_taxability": 36.22085798206278,
      "p_total_taxability": 21399.221230000003,
      "d_total_taxability": 8077.251330000001,
      "p_mean_volume": 0.14821225058004642,
      "d_mean_volume": 0.10877134529147982,
      "p_median_volume": 0.08249000000000001,
      "d_median_volume": 0.07099000000000001,
      "p_std_volume": 0.1391574145340694,
      "d_std_volume": 0.0945101149597945,
      "p_total_volume": 63.87948,
      "d_total_volume": 24.25601,
      "d_max_priority": 1,
      "used_volume": 0.7825107185731436,
      "used_weight": 0.45533681818181815,
      "unload_obs": 0,
      "hs_cond": 1,
      "p_cond": 0,
      "sub_cond": 0
    }
  ],
  "weight": [
    {
      "iteration": 70,
      "time": "500.45410084724426",
      "n_placed": 436,
      "n_discard": 218,
      "p_mean_weight": 23.295366972477066,
      "d_mean_weight": 13.76866972477064,
      "p_median_weight": 16.0,
      "d_median_weight": 9.64,
      "p_std_weight": 20.695232692261776,
      "d_std_weight": 11.65181663695009,
      "p_total_weight": 10156.78,
      "d_total_weight": 3001.5699999999997,
      "p_mean_taxability": 49.41987745412845,
      "d_mean_taxability": 36.37342197247707,
      "p_total_taxability": 21547.066570000003,
      "d_total_taxability": 7929.405990000001,
      "p_mean_volume": 0.14753087155963301,
      "d_mean_volume": 0.10922949541284403,
      "p_median_volume": 0.08114,
      "d_median_volume": 0.07270000000000001,
      "p_std_volume": 0.13960611342926516,
      "d_std_volume": 0.09226075072156822,
      "p_total_volume": 64.32346,
      "d_total_volume": 23.81203,
      "d_max_priority": 1,
      "used_volume": 0.7879493838351667,
      "used_weight": 0.46167181818181824,
      "unload_obs": 0,
      "hs_cond": 1,
      "p_cond": 0,
      "sub_cond": 0
    },
    {
      "iteration": 24,
      "time": "505.35831212997437",
      "n_placed": 439,
      "n_discard": 215,
      "p_mean_weight": 23.0601138952164,
      "d_mean_weight": 14.116093023255814,
      "p_median_weight": 16.08,
      "d_median_weight": 9.4,
      "p_std_weight": 20.46060062268162,
      "d_std_weight": 12.614127060032072,
      "p_total_weight": 10123.39,
      "d_total_weight": 3034.96,
      "p_mean_taxability": 49.0134853758542,
      "d_mean_taxability": 37.0211743255814,
      "p_total_taxability": 21516.920079999996,
      "d_total_taxability": 7959.552480000001,
      "p_mean_volume": 0.1463164692482916,
      "d_mean_volume": 0.11117469767441861,
      "p_median_volume": 0.08114,
      "d_median_volume": 0.07223,
      "p_std_volume": 0.13835932859971783,
      "d_std_volume": 0.0960776499814581,
      "p_total_volume": 64.23293000000001,
      "d_total_volume": 23.90256,
      "d_max_priority": 1,
      "used_volume": 0.7868404096332412,
      "used_weight": 0.4601540909090909,
      "unload_obs": 0,
      "hs_cond": 1,
      "p_cond": 0,
      "sub_cond": 0
    },
    {
      "iteration": 1,
      "time": "503.7685897350311",
      "n_placed": 435,
      "n_discard": 219,
      "p_mean_weight": 23.207195402298854,
      "d_mean_weight": 13.98730593607306,
      "p_median_weight": 16.0,
      "d_median_weight": 9.49,
      "p_std_weight": 20.57670332599169,
      "d_std_weight": 12.269910782016076,
      "p_total_weight": 10095.130000000001,
      "d_total_weight": 3063.2200000000003,
      "p_mean_taxability": 49.153912298850585,
      "d_mean_taxability": 36.96128178082192,
      "p_total_taxability": 21381.951850000005,
      "d_total_taxability": 8094.520710000001,
      "p_mean_volume": 0.14673016091954025,
      "d_mean_volume": 0.11099484018264841,
      "p_median_volume": 0.08114,
      "d_median_volume": 0.07267000000000001,
      "p_std_volume": 0.1389107801044855,
      "d_std_volume": 0.09525052084110548,
      "p_total_volume": 63.82762000000001,
      "d_total_volume": 24.30787,
      "d_max_priority": 1,
      "used_volume": 0.7818754440551732,
      "used_weight": 0.4588695454545455,
      "unload_obs": 0,
      "hs_cond": 1,
      "p_cond": 0,
      "sub_cond": 0
    }
  ],
  "taxability": [
    {
      "iteration": 70,
      "time": "500.45410084724426",
      "n_placed": 436,
      "n_discard": 218,
      "p_mean_weight": 23.295366972477066,
      "d_mean_weight": 13.76866972477064,
      "p_median_weight": 16.0,
      "d_median_weight": 9.64,
      "p_std_weight": 20.695232692261776,
      "d_std_weight": 11.65181663695009,
      "p_total_weight": 10156.78,
      "d_total_weight": 3001.5699999999997,
      "p_mean_taxability": 49.41987745412845,
      "d_mean_taxability": 36.37342197247707,
      "p_total_taxability": 21547.066570000003,
      "d_total_taxability": 7929.405990000001,
      "p_mean_volume": 0.14753087155963301,
      "d_mean_volume": 0.10922949541284403,
      "p_median_volume": 0.08114,
      "d_median_volume": 0.07270000000000001,
      "p_std_volume": 0.13960611342926516,
      "d_std_volume": 0.09226075072156822,
      "p_total_volume": 64.32346,
      "d_total_volume": 23.81203,
      "d_max_priority": 1,
      "used_volume": 0.7879493838351667,
      "used_weight": 0.46167181818181824,
      "unload_obs": 0,
      "hs_cond": 1,
      "p_cond": 0,
      "sub_cond": 0
    },
    {
      "iteration": 24,