{
  "volume": [
    {
      "iteration": 24,
      "time": "52.50588941574097",
      "n_placed": 213,
      "n_discard": 100,
      "p_mean_weight": 46.53690140845071,
      "d_mean_weight": 37.62630000000001,
      "p_median_weight": 45.0,
      "d_median_weight": 37.0,
      "p_std_weight": 23.469583261460972,
      "d_std_weight": 16.620349621029412,
      "p_total_weight": 9912.36,
      "d_total_weight": 3762.6300000000006,
      "p_mean_taxability": 99.0865830516432,
      "d_mean_taxability": 99.71035650000002,
      "p_total_taxability": 21105.44219,
      "d_total_taxability": 9971.035650000002,
      "p_mean_volume": 0.29704220657277,
      "d_mean_volume": 0.29943050000000004,
      "p_median_volume": 0.28655,
      "d_median_volume": 0.28831,
      "p_std_volume": 0.16793180171340938,
      "d_std_volume": 0.14096347069168114,
      "p_total_volume": 63.26999,
      "d_total_volume": 29.943050000000003,
      "d_max_priority": 0,
      "used_volume": 0.7750445892642771,
      "used_weight": 0.45056181818181823,
      "unload_obs": 3,
      "hs_cond": 1,
      "p_cond": 1,
      "sub_cond": 1
    },
    {
      "iteration": 9,
      "time": "51.062198877334595",
      "n_placed": 213,
      "n_discard": 100,
      "p_mean_weight": 46.679577464788736,
      "d_mean_weight": 37.32240000000001,
      "p_median_weight": 45.0,
      "d_median_weight": 37.55,
      "p_std_weight": 23.39780229378632,
      "d_std_weight": 16.668307744660435,
      "p_total_weight": 9942.75,
      "d_total_weight": 3732.2400000000007,
      "p_mean_taxability": 98.98457248826291,
      "d_mean_taxability": 99.92763900000001,
      "p_total_taxability": 21083.71394,
      "d_total_taxability": 9992.763900000002,
      "p_mean_volume": 0.296735868544601,
      "d_mean_volume": 0.30008300000000004,
      "p_median_volume": 0.28655,
      "d_median_volume": 0.291995,
      "p_std_volume": 0.16768498223398787,
      "d_std_volume": 0.14157792099095542,
      "p_total_volume": 63.20474000000001,
      "d_total_volume": 30.008300000000002,
      "d_max_priority": 0,
      "used_volume": 0.7742452899527159,
      "used_weight": 0.4519431818181818,
      "unload_obs": 3,
      "hs_cond": 1,
      "p_cond": 1,
      "sub_cond": 1
    },
    {
      "iteration": 165,
      "time": "35.544511556625366",
      "n_placed": 214,
      "n_discard": 99,
      "p_mean_weight": 46.19014018691588,
      "d_mean_weight": 38.28585858585859,
      "p_median_weight": 44.5,
      "d_median_weight": 38.0,
      "p_std_weight": 23.733255515228993,
      "d_std_weight": 16.073742246799053,
      "p_total_weight": 9884.689999999999,
      "d_total_weight": 3790.3,
      "p_mean_taxability": 98.51104186915887,
      "d_mean_taxability": 100.96075636363639,
      "p_total_taxability": 21081.36296,
      "d_total_taxability": 9995.114880000003,
      "p_mean_volume": 0.295316261682243,
      "d_mean_volume": 0.3031854545454546,
      "p_median_volume": 0.28616,
      "d_median_volume": 0.29931,
      "p_std_volume": 0.16839522783277258,
      "d_std_volume": 0.13931304340879894,
      "p_total_volume": 63.197680000000005,
      "d_total_volume": 30.015360000000005,
      "d_max_priority": 0,
      "used_volume": 0.7741588063796948,
      "used_weight": 0.44930409090909085,
      "unload_obs": 2,
      "hs_cond": 1,
      "p_cond": 1,
      "sub_cond": 1
    }
  ],
  "weight": [
    {
      "iteration": 9,
      "time": "51.062198877334595",
      "n_placed": 213,
      "n_discard": 100,
      "p_mean_weight": 46.679577464788736,
      "d_mean_weight": 37.32240000000001,
      "p_median_weight": 45.0,
      "d_median_weight": 37.55,
      "p_std_weight": 23.39780229378632,
      "d_std_weight": 16.668307744660435,
      "p_total_weight": 9942.75,
      "d_total_weight": 3732.2400000000007,
      "p_mean_taxability": 98.98457248826291,
      "d_mean_taxability": 99.92763900000001,
      "p_total_taxability": 21083.71394,
      "d_total_taxability": 9992.763900000002,
      "p_mean_volume": 0.296735868544601,
      "d_mean_volume": 0.30008300000000004,
      "p_median_volume": 0.28655,
      "d_median_volume": 0.291995,
      "p_std_volume": 0.16768498223398787,
      "d_std_volume": 0.14157792099095542,
      "p_total_volume": 63.20474000000001,
      "d_total_volume": 30.008300000000002,
      "d_max_priority": 0,
      "used_volume": 0.7742452899527159,
      "used_weight": 0.4519431818181818,
      "unload_obs": 3,
      "hs_cond": 1,
      "p_cond": 1,
      "sub_cond": 1
    },
    {
      "iteration": 24,
      "time": "52.50588941574097",
      "n_placed": 213,
      "n_discard": 100,
      "p_mean_weight": 46.53690140845071,
      "d_mean_weight": 37.62630000000001,
      "p_median_weight": 45.0,
      "d_median_weight": 37.0,
      "p_std_weight": 23.469583261460972,
      "d_std_weight": 16.620349621029412,
      "p_total_weight": 9912.36,
      "d_total_weight": 3762.6300000000006,
      "p_mean_taxability": 99.0865830516432,
      "d_mean_taxability": 99.71035650000002,
      "p_total_taxability": 21105.44219,
      "d_total_taxability": 9971.035650000002,
      "p_mean_volume": 0.29704220657277,
      "d_mean_volume": 0.29943050000000004,
      "p_median_volume": 0.28655,
      "d_median_volume": 0.28831,
      "p_std_volume": 0.16793180171340938,
      "d_std_volume": 0.14096347069168114,
      "p_total_volume": 63.26999,
      "d_total_volume": 29.943050000000003,
      "d_max_priority": 0,
      "used_volume": 0.7750445892642771,
      "used_weight": 0.45056181818181823,
      "unload_obs": 3,
      "hs_cond": 1,
      "p_cond": 1,
      "sub_cond": 1
    },
    {
      "iteration": 126,
      "time": "24.842265367507935",
      "n_placed": 212,
      "n_discard": 101,
      "p_mean_weight": 46.73764150943397,
      "d_mean_weight": 37.29316831683169,
      "p_median_weight": 45.0,
      "d_median_weight": 37.0,
      "p_std_weight": 23.523875118107078,
      "d_std_weight": 16.32822163805312,
      "p_total_weight": 9908.380000000001,
      "d_total_weight": 3766.6100000000006,
      "p_mean_taxability": 99.10492523584905,
      "d_mean_taxability": 99.66568009900993,
      "p_total_taxability": 21010.24415,
      "d_total_taxability": 10066.233690000003,
      "p_mean_volume": 0.29709485849056605,
      "d_mean_volume": 0.2992963366336634,
      "p_median_volume": 0.28727500000000006,
      "d_median_volume": 0.28737,
      "p_std_volume": 0.16858539632063782,
      "d_std_volume": 0.139608325079293,
      "p_total_volume": 62.98411000000001,
      "d_total_volume": 30.228930000000002,
      "d_max_priority": 0,
      "used_volume": 0.7715426170468188,
      "used_weight": 0.4503809090909091,
      "unload_obs": 2,
      "hs_cond": 1,
      "p_cond": 1,
      "sub_cond": 1
    }
  ],
  "taxability": [
    {
      "iteration": 24,
      "time": "52.50588941574097",
      "n_placed": 213,
      "n_discard": 100,
      "p_mean_weight": 46.53690140845071,
      "d_mean_weight": 37.62630000000001,
      "p_median_weight": 45.0,
      "d_median_weight": 37.0,
      "p_std_weight": 23.469583261460972,
      "d_std_weight": 16.620349621029412,
      "p_total_weight": 9912.36,
      "d_total_weight": 3762.6300000000006,
      "p_mean_taxability": 99.0865830516432,
      "d_mean_taxability": 99.71035650000002,
      "p_total_taxability": 21105.44219,
      "d_total_taxability": 9971.035650000002,
      "p_mean_volume": 0.29704220657277,
      "d_mean_volume": 0.29943050000000004,
      "p_median_volume": 0.28655,
      "d_median_volume": 0.28831,
      "p_std_volume": 0.16793180171340938,
      "d_std_volume": 0.14096347069168114,
      "p_total_volume": 63.26999,
      "d_total_volume": 29.943050000000003,
      "d_max_priority": 0,
      "used_volume": 0.7750445892642771,
      "used_weight": 0.45056181818181823,
      "unload_obs": 3,
      "hs_cond": 1,
      "p_cond": 1,
      "sub_cond": 1
    },
    {
      "iteration": 9,
      "time": "51.062198877334595",