{
  "volume": [
    {
      "iteration": 23,
      "time": "48.807738065719604",
      "n_placed": 239,
      "n_discard": 120,
      "p_mean_weight": 39.68154811715482,
      "d_mean_weight": 38.08325,
      "p_median_weight": 35.0,
      "d_median_weight": 37.05,
      "p_std_weight": 26.16315022978319,
      "d_std_weight": 19.07211520582785,
      "p_total_weight": 9483.890000000001,
      "d_total_weight": 4569.99,
      "p_mean_taxability": 84.41935769874478,
      "d_mean_taxability": 95.29918875,
      "p_total_taxability": 20176.22649,
      "d_total_taxability": 11435.90265,
      "p_mean_volume": 0.25221753138075315,
      "d_mean_volume": 0.28618375,
      "p_median_volume": 0.2535,
      "d_median_volume": 0.28403,
      "p_std_volume": 0.17556297971736998,
      "d_std_volume": 0.14729725085468753,
      "p_total_volume": 60.27999,
      "d_total_volume": 34.34205,
      "d_max_priority": 0,
      "used_volume": 0.7384176936080554,
      "used_weight": 0.43108590909090916,
      "unload_obs": 1,
      "hs_cond": 1,
      "p_cond": 1,
      "sub_cond": 1
    },
    {
      "iteration": 13,
      "time": "51.10691165924072",
      "n_placed": 237,
      "n_discard": 122,
      "p_mean_weight": 39.60206751054852,
      "d_mean_weight": 38.2638524590164,
      "p_median_weight": 34.8,
      "d_median_weight": 39.85,
      "p_std_weight": 26.06919751052726,
      "d_std_weight": 19.47083661336443,
      "p_total_weight": 9385.69,
      "d_total_weight": 4668.1900000000005,
      "p_mean_taxability": 84.89534139240507,
      "d_mean_taxability": 94.19617401639344,
      "p_total_taxability": 20120.195910000002,
      "d_total_taxability": 11491.93323,
      "p_mean_volume": 0.2536359915611815,
      "d_mean_volume": 0.28287139344262296,
      "p_median_volume": 0.2457,
      "d_median_volume": 0.28301000000000004,
      "p_std_volume": 0.17543094694779462,
      "d_std_volume": 0.14876327443410328,
      "p_total_volume": 60.11173000000001,
      "d_total_volume": 34.510310000000004,
      "d_max_priority": 0,
      "used_volume": 0.736356542617047,
      "used_weight": 0.42662227272727277,
      "unload_obs": 1,
      "hs_cond": 1,
      "p_cond": 1,
      "sub_cond": 1
    },
    {
      "iteration": 47,
      "time": "50.698503255844116",
      "n_placed": 240,
      "n_discard": 119,
      "p_mean_weight": 39.391333333333336,
      "d_mean_weight": 38.65512605042016,
      "p_median_weight": 34.9,
      "d_median_weight": 39.0,
      "p_std_weight": 26.05655493572682,
      "d_std_weight": 19.330431434221254,
      "p_total_weight": 9453.92,
      "d_total_weight": 4599.959999999999,
      "p_mean_taxability": 83.73187700000001,
      "d_mean_taxability": 96.77713159663868,
      "p_total_taxability": 20095.650480000004,
      "d_total_taxability": 11516.478660000002,
      "p_mean_volume": 0.25015841666666666,
      "d_mean_volume": 0.2906220168067228,
      "p_median_volume": 0.244455,
      "d_median_volume": 0.28655,
      "p_std_volume": 0.1742889443174469,
      "d_std_volume": 0.14899380042033505,
      "p_total_volume": 60.03802,
      "d_total_volume": 34.58402000000001,
      "d_max_priority": 0,
      "used_volume": 0.7354536100154347,
      "used_weight": 0.42972363636363636,
      "unload_obs": 1,
      "hs_cond": 1,
      "p_cond": 1,
      "sub_cond": 1
    }
  ],
  "weight": [
    {
      "iteration": 164,
      "time": "28.903656005859375",
      "n_placed": 242,
      "n_discard": 117,
      "p_mean_weight": 39.44078512396694,
      "d_mean_weight": 38.540256410256426,
      "p_median_weight": 35.0,
      "d_median_weight": 37.0,
      "p_std_weight": 24.885418979881752,
      "d_std_weight": 22.18493281259162,
      "p_total_weight": 9544.67,
      "d_total_weight": 4509.210000000002,
      "p_mean_taxability": 82.94209710743803,
      "d_mean_taxability": 98.63368923076925,
      "p_total_taxability": 20071.987500000003,
      "d_total_taxability": 11540.141640000002,
      "p_mean_volume": 0.24779735537190087,
      "d_mean_volume": 0.296197264957265,
      "p_median_volume": 0.24160500000000001,
      "d_median_volume": 0.28655,
      "p_std_volume": 0.1562253351966072,
      "d_std_volume": 0.1843694764485253,
      "p_total_volume": 59.96696000000001,
      "d_total_volume": 34.655080000000005,
      "d_max_priority": 0,
      "used_volume": 0.7345831393782003,
      "used_weight": 0.43384863636363635,
      "unload_obs": 2,
      "hs_cond": 1,
      "p_cond": 1,
      "sub_cond": 1
    },
    {
      "iteration": 25,
      "time": "52.02847766876221",
      "n_placed": 241,
      "n_discard": 118,
      "p_mean_weight": 39.56365145228216,
      "d_mean_weight": 38.29694915254238,
      "p_median_weight": 35.0,
      "d_median_weight": 37.045,
      "p_std_weight": 24.842899890002272,
      "d_std_weight": 22.29473543730929,
      "p_total_weight": 9534.84,
      "d_total_weight": 4519.040000000001,
      "p_mean_taxability": 83.26873468879668,
      "d_mean_taxability": 97.83359389830511,
      "p_total_taxability": 20067.76506,
      "d_total_taxability": 11544.364080000003,
      "p_mean_volume": 0.2487729460580913,
      "d_mean_volume": 0.29379457627118644,
      "p_median_volume": 0.2457,
      "d_median_volume": 0.28790000000000004,
      "p_std_volume": 0.15603463696682193,
      "d_std_volume": 0.18503806653704433,
      "p_total_volume": 59.954280000000004,
      "d_total_volume": 34.66776,
      "d_max_priority": 0,
      "used_volume": 0.7344278119411031,
      "used_weight": 0.43340181818181817,
      "unload_obs": 1,
      "hs_cond": 1,
      "p_cond": 1,
      "sub_cond": 1
    },
    {
      "iteration": 23,
      "time": "48.807738065719604",
      "n_placed": 239,
      "n_discard": 120,
      "p_mean_weight": 39.68154811715482,
      "d_mean_weight": 38.08325,
      "p_median_weight": 35.0,
      "d_median_weight": 37.05,
      "p_std_weight": 26.16315022978319,
      "d_std_weight": 19.07211520582785,
      "p_total_weight": 9483.890000000001,
      "d_total_weight": 4569.99,
      "p_mean_taxability": 84.41935769874478,
      "d_mean_taxability": 95.29918875,
      "p_total_taxability": 20176.22649,
      "d_total_taxability": 11435.90265,
      "p_mean_volume": 0.25221753138075315,
      "d_mean_volume": 0.28618375,
      "p_median_volume": 0.2535,
      "d_median_volume": 0.28403,
      "p_std_volume": 0.17556297971736998,
      "d_std_volume": 0.14729725085468753,
      "p_total_volume": 60.27999,
      "d_total_volume": 34.34205,
      "d_max_priority": 0,
      "used_volume": 0.7384176936080554,
      "used_weight": 0.43108590909090916,
      "unload_obs": 1,
      "hs_cond": 1,
      "p_cond": 1,
      "sub_cond": 1
    }
  ],
  "taxability": [
    {
      "iteration": 23,
      "time": "48.807738065719604",
      "n_placed": 239,
      "n_discard": 120,
      "p_mean_weight": 39.68154811715482,
      "d_mean_weight": 38.08325,
      "p_median_weight": 35.0,
      "d_median_weight": 37.05,
      "p_std_weight": 26.16315022978319,
      "d_std_weight": 19.07211520582785,
      "p_total_weight": 9483.890000000001,
      "d_total_weight": 4569.99,
      "p_mean_taxability": 84.41935769874478,
      "d_mean_taxability": 95.29918875,
      "p_total_taxability": 20176.22649,
      "d_total_taxability": 11435.90265,
      "p_mean_volume": 0.25221753138075315,
      "d_mean_volume": 0.28618375,
      "p_median_volume": 0.2535,
      "d_median_volume": 0.28403,
      "p_std_volume": 0.17556297971736998,
      "d_std_volume": 0.14729725085468753,
      "p_total_volume": 60.27999,
      "d_total_volume": 34.34205,
      "d_max_priority": 0,
      "used_volume": 0.7384176936080554,
      "used_weight": 0.43108590909090916,
      "unload_obs": 1,
      "hs_cond": 1,
      "p_cond": 1,
      "sub_cond": 1
    },
    {
      "iteration": 13,
      "time": "51.10691165924072",
      "n_placed": 237,
      "n_discard": 122,
      "p_mean_weight": 39.60206751054852,