{
  "volume": [
    {
      "iteration": 175,
      "time": "86.22916960716248",
      "n_placed": 320,
      "n_discard": 181,
      "p_mean_weight": 30.005343749999998,
      "d_mean_weight": 20.103977900552486,
      "p_median_weight": 20.0,
      "d_median_weight": 11.0,
      "p_std_weight": 24.187623947642372,
      "d_std_weight": 17.234840865060324,
      "p_total_weight": 9601.71,
      "d_total_weight": 3638.82,
      "p_mean_taxability": 64.39200962500001,
      "d_mean_taxability": 50.850111878453035,
      "p_total_taxability": 20605.443080000005,
      "d_total_taxability": 9203.87025,
      "p_mean_volume": 0.1923941875,
      "d_mean_volume": 0.15270303867403312,
      "p_median_volume": 0.12912500000000002,
      "d_median_volume": 0.0874,
      "p_std_volume": 0.16934225093116886,
      "d_std_volume": 0.1211016963691795,
      "p_total_volume": 61.566140000000004,
      "d_total_volume": 27.639249999999997,
      "d_max_priority": 0,
      "used_volume": 0.7541727711492761,
      "used_weight": 0.4364413636363636,
      "unload_obs": 1,
      "hs_cond": 1,
      "p_cond": 1,
      "sub_cond": 1
    },
    {
      "iteration": 168,
      "time": "85.64949035644531",
      "n_placed": 302,
      "n_discard": 199,
      "p_mean_weight": 31.708774834437083,
      "d_mean_weight": 18.414472361809043,
      "p_median_weight": 22.98,
      "d_median_weight": 11.0,
      "p_std_weight": 24.616127647427565,
      "d_std_weight": 15.543404837337397,
      "p_total_weight": 9576.05,
      "d_total_weight": 3664.4799999999996,
      "p_mean_taxability": 68.06505384105961,
      "d_mean_taxability": 46.50083954773869,
      "p_total_taxability": 20555.64626,
      "d_total_taxability": 9253.66707,
      "p_mean_volume": 0.20336622516556294,
      "d_mean_volume": 0.1396421608040201,
      "p_median_volume": 0.1521,
      "d_median_volume": 0.08719,
      "p_std_volume": 0.17284181344052987,
      "d_std_volume": 0.11215439451463197,
      "p_total_volume": 61.4166,
      "d_total_volume": 27.78879,
      "d_max_priority": 0,
      "used_volume": 0.7523409363745498,
      "used_weight": 0.43527499999999997,
      "unload_obs": 0,
      "hs_cond": 1,
      "p_cond": 1,
      "sub_cond": 1
    },
    {
      "iteration": 165,
      "time": "89.33212423324585",
      "n_placed": 326,
      "n_discard": 175,
      "p_mean_weight": 29.236871165644175,
      "d_mean_weight": 21.19605714285714,
      "p_median_weight": 18.0,
      "d_median_weight": 11.0,
      "p_std_weight": 24.150342301035753,
      "d_std_weight": 17.700276473493155,
      "p_total_weight": 9531.220000000001,
      "d_total_weight": 3709.3099999999995,
      "p_mean_taxability": 62.82090705521473,
      "d_mean_taxability": 53.31255788571429,
      "p_total_taxability": 20479.615700000002,
      "d_total_taxability": 9329.69763,
      "p_mean_volume": 0.18769411042944786,
      "d_mean_volume": 0.16009777142857146,
      "p_median_volume": 0.10945500000000001,
      "d_median_volume": 0.08996000000000001,
      "p_std_volume": 0.16790458743622616,
      "d_std_volume": 0.1250456165783699,
      "p_total_volume": 61.188280000000006,
      "d_total_volume": 28.017110000000002,
      "d_max_priority": 0,
      "used_volume": 0.7495440625229685,
      "used_weight": 0.4332372727272728,
      "unload_obs": 2,
      "hs_cond": 1,
      "p_cond": 1,
      "sub_cond": 1
    }
  ],
  "weight": [
    {
      "iteration": 95,
      "time": "170.76237034797668",
      "n_placed": 328,
      "n_discard": 173,
      "p_mean_weight": 29.349146341463417,
      "d_mean_weight": 20.890231213872827,
      "p_median_weight": 17.2,
      "d_median_weight": 12.0,
      "p_std_weight": 24.523227693693688,
      "d_std_weight": 16.472474255125253,
      "p_total_weight": 9626.52,
      "d_total_weight": 3614.0099999999993,
      "p_mean_taxability": 62.40041054878049,
      "d_mean_taxability": 53.99987670520231,
      "p_total_taxability": 20467.33466,
      "d_total_taxability": 9341.97867,
      "p_mean_volume": 0.18643719512195125,
      "d_mean_volume": 0.16216179190751445,
      "p_median_volume": 0.10599000000000001,
      "d_median_volume": 0.10599000000000001,
      "p_std_volume": 0.16949949724352847,
      "d_std_volume": 0.12076207739072681,
      "p_total_volume": 61.15140000000001,
      "d_total_volume": 28.05399,
      "d_max_priority": 0,
      "used_volume": 0.7490922899772154,
      "used_weight": 0.4375690909090909,
      "unload_obs": 2,
      "hs_cond": 1,
      "p_cond": 1,
      "sub_cond": 1
    },
    {
      "iteration": 175,
      "time": "86.22916960716248",
      "n_placed": 320,
      "n_discard": 181,
      "p_mean_weight": 30.005343749999998,
      "d_mean_weight": 20.103977900552486,
      "p_median_weight": 20.0,
      "d_median_weight": 11.0,
      "p_std_weight": 24.187623947642372,
      "d_std_weight": 17.234840865060324,
      "p_total_weight": 9601.71,
      "d_total_weight": 3638.82,
      "p_mean_taxability": 64.39200962500001,
      "d_mean_taxability": 50.850111878453035,
      "p_total_taxability": 20605.443080000005,
      "d_total_taxability": 9203.87025,
      "p_mean_volume": 0.1923941875,
      "d_mean_volume": 0.15270303867403312,
      "p_median_volume": 0.12912500000000002,
      "d_median_volume": 0.0874,
      "p_std_volume": 0.16934225093116886,
      "d_std_volume": 0.1211016963691795,
      "p_total_volume": 61.566140000000004,
      "d_total_volume": 27.639249999999997,
      "d_max_priority": 0,
      "used_volume": 0.7541727711492761,
      "used_weight": 0.4364413636363636,
      "unload_obs": 1,
      "hs_cond": 1,
      "p_cond": 1,
      "sub_cond": 1
    },
    {
      "iteration": 168,
      "time": "85.64949035644531",
      "n_placed": 302,
      "n_discard": 199,
      "p_mean_weight": 31.708774834437083,
      "d_mean_weight": 18.414472361809043,
      "p_median_weight": 22.98,
      "d_median_weight": 11.0,
      "p_std_weight": 24.616127647427565,
      "d_std_weight": 15.543404837337397,
      "p_total_weight": 9576.05,
      "d_total_weight": 3664.4799999999996,
      "p_mean_taxability": 68.06505384105961,
      "d_mean_taxability": 46.50083954773869,
      "p_total_taxability": 20555.64626,
      "d_total_taxability": 9253.66707,
      "p_mean_volume": 0.20336622516556294,
      "d_mean_volume": 0.1396421608040201,
      "p_median_volume": 0.1521,
      "d_median_volume": 0.08719,
      "p_std_volume": 0.17284181344052987,
      "d_std_volume": 0.11215439451463197,
      "p_total_volume": 61.4166,
      "d_total_volume": 27.78879,
      "d_max_priority": 0,
      "used_volume": 0.7523409363745498,
      "used_weight": 0.43527499999999997,
      "unload_obs": 0,
      "hs_cond": 1,
      "p_cond": 1,
      "sub_cond": 1
    }
  ],
  "taxability": [
    {
      "iteration": 175,
      "time": "86.22916960716248",
      "n_placed": 320,
      "n_discard": 181,
      "p_mean_weight": 30.005343749999998,
      "d_mean_weight": 20.103977900552486,
      "p_median_weight": 20.0,
      "d_median_weight": 11.0,
      "p_std_weight": 24.187623947642372,
      "d_std_weight": 17.234840865060324,
      "p_total_weight": 9601.71,
      "d_total_weight": 3638.82,
      "p_mean_taxability": 64.39200962500001,
      "d_mean_taxability": 50.850111878453035,
      "p_total_taxability": 20605.443080000005,
      "d_total_taxability": 9203.87025,
      "p_mean_volume": 0.1923941875,
      "d_mean_volume": 0.15270303867403312,
      "p_median_volume": 0.12912500000000002,
      "d_median_volume": 0.0874,
      "p_std_volume": 0.16934225093116886,
      "d_std_volume": 0.1211016963691795,
      "p_total_volume": 61.566140000000004,
      "d_total_volume": 27.639249999999997,
      "d_max_priority": 0,
      "used_volume": 0.7541727711492761,
      "used_weight": 0.4364413636363636,
      "unload_obs": 1,
      "hs_cond": 1,
      "p_cond": 1,
      "sub_cond": 1
    },
    {
      "iteration": 168,
      "time": "85.64949035644531",