{
  "volume": [
    {
      "iteration": 5,
      "time": "265.46388483047485",
      "n_placed": 389,
      "n_discard": 262,
      "p_mean_weight": 26.367506426735215,
      "d_mean_weight": 15.018740458015268,
      "p_median_weight": 16.1,
      "d_median_weight": 9.4,
      "p_std_weight": 23.528284584029873,
      "d_std_weight": 12.683316384109864,
      "p_total_weight": 10256.96,
      "d_total_weight": 3934.9100000000003,
      "p_mean_taxability": 55.50746524421594,
      "d_mean_taxability": 38.10127736641222,
      "p_total_taxability": 21592.403980000003,
      "d_total_taxability": 9982.534670000001,
      "p_mean_volume": 0.16511609254498713,
      "d_mean_volume": 0.11436442748091605,
      "p_median_volume": 0.0959,
      "d_median_volume": 0.071135,
      "p_std_volume": 0.1641328432180372,
      "d_std_volume": 0.10032547114466463,
      "p_total_volume": 64.23016,
      "d_total_volume": 29.963480000000004,
      "d_max_priority": 0,
      "used_volume": 0.7868064776931181,
      "used_weight": 0.4662254545454545,
      "unload_obs": 6,
      "hs_cond": 1,
      "p_cond": 1,
      "sub_cond": 1
    },
    {
      "iteration": 103,
      "time": "206.86056566238403",
      "n_placed": 386,
      "n_discard": 265,
      "p_mean_weight": 26.395492227979275,
      "d_mean_weight": 15.10645283018868,
      "p_median_weight": 16.25,
      "d_median_weight": 9.85,
      "p_std_weight": 23.721205076398686,
      "d_std_weight": 12.351592595396472,
      "p_total_weight": 10188.66,
      "d_total_weight": 4003.21,
      "p_mean_taxability": 55.830093290155446,
      "d_mean_taxability": 37.82838732075472,
      "p_total_taxability": 21550.41601,
      "d_total_taxability": 10024.522640000001,
      "p_mean_volume": 0.16607272020725392,
      "d_mean_volume": 0.11354554716981133,
      "p_median_volume": 0.091975,
      "d_median_volume": 0.07258,
      "p_std_volume": 0.16570869777737912,
      "d_std_volume": 0.09687220447082122,
      "p_total_volume": 64.10407000000001,
      "d_total_volume": 30.089570000000002,
      "d_max_priority": 0,
      "used_volume": 0.7852619006786389,
      "used_weight": 0.4631209090909091,
      "unload_obs": 4,
      "hs_cond": 1,
      "p_cond": 1,
      "sub_cond": 1
    },
    {
      "iteration": 131,
      "time": "269.5820298194885",
      "n_placed": 376,
      "n_discard": 275,
      "p_mean_weight": 26.823191489361704,
      "d_mean_weight": 14.932181818181819,
      "p_median_weight": 18.4,
      "d_median_weight": 9.68,
      "p_std_weight": 22.8275865724033,
      "d_std_weight": 14.682591147802789,
      "p_total_weight": 10085.52,
      "d_total_weight": 4106.35,
      "p_mean_taxability": 57.312617234042555,
      "d_mean_taxability": 36.45598025454546,
      "p_total_taxability": 21549.54408,
      "d_total_taxability": 10025.39457,
      "p_mean_volume": 0.17044507978723408,
      "d_mean_volume": 0.10947741818181819,
      "p_median_volume": 0.09971000000000001,
      "d_median_volume": 0.07127,
      "p_std_volume": 0.1651999322049708,
      "d_std_volume": 0.09849790731162639,
      "p_total_volume": 64.08735000000001,
      "d_total_volume": 30.10629,
      "d_max_priority": 0,
      "used_volume": 0.7850570840581133,
      "used_weight": 0.45843272727272727,
      "unload_obs": 3,
      "hs_cond": 1,
      "p_cond": 1,
      "sub_cond": 1
    }
  ],
  "weight": [
    {
      "iteration": 5,
      "time": "265.46388483047485",
      "n_placed": 389,
      "n_discard": 262,
      "p_mean_weight": 26.367506426735215,
      "d_mean_weight": 15.018740458015268,
      "p_median_weight": 16.1,
      "d_median_weight": 9.4,
      "p_std_weight": 23.528284584029873,
      "d_std_weight": 12.683316384109864,
      "p_total_weight": 10256.96,
      "d_total_weight": 3934.9100000000003,
      "p_mean_taxability": 55.50746524421594,
      "d_mean_taxability": 38.10127736641222,
      "p_total_taxability": 21592.403980000003,
      "d_total_taxability": 9982.534670000001,
      "p_mean_volume": 0.16511609254498713,
      "d_mean_volume": 0.11436442748091605,
      "p_median_volume": 0.0959,
      "d_median_volume": 0.071135,
      "p_std_volume": 0.1641328432180372,
      "d_std_volume": 0.10032547114466463,
      "p_total_volume": 64.23016,
      "d_total_volume": 29.963480000000004,
      "d_max_priority": 0,
      "used_volume": 0.7868064776931181,
      "used_weight": 0.4662254545454545,
      "unload_obs": 6,
      "hs_cond": 1,
      "p_cond": 1,
      "sub_cond": 1
    },
    {
      "iteration": 103,
      "time": "206.86056566238403",
      "n_placed": 386,
      "n_discard": 265,
      "p_mean_weight": 26.395492227979275,
      "d_mean_weight": 15.10645283018868,
      "p_median_weight": 16.25,
      "d_median_weight": 9.85,
      "p_std_weight": 23.721205076398686,
      "d_std_weight": 12.351592595396472,
      "p_total_weight": 10188.66,
      "d_total_weight": 4003.21,
      "p_mean_taxability": 55.830093290155446,
      "d_mean_taxability": 37.82838732075472,
      "p_total_taxability": 21550.41601,
      "d_total_taxability": 10024.522640000001,
      "p_mean_volume": 0.16607272020725392,
      "d_mean_volume": 0.11354554716981133,
      "p_median_volume": 0.091975,
      "d_median_volume": 0.07258,
      "p_std_volume": 0.16570869777737912,
      "d_std_volume": 0.09687220447082122,
      "p_total_volume": 64.10407000000001,
      "d_total_volume": 30.089570000000002,
      "d_max_priority": 0,
      "used_volume": 0.7852619006786389,
      "used_weight": 0.4631209090909091,
      "unload_obs": 4,
      "hs_cond": 1,
      "p_cond": 1,
      "sub_cond": 1
    },
    {
      "iteration": 91,
      "time": "277.19195556640625",
      "n_placed": 386,
      "n_discard": 265,
      "p_mean_weight": 26.34945595854922,
      "d_mean_weight": 15.173509433962263,
      "p_median_weight": 17.16,
      "d_median_weight": 9.45,
      "p_std_weight": 23.551834383336963,
      "d_std_weight": 12.87440722910603,
      "p_total_weight": 10170.89,
      "d_total_weight": 4020.9799999999996,
      "p_mean_taxability": 54.78550759067358,
      "d_mean_taxability": 39.34993479245283,
      "p_total_taxability": 21147.205930000004,
      "d_total_taxability": 10427.73272,
      "p_mean_volume": 0.16300567357512954,
      "d_mean_volume": 0.11801301886792454,
      "p_median_volume": 0.094695,
      "d_median_volume": 0.07223,
      "p_std_volume": 0.1624630193611295,
      "d_std_volume": 0.10665303692249607,
      "p_total_volume": 62.920190000000005,
      "d_total_volume": 31.27345,
      "d_max_priority": 0,
      "used_volume": 0.7707596099664357,
      "used_weight": 0.4623131818181818,
      "unload_obs": 3,
      "hs_cond": 1,
      "p_cond": 1,
      "sub_cond": 1
    }
  ],
  "taxability": [
    {
      "iteration": 5,
      "time": "265.46388483047485",
      "n_placed": 389,
      "n_discard": 262,
      "p_mean_weight": 26.367506426735215,
      "d_mean_weight": 15.018740458015268,
      "p_median_weight": 16.1,
      "d_median_weight": 9.4,
      "p_std_weight": 23.528284584029873,
      "d_std_weight": 12.683316384109864,
      "p_total_weight": 10256.96,
      "d_total_weight": 3934.9100000000003,
      "p_mean_taxability": 55.50746524421594,
      "d_mean_taxability": 38.10127736641222,
      "p_total_taxability": 21592.403980000003,
      "d_total_taxability": 9982.534670000001,
      "p_mean_volume": 0.16511609254498713,
      "d_mean_volume": 0.11436442748091605,
      "p_median_volume": 0.0959,
      "d_median_volume": 0.071135,
      "p_std_volume": 0.1641328432180372,
      "d_std_volume": 0.10032547114466463,
      "p_total_volume": 64.23016,
      "d_total_volume": 29.963480000000004,
      "d_max_priority": 0,
      "used_volume": 0.7868064776931181,
      "used_weight": 0.4662254545454545,
      "unload_obs": 6,
      "hs_cond": 1,
      "p_cond": 1,
      "sub_cond": 1
    },
    {
      "iteration": 103,
      "time": "206.86056566238403",
      "n_placed": 386,