{
  "volume": [
    {
      "iteration": 2,
      "time": "359.29692125320435",
      "n_placed": 427,
      "n_discard": 176,
      "p_mean_weight": 22.826276346604214,
      "d_mean_weight": 25.12568181818182,
      "p_median_weight": 12.92,
      "d_median_weight": 23.725,
      "p_std_weight": 23.549302122739313,
      "d_std_weight": 18.103267569014296,
      "p_total_weight": 9746.82,
      "d_total_weight": 4422.120000000001,
      "p_mean_taxability": 49.12682276346604,
      "d_mean_taxability": 59.51139732954546,
      "p_total_taxability": 20977.153319999998,
      "d_total_taxability": 10474.005930000001,
      "p_mean_volume": 0.1465949180327869,
      "d_mean_volume": 0.17868835227272728,
      "p_median_volume": 0.07712000000000001,
      "d_median_volume": 0.17436000000000001,
      "p_std_volume": 0.1811330866063669,
      "d_std_volume": 0.12830940564615473,
      "p_total_volume": 62.596030000000006,
      "d_total_volume": 31.449150000000003,
      "d_max_priority": 1,
      "used_volume": 0.7667887154861945,
      "used_weight": 0.4430372727272727,
      "unload_obs": 0,
      "hs_cond": 1,
      "p_cond": 0,
      "sub_cond": 0
    },
    {
      "iteration": 70,
      "time": "273.88356828689575",
      "n_placed": 430,
      "n_discard": 173,
      "p_mean_weight": 22.70432558139535,
      "d_mean_weight": 25.468670520231214,
      "p_median_weight": 12.61,
      "d_median_weight": 23.8,
      "p_std_weight": 23.513207326412715,
      "d_std_weight": 18.06540529772428,
      "p_total_weight": 9762.86,
      "d_total_weight": 4406.08,
      "p_mean_taxability": 48.77558597674418,
      "d_mean_taxability": 60.56449294797687,
      "p_total_taxability": 20973.501969999998,
      "d_total_taxability": 10477.65728,
      "p_mean_volume": 0.14553772093023257,
      "d_mean_volume": 0.18187260115606937,
      "p_median_volume": 0.07678000000000001,
      "d_median_volume": 0.17503000000000002,
      "p_std_volume": 0.18086369247548276,
      "d_std_volume": 0.12736102411012837,
      "p_total_volume": 62.58122,
      "d_total_volume": 31.463960000000004,
      "d_max_priority": 1,
      "used_volume": 0.7666072959796164,
      "used_weight": 0.4437663636363637,
      "unload_obs": 0,
      "hs_cond": 1,
      "p_cond": 0,
      "sub_cond": 0
    },
    {
      "iteration": 102,
      "time": "350.66401076316833",
      "n_placed": 428,
      "n_discard": 175,
      "p_mean_weight": 22.689322429906543,
      "d_mean_weight": 25.47377142857143,
      "p_median_weight": 12.5,
      "d_median_weight": 24.8,
      "p_std_weight": 23.55745442084966,
      "d_std_weight": 17.992625869910743,
      "p_total_weight": 9711.03,
      "d_total_weight": 4457.91,
      "p_mean_taxability": 48.97900112149532,
      "d_mean_taxability": 59.932267257142854,
      "p_total_taxability": 20963.012479999998,
      "d_total_taxability": 10488.14677,
      "p_mean_volume": 0.14616217289719627,
      "d_mean_volume": 0.17993011428571432,
      "p_median_volume": 0.07667500000000001,
      "d_median_volume": 0.17472000000000001,
      "p_std_volume": 0.1810678100356296,
      "d_std_volume": 0.1278715285817212,
      "p_total_volume": 62.557410000000004,
      "d_total_volume": 31.487770000000005,
      "d_max_priority": 1,
      "used_volume": 0.7663156282921332,
      "used_weight": 0.4414104545454546,
      "unload_obs": 0,
      "hs_cond": 1,
      "p_cond": 0,
      "sub_cond": 0
    }
  ],
  "weight": [
    {
      "iteration": 70,
      "time": "273.88356828689575",
      "n_placed": 430,
      "n_discard": 173,
      "p_mean_weight": 22.70432558139535,
      "d_mean_weight": 25.468670520231214,
      "p_median_weight": 12.61,
      "d_median_weight": 23.8,
      "p_std_weight": 23.513207326412715,
      "d_std_weight": 18.06540529772428,
      "p_total_weight": 9762.86,
      "d_total_weight": 4406.08,
      "p_mean_taxability": 48.77558597674418,
      "d_mean_taxability": 60.56449294797687,
      "p_total_taxability": 20973.501969999998,
      "d_total_taxability": 10477.65728,
      "p_mean_volume": 0.14553772093023257,
      "d_mean_volume": 0.18187260115606937,
      "p_median_volume": 0.07678000000000001,
      "d_median_volume": 0.17503000000000002,
      "p_std_volume": 0.18086369247548276,
      "d_std_volume": 0.12736102411012837,
      "p_total_volume": 62.58122,
      "d_total_volume": 31.463960000000004,
      "d_max_priority": 1,
      "used_volume": 0.7666072959796164,
      "used_weight": 0.4437663636363637,
      "unload_obs": 0,
      "hs_cond": 1,
      "p_cond": 0,
      "sub_cond": 0
    },
    {
      "iteration": 153,
      "time": "169.8123836517334",
      "n_placed": 429,
      "n_discard": 174,
      "p_mean_weight": 22.744358974358974,
      "d_mean_weight": 25.354080459770117,
      "p_median_weight": 12.92,
      "d_median_weight": 23.725,
      "p_std_weight": 23.535327529827512,
      "d_std_weight": 18.04630966436516,
      "p_total_weight": 9757.33,
      "d_total_weight": 4411.610000000001,
      "p_mean_taxability": 48.85772948717948,
      "d_mean_taxability": 60.294214367816096,
      "p_total_taxability": 20959.965949999998,
      "d_total_taxability": 10491.1933,
      "p_mean_volume": 0.14579006993006993,
      "d_mean_volume": 0.18104160919540233,
      "p_median_volume": 0.07712000000000001,
      "d_median_volume": 0.174875,
      "p_std_volume": 0.18102372367696343,
      "d_std_volume": 0.12737790127730833,
      "p_total_volume": 62.543940000000006,
      "d_total_volume": 31.501240000000003,
      "d_max_priority": 1,
      "used_volume": 0.7661506235147121,
      "used_weight": 0.443515,
      "unload_obs": 0,
      "hs_cond": 1,
      "p_cond": 0,
      "sub_cond": 0
    },
    {
      "iteration": 2,
      "time": "359.29692125320435",
      "n_placed": 427,
      "n_discard": 176,
      "p_mean_weight": 22.826276346604214,
      "d_mean_weight": 25.12568181818182,
      "p_median_weight": 12.92,
      "d_median_weight": 23.725,
      "p_std_weight": 23.549302122739313,
      "d_std_weight": 18.103267569014296,
      "p_total_weight": 9746.82,
      "d_total_weight": 4422.120000000001,
      "p_mean_taxability": 49.12682276346604,
      "d_mean_taxability": 59.51139732954546,
      "p_total_taxability": 20977.153319999998,
      "d_total_taxability": 10474.005930000001,
      "p_mean_volume": 0.1465949180327869,
      "d_mean_volume": 0.17868835227272728,
      "p_median_volume": 0.07712000000000001,
      "d_median_volume": 0.17436000000000001,
      "p_std_volume": 0.1811330866063669,
      "d_std_volume": 0.12830940564615473,
      "p_total_volume": 62.596030000000006,
      "d_total_volume": 31.449150000000003,
      "d_max_priority": 1,
      "used_volume": 0.7667887154861945,
      "used_weight": 0.4430372727272727,
      "unload_obs": 0,
      "hs_cond": 1,
      "p_cond": 0,
      "sub_cond": 0
    }
  ],
  "taxability": [
    {
      "iteration": 2,
      "time": "359.29692125320435",
      "n_placed": 427,
      "n_discard": 176,
      "p_mean_weight": 22.826276346604214,
      "d_mean_weight": 25.12568181818182,
      "p_median_weight": 12.92,
      "d_median_weight": 23.725,
      "p_std_weight": 23.549302122739313,
      "d_std_weight": 18.103267569014296,
      "p_total_weight": 9746.82,
      "d_total_weight": 4422.120000000001,
      "p_mean_taxability": 49.12682276346604,
      "d_mean_taxability": 59.51139732954546,
      "p_total_taxability": 20977.153319999998,
      "d_total_taxability": 10474.005930000001,
      "p_mean_volume": 0.1465949180327869,
      "d_mean_volume": 0.17868835227272728,
      "p_median_volume": 0.07712000000000001,
      "d_median_volume": 0.17436000000000001,
      "p_std_volume": 0.1811330866063669,
      "d_std_volume": 0.12830940564615473,
      "p_total_volume": 62.596030000000006,
      "d_total_volume": 31.449150000000003,
      "d_max_priority": 1,
      "used_volume": 0.7667887154861945,
      "used_weight": 0.4430372727272727,