{
  "volume": [
    {
      "iteration": 80,
      "time": "69.5254237651825",
      "n_placed": 445,
      "n_discard": 168,
      "p_mean_weight": 12.960157303370787,
      "d_mean_weight": 17.43625,
      "p_median_weight": 7.46,
      "d_median_weight": 8.9,
      "p_std_weight": 14.345439232627273,
      "d_std_weight": 18.656517722178595,
      "p_total_weight": 5767.27,
      "d_total_weight": 2929.29,
      "p_mean_taxability": 40.7925273258427,
      "d_mean_taxability": 83.64143357142856,
      "p_total_taxability": 18152.67466,
      "d_total_taxability": 14051.760839999999,
      "p_mean_volume": 0.12177373033707865,
      "d_mean_volume": 0.2511754761904762,
      "p_median_volume": 0.0578,
      "d_median_volume": 0.15605000000000002,
      "p_std_volume": 0.17747218769041195,
      "d_std_volume": 0.2535707295977868,
      "p_total_volume": 54.18931,
      "d_total_volume": 42.19748,
      "d_max_priority": 0,
      "used_volume": 0.663808094666438,
      "used_weight": 0.2621486363636364,
      "unload_obs": 5,
      "hs_cond": 1,
      "p_cond": 1,
      "sub_cond": 1
    },
    {
      "iteration": 96,
      "time": "80.77398443222046",
      "n_placed": 444,
      "n_discard": 169,
      "p_mean_weight": 13.01204954954955,
      "d_mean_weight": 17.273431952662722,
      "p_median_weight": 7.6,
      "d_median_weight": 8.8,
      "p_std_weight": 14.336666990442042,
      "d_std_weight": 18.686772252029268,
      "p_total_weight": 5777.35,
      "d_total_weight": 2919.21,
      "p_mean_taxability": 40.87657238738739,
      "d_mean_taxability": 83.16708497041421,
      "p_total_taxability": 18149.19814,
      "d_total_taxability": 14055.237360000001,
      "p_mean_volume": 0.12202448198198199,
      "d_mean_volume": 0.24975100591715976,
      "p_median_volume": 0.05802,
      "d_median_volume": 0.1521,
      "p_std_volume": 0.17760618586438123,
      "d_std_volume": 0.2534686890629524,
      "p_total_volume": 54.17887,
      "d_total_volume": 42.20792,
      "d_max_priority": 0,
      "used_volume": 0.6636802067765882,
      "used_weight": 0.2626068181818182,
      "unload_obs": 4,
      "hs_cond": 1,
      "p_cond": 1,
      "sub_cond": 1
    },
    {
      "iteration": 47,
      "time": "148.36007714271545",
      "n_placed": 441,
      "n_discard": 172,
      "p_mean_weight": 13.081768707482992,
      "d_mean_weight": 17.0203488372093,
      "p_median_weight": 7.63,
      "d_median_weight": 8.600000000000001,
      "p_std_weight": 14.357639178279097,
      "d_std_weight": 18.625272489716693,
      "p_total_weight": 5769.0599999999995,
      "d_total_weight": 2927.4999999999995,
      "p_mean_taxability": 41.05891247165533,
      "d_mean_taxability": 81.96194825581397,
      "p_total_taxability": 18106.9804,
      "d_total_taxability": 14097.455100000001,
      "p_mean_volume": 0.12256709750566894,
      "d_mean_volume": 0.24613197674418608,
      "p_median_volume": 0.05802,
      "d_median_volume": 0.150145,
      "p_std_volume": 0.17808616385362966,
      "d_std_volume": 0.25271151940836345,
      "p_total_volume": 54.05209,
      "d_total_volume": 42.334700000000005,
      "d_max_priority": 0,
      "used_volume": 0.6621271774015729,
      "used_weight": 0.26222999999999996,
      "unload_obs": 3,
      "hs_cond": 1,
      "p_cond": 1,
      "sub_cond": 1
    }
  ],
  "weight": [
    {
      "iteration": 96,
      "time": "80.77398443222046",
      "n_placed": 444,
      "n_discard": 169,
      "p_mean_weight": 13.01204954954955,
      "d_mean_weight": 17.273431952662722,
      "p_median_weight": 7.6,
      "d_median_weight": 8.8,
      "p_std_weight": 14.336666990442042,
      "d_std_weight": 18.686772252029268,
      "p_total_weight": 5777.35,
      "d_total_weight": 2919.21,
      "p_mean_taxability": 40.87657238738739,
      "d_mean_taxability": 83.16708497041421,
      "p_total_taxability": 18149.19814,
      "d_total_taxability": 14055.237360000001,
      "p_mean_volume": 0.12202448198198199,
      "d_mean_volume": 0.24975100591715976,
      "p_median_volume": 0.05802,
      "d_median_volume": 0.1521,
      "p_std_volume": 0.17760618586438123,
      "d_std_volume": 0.2534686890629524,
      "p_total_volume": 54.17887,
      "d_total_volume": 42.20792,
      "d_max_priority": 0,
      "used_volume": 0.6636802067765882,
      "used_weight": 0.2626068181818182,
      "unload_obs": 4,
      "hs_cond": 1,
      "p_cond": 1,
      "sub_cond": 1
    },
    {
      "iteration": 47,
      "time": "148.36007714271545",
      "n_placed": 441,
      "n_discard": 172,
      "p_mean_weight": 13.081768707482992,
      "d_mean_weight": 17.0203488372093,
      "p_median_weight": 7.63,
      "d_median_weight": 8.600000000000001,
      "p_std_weight": 14.357639178279097,
      "d_std_weight": 18.625272489716693,
      "p_total_weight": 5769.0599999999995,
      "d_total_weight": 2927.4999999999995,
      "p_mean_taxability": 41.05891247165533,
      "d_mean_taxability": 81.96194825581397,
      "p_total_taxability": 18106.9804,
      "d_total_taxability": 14097.455100000001,
      "p_mean_volume": 0.12256709750566894,
      "d_mean_volume": 0.24613197674418608,
      "p_median_volume": 0.05802,
      "d_median_volume": 0.150145,
      "p_std_volume": 0.17808616385362966,
      "d_std_volume": 0.25271151940836345,
      "p_total_volume": 54.05209,
      "d_total_volume": 42.334700000000005,
      "d_max_priority": 0,
      "used_volume": 0.6621271774015729,
      "used_weight": 0.26222999999999996,
      "unload_obs": 3,
      "hs_cond": 1,
      "p_cond": 1,
      "sub_cond": 1
    },
    {
      "iteration": 169,
      "time": "97.50424814224243",
      "n_placed": 443,
      "n_discard": 170,
      "p_mean_weight": 13.021151241534989,
      "d_mean_weight": 17.22464705882353,
      "p_median_weight": 7.6,
      "d_median_weight": 8.8,
      "p_std_weight": 14.351875428307391,
      "d_std_weight": 18.64168692191814,
      "p_total_weight": 5768.37,
      "d_total_weight": 2928.19,
      "p_mean_taxability": 40.853001151241536,
      "d_mean_taxability": 82.97974111764707,
      "p_total_taxability": 18097.87951,
      "d_total_taxability": 14106.55599,
      "p_mean_volume": 0.12195205417607223,
      "d_mean_volume": 0.2491884117647059,
      "p_median_volume": 0.05776,
      "d_median_volume": 0.151715,
      "p_std_volume": 0.17784615210264323,
      "d_std_volume": 0.252739963805812,
      "p_total_volume": 54.02476,
      "d_total_volume": 42.362030000000004,
      "d_max_priority": 0,
      "used_volume": 0.6617923904255579,
      "used_weight": 0.2621986363636364,
      "unload_obs": 4,
      "hs_cond": 1,
      "p_cond": 1,
      "sub_cond": 1
    }
  ],
  "taxability": [
    {
      "iteration": 80,
      "time": "69.5254237651825",
      "n_placed": 445,
      "n_discard": 168,
      "p_mean_weight": 12.960157303370787,
      "d_mean_weight": 17.43625,
      "p_median_weight": 7.46,
      "d_median_weight": 8.9,
      "p_std_weight": 14.345439232627273,
      "d_std_weight": 18.656517722178595,
      "p_total_weight": 5767.27,
      "d_total_weight": 2929.29,
      "p_mean_taxability": 40.7925273258427,
      "d_mean_taxability": 83.64143357142856,
      "p_total_taxability": 18152.67466,
      "d_total_taxability": 14051.760839999999,
      "p_mean_volume": 0.12177373033707865,
      "d_mean_volume": 0.2511754761904762,
      "p_median_volume": 0.0578,
      "d_median_volume": 0.15605000000000002,
      "p_std_volume": 0.17747218769041195,
      "d_std_volume": 0.2535707295977868,
      "p_total_volume": 54.18931,
      "d_total_volume": 42.19748,
      "d_max_priority": 0,
      "used_volume": 0.663808094666438,
      "used_weight": 0.2621486363636364,
      "unload_obs": 5,
      "hs_cond": 1,
      "p_cond": 1,
      "sub_cond": 1
    },
    {
      "iteration": 96,
      "time": "80.77398443222046",
      "n_placed": 444,
      "n_discard": 169,
      "p_mean_weight": 13.01204954954955,