{
  "volume": [
    {
      "iteration": 80,
      "time": "69.5254237651825",
      "n_placed": 445,
      "n_discard": 168,
      "p_mean_weight": 12.960157303370787,
      "d_mean_weight": 17.43625,
      "p_median_weight": 7.46,
      "d_median_weight": 8.9,
      "p_std_weight": 14.345439232627273,
      "d_std_weight": 18.656517722178595,
      "p_total_weight": 5767.27,
      "d_total_weight": 2929.29,
      "p_mean_taxability": 40.7925273258427,
      "d_mean_taxability": 83.64143357142856,
      "p_total_taxability": 18152.67466,
      "d_total_taxability": 14051.760839999999,
      "p_mean_volume": 0.12177373033707865,
      "d_mean_volume": 0.2511754761904762,
      "p_median_volume": 0.0578,
      "d_median_volume": 0.15605000000000002,
      "p_std_volume": 0.17747218769041195,
      "d_std_volume": 0.2535707295977868,
      "p_total_volume": 54.18931,
      "d_total_volume": 42.19748,
      "d_max_priority": 0,
      "used_volume": 0.663808094666438,
      "used_weight": 0.2621486363636364,
      "unload_obs": 5,
      "hs_cond": 1,
      "p_cond": 1,
      "sub_cond": 1
    },
    {
      "iteration": 96,
      "time": "80.77398443222046",
      "n_placed": 444,
      "n_discard": 169,
      "p_mean_weight": 13.01204954954955,
      "d_mean_weight": 17.273431952662722,
      "p_median_weight": 7.6,
      "d_median_weight": 8.8,
      "p_std_weight": 14.336666990442042,
      "d_std_weight": 18.686772252029268,
      "p_total_weight": 5777.35,
      "d_total_weight": 2919.21,
      "p_mean_taxability": 40.87657238738739,
      "d_mean_taxability": 83.16708497041421,
      "p_total_taxability": 18149.19814,
      "d_total_taxability": 14055.237360000001,
      "p_mean_volume": 0.12202448198198199,
      "d_mean_volume": 0.24975100591715976,
      "p_median_volume": 0.05802,
      "d_median_volume": 0.1521,
      "p_std_volume": 0.17760618586438123,
      "d_std_volume": 0.2534686890629524,
      "p_total_volume": 54.17887,
      "d_total_volume": 42.20792,
      "d_max_priority": 0,
      "used_volume": 0.6636802067765882,
      "used_weight": 0.2626068181818182,
      "unload_obs": 4,
      "hs_cond": 1,
      "p_cond": 1,
      "sub_cond": 1
    },
    {
      "iteration": 4,
      "time": "151.80508184432983",
      "n_placed": 444,
      "n_discard": 169,
      "p_mean_weight": 13.006959459459459,
      "d_mean_weight": 17.286804733727813,
      "p_median_weight": 7.6,
      "d_median_weight": 8.8,
      "p_std_weight": 14.340469467529395,
      "d_std_weight": 18.676001132494342,
      "p_total_weight": 5775.09,
      "d_total_weight": 2921.4700000000003,
      "p_mean_taxability": 40.858204887387394,
      "d_mean_taxability": 83.2153404142012,
      "p_total_taxability": 18141.042970000002,
      "d_total_taxability": 14063.392530000001,
      "p_mean_volume": 0.12196932432432434,
      "d_mean_volume": 0.24989591715976334,
      "p_median_volume": 0.05778,
      "d_median_volume": 0.1521,
      "p_std_volume": 0.17762271354866527,
      "d_std_volume": 0.2533646132468605,
      "p_total_volume": 54.15438,
      "d_total_volume": 42.23241,
      "d_max_priority": 1,
      "used_volume": 0.6633802092265478,
      "used_weight": 0.26250409090909094,
      "unload_obs": 3,
      "hs_cond": 1,
      "p_cond": 0,
      "sub_cond": 0
    }
  ],
  "weight": [
    {
      "iteration": 167,
      "time": "106.38012146949768",
      "n_placed": 443,
      "n_discard": 170,
      "p_mean_weight": 13.044063205417608,
      "d_mean_weight": 17.164941176470588,
      "p_median_weight": 7.6,
      "d_median_weight": 8.600000000000001,
      "p_std_weight": 14.340116441703216,
      "d_std_weight": 18.678727141581554,
      "p_total_weight": 5778.52,
      "d_total_weight": 2918.04,
      "p_mean_taxability": 40.94276832957111,
      "d_mean_taxability": 82.74581841176472,
      "p_total_taxability": 18137.646370000002,
      "d_total_taxability": 14066.789130000001,
      "p_mean_volume": 0.12222162528216704,
      "d_mean_volume": 0.24848594117647058,
      "p_median_volume": 0.05802,
      "d_median_volume": 0.151715,
      "p_std_volume": 0.17776178057091355,
      "d_std_volume": 0.25324906643752076,
      "p_total_volume": 54.14418,
      "d_total_volume": 42.24261,
      "d_max_priority": 1,
      "used_volume": 0.6632552612881887,
      "used_weight": 0.26266,
      "unload_obs": 5,
      "hs_cond": 1,
      "p_cond": 0,
      "sub_cond": 0
    },
    {
      "iteration": 96,
      "time": "80.77398443222046",
      "n_placed": 444,
      "n_discard": 169,
      "p_mean_weight": 13.01204954954955,
      "d_mean_weight": 17.273431952662722,
      "p_median_weight": 7.6,
      "d_median_weight": 8.8,
      "p_std_weight": 14.336666990442042,
      "d_std_weight": 18.686772252029268,
      "p_total_weight": 5777.35,
      "d_total_weight": 2919.21,
      "p_mean_taxability": 40.87657238738739,
      "d_mean_taxability": 83.16708497041421,
      "p_total_taxability": 18149.19814,
      "d_total_taxability": 14055.237360000001,
      "p_mean_volume": 0.12202448198198199,
      "d_mean_volume": 0.24975100591715976,
      "p_median_volume": 0.05802,
      "d_median_volume": 0.1521,
      "p_std_volume": 0.17760618586438123,
      "d_std_volume": 0.2534686890629524,
      "p_total_volume": 54.17887,
      "d_total_volume": 42.20792,
      "d_max_priority": 0,
      "used_volume": 0.6636802067765882,
      "used_weight": 0.2626068181818182,
      "unload_obs": 4,
      "hs_cond": 1,
      "p_cond": 1,
      "sub_cond": 1
    },
    {
      "iteration": 39,
      "time": "148.85210514068604",
      "n_placed": 443,
      "n_discard": 170,
      "p_mean_weight": 13.041399548532732,
      "d_mean_weight": 17.171882352941175,
      "p_median_weight": 7.63,
      "d_median_weight": 8.600000000000001,
      "p_std_weight": 14.34276995817166,
      "d_std_weight": 18.67185519217194,
      "p_total_weight": 5777.34,
      "d_total_weight": 2919.22,
      "p_mean_taxability": 40.909633702031606,
      "d_mean_taxability": 82.83216335294117,
      "p_total_taxability": 18122.96773,
      "d_total_taxability": 14081.46777,
      "p_mean_volume": 0.12212212189616252,
      "d_mean_volume": 0.24874523529411768,
      "p_median_volume": 0.0578,
      "d_median_volume": 0.151715,
      "p_std_volume": 0.17779762299719076,
      "d_std_volume": 0.2530529562633342,
      "p_total_volume": 54.1001,
      "d_total_volume": 42.28669000000001,
      "d_max_priority": 1,
      "used_volume": 0.6627152901977117,
      "used_weight": 0.26260636363636364,
      "unload_obs": 5,
      "hs_cond": 1,
      "p_cond": 0,
      "sub_cond": 0
    }
  ],
  "taxability": [
    {
      "iteration": 80,
      "time": "69.5254237651825",
      "n_placed": 445,
      "n_discard": 168,
      "p_mean_weight": 12.960157303370787,
      "d_mean_weight": 17.43625,
      "p_median_weight": 7.46,
      "d_median_weight": 8.9,
      "p_std_weight": 14.345439232627273,
      "d_std_weight": 18.656517722178595,
      "p_total_weight": 5767.27,
      "d_total_weight": 2929.29,
      "p_mean_taxability": 40.7925273258427,
      "d_mean_taxability": 83.64143357142856,
      "p_total_taxability": 18152.67466,
      "d_total_taxability": 14051.760839999999,
      "p_mean_volume": 0.12177373033707865,
      "d_mean_volume": 0.2511754761904762,
      "p_median_volume": 0.0578,
      "d_median_volume": 0.15605000000000002,
      "p_std_volume": 0.17747218769041195,
      "d_std_volume": 0.2535707295977868,
      "p_total_volume": 54.18931,
      "d_total_volume": 42.19748,
      "d_max_priority": 0,
      "used_volume": 0.663808094666438,
      "used_weight": 0.2621486363636364,
      "unload_obs": 5,
      "hs_cond": 1,
      "p_cond": 1,
      "sub_cond": 1
    },
    {
      "iteration": 96,
      "time": "80.77398443222046",
      "n_placed": 444,
      "n_discard": 169,
      "p_mean_weight": 13.01204954954955,
      "d_mean_weight": 17.273431952662722,
      "p_median_weight": 7.6,