{
  "volume": [
    {
      "iteration": 46,
      "time": "120.65344166755676",
      "n_placed": 299,
      "n_discard": 146,
      "p_mean_weight": 18.661772575250836,
      "d_mean_weight": 12.426164383561645,
      "p_median_weight": 12.5,
      "d_median_weight": 7.1,
      "p_std_weight": 19.43799135510814,
      "d_std_weight": 14.144952225527199,
      "p_total_weight": 5579.87,
      "d_total_weight": 1814.22,
      "p_mean_taxability": 67.61556652173913,
      "d_mean_taxability": 76.37101828767123,
      "p_total_taxability": 20217.054389999998,
      "d_total_taxability": 11150.16867,
      "p_mean_volume": 0.20299612040133777,
      "d_mean_volume": 0.229342397260274,
      "p_median_volume": 0.09216,
      "d_median_volume": 0.155135,
      "p_std_volume": 0.24660891695382756,
      "d_std_volume": 0.22120809366094646,
      "p_total_volume": 60.69584,
      "d_total_volume": 33.483990000000006,
      "d_max_priority": 1,
      "used_volume": 0.743511772055761,
      "used_weight": 0.2536304545454545,
      "unload_obs": 1,
      "hs_cond": 1,
      "p_cond": 0,
      "sub_cond": 0
    },
    {
      "iteration": 154,
      "time": "67.17740225791931",
      "n_placed": 305,
      "n_discard": 140,
      "p_mean_weight": 18.0747868852459,
      "d_mean_weight": 13.437714285714286,
      "p_median_weight": 13.6,
      "d_median_weight": 6.390000000000001,
      "p_std_weight": 17.70304610749342,
      "d_std_weight": 18.599273225642357,
      "p_total_weight": 5512.8099999999995,
      "d_total_weight": 1881.28,
      "p_mean_taxability": 66.21086498360656,
      "d_mean_taxability": 79.80649457142857,
      "p_total_taxability": 20194.31382,
      "d_total_taxability": 11172.90924,
      "p_mean_volume": 0.19877885245901641,
      "d_mean_volume": 0.23965914285714282,
      "p_median_volume": 0.09702,
      "d_median_volume": 0.144115,
      "p_std_volume": 0.22843094477741518,
      "d_std_volume": 0.25815121349882264,
      "p_total_volume": 60.62755000000001,
      "d_total_volume": 33.552279999999996,
      "d_max_priority": 0,
      "used_volume": 0.7426752333586497,
      "used_weight": 0.2505822727272727,
      "unload_obs": 0,
      "hs_cond": 1,
      "p_cond": 1,
      "sub_cond": 1
    },
    {
      "iteration": 176,
      "time": "61.79489541053772",
      "n_placed": 299,
      "n_discard": 146,
      "p_mean_weight": 18.62006688963211,
      "d_mean_weight": 12.511575342465754,
      "p_median_weight": 12.5,
      "d_median_weight": 7.175000000000001,
      "p_std_weight": 19.470559344907493,
      "d_std_weight": 14.090316052761136,
      "p_total_weight": 5567.400000000001,
      "d_total_weight": 1826.69,
      "p_mean_taxability": 67.49554173913043,
      "d_mean_taxability": 76.61682246575344,
      "p_total_taxability": 20181.166979999998,
      "d_total_taxability": 11186.056080000002,
      "p_mean_volume": 0.2026356856187291,
      "d_mean_volume": 0.23008054794520544,
      "p_median_volume": 0.09216,
      "d_median_volume": 0.155135,
      "p_std_volume": 0.24682616341076025,
      "d_std_volume": 0.22061897592058893,
      "p_total_volume": 60.58807,
      "d_total_volume": 33.591759999999994,
      "d_max_priority": 1,
      "used_volume": 0.7421916113384129,
      "used_weight": 0.2530636363636364,
      "unload_obs": 1,
      "hs_cond": 1,
      "p_cond": 0,
      "sub_cond": 0
    }
  ],
  "weight": [
    {
      "iteration": 46,
      "time": "120.65344166755676",
      "n_placed": 299,
      "n_discard": 146,
      "p_mean_weight": 18.661772575250836,
      "d_mean_weight": 12.426164383561645,
      "p_median_weight": 12.5,
      "d_median_weight": 7.1,
      "p_std_weight": 19.43799135510814,
      "d_std_weight": 14.144952225527199,
      "p_total_weight": 5579.87,
      "d_total_weight": 1814.22,
      "p_mean_taxability": 67.61556652173913,
      "d_mean_taxability": 76.37101828767123,
      "p_total_taxability": 20217.054389999998,
      "d_total_taxability": 11150.16867,
      "p_mean_volume": 0.20299612040133777,
      "d_mean_volume": 0.229342397260274,
      "p_median_volume": 0.09216,
      "d_median_volume": 0.155135,
      "p_std_volume": 0.24660891695382756,
      "d_std_volume": 0.22120809366094646,
      "p_total_volume": 60.69584,
      "d_total_volume": 33.483990000000006,
      "d_max_priority": 1,
      "used_volume": 0.743511772055761,
      "used_weight": 0.2536304545454545,
      "unload_obs": 1,
      "hs_cond": 1,
      "p_cond": 0,
      "sub_cond": 0
    },
    {
      "iteration": 63,
      "time": "125.07786440849304",
      "n_placed": 312,
      "n_discard": 133,
      "p_mean_weight": 17.851474358974357,
      "d_mean_weight": 13.717518796992483,
      "p_median_weight": 12.5,
      "d_median_weight": 6.95,
      "p_std_weight": 18.595167086553225,
      "d_std_weight": 16.580758536492755,
      "p_total_weight": 5569.66,
      "d_total_weight": 1824.4300000000003,
      "p_mean_taxability": 63.79295413461538,
      "d_mean_taxability": 86.19414563909774,
      "p_total_taxability": 19903.40169,
      "d_total_taxability": 11463.82137,
      "p_mean_volume": 0.19151903846153845,
      "d_mean_volume": 0.25884127819548874,
      "p_median_volume": 0.09214,
      "d_median_volume": 0.1728,
      "p_std_volume": 0.23064525293193677,
      "d_std_volume": 0.2510517900463469,
      "p_total_volume": 59.75394,
      "d_total_volume": 34.42589,
      "d_max_priority": 1,
      "used_volume": 0.7319736874341574,
      "used_weight": 0.25316636363636363,
      "unload_obs": 0,
      "hs_cond": 1,
      "p_cond": 0,
      "sub_cond": 0
    },
    {
      "iteration": 176,
      "time": "61.79489541053772",
      "n_placed": 299,
      "n_discard": 146,
      "p_mean_weight": 18.62006688963211,
      "d_mean_weight": 12.511575342465754,
      "p_median_weight": 12.5,
      "d_median_weight": 7.175000000000001,
      "p_std_weight": 19.470559344907493,
      "d_std_weight": 14.090316052761136,
      "p_total_weight": 5567.400000000001,
      "d_total_weight": 1826.69,
      "p_mean_taxability": 67.49554173913043,
      "d_mean_taxability": 76.61682246575344,
      "p_total_taxability": 20181.166979999998,
      "d_total_taxability": 11186.056080000002,
      "p_mean_volume": 0.2026356856187291,
      "d_mean_volume": 0.23008054794520544,
      "p_median_volume": 0.09216,
      "d_median_volume": 0.155135,
      "p_std_volume": 0.24682616341076025,
      "d_std_volume": 0.22061897592058893,
      "p_total_volume": 60.58807,
      "d_total_volume": 33.591759999999994,
      "d_max_priority": 1,
      "used_volume": 0.7421916113384129,
      "used_weight": 0.2530636363636364,
      "unload_obs": 1,
      "hs_cond": 1,
      "p_cond": 0,
      "sub_cond": 0
    }
  ],
  "taxability": [
    {
      "iteration": 46,
      "time": "120.65344166755676",
      "n_placed": 299,
      "n_discard": 146,
      "p_mean_weight": 18.661772575250836,
      "d_mean_weight": 12.426164383561645,
      "p_median_weight": 12.5,
      "d_median_weight": 7.1,
      "p_std_weight": 19.43799135510814,
      "d_std_weight": 14.144952225527199,
      "p_total_weight": 5579.87,
      "d_total_weight": 1814.22,
      "p_mean_taxability": 67.61556652173913,
      "d_mean_taxability": 76.37101828767123,
      "p_total_taxability": 20217.054389999998,
      "d_total_taxability": 11150.16867,
      "p_mean_volume": 0.20299612040133777,
      "d_mean_volume": 0.229342397260274,
      "p_median_volume": 0.09216,
      "d_median_volume": 0.155135,
      "p_std_volume": 0.24660891695382756,
      "d_std_volume": 0.22120809366094646,
      "p_total_volume": 60.69584,
      "d_total_volume": 33.483990000000006,
      "d_max_priority": 1,
      "used_volume": 0.743511772055761,
      "used_weight": 0.2536304545454545,
      "unload_obs": 1,
      "hs_cond": 1,
      "p_cond": 0,
      "sub_cond": 0
    },
    {
      "iteration": 154,
      "time": "67.17740225791931",
      "n_placed": 305,
      "n_discard": 140,