{
  "volume": [
    {
      "iteration": 154,
      "time": "67.17740225791931",
      "n_placed": 305,
      "n_discard": 140,
      "p_mean_weight": 18.0747868852459,
      "d_mean_weight": 13.437714285714286,
      "p_median_weight": 13.6,
      "d_median_weight": 6.390000000000001,
      "p_std_weight": 17.70304610749342,
      "d_std_weight": 18.599273225642357,
      "p_total_weight": 5512.8099999999995,
      "d_total_weight": 1881.28,
      "p_mean_taxability": 66.21086498360656,
      "d_mean_taxability": 79.80649457142857,
      "p_total_taxability": 20194.31382,
      "d_total_taxability": 11172.90924,
      "p_mean_volume": 0.19877885245901641,
      "d_mean_volume": 0.23965914285714282,
      "p_median_volume": 0.09702,
      "d_median_volume": 0.144115,
      "p_std_volume": 0.22843094477741518,
      "d_std_volume": 0.25815121349882264,
      "p_total_volume": 60.62755000000001,
      "d_total_volume": 33.552279999999996,
      "d_max_priority": 0,
      "used_volume": 0.7426752333586497,
      "used_weight": 0.2505822727272727,
      "unload_obs": 0,
      "hs_cond": 1,
      "p_cond": 1,
      "sub_cond": 1
    },
    {
      "iteration": 17,
      "time": "127.07933592796326",
      "n_placed": 304,
      "n_discard": 141,
      "p_mean_weight": 18.13805921052632,
      "d_mean_weight": 13.33418439716312,
      "p_median_weight": 13.61,
      "d_median_weight": 6.38,
      "p_std_weight": 17.69910819432353,
      "d_std_weight": 18.570466036002603,
      "p_total_weight": 5513.97,
      "d_total_weight": 1880.12,
      "p_mean_taxability": 66.3446361513158,
      "d_mean_taxability": 79.42165723404256,
      "p_total_taxability": 20168.76939,
      "d_total_taxability": 11198.45367,
      "p_mean_volume": 0.19918039473684213,
      "d_mean_volume": 0.23850347517730497,
      "p_median_volume": 0.09776,
      "d_median_volume": 0.14338,
      "p_std_volume": 0.2286936839985612,
      "d_std_volume": 0.2576050148552065,
      "p_total_volume": 60.55084000000001,
      "d_total_volume": 33.62899,
      "d_max_priority": 0,
      "used_volume": 0.7417355513634026,
      "used_weight": 0.250635,
      "unload_obs": 1,
      "hs_cond": 1,
      "p_cond": 1,
      "sub_cond": 1
    },
    {
      "iteration": 163,
      "time": "63.425701379776",
      "n_placed": 288,
      "n_discard": 157,
      "p_mean_weight": 18.59777777777778,
      "d_mean_weight": 12.980445859872612,
      "p_median_weight": 11.809999999999999,
      "d_median_weight": 7.42,
      "p_std_weight": 19.77043729570333,
      "d_std_weight": 13.875577296557978,
      "p_total_weight": 5356.16,
      "d_total_weight": 2037.93,
      "p_mean_taxability": 69.93260739583333,
      "d_mean_taxability": 71.5072110191083,
      "p_total_taxability": 20140.59093,
      "d_total_taxability": 11226.632130000002,
      "p_mean_volume": 0.20995215277777776,
      "d_mean_volume": 0.21473636942675162,
      "p_median_volume": 0.09162999999999999,
      "d_median_volume": 0.14896,
      "p_std_volume": 0.26055630705047506,
      "d_std_volume": 0.19281814681845605,
      "p_total_volume": 60.46621999999999,
      "d_total_volume": 33.71361,
      "d_max_priority": 0,
      "used_volume": 0.7406989734669377,
      "used_weight": 0.24346181818181817,
      "unload_obs": 1,
      "hs_cond": 1,
      "p_cond": 1,
      "sub_cond": 1
    }
  ],
  "weight": [
    {
      "iteration": 17,
      "time": "127.07933592796326",
      "n_placed": 304,
      "n_discard": 141,
      "p_mean_weight": 18.13805921052632,
      "d_mean_weight": 13.33418439716312,
      "p_median_weight": 13.61,
      "d_median_weight": 6.38,
      "p_std_weight": 17.69910819432353,
      "d_std_weight": 18.570466036002603,
      "p_total_weight": 5513.97,
      "d_total_weight": 1880.12,
      "p_mean_taxability": 66.3446361513158,
      "d_mean_taxability": 79.42165723404256,
      "p_total_taxability": 20168.76939,
      "d_total_taxability": 11198.45367,
      "p_mean_volume": 0.19918039473684213,
      "d_mean_volume": 0.23850347517730497,
      "p_median_volume": 0.09776,
      "d_median_volume": 0.14338,
      "p_std_volume": 0.2286936839985612,
      "d_std_volume": 0.2576050148552065,
      "p_total_volume": 60.55084000000001,
      "d_total_volume": 33.62899,
      "d_max_priority": 0,
      "used_volume": 0.7417355513634026,
      "used_weight": 0.250635,
      "unload_obs": 1,
      "hs_cond": 1,
      "p_cond": 1,
      "sub_cond": 1
    },
    {
      "iteration": 154,
      "time": "67.17740225791931",
      "n_placed": 305,
      "n_discard": 140,
      "p_mean_weight": 18.0747868852459,
      "d_mean_weight": 13.437714285714286,
      "p_median_weight": 13.6,
      "d_median_weight": 6.390000000000001,
      "p_std_weight": 17.70304610749342,
      "d_std_weight": 18.599273225642357,
      "p_total_weight": 5512.8099999999995,
      "d_total_weight": 1881.28,
      "p_mean_taxability": 66.21086498360656,
      "d_mean_taxability": 79.80649457142857,
      "p_total_taxability": 20194.31382,
      "d_total_taxability": 11172.90924,
      "p_mean_volume": 0.19877885245901641,
      "d_mean_volume": 0.23965914285714282,
      "p_median_volume": 0.09702,
      "d_median_volume": 0.144115,
      "p_std_volume": 0.22843094477741518,
      "d_std_volume": 0.25815121349882264,
      "p_total_volume": 60.62755000000001,
      "d_total_volume": 33.552279999999996,
      "d_max_priority": 0,
      "used_volume": 0.7426752333586497,
      "used_weight": 0.2505822727272727,
      "unload_obs": 0,
      "hs_cond": 1,
      "p_cond": 1,
      "sub_cond": 1
    },
    {
      "iteration": 168,
      "time": "71.90236330032349",
      "n_placed": 311,
      "n_discard": 134,
      "p_mean_weight": 17.477299035369775,
      "d_mean_weight": 14.61679104477612,
      "p_median_weight": 11.15,
      "d_median_weight": 7.35,
      "p_std_weight": 18.864818572624316,
      "d_std_weight": 16.066445471114953,
      "p_total_weight": 5435.44,
      "d_total_weight": 1958.65,
      "p_mean_taxability": 63.83075170418007,
      "d_mean_taxability": 85.93924835820896,
      "p_total_taxability": 19851.36378,
      "d_total_taxability": 11515.85928,
      "p_mean_volume": 0.19163237942122185,
      "d_mean_volume": 0.2580758208955224,
      "p_median_volume": 0.08649,
      "d_median_volume": 0.18724000000000002,
      "p_std_volume": 0.2381533656581827,
      "d_std_volume": 0.23413288230487558,
      "p_total_volume": 59.597669999999994,
      "d_total_volume": 34.58216,
      "d_max_priority": 0,
      "used_volume": 0.7300594115197099,
      "used_weight": 0.24706545454545453,
      "unload_obs": 1,
      "hs_cond": 1,
      "p_cond": 1,
      "sub_cond": 1
    }
  ],
  "taxability": [
    {
      "iteration": 154,
      "time": "67.17740225791931",
      "n_placed": 305,
      "n_discard": 140,
      "p_mean_weight": 18.0747868852459,
      "d_mean_weight": 13.437714285714286,
      "p_median_weight": 13.6,
      "d_median_weight": 6.390000000000001,
      "p_std_weight": 17.70304610749342,
      "d_std_weight": 18.599273225642357,
      "p_total_weight": 5512.8099999999995,
      "d_total_weight": 1881.28,
      "p_mean_taxability": 66.21086498360656,
      "d_mean_taxability": 79.80649457142857,
      "p_total_taxability": 20194.31382,
      "d_total_taxability": 11172.90924,
      "p_mean_volume": 0.19877885245901641,
      "d_mean_volume": 0.23965914285714282,
      "p_median_volume": 0.09702,
      "d_median_volume": 0.144115,
      "p_std_volume": 0.22843094477741518,
      "d_std_volume": 0.25815121349882264,
      "p_total_volume": 60.62755000000001,
      "d_total_volume": 33.552279999999996,
      "d_max_priority": 0,
      "used_volume": 0.7426752333586497,
      "used_weight": 0.2505822727272727,
      "unload_obs": 0,
      "hs_cond": 1,
      "p_cond": 1,
      "sub_cond": 1
    },
    {
      "iteration": 17,
      "time": "127.07933592796326",
      "n_placed": 304,
      "n_discard": 141,